epsilon,result,runtime
0.265,sat,2.5845961570739746
0.133,sat,2.8616766929626465
0.131,sat,3.1312708854675293
0.065,sat,25.295546770095825
0.063,sat,20.69032597541809
0.029,unsat,3328.3683354854584
0.031,unsat,3333.520157814026
0.045,unsat,3337.8746819496155
0.047,unsat,3513.922577381134
0.055,sat,304.7108542919159
0.053000000000000005,sat,333.7982153892517
0.051000000000000004,sat,363.68593096733093
0.049,sat,762.9814977645874
