epsilon,result,runtime
0.265,sat,2.312870979309082
0.133,sat,4.326428413391113
0.131,sat,1.553407907485962
0.063,unsat,3509.3629870414734
0.065,unsat,3555.587386369705
0.099,sat,47.26417946815491
0.097,sat,411.1297743320465
0.081,unsat,3399.778869152069
0.079,cancelled,3082.437825679779
0.091,sat,91.73677134513855
0.08700000000000001,sat,97.32305264472961
0.085,sat,111.78340816497803
0.083,error,653.1619246006012
