epsilon,result,runtime
0.265,sat,2.482537031173706
0.133,sat,2.8501274585723877
0.131,sat,3.131235361099243
0.065,unsat,3501.1412358283997
0.063,cancelled,3498.4638464450836
0.08700000000000001,sat,5.47953724861145
0.107,sat,5.46046257019043
0.107,cancelled,8.906025886535645
0.07300000000000001,sat,43.888930320739746
0.079,cancelled,47.01452565193176
0.069,sat,468.28668880462646
0.067,sat,664.4333727359772
