epsilon,result,runtime
0.265,sat,4.858217716217041
0.131,unsat,3325.628663778305
0.199,sat,6.296493053436279
0.133,unsat,3508.0218875408173
0.167,sat,17.54906725883484
0.165,unsat,3320.651731491089
0.149,cancelled,3138.8034200668335
