epsilon,result,runtime
0.133,sat,2.5823068618774414
0.265,cancelled,5.312645196914673
0.08700000000000001,sat,3.151543617248535
0.043000000000000003,sat,3.219419479370117
0.041,sat,3.173001289367676
0.019000000000000003,unsat,3424.0510065555573
0.021,unsat,3419.734082221985
0.031,sat,0.7078478336334229
0.029,sat,0.6908152103424072
0.023,unsat,3469.73419213295
0.025,unsat,3475.3905041217804
0.027000000000000003,sat,1.3388667106628418
