epsilon,result,runtime
0.133,sat,4.355992794036865
0.265,cancelled,7.844291687011719
0.08700000000000001,sat,4.2568700313568115
0.043000000000000003,sat,4.311026096343994
0.041,sat,4.332581996917725
0.019000000000000003,sat,5.170738935470581
0.021,cancelled,0.9397604465484619
0.005,unsat,5.554823160171509
0.013000000000000001,sat,15.069220304489136
0.007,unsat,154.42176699638367
0.011,unsat,3294.4464268684387
0.009000000000000001,cancelled,3111.1352767944336
