epsilon,result,runtime
0.133,sat,3.082902669906616
0.265,cancelled,6.026276350021362
0.265,sat,3.0203402042388916
0.08700000000000001,sat,10.959573984146118
0.043000000000000003,unsat,3269.663563966751
0.041,cancelled,3258.763880968094
0.07100000000000001,sat,38.28110098838806
0.057,sat,164.36449360847473
0.055,unsat,3313.39680147171
0.049,cancelled,3191.3276381492615
