epsilon,result,runtime
0.133,sat,3.2461161613464355
0.265,cancelled,6.074625253677368
0.08700000000000001,sat,26.360525846481323
0.043000000000000003,unsat,3490.1055319309235
0.041,cancelled,3463.8117418289185
0.07100000000000001,sat,68.13332414627075
0.057,sat,89.02095246315002
0.055,sat,2842.6702427864075
0.049,unsat,3510.406602859497
0.047,cancelled,686.9708678722382
0.051000000000000004,unsat,3346.6266162395477
0.053000000000000005,unsat,3348.8853023052216
