epsilon,result,runtime
0.265,sat,2.41797137260437
0.133,sat,2.8329825401306152
0.131,sat,1.9299852848052979
0.063,unsat,3395.213054895401
0.097,sat,19.43263053894043
0.065,unsat,3533.365292787552
0.081,unsat,3382.6927144527435
0.079,cancelled,3274.8921687602997
0.091,sat,696.0778222084045
0.08700000000000001,unsat,3434.882653236389
0.085,cancelled,2738.9846651554108
0.089,error,1165.8298633098602
