epsilon,result,runtime
0.265,sat,2.617856502532959
0.133,sat,5.678728342056274
0.131,sat,2.6157753467559814
0.063,unsat,3398.687066555023
0.097,sat,145.68272423744202
0.065,unsat,3550.218557357788
0.081,unsat,3457.69593334198
0.079,cancelled,3460.6482741832733
0.091,sat,109.37248849868774
0.08700000000000001,sat,146.92522406578064
0.085,unsat,3391.7226564884186
0.083,cancelled,3358.948524951935
