epsilon,result,runtime
0.265,sat,3.1444413661956787
0.133,sat,3.2487680912017822
0.131,sat,6.441372394561768
0.063,unsat,3520.7694404125214
0.065,unsat,3556.2817051410675
0.099,unsat,3403.5372471809387
0.097,cancelled,3432.9138009548187
0.109,sat,31.635634660720825
0.11900000000000001,cancelled,35.062862396240234
0.10500000000000001,sat,31.849038124084473
0.10300000000000001,sat,73.23682308197021
0.101,sat,71.16022849082947
