epsilon,result,runtime
0.265,sat,4.350825309753418
0.133,sat,5.224093914031982
0.131,sat,4.9088826179504395
0.063,unsat,3316.805507183075
0.065,unsat,3331.0578949451447
0.097,sat,14.556632995605469
0.099,cancelled,11.355421304702759
0.085,unsat,3430.720556497574
0.075,cancelled,3433.91450214386
0.091,sat,19.456798791885376
0.08700000000000001,unsat,3375.572623729706
0.089,unsat,3404.2906160354614
