epsilon,result,runtime
0.265,sat,4.256509065628052
0.133,sat,4.300821304321289
0.131,sat,4.8318493366241455
0.063,unsat,3382.473534822464
0.097,sat,4.70160984992981
0.065,unsat,3430.990011692047
0.081,sat,48.393327713012695
0.079,sat,28.78632140159607
0.07300000000000001,sat,44.25020980834961
0.07100000000000001,sat,437.2834506034851
0.069,sat,83.56397366523743
0.067,sat,628.8773264884949
