epsilon,result,runtime
0.265,sat,4.3331098556518555
0.131,sat,5.508309602737427
0.133,cancelled,16.926747798919678
0.043000000000000003,unsat,3439.7423565387726
0.085,unsat,3441.317036628723
0.109,sat,11.792277574539185
0.097,unsat,3248.90704536438
0.08700000000000001,cancelled,3268.5447165966034
0.10300000000000001,sat,18.61784791946411
0.099,sat,138.5593764781952
0.101,cancelled,164.41234421730042
