epsilon,result,runtime
0.265,sat,2.491685628890991
0.133,sat,2.9113147258758545
0.131,sat,5.3444907665252686
0.063,unsat,3359.706186771393
0.065,unsat,3509.0532586574554
0.099,sat,965.0004467964172
0.097,unsat,3443.1885828971863
0.081,cancelled,2336.919089078903
