epsilon,result,runtime
0.265,sat,3.247866630554199
0.131,unsat,3336.0536921024323
0.199,sat,3.434100866317749
0.133,unsat,3355.792845249176
0.167,sat,57.61831617355347
0.165,sat,64.89193224906921
0.147,sat,70.82244324684143
0.149,cancelled,73.9637234210968
0.14100000000000001,sat,2097.896749973297
0.137,unsat,3483.2434179782867
0.135,cancelled,1385.4590628147125
0.139,error,860.1640586853027
