epsilon,result,runtime
0.265,sat,4.84332537651062
0.133,sat,5.244114875793457
0.131,sat,5.193359375
0.063,sat,50.39019727706909
0.065,cancelled,61.78094458580017
0.041,unsat,3421.2700085639954
0.021,cancelled,3425.2587893009186
0.055,sat,44.55366897583008
0.047,sat,77.97881722450256
0.049,cancelled,129.27773356437683
0.043000000000000003,unsat,3275.896736383438
0.045,unsat,3594.9953439235687
