epsilon,result,runtime
0.265,sat,5.617794036865234
0.133,sat,5.603438854217529
0.131,sat,27.874701023101807
0.065,unsat,3305.797298669815
0.063,cancelled,3278.3571031093597
0.107,sat,21.459678411483765
0.08700000000000001,unsat,3510.790030002594
0.085,cancelled,3489.508038043976
0.099,sat,54.96989917755127
0.093,unsat,3483.870663881302
0.091,cancelled,3429.04546046257
0.097,sat,91.60172748565674
0.095,sat,155.17060470581055
