epsilon,result,runtime
0.265,sat,5.574094533920288
0.133,sat,9.10697603225708
0.131,sat,9.010168075561523
0.065,sat,11.228525638580322
0.063,sat,11.196595668792725
0.031,sat,19.799976587295532
0.029,sat,21.47515892982483
0.013000000000000001,unsat,3291.727159023285
0.015,unsat,3411.7532465457916
0.023,unsat,3212.9085369110107
0.021,cancelled,3348.172148704529
0.027000000000000003,sat,46.65121388435364
0.025,unsat,3424.161345720291
