epsilon,result,runtime
0.265,sat,5.415769338607788
0.133,sat,5.4496095180511475
0.131,sat,5.567694187164307
0.065,sat,56.66262078285217
0.063,sat,47.64503312110901
0.031,unsat,3343.8882665634155
0.029,cancelled,3346.7241237163544
0.041,unsat,3461.9446046352386
0.051000000000000004,unsat,3496.61083650589
0.057,sat,63.347815990448
0.053000000000000005,unsat,3354.214868545532
0.055,timeout,3600
