epsilon,result,runtime
0.265,sat,3.1968584060668945
0.133,sat,2097.685749769211
0.131,sat,3034.431505203247
0.065,unsat,3349.058861017227
0.063,cancelled,2409.590852022171
0.107,unsat,3443.0506422519684
0.08700000000000001,cancelled,3446.5014493465424
0.121,unsat,3412.3073015213013
0.115,cancelled,3415.533147573471
0.127,unsat,3387.890623807907
0.125,cancelled,3391.420645236969
0.129,sat,29.129145622253418
