epsilon,result,runtime
0.265,sat,3.324802875518799
0.133,sat,3.3762519359588623
0.131,sat,3.404064178466797
0.063,unsat,3457.632767677307
0.065,unsat,3481.005967617035
0.097,sat,16.039076566696167
0.099,cancelled,2.374882936477661
0.085,sat,47.27387571334839
0.07300000000000001,sat,2842.332508325577
0.075,cancelled,2896.607969045639
0.069,sat,3027.2007377147675
0.067,sat,3132.6550550460815
