epsilon,result,runtime
0.265,sat,3.2968289852142334
0.133,sat,3.317150354385376
0.131,sat,3.255089044570923
0.065,sat,9.704127311706543
0.063,sat,11.72007441520691
0.029,unsat,3280.45334815979
0.031,unsat,3427.4764683246613
0.047,unsat,3551.6428532600403
0.045,cancelled,3416.0833883285522
0.057,sat,412.16588592529297
0.053000000000000005,sat,2967.0596883296967
0.051000000000000004,unsat,3532.768710374832
0.049,cancelled,981.7108912467957
