epsilon,result,runtime
0.133,sat,2.93198823928833
0.265,cancelled,5.937734603881836
0.08700000000000001,unsat,3286.6028730869293
0.043000000000000003,cancelled,3289.5200073719025
0.117,sat,31.421717405319214
0.10300000000000001,sat,33.011353731155396
0.101,sat,672.4504449367523
0.093,unsat,3308.1969635486603
0.095,unsat,3499.900834083557
0.099,sat,719.8534505367279
0.097,sat,1729.8964664936066
