epsilon,result,runtime
0.265,sat,3.2509846687316895
0.133,sat,3.7055184841156006
0.131,sat,9.120579719543457
0.063,unsat,3315.92982506752
0.097,sat,25.798461437225342
0.065,unsat,3499.8283207416534
0.081,unsat,3439.055302619934
0.079,cancelled,3299.7774028778076
0.091,sat,112.83414888381958
0.085,sat,372.4351019859314
0.08700000000000001,cancelled,493.73032331466675
0.083,sat,292.266051530838
