epsilon,result,runtime
0.265,sat,5.9759840965271
0.133,sat,7.352578401565552
0.131,sat,7.026322364807129
0.065,sat,66.97997117042542
0.063,sat,331.23913383483887
0.031,unsat,3527.8127930164337
0.029,cancelled,3258.8674726486206
0.041,unsat,3230.158655643463
0.051000000000000004,unsat,3523.988127708435
0.053000000000000005,unsat,3522.307617664337
0.057,unsat,3549.8950390815735
0.061,sat,380.3948664665222
0.059000000000000004,sat,835.1639342308044
