epsilon,result,runtime
0.133,sat,3.132658004760742
0.265,cancelled,5.98003888130188
0.043000000000000003,unsat,3346.372079849243
0.08700000000000001,unsat,3482.256775856018
0.111,sat,21.74855899810791
0.089,unsat,3539.5045852661133
0.099,unsat,3528.12193775177
0.10500000000000001,sat,2253.794102668762
0.101,unsat,3495.659750699997
0.10300000000000001,error,1537.5976214408875
