epsilon,result,runtime
0.265,sat,6.756647109985352
0.133,sat,6.730872869491577
0.131,sat,6.43620491027832
0.063,unsat,3182.066472530365
0.097,sat,10.767804145812988
0.081,sat,18.355721712112427
0.07300000000000001,sat,69.72022485733032
0.065,unsat,3321.7314977645874
0.067,unsat,3144.235087156296
0.07100000000000001,sat,71.74313545227051
0.069,unsat,3355.6508078575134
