epsilon,result,runtime
0.133,sat,3.269914150238037
0.265,cancelled,6.323533296585083
0.265,sat,3.282790422439575
0.08700000000000001,sat,36.535507678985596
0.043000000000000003,unsat,3430.8912806510925
0.041,cancelled,3394.5034716129303
0.07100000000000001,sat,88.69996285438538
0.057,unsat,3399.432705640793
0.055,cancelled,3311.0203516483307
0.061,unsat,3369.001678466797
0.065,unsat,3371.0856318473816
0.069,sat,54.55243134498596
0.067,sat,57.59957504272461
