epsilon,result,runtime
0.265,sat,5.566480398178101
0.133,sat,461.6536154747009
0.131,sat,479.66141390800476
0.063,unsat,3506.211953163147
0.065,unsat,3550.1879227161407
0.099,unsat,3379.3124675750732
0.097,cancelled,3400.2556586265564
0.11900000000000001,unsat,3424.614215373993
0.109,cancelled,3427.877416372299
0.125,unsat,3425.361477613449
0.123,cancelled,3428.943818807602
0.129,sat,1071.9290113449097
0.127,sat,1159.666196346283
