epsilon,result,runtime
0.265,sat,2.871580123901367
0.133,sat,4.792946100234985
0.131,sat,0.6975538730621338
0.063,unsat,3368.6485137939453
0.065,unsat,3523.0939173698425
0.097,unsat,3465.781592607498
0.115,sat,6.4749908447265625
0.107,sat,6.753533601760864
0.099,unsat,3391.782965898514
0.10300000000000001,sat,149.31705331802368
0.101,error,598.3019134998322
