epsilon,result,runtime
0.265,sat,3.3209664821624756
0.133,sat,5.107429504394531
0.131,sat,16.689849615097046
0.065,unsat,3546.673297405243
0.063,cancelled,3531.5658464431763
0.08700000000000001,unsat,3274.471096277237
0.107,unsat,3285.632438182831
0.11900000000000001,sat,10.84798550605774
0.113,sat,12.821552991867065
0.111,sat,240.08909058570862
0.109,sat,296.1319510936737
