epsilon,result,runtime
0.265,sat,5.623009443283081
0.133,sat,5.617157697677612
0.131,sat,5.57532262802124
0.063,unsat,3281.2730844020844
0.097,sat,43.343260526657104
0.065,unsat,3453.890496969223
0.081,sat,503.9635384082794
0.079,unsat,3533.891478538513
0.07100000000000001,cancelled,3146.1542711257935
