epsilon,result,runtime
0.133,sat,5.479056119918823
0.265,cancelled,8.938629150390625
0.265,sat,5.510537385940552
0.08700000000000001,sat,5.530550003051758
0.043000000000000003,unsat,3291.042976617813
0.041,cancelled,3285.70645236969
0.07100000000000001,sat,5.5631914138793945
0.057,sat,525.8230714797974
0.055,unsat,3430.048435688019
0.049,cancelled,2913.893870830536
