epsilon,result,runtime
0.265,sat,2.5521178245544434
0.133,sat,2.941718816757202
0.131,sat,7.590867757797241
