epsilon,result,runtime
0.265,sat,3.079559564590454
0.133,sat,3.20129656791687
0.131,sat,3.219973564147949
0.065,unsat,3420.6543316841125
0.063,cancelled,3417.6345970630646
0.107,sat,5.522909879684448
0.08700000000000001,sat,71.83678936958313
0.085,sat,64.24929237365723
0.075,sat,78.98348140716553
0.07300000000000001,unsat,3338.3151795864105
0.069,cancelled,3260.6592812538147
