epsilon,result,runtime
0.133,sat,3.197885036468506
0.265,cancelled,6.220690011978149
0.265,sat,3.2544822692871094
0.08700000000000001,sat,3.177354097366333
0.043000000000000003,sat,5.5063817501068115
0.041,sat,18.178967475891113
0.019000000000000003,unsat,3350.0095138549805
0.021,unsat,3493.2633817195892
0.031,unsat,3346.208426952362
0.029,cancelled,3187.589160680771
0.035,unsat,3285.6770157814026
0.039,sat,13.04393744468689
0.037000000000000005,unsat,3593.8172931671143
