epsilon,result,runtime
0.265,sat,2.530916213989258
0.133,sat,2.9167306423187256
0.131,sat,3.0360665321350098
0.065,sat,3.0831072330474854
0.063,sat,2.932645320892334
0.029,unsat,3469.8726954460144
0.031,unsat,3478.6396057605743
0.047,sat,1.4145357608795166
0.045,sat,11.217456102371216
0.037000000000000005,sat,11.163687705993652
0.039,cancelled,1.627983570098877
0.035,sat,24.687921047210693
0.033,sat,33.85202765464783
