epsilon,result,runtime
0.265,sat,2.0418338775634766
0.133,sat,2.518434762954712
0.131,sat,2.8371095657348633
0.065,sat,3.1327221393585205
0.063,sat,7.584569931030273
0.031,sat,21.76166033744812
0.029,sat,37.575581312179565
0.013000000000000001,unsat,3350.0202996730804
0.015,unsat,3390.9737770557404
0.021,unsat,3288.5321204662323
0.023,unsat,3543.6767807006836
0.027000000000000003,sat,568.1492764949799
0.025,error,1375.1422383785248
