epsilon,result,runtime
0.265,sat,4.366173028945923
0.133,sat,5.128475189208984
0.131,sat,5.12894082069397
0.065,unsat,3264.304179906845
0.063,cancelled,3260.268793106079
0.107,sat,5.6384735107421875
0.08700000000000001,sat,38.18448090553284
0.085,sat,53.97251796722412
0.075,sat,104.97150206565857
0.07300000000000001,sat,368.9241073131561
0.069,unsat,3475.2801718711853
0.067,cancelled,3190.059490442276
0.07100000000000001,sat,287.6662917137146
