epsilon,result,runtime
0.265,sat,2.614067554473877
0.133,sat,2.969658851623535
0.131,sat,3.015246629714966
0.065,unsat,3417.035094976425
0.063,cancelled,3414.3997464179993
0.107,sat,5.549238681793213
0.085,sat,33.23993539810181
0.08700000000000001,cancelled,46.20468878746033
0.077,sat,63.492188930511475
0.07100000000000001,unsat,3410.8531346321106
0.069,cancelled,3347.42147231102
0.075,sat,616.4731483459473
0.07300000000000001,sat,790.7194602489471
