epsilon,result,runtime
0.265,sat,2.596360445022583
0.133,sat,2.9777064323425293
0.131,sat,3.151911735534668
0.065,sat,3.2112059593200684
0.063,sat,2.932080030441284
0.029,unsat,3417.3162925243378
0.031,unsat,3543.275801420212
0.045,unsat,3295.4233577251434
0.055,sat,33.33485221862793
0.047,unsat,3469.27370595932
0.051000000000000004,unsat,3539.4041624069214
0.049,cancelled,3526.0430479049683
0.053000000000000005,sat,2.756901502609253
