epsilon,result,runtime
0.265,sat,3.2851805686950684
0.133,sat,7.328166484832764
0.131,sat,3.1983165740966797
0.063,unsat,3498.712098836899
0.065,unsat,3563.051204442978
0.099,sat,66.1557674407959
0.097,sat,1356.9737911224365
0.081,unsat,3492.112105846405
0.079,cancelled,2266.4092123508453
0.091,unsat,3481.7215440273285
0.08700000000000001,cancelled,3485.409031152725
0.095,sat,454.6232452392578
0.093,sat,619.6177339553833
