epsilon,result,runtime
0.133,sat,3.3478236198425293
0.265,sat,3.3418304920196533
0.265,cancelled,6.211336851119995
0.08700000000000001,sat,3.3221864700317383
0.041,unsat,3362.4758224487305
0.043000000000000003,unsat,3461.668410539627
0.063,sat,3204.5400919914246
0.065,cancelled,3300.8833520412445
0.049,unsat,3273.4045038223267
0.055,unsat,3283.351048707962
0.059000000000000004,unsat,3385.0023028850555
0.057,cancelled,3398.2406055927277
0.061,sat,152.18499088287354
