epsilon,result,runtime
0.265,sat,2.9874534606933594
0.133,sat,6.650376081466675
0.131,sat,2.829867124557495
0.063,unsat,3462.247547864914
0.065,unsat,3476.3339414596558
0.099,unsat,3422.5863478183746
0.097,cancelled,3437.72376537323
0.11900000000000001,sat,1573.8540756702423
0.109,unsat,3500.5848219394684
0.107,cancelled,1926.9433906078339
0.115,unsat,3421.54722571373
0.113,cancelled,3425.117903470993
0.117,sat,271.9635455608368
