epsilon,result,runtime
0.265,sat,2.7895565032958984
0.133,sat,3.151854991912842
0.131,sat,1.1697468757629395
0.065,sat,1.717545986175537
0.063,sat,3.432729721069336
0.031,sat,3.0805180072784424
0.029,sat,4.995028495788574
0.013000000000000001,unsat,3321.83705163002
0.021,sat,5.662482500076294
0.017,sat,7.7998456954956055
0.015,unsat,3336.0728929042816
