epsilon,result,runtime
0.265,sat,2.4850082397460938
0.133,sat,2.547210931777954
0.131,sat,2.4712204933166504
0.065,sat,2.857999086380005
0.063,sat,3.1411194801330566
0.029,unsat,3460.4597170352936
0.031,unsat,3467.127657175064
0.047,sat,15.957366943359375
0.045,sat,15.552462577819824
0.039,sat,51.82806205749512
0.033,unsat,3519.3921966552734
0.037000000000000005,unsat,3576.8826956748962
0.035,cancelled,2.4450392723083496
