epsilon,result,runtime
0.265,sat,4.780583381652832
0.133,sat,4.809213638305664
0.131,sat,49.260563135147095
0.063,unsat,3357.76092171669
0.065,unsat,3510.3716905117035
0.099,sat,15.956082820892334
0.097,unsat,3143.1447212696075
0.081,cancelled,3027.6400232315063
