epsilon,result,runtime
0.265,sat,2.105248212814331
0.133,sat,2.3507132530212402
0.131,sat,2.2586452960968018
0.065,sat,2.2323567867279053
0.063,sat,1.8987302780151367
0.031,unsat,3301.5356776714325
0.029,cancelled,3299.899176597595
0.051000000000000004,sat,16.76349925994873
0.041,sat,19.872400045394897
0.039,sat,21.01213312149048
0.035,sat,55.44891691207886
0.033,sat,47.49401664733887
