epsilon,result,runtime
0.265,sat,3.143983840942383
0.133,sat,17.53172016143799
0.131,sat,13.619444370269775
0.063,unsat,3283.106168985367
0.065,unsat,3331.3675603866577
0.099,unsat,3397.3299520015717
0.097,cancelled,3447.1526198387146
0.11900000000000001,sat,31.49026870727539
0.109,sat,1395.0914781093597
0.107,sat,1796.8776988983154
0.10300000000000001,sat,3160.67609667778
0.101,error,3119.8799703121185
