epsilon,result,runtime
0.265,sat,3.1448097229003906
0.133,sat,10.787780284881592
0.131,sat,6.288285493850708
0.065,unsat,3327.7859604358673
0.063,cancelled,3329.2532403469086
0.107,unsat,3352.742015838623
0.08700000000000001,cancelled,3356.179193496704
0.121,sat,46.88832640647888
0.113,sat,3.1370909214019775
0.115,cancelled,56.267738580703735
0.111,sat,764.7722811698914
0.109,error,1255.8430774211884
