epsilon,result,runtime
0.133,sat,5.513244867324829
0.265,cancelled,8.905327796936035
0.08700000000000001,sat,5.547938823699951
0.043000000000000003,sat,75.88329148292542
0.041,sat,88.68767809867859
0.021,unsat,3280.4614763259888
0.019000000000000003,cancelled,3306.7240958213806
0.033,unsat,3273.8789014816284
0.027000000000000003,cancelled,3277.301692008972
0.037000000000000005,unsat,3269.9386069774628
0.035,cancelled,3273.317139863968
0.039,error,594.162029504776
