epsilon,result,runtime
0.265,sat,3.073157548904419
0.131,sat,3.403379201889038
0.133,cancelled,12.585150957107544
0.043000000000000003,unsat,3323.193789243698
0.085,unsat,3324.006377220154
0.109,sat,31.938863277435303
0.097,sat,319.95320415496826
0.091,sat,914.7551753520966
0.089,sat,438.72836565971375
0.08700000000000001,sat,1866.3852760791779
