epsilon,result,runtime
0.265,sat,5.521917819976807
0.133,sat,5.566195726394653
0.131,sat,5.411351203918457
0.065,sat,3324.249127149582
0.063,unsat,3335.4762868881226
0.031,cancelled,19.94697093963623
