epsilon,result,runtime
0.133,sat,3.136157512664795
0.265,cancelled,6.164396286010742
0.08700000000000001,sat,3.0737826824188232
0.041,unsat,3376.39688873291
0.043000000000000003,unsat,3383.034853696823
0.065,sat,51.71070647239685
0.063,unsat,3478.46626830101
0.053000000000000005,cancelled,3427.1154911518097
