epsilon,result,runtime
0.265,sat,3.3259689807891846
0.133,sat,5.816337823867798
0.131,sat,16.386072158813477
0.065,unsat,3418.541433095932
0.063,cancelled,3404.7665066719055
0.107,sat,319.901407957077
0.08700000000000001,sat,3471.7030403614044
0.085,unsat,3328.321517944336
0.075,cancelled,179.9713807106018
