epsilon,result,runtime
0.265,sat,4.101841449737549
0.133,sat,5.753796577453613
0.131,sat,1.2832317352294922
0.063,unsat,3279.5902156829834
0.065,unsat,3310.2074060440063
0.099,sat,71.13034772872925
0.097,unsat,3470.977224588394
0.081,cancelled,3372.058762073517
