epsilon,result,runtime
0.265,sat,2.4508724212646484
0.133,sat,2.877737283706665
0.131,sat,2.9631435871124268
0.065,sat,3.038853645324707
0.063,sat,3.0960187911987305
0.031,unsat,3441.693948984146
0.029,cancelled,3439.083273410797
0.051000000000000004,sat,31.474122285842896
0.041,sat,33.80036997795105
0.039,sat,33.1214644908905
0.033,unsat,3509.9854249954224
0.035,unsat,3546.855135202408
0.037000000000000005,error,611.6253125667572
