epsilon,result,runtime
0.265,sat,3.1884894371032715
0.133,sat,3.205059289932251
0.131,sat,3.240976333618164
0.065,sat,3.2609715461730957
0.063,sat,2.908769369125366
0.031,unsat,3413.227783203125
0.029,cancelled,3410.4386670589447
0.051000000000000004,sat,61.15537142753601
0.041,unsat,3301.865467071533
0.039,cancelled,3240.8752477169037
0.045,sat,76.92163872718811
0.047,cancelled,80.29668831825256
0.043000000000000003,sat,135.14542412757874
