epsilon,result,runtime
0.265,sat,3.2822232246398926
0.133,sat,3.2980942726135254
0.131,sat,2.9890499114990234
0.065,sat,3.1806797981262207
0.063,sat,3.038318395614624
0.031,sat,3.12449312210083
0.029,sat,2.7119381427764893
0.013000000000000001,unsat,3280.947513818741
0.021,sat,15.929693460464478
0.015,unsat,3297.526180744171
0.017,unsat,3300.2379722595215
0.019000000000000003,timeout,3600
