epsilon,result,runtime
0.265,sat,2.6292033195495605
0.133,sat,3.045487642288208
0.131,sat,2.6851353645324707
0.065,sat,6.708703994750977
0.063,sat,18.887481927871704
0.029,unsat,3279.4110963344574
0.031,unsat,3318.889535188675
0.047,unsat,3297.9852859973907
0.045,cancelled,3279.8424406051636
0.057,sat,45.8580276966095
0.051000000000000004,unsat,3259.882922410965
0.055,sat,43.42382192611694
0.053000000000000005,sat,3367.611810684204
