epsilon,result,runtime
0.133,sat,3.248152017593384
0.265,cancelled,6.198563098907471
0.08700000000000001,sat,28.16100025177002
0.043000000000000003,unsat,3288.219791173935
0.041,cancelled,3260.1437158584595
0.07100000000000001,sat,71.96421957015991
0.057,unsat,3359.0399475097656
0.055,cancelled,3287.2433927059174
0.065,sat,78.94249749183655
0.061,unsat,3396.1955189704895
0.059000000000000004,cancelled,3317.37140750885
0.063,sat,48.65127086639404
