epsilon,result,runtime
0.265,sat,2.506079912185669
0.133,sat,2.8463754653930664
0.131,sat,3.212402105331421
0.065,sat,4.341757535934448
0.063,sat,2.5329220294952393
0.029,unsat,3343.2610034942627
0.047,sat,21.533623695373535
0.039,sat,47.1362841129303
0.035,sat,41.93539571762085
0.031,unsat,3519.453453063965
0.033,error,585.4473946094513
