epsilon,result,runtime
0.265,sat,2.398743152618408
0.133,sat,2.848092794418335
0.131,sat,2.4149699211120605
0.065,unsat,3294.2833273410797
0.063,cancelled,3292.474853038788
0.107,sat,5.636258840560913
0.08700000000000001,sat,20.53839087486267
0.085,sat,80.96112823486328
0.07300000000000001,unsat,3292.4496026039124
0.075,unsat,3366.50537276268
0.081,sat,327.54058051109314
0.079,sat,499.9414014816284
0.077,sat,372.6424629688263
