epsilon,result,runtime
0.265,sat,5.492779493331909
0.133,sat,8.836626768112183
0.131,sat,8.18876028060913
0.065,unsat,3462.8160469532013
0.063,cancelled,3457.9781444072723
0.107,unsat,3349.0707676410675
0.08700000000000001,cancelled,3352.5062539577484
0.121,sat,1653.095306634903
0.115,unsat,3379.505555868149
0.113,cancelled,1726.3755464553833
0.117,unsat,3365.2442371845245
0.11900000000000001,unsat,3369.9501445293427
