epsilon,result,runtime
0.265,sat,5.862965822219849
0.133,sat,5.760593414306641
0.065,sat,6.197843313217163
0.131,sat,6.241090297698975
0.131,cancelled,16.90651512145996
0.041,sat,57.93279218673706
0.021,unsat,3489.782496213913
0.019000000000000003,cancelled,3431.9061946868896
0.027000000000000003,unsat,3318.939925432205
0.033,unsat,3462.153870820999
0.035,unsat,3274.648880004883
0.039,sat,55.266459226608276
0.037000000000000005,error,3522.5908093452454
