epsilon,result,runtime
0.265,sat,6.85999608039856
0.133,sat,6.933237552642822
0.131,sat,7.470306396484375
0.065,unsat,3420.9742987155914
0.063,cancelled,3413.825230360031
0.107,sat,20.35896873474121
0.085,sat,11.670567274093628
0.08700000000000001,cancelled,39.616384506225586
0.077,sat,23.015633821487427
0.069,sat,41.77811598777771
0.07100000000000001,cancelled,70.9832615852356
0.067,sat,266.9683315753937
