epsilon,result,runtime
0.265,sat,5.505943536758423
0.133,sat,5.4893035888671875
0.131,sat,3.4085991382598877
0.063,unsat,3344.446291208267
0.097,sat,3.282478094100952
0.065,unsat,3446.5182247161865
0.081,sat,750.6352934837341
0.079,unsat,3306.4904515743256
0.07100000000000001,cancelled,2644.9652013778687
