epsilon,result,runtime
0.133,sat,3.2651894092559814
0.265,cancelled,6.141608238220215
0.265,sat,3.305309534072876
0.043000000000000003,unsat,3386.5801005363464
0.08700000000000001,unsat,3513.398741006851
0.111,sat,27.181874990463257
0.089,unsat,3277.635605096817
0.099,unsat,3465.9197528362274
0.10500000000000001,sat,26.435643911361694
0.10300000000000001,sat,171.72942566871643
0.101,sat,564.2703173160553
