epsilon,result,runtime
0.133,sat,5.6210784912109375
0.265,cancelled,8.993351936340332
0.08700000000000001,sat,5.568244457244873
0.043000000000000003,sat,5.645258665084839
0.041,sat,5.916723251342773
0.019000000000000003,sat,9.106796264648438
0.021,cancelled,3.0462429523468018
0.005,unsat,5.738909721374512
0.011,unsat,3449.961260318756
0.015,sat,12.732621431350708
0.013000000000000001,unsat,3460.269951105118
