epsilon,result,runtime
0.265,sat,3.0353808403015137
0.133,sat,3.12935733795166
0.131,sat,3.153531312942505
0.063,unsat,3297.9063086509705
0.065,unsat,3325.3367307186127
0.097,sat,20.63321876525879
0.099,cancelled,2.72441029548645
0.085,sat,2026.3712468147278
0.075,unsat,3545.697948217392
0.07300000000000001,cancelled,1519.388554096222
0.079,unsat,3540.009354829788
0.081,unsat,3565.261444091797
0.083,error,564.5714762210846
