epsilon,result,runtime
0.133,sat,3.401746988296509
0.265,cancelled,6.435163497924805
0.265,sat,3.42693829536438
0.08700000000000001,unsat,3288.597395658493
0.043000000000000003,cancelled,3291.5390014648438
0.117,sat,21.579593181610107
0.10300000000000001,sat,56.05356287956238
0.101,sat,45.68766450881958
0.095,sat,28.87048625946045
0.093,sat,156.26568627357483
0.091,sat,1371.3109877109528
0.089,error,1932.594455242157
