epsilon,result,runtime
0.265,sat,7.4719531536102295
0.133,unsat,3463.4401483535767
0.131,cancelled,3456.1352524757385
0.219,sat,4.285552263259888
0.177,sat,5.089457035064697
0.17500000000000002,sat,4.303196430206299
0.153,sat,11.290109634399414
0.155,cancelled,7.980107545852661
0.14500000000000002,sat,36.506481647491455
0.139,sat,1163.3428013324738
0.137,unsat,3371.269298315048
0.135,cancelled,2247.7428946495056
