epsilon,result,runtime
0.265,sat,4.903372287750244
0.133,sat,5.303005695343018
0.131,sat,5.097304105758667
0.065,sat,5.251736640930176
0.063,sat,4.521111011505127
0.031,sat,55.106794357299805
0.029,unsat,3553.775927066803
0.013000000000000001,cancelled,3506.0636451244354
