epsilon,result,runtime
0.265,sat,3.1347460746765137
0.133,sat,3.1041417121887207
0.131,sat,3.0267419815063477
0.065,unsat,3409.8285739421844
0.063,cancelled,3407.0242536067963
0.107,sat,5.583829402923584
0.08700000000000001,sat,184.75662755966187
0.085,sat,652.3453810214996
0.075,unsat,3302.6575770378113
0.07300000000000001,cancelled,2829.044712305069
0.081,unsat,3310.4331300258636
0.079,cancelled,3313.8341426849365
0.083,sat,310.07920384407043
