epsilon,result,runtime
0.265,sat,4.222452402114868
0.133,sat,4.205556869506836
0.131,sat,4.207839012145996
0.065,sat,4.996483087539673
0.063,sat,4.730072498321533
0.031,sat,4.090322732925415
0.029,sat,4.001071453094482
0.013000000000000001,sat,6.86163330078125
0.015,cancelled,3.2171332836151123
0.003,unsat,4.442781686782837
0.009000000000000001,unsat,3332.498303413391
0.007,cancelled,3344.029650449753
0.011,sat,2.561757802963257
