epsilon,result,runtime
0.133,sat,5.558711767196655
0.265,cancelled,8.57537055015564
0.08700000000000001,sat,12.823240995407104
0.043000000000000003,unsat,3332.990977048874
0.041,cancelled,3320.209158182144
0.07100000000000001,sat,72.32444596290588
0.057,unsat,3469.0535435676575
0.055,cancelled,3396.7933220863342
0.065,sat,3095.957620382309
0.061,unsat,3404.7355353832245
0.059000000000000004,cancelled,308.7148175239563
0.063,sat,590.0987825393677
