epsilon,result,runtime
0.133,sat,4.319823503494263
0.265,cancelled,7.731361627578735
0.08700000000000001,sat,5.526449203491211
0.043000000000000003,sat,27.653931379318237
0.041,sat,28.752525329589844
0.021,unsat,3311.0340547561646
0.019000000000000003,cancelled,3325.393939971924
0.033,sat,53.106322288513184
0.027000000000000003,unsat,3481.6302671432495
0.025,cancelled,3428.6669631004333
0.029,unsat,3518.903477668762
0.031,unsat,3521.417289495468
