epsilon,result,runtime
0.265,sat,2.6403603553771973
0.133,sat,3.055588722229004
0.131,sat,1.5668694972991943
0.065,sat,2.1756186485290527
0.063,sat,1.1669905185699463
0.029,unsat,3405.1826033592224
0.031,unsat,3409.947951555252
0.045,unsat,3554.885237455368
0.047,unsat,3558.4314291477203
0.053000000000000005,sat,51.74872422218323
0.055,cancelled,57.04384446144104
0.051000000000000004,sat,75.40575528144836
0.049,sat,76.32282781600952
