epsilon,result,runtime
0.133,sat,3.2966954708099365
0.265,cancelled,6.320146322250366
0.265,sat,3.3519415855407715
0.08700000000000001,sat,22.064595937728882
0.041,unsat,3244.6849043369293
0.043000000000000003,unsat,3372.435168981552
0.063,unsat,3243.7678310871124
0.065,unsat,3349.521519422531
0.075,sat,25.724514961242676
0.077,cancelled,25.707337856292725
0.07100000000000001,sat,661.8603208065033
0.069,sat,2091.991072654724
0.067,error,1863.424025774002
