epsilon,result,runtime
0.133,sat,5.465687036514282
0.265,cancelled,8.843177080154419
0.265,sat,5.465222120285034
0.08700000000000001,sat,5.401989698410034
0.043000000000000003,unsat,3398.071686267853
0.041,cancelled,3392.8611104488373
0.07100000000000001,sat,30.716145992279053
0.057,sat,37.567885398864746
0.055,sat,50.592658042907715
0.049,sat,66.14685463905334
0.045,sat,88.8772361278534
0.047,cancelled,114.71288633346558
