epsilon,result,runtime
0.265,sat,2.2394814491271973
0.133,sat,2.669379711151123
0.131,sat,2.9530680179595947
0.065,sat,2.9668147563934326
0.063,sat,10.673494577407837
0.031,sat,23.959721565246582
0.029,unsat,3449.7907791137695
0.013000000000000001,cancelled,3439.444100856781
