epsilon,result,runtime
0.265,sat,5.656160593032837
0.133,sat,42.54915809631348
0.131,sat,35.09489870071411
0.063,unsat,3353.9606606960297
0.097,sat,77.88301730155945
0.065,unsat,3531.433054447174
0.079,sat,43.17959713935852
0.081,cancelled,140.6382622718811
0.069,sat,96.28051471710205
0.07300000000000001,cancelled,99.21504878997803
0.067,sat,153.46854519844055
