epsilon,result,runtime
0.265,sat,2.4730000495910645
0.133,sat,2.8384580612182617
0.131,sat,1.1248226165771484
0.065,sat,2.217243194580078
0.063,sat,1.1482727527618408
0.029,unsat,3376.8691210746765
0.047,sat,41.9717333316803
0.039,sat,19.67788577079773
0.031,unsat,3514.2397055625916
0.033,unsat,3300.4239671230316
0.037000000000000005,sat,30.830047607421875
0.035,unsat,3404.6184804439545
