epsilon,result,runtime
0.265,sat,3.164618968963623
0.133,sat,3.3347384929656982
0.131,sat,3.1747806072235107
0.065,sat,3.218183755874634
0.063,sat,2.8013951778411865
0.031,unsat,3406.084590435028
0.029,cancelled,3403.503506422043
0.051000000000000004,sat,5.56336784362793
0.039,sat,100.40696048736572
0.041,cancelled,113.60134172439575
0.035,sat,67.59512710571289
0.033,error,580.11554646492
