epsilon,result,runtime
0.265,sat,5.3039257526397705
0.133,unsat,3387.956254720688
0.131,cancelled,3382.842474460602
0.219,sat,5.36896824836731
0.177,sat,5.460114002227783
0.17500000000000002,sat,5.492677688598633
0.153,sat,46.11246418952942
0.155,cancelled,40.63911819458008
0.14500000000000002,sat,51.31940460205078
0.139,unsat,3392.058801651001
0.137,cancelled,3341.0567440986633
0.14300000000000002,sat,505.11315965652466
0.14100000000000001,error,996.9959750175476
