epsilon,result,runtime
0.265,sat,7.59648871421814
0.131,sat,7.44367527961731
0.133,cancelled,24.438757181167603
0.085,unsat,3487.271406173706
0.043000000000000003,cancelled,3492.720803976059
0.115,sat,62.58755159378052
0.101,unsat,3289.2952196598053
0.099,cancelled,3226.864639043808
0.109,sat,119.63071537017822
0.10500000000000001,unsat,3285.929817676544
0.10300000000000001,cancelled,3166.3865418434143
0.107,sat,306.43773555755615
