epsilon,result,runtime
0.133,sat,5.509046792984009
0.265,cancelled,8.877837419509888
0.265,sat,5.614009857177734
0.08700000000000001,sat,14.578887462615967
0.043000000000000003,sat,21.932732105255127
0.041,sat,23.248838186264038
0.019000000000000003,unsat,3320.5480880737305
0.031,sat,34.626243352890015
0.021,unsat,3452.1639580726624
0.025,unsat,3477.719933986664
0.027000000000000003,unsat,3403.2693376541138
0.029,error,605.7292165756226
