epsilon,result,runtime
0.265,sat,2.950843095779419
0.133,sat,5.596624135971069
0.131,sat,1.6178436279296875
0.063,unsat,3423.511508703232
0.097,sat,11.080705165863037
0.065,unsat,3544.0557205677032
0.081,unsat,3341.71307015419
0.079,cancelled,3240.720545768738
0.091,sat,40.324143171310425
0.08700000000000001,sat,1457.2798602581024
0.085,unsat,3261.1366968154907
0.083,cancelled,1847.680162191391
