epsilon,result,runtime
0.133,sat,5.510452032089233
0.265,cancelled,8.888007402420044
0.08700000000000001,unsat,3335.7962679862976
0.043000000000000003,cancelled,3339.2757427692413
0.117,sat,5.527292966842651
0.10300000000000001,sat,36.22587561607361
0.101,sat,48.72433543205261
0.095,sat,107.89507508277893
0.093,sat,275.29636454582214
0.091,sat,346.23494696617126
0.089,error,979.7531068325043
