epsilon,result,runtime
0.265,sat,4.335930109024048
0.133,sat,5.194434404373169
0.131,sat,3.5893161296844482
0.065,sat,4.5767881870269775
0.063,sat,4.2977094650268555
0.029,unsat,3389.019457578659
0.047,sat,3.3309473991394043
0.031,unsat,3441.1223216056824
0.039,sat,36.250914096832275
0.037000000000000005,sat,57.3666672706604
0.035,sat,38.91343712806702
0.033,error,670.8965992927551
