epsilon,result,runtime
0.265,sat,2.4922423362731934
0.133,sat,2.902233839035034
0.131,sat,2.797473192214966
0.065,sat,3.6826586723327637
0.063,sat,10.854833126068115
0.031,unsat,3478.909780740738
0.029,cancelled,3469.200402736664
0.051000000000000004,sat,25.75874352455139
0.041,sat,330.7858853340149
0.039,unsat,3259.461033821106
0.035,cancelled,2958.026192188263
