epsilon,result,runtime
0.133,sat,5.459961891174316
0.265,cancelled,8.709882020950317
0.08700000000000001,sat,11.79181432723999
0.043000000000000003,unsat,3416.7005240917206
0.041,cancelled,3405.1121163368225
0.07100000000000001,sat,24.44525122642517
0.057,unsat,3534.4130260944366
0.055,cancelled,3510.2172298431396
0.065,sat,66.75407147407532
0.061,sat,3414.2369973659515
0.059000000000000004,sat,3370.0829651355743
