epsilon,result,runtime
0.133,sat,4.295279502868652
0.265,cancelled,7.432669401168823
0.08700000000000001,sat,4.100485324859619
0.043000000000000003,sat,5.209005355834961
0.041,sat,3.3545501232147217
0.019000000000000003,sat,2.806894302368164
0.021,cancelled,0.4669625759124756
0.011,sat,23.037283182144165
0.003,unsat,2.4919052124023438
0.005,unsat,133.10808968544006
0.009000000000000001,unsat,3274.7464785575867
0.007,cancelled,3382.443594455719
