epsilon,result,runtime
0.265,sat,3.2799065113067627
0.133,sat,3.330956220626831
0.131,sat,15.252050399780273
0.065,unsat,3399.257182598114
0.063,cancelled,3384.157022714615
0.107,sat,18.544178247451782
0.085,unsat,3275.2833166122437
0.08700000000000001,unsat,3414.661529779434
0.095,unsat,3300.03635597229
0.097,unsat,3437.3017930984497
0.10300000000000001,sat,87.22780656814575
0.101,sat,2151.673574447632
0.099,error,2444.5453498363495
