epsilon,result,runtime
0.265,sat,2.352590560913086
0.133,sat,3.9830455780029297
0.131,sat,0.9478023052215576
0.065,sat,2.3079607486724854
0.063,sat,6.899154424667358
0.029,unsat,3397.185529232025
0.031,unsat,3407.5398008823395
0.045,unsat,3320.2625489234924
0.055,sat,12.50972580909729
0.051000000000000004,sat,62.794822454452515
0.049,sat,75.0972146987915
0.047,unsat,3485.0135912895203
