epsilon,result,runtime
0.133,sat,3.0116162300109863
0.265,cancelled,6.0420591831207275
0.043000000000000003,unsat,3363.1018557548523
0.08700000000000001,unsat,3528.8533914089203
0.089,unsat,3384.085654735565
0.111,unsat,3407.1867513656616
0.109,cancelled,188.85109186172485
0.125,sat,32.63824796676636
0.11900000000000001,sat,364.9856526851654
0.117,sat,1821.4873223304749
0.115,sat,632.2458510398865
0.113,sat,2147.0236372947693
