epsilon,result,runtime
0.133,sat,3.0883705615997314
0.265,cancelled,6.034157752990723
0.043000000000000003,unsat,3375.18713927269
0.08700000000000001,unsat,3384.5738813877106
0.111,sat,12.964718341827393
0.099,sat,40.18593716621399
0.093,sat,740.7199702262878
0.089,unsat,3492.390315055847
0.091,error,3079.47900891304
