epsilon,result,runtime
0.265,sat,2.6223268508911133
0.133,sat,3.0578930377960205
0.131,sat,2.7642788887023926
0.065,sat,16.34916377067566
0.063,sat,13.492853164672852
0.031,unsat,3352.5877180099487
0.029,cancelled,3353.29372549057
0.051000000000000004,unsat,3269.8225090503693
0.041,cancelled,3273.309550523758
0.055,sat,328.84256529808044
0.057,cancelled,332.3653223514557
0.053000000000000005,sat,345.13133788108826
