epsilon,result,runtime
0.265,sat,13.775395631790161
0.133,sat,58.792211294174194
0.131,sat,445.8441741466522
0.065,unsat,3383.4679419994354
0.063,cancelled,2983.9911181926727
0.107,unsat,3272.5528581142426
0.08700000000000001,cancelled,3276.165331840515
0.121,unsat,3451.1598060131073
0.115,cancelled,3454.5001702308655
0.127,unsat,3368.2788050174713
0.125,cancelled,3371.631204843521
0.129,error,591.3701612949371
