epsilon,result,runtime
0.133,sat,2.2420973777770996
0.265,cancelled,5.289880037307739
0.043000000000000003,sat,3.0313074588775635
0.08700000000000001,cancelled,5.759991645812988
0.027000000000000003,sat,11.604124307632446
0.013000000000000001,unsat,3325.7139015197754
0.011,cancelled,3314.270361185074
0.017,unsat,3379.926290035248
0.023,sat,39.1017529964447
0.021,unsat,3482.4970631599426
0.019000000000000003,cancelled,60.35621190071106
