epsilon,result,runtime
0.133,sat,2.7799220085144043
0.265,cancelled,5.683558225631714
0.043000000000000003,unsat,3372.453839302063
0.089,sat,67.12058663368225
0.08700000000000001,unsat,3446.6158423423767
0.065,cancelled,9.565399885177612
