epsilon,result,runtime
0.265,sat,2.42987060546875
0.133,sat,2.8723807334899902
0.131,sat,3.143447160720825
0.065,sat,12.753829717636108
0.063,sat,9.513243198394775
0.031,unsat,3273.4761509895325
0.029,cancelled,3274.400675535202
0.051000000000000004,sat,114.04385757446289
0.041,unsat,3462.970189332962
0.039,cancelled,3349.133640050888
0.047,sat,116.67512702941895
0.045,unsat,3589.8552355766296
0.043000000000000003,cancelled,3473.204656600952
