epsilon,result,runtime
0.265,sat,3.3922295570373535
0.133,sat,5.558222055435181
0.131,sat,2.308972120285034
0.063,unsat,3367.254752635956
0.065,unsat,3383.8973472118378
0.097,unsat,3267.039193868637
0.115,sat,19.109811544418335
0.107,sat,43.05772066116333
0.10300000000000001,sat,28.72511887550354
0.099,unsat,3398.2244613170624
0.101,sat,46.54069900512695
