epsilon,result,runtime
0.265,sat,4.287090301513672
0.133,sat,4.302833318710327
0.131,sat,4.260534286499023
0.065,sat,5.1149256229400635
0.063,sat,5.037654638290405
0.029,unsat,3253.184303998947
0.031,unsat,3523.999203681946
0.047,sat,1225.7103242874146
0.045,sat,1756.397624015808
0.037000000000000005,unsat,3311.0536122322083
0.039,unsat,3508.0597805976868
0.043000000000000003,sat,43.35567307472229
0.041,error,1540.6431953907013
