epsilon,result,runtime
0.265,sat,3.9206290245056152
0.133,sat,8.446651935577393
0.131,sat,37.47402906417847
0.065,unsat,3417.3614087104797
0.063,cancelled,3384.8507487773895
0.107,sat,35.23495316505432
0.08700000000000001,unsat,3283.7050561904907
0.085,cancelled,3248.6028299331665
0.099,sat,66.35594582557678
0.093,unsat,3448.326861143112
0.091,cancelled,3382.1277956962585
0.097,sat,331.8125283718109
0.095,error,844.5186557769775
