epsilon,result,runtime
0.265,sat,2.472322940826416
0.133,sat,2.9156441688537598
0.131,sat,2.7131731510162354
0.063,unsat,3309.341852426529
0.097,sat,3.354405641555786
0.081,sat,122.9740297794342
0.065,unsat,3449.7223601341248
0.07100000000000001,unsat,3323.0337176322937
0.077,sat,46.11879086494446
0.07300000000000001,unsat,3456.9492287635803
0.075,sat,288.6846685409546
