epsilon,result,runtime
0.133,sat,3.1654553413391113
0.265,sat,3.190768241882324
0.265,cancelled,6.073850393295288
0.043000000000000003,unsat,3460.0766615867615
0.08700000000000001,unsat,3541.7727959156036
0.111,sat,22.861475467681885
0.099,sat,2187.576160430908
0.089,unsat,3480.1147525310516
0.093,unsat,3541.6388387680054
0.095,unsat,3592.571813106537
0.097,error,1735.0887801647186
