epsilon,result,runtime
0.265,sat,5.416641712188721
0.133,sat,5.516165256500244
0.131,sat,5.280174016952515
0.065,sat,5.394938707351685
0.063,sat,38.589253187179565
0.029,unsat,3305.9609377384186
0.031,unsat,3487.5106818675995
0.047,unsat,3537.435446023941
0.045,cancelled,3401.3847374916077
0.057,sat,20.49542498588562
0.053000000000000005,sat,32.95574164390564
0.049,sat,80.95869731903076
0.051000000000000004,cancelled,97.44328451156616
