epsilon,result,runtime
0.265,sat,3.0752811431884766
0.133,sat,3.1293728351593018
0.131,sat,3.318626880645752
0.065,unsat,3286.275582075119
0.063,cancelled,3283.0309534072876
0.107,sat,5.563916921615601
0.08700000000000001,sat,6.856755971908569
0.075,sat,80.13219594955444
0.085,cancelled,84.52865934371948
0.07100000000000001,sat,86.13238763809204
0.069,sat,90.21903276443481
0.067,sat,54.424909830093384
