epsilon,result,runtime
0.265,sat,2.80023455619812
0.133,sat,4.749022483825684
0.131,sat,13.422581672668457
0.065,unsat,3385.2544169425964
0.063,cancelled,3374.0238671302795
0.08700000000000001,unsat,3402.8580136299133
0.107,unsat,3407.9531574249268
0.11900000000000001,sat,28.53142547607422
0.113,sat,244.1962170600891
0.109,unsat,3474.9652194976807
0.111,error,3535.5299186706543
