epsilon,result,runtime
0.265,sat,4.267964839935303
0.133,sat,5.100254774093628
0.131,sat,4.368042469024658
0.065,sat,4.509963750839233
0.063,sat,4.09080958366394
0.031,unsat,3333.9253323078156
0.029,cancelled,3332.334433555603
0.051000000000000004,sat,96.03731226921082
0.041,unsat,3381.4170684814453
0.039,cancelled,3285.5142438411713
0.047,sat,69.31688022613525
0.045,sat,107.54306960105896
0.043000000000000003,sat,81.95740818977356
