epsilon,result,runtime
0.265,sat,2.4236531257629395
0.133,sat,2.8199706077575684
0.131,sat,1.5149905681610107
0.065,sat,2.3563456535339355
0.063,sat,9.629999876022339
0.029,unsat,3343.8906354904175
0.047,sat,46.675817012786865
0.039,sat,23.793705463409424
0.031,unsat,3472.206570148468
0.035,sat,37.63824534416199
0.033,sat,1.7758235931396484
