epsilon,result,runtime
0.133,sat,5.586609601974487
0.265,cancelled,8.801141262054443
0.08700000000000001,sat,5.62995171546936
0.043000000000000003,sat,101.00097727775574
0.019000000000000003,unsat,3372.662386417389
0.041,timeout,3600
0.029,unsat,3282.0098440647125
0.031,unsat,3299.660064458847
0.035,unsat,3466.591842651367
0.037000000000000005,unsat,3381.735151529312
0.039,error,571.8090553283691
