epsilon,result,runtime
0.265,sat,3.181817054748535
0.133,sat,3.2531676292419434
0.131,sat,2.9150352478027344
0.065,unsat,3562.700216770172
0.063,cancelled,3559.871020555496
0.107,sat,5.312187194824219
0.085,sat,60.57200622558594
0.08700000000000001,cancelled,72.6612160205841
0.077,sat,3059.451877593994
0.07100000000000001,sat,3206.063155889511
0.069,sat,3375.9351954460144
0.067,sat,3234.3590519428253
