epsilon,result,runtime
0.133,sat,3.1964328289031982
0.265,cancelled,6.103266477584839
0.08700000000000001,sat,24.68183445930481
0.041,unsat,3391.5541546344757
0.043000000000000003,unsat,3422.2532794475555
0.065,unsat,3293.0744750499725
0.063,cancelled,3293.253678560257
0.079,sat,1011.5188679695129
0.07300000000000001,unsat,3274.1273798942566
0.07100000000000001,cancelled,2262.5151693820953
0.075,unsat,3437.0350391864777
0.077,unsat,3441.2668120861053
