epsilon,result,runtime
0.133,sat,5.439346075057983
0.265,cancelled,8.716003179550171
0.08700000000000001,sat,5.481573104858398
0.043000000000000003,sat,66.2699990272522
0.019000000000000003,unsat,3387.8347141742706
0.041,unsat,3546.3009848594666
0.029,cancelled,96.7246904373169
