epsilon,result,runtime
0.265,sat,6.541419744491577
0.133,unsat,3241.482067346573
0.131,cancelled,3234.970389842987
0.219,sat,6.285135507583618
0.177,sat,9.932536840438843
0.17500000000000002,sat,31.011669158935547
0.153,sat,95.86564683914185
0.155,cancelled,69.76946067810059
0.14500000000000002,unsat,3290.879878759384
0.139,cancelled,3296.2661674022675
0.147,sat,274.2166757583618
0.149,cancelled,277.90224623680115
