epsilon,result,runtime
0.265,sat,2.3023273944854736
0.133,sat,2.928023099899292
0.131,sat,2.6298444271087646
0.065,sat,2.5590996742248535
0.063,sat,1.9465463161468506
0.031,sat,2.578017473220825
0.029,sat,0.6102735996246338
0.015,sat,7.722107887268066
0.005,unsat,2.240736246109009
0.013000000000000001,unsat,3322.8424410820007
0.009000000000000001,cancelled,3307.1181876659393
