epsilon,result,runtime
0.265,sat,3.0365614891052246
0.133,sat,3.1561357975006104
0.131,sat,3.307403802871704
0.063,unsat,3306.5186066627502
0.097,sat,3.300647258758545
0.081,sat,2.666266679763794
0.065,unsat,3327.69571685791
0.07300000000000001,sat,32.331494092941284
0.07100000000000001,sat,31.25159525871277
0.069,sat,514.3482093811035
0.067,sat,711.0035579204559
