epsilon,result,runtime
0.133,sat,3.241877317428589
0.265,cancelled,5.959351062774658
0.043000000000000003,unsat,3464.8360874652863
0.08700000000000001,unsat,3467.155919790268
0.111,sat,21.941929817199707
0.089,sat,27.043185234069824
0.099,cancelled,2.906071186065674
