epsilon,result,runtime
0.265,sat,5.577757835388184
0.133,sat,5.5651843547821045
0.131,sat,5.567640542984009
0.065,sat,1950.9505233764648
0.063,unsat,3458.0700237751007
0.031,cancelled,1517.2321772575378
