epsilon,result,runtime
0.265,sat,3.290449619293213
0.131,unsat,3459.5911359786987
0.133,unsat,3466.7292647361755
0.199,sat,1.4187531471252441
0.197,sat,1.9361486434936523
0.165,sat,2.2626404762268066
0.163,sat,2.486288070678711
0.147,sat,16.45485019683838
0.149,cancelled,18.21402907371521
0.14100000000000001,sat,17.206125497817993
0.137,sat,487.3380551338196
0.135,error,962.0917987823486
