epsilon,result,runtime
0.133,sat,3.321866035461426
0.265,cancelled,6.354946613311768
0.265,sat,3.297490358352661
0.08700000000000001,sat,13.037458419799805
0.041,unsat,3285.653228998184
0.065,sat,34.209808588027954
0.043000000000000003,unsat,3356.3883798122406
0.055,sat,43.63290286064148
0.053000000000000005,unsat,3330.2680287361145
0.047,cancelled,3269.70810008049
