epsilon,result,runtime
0.265,sat,4.2961814403533936
0.133,sat,4.289186477661133
0.065,sat,4.3484954833984375
0.131,cancelled,7.284286737442017
0.131,sat,4.393080472946167
0.041,sat,5.6613593101501465
0.021,sat,5.716106176376343
0.019000000000000003,sat,2.725876569747925
0.009000000000000001,unsat,3465.6380960941315
0.007,cancelled,3463.0945539474487
0.015,sat,9.75552248954773
0.013000000000000001,sat,10.87166953086853
0.011,error,541.6373665332794
