epsilon,result,runtime
0.265,sat,5.53109073638916
0.131,unsat,3262.4412276744843
0.133,unsat,3281.336002111435
0.199,sat,16.221349954605103
0.197,sat,8.004369258880615
0.163,sat,24.23378086090088
0.165,cancelled,28.5526225566864
0.151,sat,1766.9345135688782
0.14300000000000002,unsat,3542.1855762004852
0.14100000000000001,cancelled,1775.2734940052032
0.14500000000000002,unsat,3276.863205432892
0.147,unsat,3386.130464553833
0.149,error,611.8742036819458
