epsilon,result,runtime
0.133,sat,5.4061901569366455
0.265,cancelled,8.70504641532898
0.08700000000000001,sat,139.51414322853088
0.041,unsat,3318.1557240486145
0.043000000000000003,unsat,3478.1284646987915
0.063,unsat,3282.8020458221436
0.065,unsat,3300.3690707683563
0.075,unsat,3380.1656744480133
0.077,unsat,3562.7932760715485
0.081,unsat,3363.455979824066
0.083,unsat,3537.574048280716
0.085,error,914.3662030696869
