epsilon,result,runtime
0.265,sat,3.0280492305755615
0.133,sat,49.854920625686646
0.131,sat,63.054306745529175
0.063,unsat,3492.1531291007996
0.065,unsat,3512.283414363861
0.097,unsat,3309.4122319221497
0.099,unsat,3421.0067389011383
0.115,unsat,3570.345372438431
0.113,cancelled,3461.2775716781616
0.125,sat,950.3998210430145
0.121,unsat,3273.7812175750732
0.11900000000000001,cancelled,2323.2872502803802
0.123,error,1286.3871884346008
