epsilon,result,runtime
0.133,sat,2.0578935146331787
0.265,cancelled,5.001555919647217
0.08700000000000001,sat,3.178676128387451
0.043000000000000003,sat,3.765883684158325
0.041,sat,8.904067993164062
0.019000000000000003,unsat,3374.8553082942963
0.031,sat,14.579409122467041
0.021,unsat,3421.5088000297546
0.027000000000000003,unsat,3435.343136072159
0.025,cancelled,3479.36359500885
0.029,sat,0.9396035671234131
