epsilon,result,runtime
0.133,sat,3.4127213954925537
0.265,cancelled,6.426621675491333
0.08700000000000001,sat,5.414195537567139
0.043000000000000003,unsat,3311.387056350708
0.041,cancelled,3306.2031371593475
0.07100000000000001,sat,44.251643896102905
0.057,sat,46.907771587371826
0.055,sat,39.31037902832031
0.049,sat,77.11768651008606
0.047,unsat,3461.853243112564
0.045,cancelled,3425.2425866127014
