epsilon,result,runtime
0.265,sat,2.286884069442749
0.133,sat,2.3868327140808105
0.131,sat,2.0088202953338623
0.065,sat,2.0803234577178955
0.063,sat,2.0511860847473145
0.031,sat,2.328183174133301
0.029,sat,0.9898500442504883
0.013000000000000001,sat,1.5021181106567383
0.015,cancelled,1.0449371337890625
0.003,sat,2.0318377017974854
0.007,cancelled,4.862057209014893
0.001,sat,0.20346856117248535
