epsilon,result,runtime
0.133,sat,2.3824241161346436
0.265,cancelled,5.296246290206909
0.08700000000000001,sat,2.483258008956909
0.043000000000000003,sat,3.355118751525879
0.041,sat,9.888540744781494
0.019000000000000003,unsat,3305.160486459732
0.021,unsat,3490.2704858779907
0.031,unsat,3464.7836425304413
0.029,cancelled,3270.6998829841614
0.037000000000000005,sat,49.95458507537842
0.035,sat,64.63869571685791
0.033,error,679.9541821479797
