epsilon,result,runtime
0.265,sat,5.561198711395264
0.133,sat,8.938040494918823
0.131,sat,11.585554599761963
0.063,unsat,3354.776363134384
0.097,sat,26.111602783203125
0.065,unsat,3523.297055006027
0.079,unsat,3309.273369550705
0.081,unsat,3484.486732006073
0.08700000000000001,sat,62.135642766952515
0.089,cancelled,112.72596144676208
0.085,unsat,3263.287542104721
0.083,cancelled,3266.707752466202
