epsilon,result,runtime
0.265,sat,4.393669366836548
0.133,sat,5.098260879516602
0.131,sat,4.974987268447876
0.065,sat,5.128205299377441
0.063,sat,5.0170674324035645
0.031,unsat,3348.792192697525
0.029,cancelled,3344.993973970413
0.051000000000000004,unsat,3357.1210474967957
0.041,cancelled,3360.516445875168
0.057,sat,1259.3601579666138
0.055,unsat,3462.7388668060303
0.053000000000000005,cancelled,2203.393604516983
