epsilon,result,runtime
0.265,sat,5.69202446937561
0.133,sat,5.6331095695495605
0.131,sat,5.266921758651733
0.065,sat,25.518380880355835
0.031,unsat,3416.9457972049713
0.063,unsat,3445.9268176555634
0.047,cancelled,8.14356780052185
