epsilon,result,runtime
0.265,sat,3.172834634780884
0.133,sat,3.2088515758514404
0.131,sat,2.937023639678955
0.065,sat,4.305970191955566
0.063,sat,1.2767724990844727
0.031,unsat,3368.4204816818237
0.029,cancelled,3368.5975937843323
0.051000000000000004,sat,11.290544033050537
0.041,sat,15.463696479797363
0.035,sat,17.25559902191162
0.039,cancelled,24.674850940704346
0.033,sat,2.003636121749878
