epsilon,result,runtime
0.265,sat,25.10668158531189
0.133,unsat,3146.525387763977
0.131,cancelled,3121.700078010559
0.219,sat,16.261892318725586
0.17500000000000002,sat,15.899688243865967
0.177,cancelled,52.23389768600464
0.147,sat,349.7689003944397
0.159,cancelled,357.40898847579956
0.14100000000000001,unsat,3157.312013864517
0.137,cancelled,3168.7166562080383
0.14300000000000002,timeout,3600
0.14500000000000002,timeout,3600
