epsilon,result,runtime
0.265,sat,17.1654372215271
0.133,sat,22.450995683670044
0.065,sat,15.020381450653076
0.131,cancelled,27.915326595306396
0.041,sat,21.27617883682251
0.021,sat,93.97728490829468
0.019000000000000003,sat,141.33407878875732
0.007,unsat,20.17574405670166
0.009000000000000001,unsat,3311.94327545166
0.013000000000000001,unsat,3480.3882534503937
0.015,timeout,3600
0.017,timeout,3600
