epsilon,result,runtime
0.265,sat,25.88308358192444
0.133,sat,86.45557498931885
0.131,sat,111.7766284942627
0.065,unsat,3373.5599920749664
0.063,cancelled,3327.6763858795166
0.107,unsat,3412.2550809383392
0.08700000000000001,cancelled,3427.736955165863
0.121,sat,762.8646266460419
0.115,unsat,3254.778581380844
0.113,cancelled,2491.7274515628815
0.11900000000000001,sat,608.8413832187653
0.117,sat,845.2147459983826
