epsilon,result,runtime
0.265,sat,24.833168268203735
0.133,sat,25.411577701568604
0.131,sat,28.738343954086304
0.065,unsat,3154.1184480190277
0.063,cancelled,3125.5517740249634
0.107,sat,41.68779158592224
0.08700000000000001,sat,271.35389971733093
0.085,sat,325.67895221710205
0.075,sat,562.5185983181
0.07300000000000001,sat,1447.2533829212189
0.069,timeout,3600
0.067,timeout,3600
0.07100000000000001,sat,1728.7724266052246
