epsilon,result,runtime
0.133,sat,23.033995151519775
0.265,cancelled,38.25523638725281
0.08700000000000001,sat,33.27041459083557
0.043000000000000003,sat,128.92757844924927
0.041,sat,164.68301272392273
0.019000000000000003,unsat,2703.0867490768433
0.031,sat,278.9389741420746
0.021,timeout,3600
0.025,unsat,2827.0258581638336
0.027000000000000003,timeout,3600
0.029,timeout,3600
