epsilon,result,runtime
0.265,sat,32.16262602806091
0.133,sat,41.731223821640015
0.131,sat,38.96198630332947
0.063,unsat,2682.5256292819977
0.065,unsat,3047.728171825409
0.097,unsat,3228.6079127788544
0.115,sat,120.32415556907654
0.107,sat,358.17690992355347
0.099,timeout,3600
0.10300000000000001,sat,453.07388043403625
0.101,sat,491.66872906684875
