epsilon,result,runtime
0.133,sat,22.521281719207764
0.265,cancelled,41.03319001197815
0.08700000000000001,sat,22.120343685150146
0.043000000000000003,sat,188.28748631477356
0.041,sat,253.72551131248474
0.019000000000000003,timeout,3600
0.021,timeout,3600
0.023,unsat,3179.579545736313
0.017,cancelled,3319.2395853996277
0.033,timeout,3600
0.029,timeout,3600
0.035,sat,1282.616314649582
0.031,unsat,3267.4819180965424
0.025,cancelled,1984.8795704841614
