epsilon,result,runtime
0.133,sat,30.486248016357422
0.265,cancelled,47.720314502716064
0.043000000000000003,sat,29.969738960266113
0.08700000000000001,cancelled,40.55298829078674
0.027000000000000003,sat,52.365811824798584
0.013000000000000001,timeout,3600
0.011,timeout,3600
0.015,timeout,3600
0.009000000000000001,timeout,3600
0.007,unsat,83.9212019443512
0.021,sat,182.13885378837585
0.017,unsat,2765.606550693512
0.019000000000000003,unsat,3362.516026735306
