epsilon,result,runtime
0.265,sat,22.122262477874756
0.133,sat,25.793415307998657
0.131,sat,24.520564556121826
0.065,sat,23.853821277618408
0.031,sat,20.78798508644104
0.063,cancelled,34.235755443573
0.019000000000000003,sat,97.51998829841614
0.007,unsat,3255.997062921524
0.009000000000000001,unsat,3510.493485212326
0.013000000000000001,timeout,3600
0.015,timeout,3600
0.017,sat,143.17971301078796
0.011,timeout,3600
