epsilon,result,runtime
0.265,sat,22.646872997283936
0.133,sat,43.87818884849548
0.131,sat,95.8648796081543
0.063,unsat,3068.930690050125
0.065,unsat,3524.666379928589
0.097,unsat,3371.2582561969757
0.099,unsat,3097.6040720939636
0.115,sat,481.76404786109924
0.113,sat,433.81862902641296
0.107,sat,944.9184572696686
0.10500000000000001,unsat,3169.2901237010956
0.101,cancelled,2187.1956429481506
