epsilon,result,runtime
0.265,sat,17.854012489318848
0.133,sat,18.352905750274658
0.131,sat,21.264108657836914
0.065,sat,530.8819782733917
0.063,sat,519.4385380744934
0.031,timeout,3600
0.029,timeout,3600
0.027000000000000003,unsat,3368.782924413681
0.033,timeout,3600
0.047,unsat,3275.992897748947
0.049,timeout,3600
0.055,sat,809.9078187942505
0.057,cancelled,344.6189193725586
0.051000000000000004,sat,1140.7695775032043
0.053000000000000005,cancelled,1164.7194621562958
