epsilon,result,runtime
0.265,sat,30.807059049606323
0.131,sat,489.27522373199463
0.133,cancelled,537.6781380176544
0.043000000000000003,unsat,2909.607699394226
0.085,unsat,3089.038031101227
0.109,sat,372.4581706523895
0.08700000000000001,timeout,3600
0.097,unsat,3043.3272738456726
0.10300000000000001,unsat,3333.8802075386047
0.099,cancelled,3354.0514652729034
0.107,sat,605.8411881923676
0.10500000000000001,sat,1172.1323268413544
