epsilon,result,runtime
0.265,sat,12.761717081069946
0.133,sat,309.23404932022095
0.131,sat,666.5591268539429
0.065,timeout,3600
0.063,timeout,3600
0.067,unsat,2853.7852067947388
0.061,cancelled,2496.2823102474213
0.089,unsat,2564.5857055187225
0.109,unsat,3186.8101692199707
0.111,unsat,2768.9906928539276
0.121,unsat,2835.9889571666718
0.11900000000000001,cancelled,688.9076592922211
0.125,unsat,2996.084183216095
0.127,unsat,3063.2665140628815
0.129,unsat,2911.5161929130554
