epsilon,result,runtime
0.265,sat,33.3059618473053
0.133,sat,261.21240997314453
0.131,sat,798.3488163948059
0.065,unsat,3283.4236879348755
0.063,cancelled,2701.0414650440216
0.107,unsat,2997.4824137687683
0.08700000000000001,cancelled,3018.5943760871887
0.115,unsat,3121.4121074676514
0.121,unsat,3507.7572798728943
0.127,sat,581.154979467392
0.125,sat,748.6005394458771
0.123,unsat,2571.7977323532104
