epsilon,result,runtime
0.265,sat,25.770689964294434
0.133,sat,30.654317378997803
0.131,sat,32.58532786369324
0.065,unsat,3415.208064556122
0.063,cancelled,3385.261695623398
0.08700000000000001,sat,423.67650270462036
0.107,cancelled,434.54449558258057
0.079,unsat,2775.9117822647095
0.07300000000000001,cancelled,2792.83478140831
0.083,sat,446.9126331806183
0.081,sat,987.7386219501495
