epsilon,result,runtime
0.133,sat,19.075013875961304
0.265,cancelled,28.807289361953735
0.08700000000000001,sat,312.6167721748352
0.043000000000000003,unsat,2868.959645986557
0.041,cancelled,2556.662022829056
0.07100000000000001,sat,1163.3822581768036
0.057,timeout,3600
0.055,unsat,3430.2747037410736
0.065,sat,1892.9220416545868
0.059000000000000004,unsat,3180.4198768138885
0.061,timeout,3600
0.063,timeout,3600
