epsilon,result,runtime
0.133,sat,17.823954343795776
0.265,cancelled,33.931076765060425
0.08700000000000001,sat,349.8743665218353
0.043000000000000003,timeout,3600
0.041,timeout,3600
0.045,timeout,3600
0.039,timeout,3600
0.047,unsat,3229.355803966522
0.037000000000000005,cancelled,2893.534113407135
0.07300000000000001,unsat,3420.741823196411
0.061,cancelled,3441.466322183609
0.081,sat,490.6597168445587
0.077,unsat,2909.5204622745514
0.075,cancelled,2418.6207654476166
0.079,sat,1441.500923871994
