epsilon,result,runtime
0.265,sat,17.330991744995117
0.133,sat,17.729812622070312
0.131,sat,14.913787364959717
0.065,unsat,2699.4518830776215
0.063,cancelled,2684.5398111343384
0.107,sat,15.81343126296997
0.085,sat,266.28197407722473
0.08700000000000001,cancelled,317.86494159698486
0.07100000000000001,sat,461.889945268631
0.077,cancelled,485.2919406890869
0.069,sat,1144.7325191497803
0.067,sat,1458.595868587494
