epsilon,result,runtime
0.265,sat,20.729270696640015
0.133,sat,21.181610107421875
0.131,sat,17.955103635787964
0.065,sat,1541.6761918067932
0.063,timeout,3600
0.031,timeout,3600
0.029,unsat,3454.159012079239
0.033,timeout,3600
0.047,unsat,3177.8206112384796
0.049,unsat,2979.7190799713135
0.055,timeout,3600
0.057,timeout,3600
0.053000000000000005,timeout,3600
0.059000000000000004,timeout,3600
0.051000000000000004,timeout,3600
0.061,timeout,3600
