epsilon,result,runtime
0.265,sat,17.53126049041748
0.133,sat,24.640098571777344
0.131,sat,23.848294734954834
0.065,sat,200.15123462677002
0.063,sat,434.60868644714355
0.031,unsat,3097.42800283432
0.029,cancelled,2846.3454999923706
0.051000000000000004,unsat,3103.561125278473
0.041,cancelled,3118.4906191825867
0.057,sat,547.5700063705444
0.055,sat,1404.4321660995483
0.053000000000000005,timeout,3600
