epsilon,result,runtime
0.265,sat,22.75923776626587
0.133,sat,29.738420009613037
0.131,sat,54.186471939086914
0.065,timeout,3600
0.063,timeout,3600
0.061,unsat,2461.87512755394
0.067,timeout,3600
0.099,unsat,3319.7285509109497
0.097,cancelled,2273.583492040634
0.109,sat,488.67090225219727
0.11900000000000001,cancelled,510.1078004837036
0.10300000000000001,unsat,2722.7112443447113
0.10500000000000001,sat,3119.2685708999634
0.107,cancelled,395.9114351272583
