epsilon,result,runtime
0.265,sat,25.719183921813965
0.133,sat,512.4201438426971
0.131,sat,689.6108121871948
0.065,unsat,2976.7947380542755
0.063,cancelled,2774.1512792110443
0.107,unsat,2910.048956155777
0.08700000000000001,cancelled,2919.2815568447113
0.121,sat,511.5597426891327
0.115,sat,533.3964042663574
0.113,sat,469.6509745121002
0.109,sat,829.2421979904175
0.111,cancelled,377.9140703678131
