epsilon,result,runtime
0.133,sat,30.914204120635986
0.265,cancelled,60.834853410720825
0.08700000000000001,sat,30.024388313293457
0.043000000000000003,sat,31.853181838989258
0.041,sat,41.35045671463013
0.021,unsat,3241.2302639484406
0.019000000000000003,cancelled,3343.945736885071
0.033,sat,109.66069483757019
0.027000000000000003,sat,1596.8033893108368
0.025,unsat,3358.5894503593445
0.023,cancelled,1894.6347048282623
