epsilon,result,runtime
0.265,sat,17.438884258270264
0.131,unsat,3120.871901988983
0.133,unsat,3189.4296839237213
0.199,sat,30.071281671524048
0.197,sat,25.78155279159546
0.163,sat,536.1328303813934
0.165,cancelled,580.7566900253296
0.151,sat,391.133504152298
0.14300000000000002,unsat,2762.3958597183228
0.14100000000000001,cancelled,2371.7063825130463
0.147,unsat,3095.4205532073975
0.14500000000000002,cancelled,3113.714461326599
0.149,sat,459.1048262119293
