epsilon,result,runtime
0.265,sat,22.409719705581665
0.133,sat,29.26001524925232
0.131,sat,23.557251930236816
0.065,timeout,3600
0.063,timeout,3600
0.067,unsat,2819.5511808395386
0.061,cancelled,2808.4162271022797
0.109,sat,582.3231649398804
0.08700000000000001,unsat,2823.038264274597
0.089,unsat,3504.4447178840637
0.099,sat,771.8293714523315
0.097,sat,1787.6860954761505
0.093,timeout,3600
0.091,timeout,3600
0.095,unsat,3202.593595981598
