epsilon,result,runtime
0.265,sat,24.65746831893921
0.133,sat,32.94426870346069
0.131,sat,28.280800819396973
0.065,timeout,3600
0.063,timeout,3600
0.061,unsat,3258.914241552353
0.067,timeout,3600
0.099,unsat,2977.2176632881165
0.097,cancelled,2716.178354740143
0.11900000000000001,sat,157.2658441066742
0.109,sat,560.4335227012634
0.107,sat,473.14718532562256
0.101,sat,480.0879576206207
0.10300000000000001,cancelled,603.5836622714996
