epsilon,result,runtime
0.265,sat,21.557908058166504
0.133,sat,27.033082723617554
0.131,sat,18.412554025650024
0.065,sat,35.33124899864197
0.063,sat,32.37441158294678
0.031,unsat,3416.156594276428
0.029,cancelled,3401.445302963257
0.051000000000000004,sat,131.1241934299469
0.041,sat,929.6660778522491
0.039,sat,951.8701610565186
0.035,unsat,3449.5721566677094
0.033,cancelled,3291.0854349136353
0.037000000000000005,sat,887.3438494205475
