epsilon,result,runtime
0.133,sat,30.097716093063354
0.265,cancelled,48.44164776802063
0.08700000000000001,sat,29.24105191230774
0.043000000000000003,sat,31.322861433029175
0.041,sat,30.130313396453857
0.021,sat,188.6565706729889
0.019000000000000003,timeout,3600
0.009000000000000001,timeout,3600
0.007,unsat,2667.6873722076416
0.011,timeout,3600
0.015,timeout,3600
0.013000000000000001,timeout,3600
0.017,unsat,3252.284465074539
