epsilon,result,runtime
0.265,sat,27.143813610076904
0.133,timeout,3600
0.131,timeout,3600
0.129,timeout,3600
0.135,timeout,3600
0.137,unsat,3428.046732902527
0.127,cancelled,3500.5988190174103
0.221,sat,15.939786672592163
0.179,sat,63.32232713699341
0.177,sat,46.248040437698364
0.155,sat,340.1501350402832
0.157,cancelled,373.0266582965851
0.14300000000000002,unsat,3097.075993537903
0.147,timeout,3600
0.151,sat,2124.3774542808533
0.149,timeout,3600
0.14500000000000002,timeout,3600
