epsilon,result,runtime
0.265,sat,21.465734481811523
0.133,sat,21.9051513671875
0.131,sat,31.046165227890015
0.065,sat,560.8483684062958
0.063,sat,853.4511153697968
0.029,unsat,3070.569434404373
0.031,timeout,3600
0.045,unsat,3395.827999353409
0.047,timeout,3600
0.055,sat,909.4340169429779
0.053000000000000005,sat,1504.4924535751343
0.051000000000000004,sat,2845.2522008419037
0.049,timeout,3600
