epsilon,result,runtime
0.265,sat,25.541229724884033
0.133,sat,25.525739192962646
0.131,sat,25.78095269203186
0.063,unsat,3303.221383333206
0.065,unsat,3375.4011261463165
0.097,unsat,2998.485062122345
0.099,unsat,3365.5226790905
0.115,sat,638.6915507316589
0.113,sat,429.2535717487335
0.10500000000000001,sat,431.6562087535858
0.107,cancelled,247.89484095573425
0.10300000000000001,sat,503.51802349090576
0.101,unsat,2869.5667192935944
