epsilon,result,runtime
0.265,sat,18.951619625091553
0.133,sat,257.35689973831177
0.131,sat,298.6573371887207
0.063,unsat,2652.161954641342
0.065,timeout,3600
0.097,unsat,2681.694461584091
0.099,unsat,2630.148163795471
0.115,unsat,3119.794025182724
0.113,cancelled,2350.185602903366
0.121,sat,478.6678647994995
0.125,cancelled,495.0835077762604
0.117,sat,391.8842010498047
0.11900000000000001,cancelled,404.67307138442993
