epsilon,result,runtime
0.265,sat,20.29062008857727
0.133,sat,22.219449281692505
0.131,sat,20.019856929779053
0.065,sat,1060.8073422908783
0.063,sat,1340.6562271118164
0.031,timeout,3600
0.029,timeout,3600
0.027000000000000003,unsat,2624.0568339824677
0.033,unsat,3188.832661628723
0.047,unsat,3306.175035715103
0.049,timeout,3600
0.055,unsat,3233.8785560131073
0.057,timeout,3600
0.059000000000000004,sat,1465.4693603515625
0.061,cancelled,651.8124933242798
