epsilon,result,runtime
0.265,sat,27.068997621536255
0.131,sat,110.47406053543091
0.133,cancelled,182.64006567001343
0.043000000000000003,timeout,3600
0.085,timeout,3600
0.065,unsat,3090.1440200805664
0.063,cancelled,3110.5970509052277
0.109,sat,280.0505166053772
0.089,unsat,2911.530957221985
0.08700000000000001,cancelled,2631.9979116916656
0.095,unsat,3155.6497139930725
0.101,unsat,3385.2903974056244
0.10500000000000001,sat,470.7099509239197
0.10300000000000001,sat,2982.4977514743805
