epsilon,result,runtime
0.265,sat,27.869791984558105
0.133,sat,28.74858593940735
0.131,sat,28.543330430984497
0.065,sat,93.91135025024414
0.063,sat,233.08515334129333
0.031,timeout,3600
0.029,timeout,3600
0.027000000000000003,unsat,3246.0871896743774
0.033,timeout,3600
0.047,sat,1142.8053712844849
0.049,cancelled,1035.2991540431976
0.041,unsat,3218.5378878116608
0.037000000000000005,cancelled,3234.0632829666138
0.045,sat,1408.4391341209412
0.043000000000000003,unsat,3296.5355365276337
