epsilon,result,runtime
0.133,sat,27.458836555480957
0.265,cancelled,44.50642514228821
0.08700000000000001,sat,320.34292340278625
0.043000000000000003,timeout,3600
0.041,timeout,3600
0.045,unsat,3385.94944691658
0.039,cancelled,3081.9465610980988
0.07100000000000001,unsat,2962.8555796146393
0.059000000000000004,cancelled,2980.2441079616547
0.081,unsat,3045.6427080631256
0.077,cancelled,3061.8745391368866
0.085,sat,307.32701563835144
0.083,sat,435.0655324459076
