epsilon,result,runtime
0.265,sat,22.806464910507202
0.133,sat,26.454360008239746
0.131,sat,20.28593921661377
0.065,sat,517.6758749485016
0.063,sat,568.988358259201
0.029,unsat,3038.7080342769623
0.031,unsat,3465.5064096450806
0.047,unsat,3430.0018017292023
0.045,cancelled,3102.2807545661926
0.057,sat,721.872948884964
0.053000000000000005,sat,1046.0863161087036
0.051000000000000004,sat,974.0699732303619
0.049,sat,1135.6987915039062
