epsilon,result,runtime
0.265,sat,17.542344570159912
0.133,sat,18.467109203338623
0.131,sat,31.13526439666748
0.065,timeout,3600
0.063,timeout,3600
0.061,unsat,2895.3138053417206
0.067,unsat,3018.8492181301117
0.099,sat,84.48389410972595
0.097,sat,569.7041702270508
0.083,sat,522.5701351165771
0.081,sat,1323.1325705051422
0.075,sat,1460.7234592437744
0.07300000000000001,unsat,2894.1170744895935
0.069,cancelled,1203.4385244846344
