epsilon,result,runtime
0.265,sat,28.052210807800293
0.133,sat,39.088462114334106
0.131,sat,40.378607511520386
0.065,unsat,2726.9234898090363
0.063,cancelled,2699.613744020462
0.08700000000000001,sat,472.1431796550751
0.107,cancelled,488.40801668167114
0.07300000000000001,unsat,2930.75532245636
0.079,unsat,3387.661592721939
0.081,timeout,3600
0.083,timeout,3600
0.085,sat,2818.733347415924
