epsilon,result,runtime
0.265,sat,27.274130821228027
0.133,sat,37.566277503967285
0.131,sat,41.0305860042572
0.065,unsat,3148.7049372196198
0.063,cancelled,3111.2334339618683
0.107,unsat,2964.8305592536926
0.08700000000000001,cancelled,2984.1655855178833
0.121,sat,59.877763509750366
0.115,sat,387.8071904182434
0.113,sat,555.071564912796
0.109,sat,532.8156452178955
0.111,cancelled,299.76453042030334
