epsilon,result,runtime
0.265,sat,29.235397577285767
0.133,sat,38.8607714176178
0.131,sat,42.110111236572266
0.065,unsat,3228.255486726761
0.063,cancelled,3194.7230081558228
0.107,sat,480.8581311702728
0.08700000000000001,timeout,3600
0.085,timeout,3600
0.083,unsat,2963.164946079254
0.089,timeout,3600
0.097,timeout,3600
0.099,unsat,2901.5257148742676
0.095,cancelled,437.73300552368164
0.10300000000000001,sat,656.4652919769287
0.101,sat,3026.8206028938293
