epsilon,result,runtime
0.265,sat,14.300328731536865
0.133,sat,18.494421005249023
0.131,sat,22.597623348236084
0.063,unsat,3282.1008863449097
0.065,timeout,3600
0.097,sat,358.6952393054962
0.099,cancelled,103.45351362228394
0.075,unsat,3232.8967819213867
0.085,timeout,3600
0.08700000000000001,unsat,3462.9149792194366
0.083,cancelled,3136.926638364792
0.091,unsat,3527.2665865421295
0.093,unsat,3567.777878522873
0.095,sat,363.3749554157257
