epsilon,result,runtime
0.133,sat,29.611194133758545
0.265,cancelled,51.82555532455444
0.08700000000000001,sat,30.12342357635498
0.043000000000000003,unsat,3470.2780153751373
0.041,cancelled,3440.093225002289
0.07100000000000001,sat,204.5895655155182
0.057,sat,430.22240567207336
0.055,sat,475.9231116771698
0.047,sat,1377.3541164398193
0.049,cancelled,1665.3560314178467
0.045,sat,1245.9382193088531
