epsilon,result,runtime
0.265,sat,22.933783054351807
0.133,sat,81.61265635490417
0.131,sat,167.30464386940002
0.063,unsat,2457.875427722931
0.065,timeout,3600
0.097,timeout,3600
0.099,unsat,3373.145643234253
0.095,cancelled,781.2366178035736
0.11900000000000001,sat,645.9850687980652
0.109,timeout,3600
0.107,timeout,3600
0.111,unsat,3009.7039501667023
0.10500000000000001,cancelled,2375.2705748081207
0.115,timeout,3600
0.113,timeout,3600
0.117,sat,876.8795788288116
