epsilon,result,runtime
0.265,sat,20.63710856437683
0.133,sat,23.01986598968506
0.131,sat,17.914029359817505
0.065,sat,347.4733543395996
0.063,sat,396.86957478523254
0.029,unsat,2849.4079377651215
0.031,timeout,3600
0.047,timeout,3600
0.045,unsat,3279.904627799988
0.055,sat,1150.3917062282562
0.049,sat,1711.6697716712952
0.051000000000000004,cancelled,209.43231964111328
