epsilon,result,runtime
0.265,sat,23.09669542312622
0.133,timeout,3600
0.131,timeout,3600
0.135,unsat,2938.0622305870056
0.129,cancelled,2989.937280893326
0.221,sat,75.20873498916626
0.179,sat,460.9619255065918
0.177,sat,463.03849744796753
0.157,unsat,2859.324269771576
0.155,cancelled,2965.9452862739563
0.169,sat,2051.389416217804
0.163,timeout,3600
0.161,unsat,3210.0128519535065
0.167,sat,1419.3884539604187
0.165,timeout,3600
