epsilon,result,runtime
0.265,sat,26.09359049797058
0.131,sat,529.4334797859192
0.133,cancelled,588.1536200046539
0.043000000000000003,unsat,2503.639121055603
0.085,timeout,3600
0.08700000000000001,unsat,3355.418351173401
0.089,timeout,3600
0.109,unsat,3144.651381969452
0.121,sat,385.0804133415222
0.115,sat,441.1157183647156
0.111,sat,2811.6385872364044
0.113,cancelled,123.603018283844
