epsilon,result,runtime
0.265,sat,18.83564782142639
0.133,sat,38.88048553466797
0.131,sat,57.28273057937622
0.065,unsat,3412.6685495376587
0.063,cancelled,3380.0425786972046
0.107,sat,406.16145730018616
0.08700000000000001,timeout,3600
0.085,unsat,3257.4631061553955
0.083,cancelled,96.57267189025879
0.093,unsat,2981.1378848552704
0.099,unsat,3184.0547177791595
0.10300000000000001,sat,382.07336592674255
0.101,sat,799.8221044540405
