epsilon,result,runtime
0.265,sat,21.188929080963135
0.133,sat,25.795950651168823
0.131,sat,16.668213844299316
0.065,sat,68.17755389213562
0.063,sat,91.26666212081909
0.031,unsat,2882.5473001003265
0.029,cancelled,2849.2180812358856
0.051000000000000004,sat,1005.7066633701324
0.041,unsat,3389.160771369934
0.039,cancelled,2384.178315639496
0.047,unsat,3506.0688574314117
0.045,cancelled,3535.8490374088287
0.049,sat,1172.1706116199493
