epsilon,result,runtime
0.133,sat,19.44433093070984
0.265,cancelled,41.77641296386719
0.08700000000000001,unsat,3089.669392347336
0.043000000000000003,cancelled,3099.131535768509
0.117,sat,34.18857431411743
0.101,sat,583.0638816356659
0.10300000000000001,cancelled,649.3858761787415
0.095,sat,2013.6784965991974
0.091,timeout,3600
0.089,timeout,3600
0.093,unsat,3209.4354844093323
