epsilon,result,runtime
0.265,sat,22.084081172943115
0.133,sat,27.16811466217041
0.131,sat,24.425557136535645
0.065,sat,32.20668649673462
0.063,sat,34.51017427444458
0.031,unsat,2988.799512863159
0.029,cancelled,2980.465386867523
0.051000000000000004,sat,705.1950623989105
0.041,unsat,3327.274451971054
0.039,cancelled,2622.3900351524353
0.047,sat,664.2966139316559
0.045,sat,844.0113844871521
0.043000000000000003,timeout,3600
