epsilon,result,runtime
0.133,sat,17.263577461242676
0.265,cancelled,32.37032508850098
0.08700000000000001,sat,26.041157484054565
0.043000000000000003,sat,146.10974264144897
0.041,sat,208.579519033432
0.019000000000000003,timeout,3600
0.021,timeout,3600
0.023,unsat,3107.4537992477417
0.017,cancelled,3237.276169538498
0.033,sat,685.5749471187592
0.029,unsat,3034.69806265831
0.027000000000000003,cancelled,2348.6079907417297
0.031,timeout,3600
