epsilon,result,runtime
0.133,sat,18.19791269302368
0.265,cancelled,27.516793251037598
0.08700000000000001,sat,26.2586407661438
0.043000000000000003,sat,26.735269784927368
0.041,sat,32.611995458602905
0.019000000000000003,timeout,3600
0.021,timeout,3600
0.023,sat,186.29397082328796
0.007,unsat,18.147942304611206
0.017,timeout,3600
0.011,unsat,3361.6896471977234
0.013000000000000001,unsat,3399.003715991974
0.015,timeout,3600
