epsilon,result,runtime
0.265,sat,18.68831515312195
0.133,unsat,3281.0473721027374
0.131,cancelled,3262.9043312072754
0.219,sat,18.213950634002686
0.177,sat,313.28667879104614
0.17500000000000002,sat,304.5350112915039
0.153,sat,339.6105406284332
0.155,cancelled,342.10408639907837
0.14500000000000002,sat,389.3843276500702
0.139,timeout,3600
0.137,timeout,3600
0.14100000000000001,timeout,3600
0.135,unsat,3252.990492105484
0.14300000000000002,sat,399.25252056121826
