epsilon,result,runtime
0.133,sat,20.458763360977173
0.265,cancelled,31.91606879234314
0.08700000000000001,sat,26.6712908744812
0.043000000000000003,unsat,3237.9943120479584
0.041,cancelled,3211.8706793785095
0.07100000000000001,sat,155.2238473892212
0.057,sat,888.098938703537
0.055,sat,1223.8920829296112
0.049,timeout,3600
0.047,unsat,3170.6775691509247
0.053000000000000005,sat,1332.5628094673157
0.051000000000000004,sat,2051.5612761974335
