epsilon,result,runtime
0.133,sat,21.316386699676514
0.265,cancelled,37.100467681884766
0.08700000000000001,sat,94.9289448261261
0.041,unsat,3408.791311979294
0.043000000000000003,unsat,3522.725907564163
0.065,sat,1019.9204540252686
0.063,sat,1076.478886127472
0.053000000000000005,unsat,3520.9929354190826
0.051000000000000004,cancelled,3477.8555915355682
0.059000000000000004,unsat,3457.079306602478
0.057,cancelled,3474.9754474163055
0.061,sat,2449.121096134186
