epsilon,result,runtime
0.265,sat,29.531139612197876
0.133,sat,29.63032078742981
0.131,sat,26.036203384399414
0.065,unsat,3404.126312017441
0.063,cancelled,3378.1813888549805
0.107,sat,499.802521944046
0.08700000000000001,unsat,3068.5091013908386
0.085,cancelled,2569.0593960285187
0.099,sat,412.6697199344635
0.093,sat,686.6091046333313
0.091,sat,378.81044459342957
0.089,sat,1895.889404296875
