epsilon,result,runtime
0.133,sat,17.51891255378723
0.265,cancelled,36.287765979766846
0.08700000000000001,sat,411.92080450057983
0.043000000000000003,timeout,3600
0.041,timeout,3600
0.045,timeout,3600
0.039,unsat,3302.0577833652496
0.067,sat,1375.587000131607
0.047,timeout,3600
0.057,timeout,3600
0.055,timeout,3600
0.059000000000000004,timeout,3600
0.053000000000000005,unsat,3078.2475051879883
0.061,timeout,3600
0.063,timeout,3600
0.065,unsat,3290.7375202178955
