epsilon,result,runtime
0.265,sat,19.471800088882446
0.133,sat,21.596930265426636
0.065,sat,24.705233573913574
0.131,cancelled,31.97147488594055
0.041,sat,24.671531200408936
0.019000000000000003,sat,95.15158891677856
0.021,cancelled,142.8286063671112
0.005,unsat,17.27737259864807
0.013000000000000001,unsat,3199.562628507614
0.011,cancelled,3238.863692998886
0.017,sat,96.53802561759949
0.015,timeout,3600
