epsilon,result,runtime
0.265,sat,23.80417037010193
0.133,sat,42.34923601150513
0.131,sat,38.52446150779724
0.063,sat,1820.5267226696014
0.065,cancelled,1897.3674812316895
0.041,unsat,3285.11993265152
0.021,cancelled,3301.9249925613403
0.055,unsat,3243.9964101314545
0.049,cancelled,3263.557566165924
0.059000000000000004,unsat,3240.795092821121
0.057,cancelled,3263.733299255371
0.061,sat,2046.4733583927155
