epsilon,result,runtime
0.265,sat,18.521979808807373
0.133,sat,68.43767023086548
0.131,sat,129.94222331047058
0.065,unsat,2857.9023768901825
0.063,cancelled,2784.4209818840027
0.107,timeout,3600
0.08700000000000001,timeout,3600
0.109,unsat,2560.898280620575
0.085,cancelled,2581.3097734451294
0.123,sat,691.3582525253296
0.117,sat,700.1753461360931
0.115,sat,1614.9928970336914
0.111,unsat,2604.4946599006653
0.113,timeout,3600
