epsilon,result,runtime
0.265,sat,18.811686038970947
0.133,sat,26.418256044387817
0.131,sat,27.202597618103027
0.065,unsat,2991.874580144882
0.063,cancelled,2972.0597400665283
0.107,sat,90.64234018325806
0.08700000000000001,timeout,3600
0.085,timeout,3600
0.089,sat,1928.23983335495
0.083,unsat,3392.419320821762
0.07300000000000001,cancelled,1365.410237312317
