epsilon,result,runtime
0.265,sat,36.75948905944824
0.133,unsat,2810.7305126190186
0.131,cancelled,2774.1887698173523
0.219,sat,40.74349498748779
0.177,sat,654.7195689678192
0.17500000000000002,sat,626.8488161563873
0.155,sat,2176.2007179260254
0.153,sat,2967.2641944885254
0.14300000000000002,unsat,2857.816905736923
0.14100000000000001,cancelled,2110.621908426285
0.147,unsat,2896.512536048889
0.149,unsat,3073.9594464302063
0.151,sat,2222.4655005931854
