epsilon,result,runtime
0.265,sat,26.97446894645691
0.133,sat,27.633414030075073
0.131,sat,25.823354244232178
0.065,unsat,2690.621976852417
0.063,cancelled,2665.439617872238
0.107,sat,330.2246398925781
0.08700000000000001,unsat,3258.4155037403107
0.085,cancelled,2927.9327054023743
0.099,sat,222.04685068130493
0.091,unsat,2983.3672354221344
0.093,unsat,3367.584275007248
0.097,sat,248.38793969154358
0.095,timeout,3600
