epsilon,result,runtime
0.133,sat,15.661210536956787
0.265,cancelled,34.2636456489563
0.08700000000000001,sat,522.3561353683472
0.043000000000000003,timeout,3600
0.041,timeout,3600
0.045,unsat,2745.171900510788
0.039,cancelled,2228.5900554656982
0.07100000000000001,sat,493.4022054672241
0.059000000000000004,timeout,3600
0.057,timeout,3600
0.055,unsat,3532.409456014633
0.061,unsat,3360.825307369232
0.065,sat,1703.1096470355988
0.067,cancelled,1394.9462897777557
0.063,timeout,3600
