epsilon,result,runtime
0.265,sat,26.30926012992859
0.133,sat,37.18898415565491
0.131,sat,43.78529739379883
0.063,unsat,2959.8992614746094
0.065,unsat,3064.3838419914246
0.097,sat,448.313241481781
0.099,cancelled,424.7845723628998
0.075,unsat,3082.559010028839
0.08700000000000001,sat,388.3333716392517
0.085,unsat,3513.6170902252197
0.079,cancelled,15.968761682510376
