epsilon,result,runtime
0.265,sat,29.893762826919556
0.133,sat,30.24529719352722
0.131,sat,29.148410081863403
0.065,unsat,3084.438388824463
0.063,cancelled,3055.2372663021088
0.107,sat,44.22701025009155
0.085,sat,722.4066066741943
0.08700000000000001,cancelled,808.5624151229858
0.07100000000000001,sat,557.5093681812286
0.077,cancelled,574.6210179328918
0.069,sat,1391.322134256363
0.067,sat,2158.889648914337
