epsilon,result,runtime
0.265,sat,19.796705961227417
0.131,sat,267.83199882507324
0.133,cancelled,316.87600564956665
0.043000000000000003,unsat,3378.9720561504364
0.085,timeout,3600
0.089,unsat,2722.3945455551147
0.08700000000000001,cancelled,2951.5344336032867
0.115,unsat,3399.3001794815063
0.10300000000000001,cancelled,3414.7518544197083
0.125,sat,517.3792586326599
0.121,unsat,3001.489771604538
0.11900000000000001,cancelled,2483.347369670868
0.123,sat,701.3483173847198
