epsilon,result,runtime
0.265,sat,32.325117111206055
0.133,sat,32.09412455558777
0.131,sat,41.91845750808716
0.063,unsat,2893.062260866165
0.065,timeout,3600
0.097,timeout,3600
0.099,timeout,3600
0.101,sat,926.8857665061951
0.095,unsat,3353.335866212845
0.079,cancelled,1826.434825181961
