epsilon,result,runtime
0.265,sat,19.114538431167603
0.133,sat,19.24817132949829
0.131,sat,20.21273446083069
0.065,sat,98.78292775154114
0.063,sat,137.44852924346924
0.031,unsat,2868.1459918022156
0.029,cancelled,2794.450790643692
0.051000000000000004,timeout,3600
0.041,timeout,3600
0.047,unsat,3254.1531739234924
0.045,cancelled,3276.912879228592
0.057,sat,656.105117559433
0.053000000000000005,sat,1556.2297637462616
0.049,timeout,3600
