epsilon,result,runtime
0.265,sat,24.9904682636261
0.133,sat,35.4839973449707
0.131,sat,36.85660099983215
0.063,unsat,3496.242523908615
0.065,timeout,3600
0.097,sat,360.77438974380493
0.099,cancelled,327.9513051509857
0.085,sat,529.5210909843445
0.075,sat,3013.1284322738647
0.07300000000000001,timeout,3600
0.069,timeout,3600
0.067,timeout,3600
0.07100000000000001,unsat,3421.10111451149
