epsilon,result,runtime
0.265,sat,16.57917332649231
0.133,sat,19.66942524909973
0.131,sat,20.14914870262146
0.063,unsat,3267.806700706482
0.065,timeout,3600
0.097,unsat,3407.7934238910675
0.115,sat,320.8903822898865
0.099,timeout,3600
0.107,sat,582.6900043487549
0.10500000000000001,timeout,3600
0.101,timeout,3600
0.10300000000000001,timeout,3600
