epsilon,result,runtime
0.265,sat,23.888824462890625
0.133,sat,23.90893030166626
0.131,sat,22.96029305458069
0.063,unsat,3285.8392477035522
0.065,timeout,3600
0.097,sat,724.011554479599
0.099,cancelled,473.33922600746155
0.085,sat,623.1507849693298
0.075,timeout,3600
0.07300000000000001,timeout,3600
0.077,unsat,3552.9404788017273
0.07100000000000001,cancelled,2922.1428365707397
0.079,unsat,3350.490463256836
0.081,unsat,3499.2583158016205
0.083,sat,2348.511070728302
