epsilon,result,runtime
0.133,sat,19.92844009399414
0.265,cancelled,36.449851274490356
0.08700000000000001,timeout,3600
0.043000000000000003,timeout,3600
0.065,unsat,2958.7597386837006
0.101,sat,347.69411158561707
0.067,timeout,3600
0.083,unsat,2808.1424577236176
0.081,cancelled,2576.582870721817
0.095,sat,2632.442195415497
0.091,timeout,3600
0.089,unsat,3119.4140858650208
0.085,cancelled,2194.6067719459534
0.093,unsat,3172.5346801280975
