epsilon,result,runtime
0.265,sat,25.20143151283264
0.133,sat,26.112791061401367
0.131,sat,28.45816159248352
0.063,unsat,3468.674873113632
0.065,timeout,3600
0.099,sat,482.5589759349823
0.097,sat,628.6332325935364
0.081,sat,645.1755096912384
0.079,sat,1846.9934585094452
0.07100000000000001,unsat,3349.0984177589417
0.07300000000000001,timeout,3600
0.075,timeout,3600
0.077,unsat,3533.853242635727
