epsilon,result,runtime
0.265,sat,26.872292280197144
0.133,sat,25.818286180496216
0.131,sat,25.28858184814453
0.065,sat,1049.2876267433167
0.063,sat,1508.1412856578827
0.031,unsat,3158.0591473579407
0.029,cancelled,2669.389584302902
0.051000000000000004,timeout,3600
0.041,timeout,3600
0.045,unsat,3124.9752435684204
0.047,unsat,3284.8973774909973
0.057,sat,415.76935052871704
0.055,sat,2460.542601108551
0.049,unsat,3016.1262018680573
0.053000000000000005,timeout,3600
