epsilon,result,runtime
0.265,sat,21.99367094039917
0.133,sat,27.2398042678833
0.131,sat,27.230890035629272
0.065,sat,28.02474570274353
0.063,sat,24.8557345867157
0.031,sat,34.22044134140015
0.029,sat,34.18221640586853
0.013000000000000001,unsat,3145.2998707294464
0.021,sat,30.798346996307373
0.017,sat,66.92668747901917
0.015,timeout,3600
