epsilon,result,runtime
0.265,sat,20.291053771972656
0.133,sat,51.45783615112305
0.131,sat,51.74874925613403
0.065,unsat,2649.8745527267456
0.063,cancelled,2631.4472098350525
0.107,sat,487.74398589134216
0.085,unsat,2908.4067022800446
0.08700000000000001,unsat,3533.417643547058
0.097,unsat,2828.39190864563
0.095,cancelled,2724.4663894176483
0.101,unsat,3269.2079577445984
0.10300000000000001,timeout,3600
0.10500000000000001,timeout,3600
