epsilon,result,runtime
0.265,sat,25.298956394195557
0.133,sat,26.3566312789917
0.131,sat,27.72123670578003
0.065,unsat,3035.8882398605347
0.063,cancelled,3008.802654027939
0.107,sat,951.1495261192322
0.08700000000000001,timeout,3600
0.085,timeout,3600
0.083,timeout,3600
0.089,timeout,3600
0.081,unsat,3532.104073047638
0.091,timeout,3600
0.099,timeout,3600
0.097,unsat,3503.7414603233337
0.10300000000000001,sat,733.1654381752014
0.101,timeout,3600
