epsilon,result,runtime
0.133,sat,23.954699754714966
0.265,cancelled,48.1066632270813
0.08700000000000001,sat,24.11455750465393
0.043000000000000003,sat,42.10818672180176
0.041,sat,58.67414617538452
0.019000000000000003,timeout,3600
0.021,timeout,3600
0.017,timeout,3600
0.023,timeout,3600
0.025,sat,180.47438168525696
0.007,unsat,19.516926288604736
0.015,unsat,3048.9219341278076
0.011,cancelled,2762.955693244934
