epsilon,result,runtime
0.265,sat,20.77167510986328
0.133,sat,21.150481700897217
0.131,sat,25.495281219482422
0.065,unsat,3369.7819588184357
0.063,cancelled,3345.3417921066284
0.107,sat,388.3443920612335
0.08700000000000001,sat,543.3819241523743
0.085,timeout,3600
0.075,unsat,3459.6839849948883
0.07300000000000001,cancelled,28.103694200515747
0.081,timeout,3600
0.079,timeout,3600
0.077,timeout,3600
0.083,timeout,3600
