epsilon,result,runtime
0.265,sat,19.222846746444702
0.133,sat,19.70767307281494
0.131,sat,22.263254165649414
0.063,unsat,3128.2929034233093
0.065,unsat,3289.328216314316
0.097,sat,536.6777942180634
0.099,cancelled,419.84267354011536
0.085,unsat,3091.2028040885925
0.075,cancelled,3107.308877468109
0.091,unsat,3341.8535056114197
0.089,cancelled,3353.0800297260284
0.093,timeout,3600
0.095,timeout,3600
