epsilon,result,runtime
0.265,sat,26.302088975906372
0.133,sat,626.4837362766266
0.131,sat,698.3098056316376
0.065,unsat,2810.44535446167
0.063,cancelled,2719.641977787018
0.08700000000000001,unsat,2797.1465106010437
0.107,unsat,3540.3109273910522
0.109,unsat,2769.5168199539185
0.11900000000000001,unsat,2839.6129167079926
0.125,sat,1077.6031980514526
0.121,timeout,3600
0.123,timeout,3600
