epsilon,result,runtime
0.265,sat,22.620577335357666
0.133,sat,23.183653831481934
0.131,sat,26.74168825149536
0.065,sat,34.606205463409424
0.063,sat,43.28931379318237
0.031,timeout,3600
0.029,timeout,3600
0.033,unsat,3224.288848876953
0.027000000000000003,cancelled,3190.773335456848
0.051000000000000004,sat,291.1937370300293
0.043000000000000003,sat,1300.6518762111664
0.041,timeout,3600
0.037000000000000005,timeout,3600
0.035,unsat,3102.932585000992
0.039,timeout,3600
