epsilon,result,runtime
0.265,sat,20.70016574859619
0.131,unsat,2895.740038871765
0.199,sat,26.32285761833191
0.165,sat,28.582878351211548
0.133,unsat,3047.2673485279083
0.147,sat,532.9589490890503
0.149,cancelled,565.1836366653442
0.14100000000000001,sat,563.4870431423187
0.137,sat,713.5150542259216
0.135,sat,771.0971705913544
