epsilon,result,runtime
0.265,sat,20.645928621292114
0.133,sat,23.50395631790161
0.131,sat,18.82503628730774
0.065,sat,22.50437617301941
0.063,sat,22.97770667076111
0.031,sat,21.68919801712036
0.029,sat,21.09488034248352
0.013000000000000001,sat,23.50434160232544
0.015,cancelled,5.939793348312378
0.003,unsat,20.10034966468811
0.009000000000000001,sat,20.21888828277588
0.005,unsat,116.84177017211914
0.007,unsat,3539.126552581787
