epsilon,result,runtime
0.265,sat,30.032458066940308
0.133,sat,42.87214469909668
0.131,sat,37.06708574295044
0.065,unsat,3087.4492144584656
0.063,cancelled,3054.518165588379
0.107,timeout,3600
0.08700000000000001,timeout,3600
0.099,unsat,2996.881468772888
0.097,cancelled,3009.0779650211334
0.11900000000000001,sat,733.8637890815735
0.111,timeout,3600
0.109,timeout,3600
0.113,sat,1123.6536257266998
0.10500000000000001,timeout,3600
0.101,unsat,3128.7189559936523
0.10300000000000001,timeout,3600
