epsilon,result,runtime
0.133,sat,22.94598698616028
0.265,cancelled,37.64081263542175
0.08700000000000001,sat,36.87785601615906
0.041,unsat,3145.8592162132263
0.043000000000000003,unsat,3243.908028125763
0.065,unsat,3309.835279941559
0.063,cancelled,3305.506751537323
0.079,sat,103.71257495880127
0.07300000000000001,sat,408.57760548591614
0.07100000000000001,sat,395.6557033061981
0.069,sat,405.3685178756714
0.067,sat,1906.400311946869
