epsilon,result,runtime
0.265,sat,21.985432863235474
0.133,sat,69.51532125473022
0.131,sat,68.70145034790039
0.063,unsat,2909.7711148262024
0.065,unsat,2968.027235031128
0.099,unsat,3315.4618232250214
0.097,cancelled,3341.2965834140778
0.11900000000000001,sat,749.2311663627625
0.109,unsat,3429.8944034576416
0.107,cancelled,2681.111757040024
0.115,timeout,3600
0.113,timeout,3600
0.117,sat,661.4076151847839
0.111,unsat,3359.7949504852295
