epsilon,result,runtime
0.265,sat,26.938107013702393
0.133,sat,27.31747603416443
0.131,sat,19.33078670501709
0.065,sat,678.2012410163879
0.063,sat,872.7123398780823
0.029,unsat,3015.0329310894012
0.031,timeout,3600
0.045,unsat,3213.2646992206573
0.047,timeout,3600
0.053000000000000005,sat,822.4506921768188
0.055,cancelled,865.7288634777069
0.051000000000000004,timeout,3600
0.049,timeout,3600
