epsilon,result,runtime
0.265,sat,19.815558433532715
0.133,sat,20.66987681388855
0.065,sat,18.965914249420166
0.131,cancelled,32.71767783164978
0.041,sat,18.27724313735962
0.021,sat,27.673617362976074
0.019000000000000003,sat,60.22076869010925
0.007,unsat,18.63382649421692
0.009000000000000001,unsat,3314.0883440971375
0.013000000000000001,unsat,3487.4004743099213
0.017,unsat,3243.036723136902
0.015,cancelled,3538.1513781547546
