epsilon,result,runtime
0.265,sat,22.783607006072998
0.133,sat,22.823988437652588
0.131,sat,27.70539689064026
0.065,sat,27.992968559265137
0.063,sat,27.51357340812683
0.031,sat,323.4264211654663
0.029,sat,1738.9086019992828
0.013000000000000001,timeout,3600
0.015,unsat,3391.9144065380096
0.011,cancelled,1273.4071111679077
0.019000000000000003,unsat,3024.110409259796
0.023,timeout,3600
0.025,timeout,3600
0.021,timeout,3600
0.027000000000000003,unsat,3406.5763700008392
