epsilon,result,runtime
0.265,sat,15.096048593521118
0.131,sat,447.2813792228699
0.133,cancelled,490.559695482254
0.085,unsat,3440.5621037483215
0.043000000000000003,cancelled,3457.1223363876343
0.101,unsat,2824.6318702697754
0.115,sat,3004.084733724594
0.117,cancelled,178.7570571899414
0.10500000000000001,timeout,3600
0.109,timeout,3600
0.107,unsat,3219.0176260471344
0.111,unsat,3264.7169482707977
0.113,sat,1108.668312072754
