epsilon,result,runtime
0.265,sat,17.471056699752808
0.133,sat,19.14813995361328
0.131,sat,14.850908041000366
0.065,sat,19.136566400527954
0.063,sat,20.21619701385498
0.031,sat,20.342082262039185
0.013000000000000001,sat,17.550958395004272
0.029,cancelled,31.827967882156372
0.003,unsat,18.98593282699585
0.007,sat,22.432212352752686
0.009000000000000001,cancelled,3.384779214859009
0.005,unsat,3434.080656528473
