epsilon,result,runtime
0.133,sat,25.94815444946289
0.265,cancelled,37.747559547424316
0.08700000000000001,sat,26.780076503753662
0.043000000000000003,timeout,3600
0.041,timeout,3600
0.045,sat,1307.6138327121735
0.039,unsat,3331.4633634090424
0.019000000000000003,cancelled,2078.4575526714325
