epsilon,result,runtime
0.133,sat,17.615356922149658
0.265,cancelled,31.591468811035156
0.08700000000000001,unsat,3332.617789030075
0.043000000000000003,cancelled,3344.459990501404
0.117,sat,109.39798879623413
0.101,unsat,3082.711724758148
0.10300000000000001,unsat,3354.816606760025
0.109,sat,504.15928077697754
0.111,cancelled,402.8435318470001
0.107,sat,747.5198328495026
0.10500000000000001,unsat,3011.5662293434143
