epsilon,result,runtime
0.133,sat,28.644242763519287
0.265,cancelled,42.606213092803955
0.08700000000000001,sat,27.027007341384888
0.041,unsat,3546.5359075069427
0.043000000000000003,timeout,3600
0.065,sat,95.74024295806885
0.063,sat,113.42840576171875
0.053000000000000005,sat,348.00454902648926
0.051000000000000004,sat,379.18670201301575
0.047,sat,601.7089791297913
0.045,sat,1148.247482061386
