epsilon,result,runtime
0.265,sat,29.30246615409851
0.133,sat,1335.8508939743042
0.131,unsat,3257.003395795822
0.065,cancelled,1967.0568170547485
