epsilon,result,runtime
0.133,sat,26.28412938117981
0.265,cancelled,35.62512278556824
0.08700000000000001,unsat,3255.991426229477
0.043000000000000003,cancelled,3268.6628465652466
0.117,sat,24.393469095230103
0.10300000000000001,sat,30.013580322265625
0.101,sat,35.925530433654785
0.095,sat,288.87668919563293
0.093,sat,735.719743013382
0.089,sat,635.6283118724823
0.091,cancelled,267.48336815834045
