epsilon,result,runtime
0.133,sat,15.862455368041992
0.265,cancelled,30.15186357498169
0.08700000000000001,sat,30.656288862228394
0.043000000000000003,unsat,3300.2995824813843
0.041,cancelled,3269.9909086227417
0.07100000000000001,sat,55.80172300338745
0.055,sat,604.5749938488007
0.057,cancelled,693.6283273696899
0.049,sat,1535.0998980998993
0.047,timeout,3600
0.045,timeout,3600
