epsilon,result,runtime
0.133,sat,26.931174993515015
0.265,cancelled,44.322964668273926
0.08700000000000001,sat,24.95749306678772
0.043000000000000003,sat,141.94828414916992
0.041,sat,192.1959080696106
0.019000000000000003,unsat,3424.6550810337067
0.021,timeout,3600
0.031,sat,997.9182977676392
0.029,unsat,3322.1548597812653
0.025,cancelled,2560.5853395462036
