epsilon,result,runtime
0.265,sat,24.077942848205566
0.133,sat,25.985280513763428
0.131,sat,29.949222087860107
0.065,timeout,3600
0.063,timeout,3600
0.067,unsat,3392.805248737335
0.061,cancelled,3383.3293793201447
0.109,sat,436.3086004257202
0.089,unsat,3091.584160089493
0.08700000000000001,cancelled,2655.514407157898
0.101,sat,517.5686149597168
0.095,unsat,3248.2401509284973
0.093,cancelled,2730.8447647094727
0.099,sat,475.1266713142395
0.097,sat,2577.2930138111115
