epsilon,result,runtime
0.265,sat,25.889925003051758
0.133,sat,30.196728706359863
0.131,sat,28.245542526245117
0.065,sat,106.3875572681427
0.063,sat,136.87082290649414
0.029,unsat,3316.030936717987
0.031,timeout,3600
0.047,sat,412.7426633834839
0.045,sat,443.91031861305237
0.039,sat,2679.087032556534
0.037000000000000005,timeout,3600
0.033,timeout,3600
0.035,unsat,3285.0825378894806
