epsilon,result,runtime
0.133,sat,23.902435541152954
0.265,cancelled,50.33690094947815
0.08700000000000001,sat,25.210920810699463
0.043000000000000003,sat,25.72120761871338
0.041,sat,26.504821062088013
0.019000000000000003,sat,29.295026302337646
0.021,cancelled,3.0426273345947266
0.011,sat,24.811105251312256
0.003,unsat,24.81434965133667
0.005,unsat,1086.0307188034058
0.009000000000000001,sat,28.662986278533936
0.007,timeout,3600
