epsilon,result,runtime
0.265,sat,32.576589822769165
0.133,sat,33.562309980392456
0.131,sat,36.363908529281616
0.063,unsat,3450.5981211662292
0.097,sat,33.99459648132324
0.065,timeout,3600
0.081,sat,100.84868693351746
0.079,sat,127.37589955329895
0.07300000000000001,sat,801.6326098442078
0.07100000000000001,sat,2405.920389890671
0.067,timeout,3600
0.069,unsat,3200.101910829544
