epsilon,result,runtime
0.133,sat,23.976845026016235
0.265,cancelled,30.468807220458984
0.08700000000000001,sat,437.54487657546997
0.043000000000000003,unsat,2796.7057473659515
0.041,cancelled,2357.671778678894
0.07100000000000001,unsat,3563.293218612671
0.057,cancelled,3576.294311761856
0.077,timeout,3600
0.081,timeout,3600
0.079,timeout,3600
0.075,timeout,3600
0.083,sat,790.083916425705
0.07300000000000001,timeout,3600
