epsilon,result,runtime
0.265,sat,22.102797746658325
0.133,sat,22.330055952072144
0.131,sat,24.786842584609985
0.063,sat,458.65149116516113
0.065,cancelled,522.5093059539795
0.021,unsat,2860.2110662460327
0.041,unsat,3082.5536811351776
0.043000000000000003,timeout,3600
0.053000000000000005,timeout,3600
0.051000000000000004,timeout,3600
0.055,timeout,3600
0.049,timeout,3600
0.057,timeout,3600
0.047,unsat,3131.398997068405
0.059000000000000004,unsat,3251.0086159706116
0.061,sat,831.4516150951385
