epsilon,result,runtime
0.265,sat,27.470969676971436
0.133,sat,353.1237509250641
0.131,sat,352.7984390258789
0.065,unsat,2594.43008518219
0.063,cancelled,2570.6133284568787
0.08700000000000001,unsat,3282.5305531024933
0.107,timeout,3600
0.111,unsat,2612.8557562828064
0.109,cancelled,2925.7330734729767
0.123,unsat,3521.2720358371735
0.117,cancelled,3532.5596220493317
0.125,sat,580.2287294864655
0.127,cancelled,589.6212038993835
