epsilon,result,runtime
0.133,sat,26.0168776512146
0.265,cancelled,38.56634449958801
0.043000000000000003,sat,24.988497734069824
0.08700000000000001,cancelled,41.58861207962036
0.027000000000000003,sat,38.32321786880493
0.011,unsat,3331.1157417297363
0.019000000000000003,sat,71.13330292701721
0.013000000000000001,timeout,3600
0.015,sat,121.3935215473175
0.017,cancelled,34.429768085479736
