epsilon,result,runtime
0.265,sat,18.00104260444641
0.133,sat,25.126137495040894
0.131,sat,29.795178651809692
0.065,unsat,3034.0083684921265
0.063,cancelled,3008.4449348449707
0.107,sat,761.9797036647797
0.08700000000000001,timeout,3600
0.085,timeout,3600
0.083,timeout,3600
0.089,unsat,3441.047482252121
0.081,cancelled,640.687903881073
0.099,sat,1135.9359109401703
0.095,sat,1362.7607748508453
0.093,sat,1644.7744767665863
0.091,timeout,3600
