epsilon,result,runtime
0.133,sat,28.06966543197632
0.265,sat,28.081103801727295
0.045,unsat,3433.323844909668
0.089,timeout,3600
0.08700000000000001,unsat,3278.624688386917
0.111,sat,225.96567368507385
0.091,timeout,3600
0.101,sat,312.5294461250305
0.099,sat,268.2309844493866
0.095,sat,271.0552704334259
0.093,sat,567.517698764801
