epsilon,result,runtime
0.265,sat,18.53719472885132
0.133,sat,21.06145715713501
0.065,sat,16.358017683029175
0.131,cancelled,32.037824869155884
0.041,sat,176.93225646018982
0.021,timeout,3600
0.019000000000000003,timeout,3600
0.017,unsat,3143.3574135303497
0.023,timeout,3600
0.033,sat,778.2435567378998
0.031,unsat,3457.2907586097717
0.027000000000000003,cancelled,2059.832375049591
