epsilon,result,runtime
0.133,sat,34.075438261032104
0.265,cancelled,46.914331674575806
0.08700000000000001,sat,31.95688557624817
0.043000000000000003,timeout,3600
0.041,unsat,3560.8494951725006
0.065,sat,37.498703479766846
0.055,sat,378.92623376846313
0.049,sat,1143.9463078975677
0.047,sat,815.0583114624023
0.045,timeout,3600
