epsilon,result,runtime
0.265,sat,18.092859506607056
0.131,unsat,2649.5646851062775
0.199,sat,26.70217227935791
0.165,sat,27.79203963279724
0.149,sat,652.2953667640686
0.133,timeout,3600
0.14100000000000001,sat,815.2310450077057
0.139,sat,870.0979874134064
0.135,unsat,2997.3185300827026
0.137,unsat,3017.9874148368835
