epsilon,result,runtime
0.133,sat,16.15079689025879
0.265,cancelled,23.79833698272705
0.08700000000000001,sat,23.997089624404907
0.043000000000000003,sat,375.16521668434143
0.041,sat,1028.1729316711426
0.019000000000000003,unsat,3443.1407709121704
0.021,timeout,3600
0.031,timeout,3600
0.029,timeout,3600
0.033,unsat,3240.577197790146
0.027000000000000003,cancelled,2429.077220439911
0.035,unsat,3420.8299703598022
0.037000000000000005,timeout,3600
0.039,sat,2053.9997255802155
