epsilon,result,runtime
0.133,sat,24.247435331344604
0.265,cancelled,49.30973505973816
0.08700000000000001,unsat,3387.607444047928
0.043000000000000003,cancelled,3406.7670834064484
0.117,sat,25.875038385391235
0.10300000000000001,sat,30.583454608917236
0.101,sat,38.55771780014038
0.093,sat,538.6822254657745
0.095,cancelled,500.77403140068054
0.091,sat,507.96732902526855
0.089,sat,668.2966749668121
