epsilon,result,runtime
0.133,sat,18.01958203315735
0.265,cancelled,30.376394033432007
0.08700000000000001,sat,56.05520796775818
0.041,unsat,3480.9776265621185
0.043000000000000003,timeout,3600
0.065,sat,1839.255464553833
0.063,timeout,3600
0.053000000000000005,timeout,3600
0.051000000000000004,timeout,3600
0.055,timeout,3600
0.049,timeout,3600
0.057,unsat,3140.99888920784
0.047,cancelled,1369.269427061081
0.061,unsat,3569.2560997009277
0.059000000000000004,cancelled,3587.948658466339
