epsilon,result,runtime
0.265,sat,21.292189598083496
0.133,sat,22.2057843208313
0.131,sat,18.381319522857666
0.065,sat,23.448538064956665
0.063,sat,19.847044706344604
0.031,sat,129.94166660308838
0.029,sat,148.47706866264343
0.013000000000000001,unsat,2936.5819430351257
0.015,unsat,3192.137363433838
0.021,timeout,3600
0.023,timeout,3600
0.019000000000000003,unsat,3131.3410062789917
0.025,unsat,3015.743375301361
0.027000000000000003,sat,216.57443499565125
