epsilon,result,runtime
0.265,sat,25.906447887420654
0.133,sat,29.50804877281189
0.131,sat,29.427715063095093
0.065,sat,319.5852255821228
0.063,sat,350.861168384552
0.031,unsat,2918.7766201496124
0.029,cancelled,2854.996326684952
0.051000000000000004,unsat,3092.8322191238403
0.041,cancelled,3118.186661720276
0.055,timeout,3600
0.057,timeout,3600
0.053000000000000005,timeout,3600
0.059000000000000004,timeout,3600
0.061,timeout,3600
