epsilon,result,runtime
0.133,sat,22.681232213974
0.265,cancelled,44.69362497329712
0.08700000000000001,sat,24.051655530929565
0.041,unsat,3085.450222015381
0.065,sat,257.5924952030182
0.043000000000000003,unsat,3427.978695869446
0.055,sat,322.810919046402
0.053000000000000005,timeout,3600
0.047,timeout,3600
0.049,unsat,3142.0039014816284
0.045,cancelled,2825.7610461711884
0.051000000000000004,unsat,3124.5866043567657
