epsilon,result,runtime
0.265,sat,25.8672091960907
0.133,sat,26.60582423210144
0.131,sat,30.662760972976685
0.065,timeout,3600
0.063,timeout,3600
0.067,unsat,3559.4439330101013
0.061,cancelled,3535.3116459846497
0.109,sat,394.637663602829
0.08700000000000001,unsat,3084.873695373535
0.089,timeout,3600
0.099,sat,490.7477059364319
0.097,sat,557.5298647880554
0.091,unsat,3185.875508785248
0.093,unsat,3551.7805852890015
0.095,sat,874.5769629478455
