epsilon,result,runtime
0.265,sat,15.54866075515747
0.133,sat,15.632581949234009
0.065,sat,13.261118412017822
0.131,cancelled,20.475414991378784
0.041,sat,104.88919925689697
0.021,unsat,3442.29324054718
0.019000000000000003,cancelled,3338.115071296692
0.027000000000000003,unsat,3391.7235164642334
0.033,timeout,3600
0.035,sat,578.4815039634705
0.031,timeout,3600
0.029,timeout,3600
