epsilon,result,runtime
0.265,sat,27.649691104888916
0.133,sat,27.295549154281616
0.131,sat,28.72944164276123
0.063,unsat,3329.942227125168
0.097,sat,24.907488346099854
0.065,timeout,3600
0.081,sat,483.9253354072571
0.079,sat,453.9834623336792
0.07100000000000001,unsat,3544.5339481830597
0.07300000000000001,timeout,3600
0.075,sat,534.2533152103424
0.077,cancelled,373.4324896335602
