epsilon,result,runtime
0.265,sat,20.563793659210205
0.133,sat,21.467923164367676
0.131,sat,19.02497124671936
0.065,sat,418.8034574985504
0.063,sat,420.39026260375977
0.029,unsat,3259.663976430893
0.031,unsat,3355.250238418579
0.045,unsat,3270.8225593566895
0.047,timeout,3600
0.055,sat,1115.1697022914886
0.053000000000000005,sat,1027.6319925785065
0.051000000000000004,sat,695.2668161392212
0.049,sat,1053.8098561763763
