epsilon,result,runtime
0.133,sat,19.949607372283936
0.265,cancelled,26.83905267715454
0.08700000000000001,sat,357.5847098827362
0.043000000000000003,timeout,3600
0.041,timeout,3600
0.045,unsat,3526.8354921340942
0.039,cancelled,3168.636565923691
0.059000000000000004,unsat,3211.0039224624634
0.07100000000000001,timeout,3600
0.07300000000000001,unsat,3385.2063064575195
0.075,timeout,3600
0.081,sat,1158.0739648342133
0.079,sat,2733.9670259952545
0.077,timeout,3600
