epsilon,result,runtime
0.133,sat,25.18651819229126
0.265,cancelled,36.66701006889343
0.043000000000000003,unsat,3086.9664101600647
0.08700000000000001,timeout,3600
0.089,timeout,3600
0.085,timeout,3600
0.083,unsat,3046.1029028892517
0.091,timeout,3600
0.113,sat,591.0373954772949
0.111,sat,619.6651968955994
0.101,sat,921.5133476257324
0.099,sat,2866.4466364383698
0.095,timeout,3600
0.093,timeout,3600
0.097,unsat,3251.670666217804
