epsilon,result,runtime
0.133,sat,24.24026083946228
0.265,cancelled,36.54918837547302
0.08700000000000001,sat,26.216771841049194
0.041,unsat,3267.6055393218994
0.065,sat,25.28575086593628
0.043000000000000003,timeout,3600
0.053000000000000005,sat,386.3896450996399
0.055,cancelled,158.1187093257904
0.049,sat,1051.5929102897644
0.047,sat,1931.3108956813812
0.045,timeout,3600
