epsilon,result,runtime
0.133,sat,20.291111946105957
0.265,cancelled,34.66259264945984
0.043000000000000003,unsat,3534.968592643738
0.08700000000000001,timeout,3600
0.089,timeout,3600
0.085,timeout,3600
0.091,timeout,3600
0.083,timeout,3600
0.081,unsat,3508.060698747635
0.093,timeout,3600
0.113,sat,29.00138258934021
0.111,sat,28.04034686088562
0.101,sat,455.69061517715454
0.10300000000000001,cancelled,442.4714171886444
0.095,unsat,3564.212070465088
0.097,timeout,3600
0.099,sat,446.6331412792206
