epsilon,result,runtime
0.133,sat,15.848302125930786
0.265,cancelled,23.394461631774902
0.043000000000000003,timeout,3600
0.08700000000000001,timeout,3600
0.065,timeout,3600
0.067,timeout,3600
0.063,unsat,3107.0366435050964
0.069,timeout,3600
0.101,timeout,3600
0.10300000000000001,timeout,3600
0.099,timeout,3600
0.10500000000000001,timeout,3600
0.107,sat,150.60259294509888
0.097,unsat,3073.7815709114075
0.081,cancelled,2441.1198477745056
