epsilon,result,runtime
0.133,sat,2.1994547843933105
0.265,cancelled,3.7900760173797607
0.08700000000000001,sat,1.869950294494629
0.043000000000000003,sat,2.451416254043579
0.041,sat,4.684150218963623
0.019000000000000003,unsat,3459.9159376621246
0.021,unsat,3455.795939683914
0.031,sat,1.642575979232788
0.029,sat,1.8177573680877686
0.025,sat,9.164982795715332
0.023,sat,7.733367919921875
