epsilon,result,runtime
0.265,sat,4.40548300743103
0.133,sat,5.697651386260986
0.131,sat,6.8164002895355225
0.065,unsat,3350.8672311306
0.063,cancelled,3345.705518722534
0.107,sat,56.68249034881592
0.08700000000000001,unsat,3179.666637659073
0.085,cancelled,3123.6200144290924
0.099,sat,64.8962996006012
0.093,unsat,3272.71986579895
0.091,cancelled,3208.327650308609
0.097,sat,56.855812788009644
0.095,sat,102.12504696846008
