epsilon,result,runtime
0.133,sat,7.928416967391968
0.265,cancelled,13.266990661621094
0.265,sat,7.889339208602905
0.08700000000000001,sat,7.487107276916504
0.043000000000000003,sat,9.923650979995728
0.041,sat,10.030190229415894
0.021,unsat,3271.708331823349
0.019000000000000003,cancelled,3291.2559247016907
0.033,sat,23.320894479751587
0.027000000000000003,sat,72.99867010116577
0.023,unsat,3300.691172838211
0.025,unsat,3372.453689813614
