epsilon,result,runtime
0.265,sat,4.30554461479187
0.133,sat,5.555009126663208
0.131,sat,5.49937629699707
0.065,sat,107.93682146072388
0.063,sat,185.88979029655457
0.031,unsat,3229.4929218292236
0.029,cancelled,3148.654394865036
0.041,unsat,3397.227845430374
0.051000000000000004,timeout,3600
0.053000000000000005,sat,220.29505586624146
0.045,unsat,3320.970832824707
0.049,unsat,3416.6562497615814
0.047,cancelled,72.72698497772217
