epsilon,result,runtime
0.265,sat,4.397022724151611
0.133,sat,4.451533555984497
0.131,sat,4.629896640777588
0.065,sat,5.680083990097046
0.063,sat,5.716252565383911
0.031,sat,25.67577576637268
0.029,sat,36.62012839317322
0.013000000000000001,unsat,3566.6949009895325
0.015,unsat,3551.3448162078857
0.021,unsat,3273.274028301239
0.025,sat,114.60232472419739
0.023,unsat,3416.713737487793
