epsilon,result,runtime
0.265,sat,5.308005094528198
0.133,sat,9.353017330169678
0.131,sat,12.76236081123352
0.063,unsat,3309.808981180191
0.065,unsat,3349.2995965480804
0.097,sat,77.325519323349
0.099,cancelled,59.35676693916321
0.085,sat,342.0812520980835
0.075,sat,671.8937668800354
0.07300000000000001,unsat,3233.061316728592
0.069,cancelled,2910.7200996875763
