epsilon,result,runtime
0.265,sat,3.33693265914917
0.133,sat,3.3354103565216064
0.131,sat,3.3878326416015625
0.065,sat,4.0794031620025635
0.063,sat,4.159026384353638
0.031,sat,163.4172487258911
0.029,unsat,3232.964140176773
0.013000000000000001,cancelled,3075.649120092392
