epsilon,result,runtime
0.265,sat,2.1734306812286377
0.133,sat,2.9887378215789795
0.131,sat,34.677873611450195
0.065,unsat,3476.075297355652
0.063,cancelled,3442.906841993332
0.107,sat,275.3361647129059
0.08700000000000001,unsat,3520.9239332675934
0.085,cancelled,3246.106399536133
0.099,unsat,3347.3131704330444
0.093,cancelled,3349.8815383911133
0.10300000000000001,unsat,3394.882731437683
0.101,cancelled,3397.3080790042877
0.10500000000000001,sat,97.5176522731781
