epsilon,result,runtime
0.133,sat,4.428882598876953
0.265,cancelled,6.849675416946411
0.265,sat,4.4035303592681885
0.08700000000000001,sat,4.389115571975708
0.043000000000000003,sat,64.25417685508728
0.041,sat,89.54311633110046
0.019000000000000003,unsat,3405.2262876033783
0.021,unsat,3418.8742921352386
0.029,unsat,3373.5158162117004
0.031,unsat,3441.5453157424927
0.035,unsat,3389.7800517082214
0.039,sat,160.97035217285156
0.037000000000000005,unsat,3580.010492324829
