epsilon,result,runtime
0.133,sat,4.415078401565552
0.265,cancelled,8.871869564056396
0.08700000000000001,sat,89.96270442008972
0.041,unsat,3347.13449716568
0.043000000000000003,unsat,3581.959410905838
0.063,unsat,3204.6332778930664
0.075,sat,92.11572813987732
0.065,unsat,3551.5303778648376
0.069,unsat,3422.303624391556
0.07100000000000001,unsat,3370.7911903858185
0.07300000000000001,sat,277.1076238155365
