epsilon,result,runtime
0.133,sat,3.280299425125122
0.265,cancelled,6.341033458709717
0.043000000000000003,sat,2.6182267665863037
0.08700000000000001,cancelled,5.549601793289185
0.027000000000000003,sat,3.2872958183288574
0.013000000000000001,unsat,3407.737228870392
0.011,cancelled,3405.462342977524
0.021,sat,15.162058353424072
0.017,unsat,3256.6423995494843
0.015,cancelled,3242.064978122711
0.019000000000000003,sat,18.71071457862854
