epsilon,result,runtime
0.265,sat,5.0260069370269775
0.133,sat,6.176103115081787
0.131,sat,3.7999138832092285
0.065,unsat,3292.326517343521
0.063,cancelled,3290.2874331474304
0.107,sat,25.873400926589966
0.08700000000000001,sat,108.38778400421143
0.085,unsat,3147.130495786667
0.075,cancelled,3069.3770575523376
