epsilon,result,runtime
0.133,sat,4.559719800949097
0.265,cancelled,7.09835958480835
0.08700000000000001,sat,4.443411827087402
0.043000000000000003,sat,15.120802879333496
0.041,sat,19.400508880615234
0.019000000000000003,unsat,3419.628020763397
0.021,unsat,3421.566326379776
0.031,sat,31.447494983673096
0.029,sat,35.528401613235474
0.025,sat,122.27563714981079
0.023,unsat,3200.9201424121857
