epsilon,result,runtime
0.265,sat,2.1322951316833496
0.133,sat,2.1783182621002197
0.131,sat,2.0875723361968994
0.065,sat,2.4508745670318604
0.063,sat,2.618269443511963
0.031,sat,56.54654121398926
0.029,unsat,3450.263445854187
0.013000000000000001,cancelled,3398.423218727112
