epsilon,result,runtime
0.133,sat,4.458367347717285
0.265,cancelled,8.759129524230957
0.08700000000000001,sat,5.922178506851196
0.043000000000000003,sat,8.19448208808899
0.041,sat,12.998351573944092
0.019000000000000003,unsat,3402.9554748535156
0.021,unsat,3395.3884518146515
0.031,sat,218.04392623901367
0.029,unsat,3191.4988899230957
0.025,cancelled,2980.1528532505035
