epsilon,result,runtime
0.265,sat,2.16922926902771
0.133,sat,2.182102918624878
0.131,sat,2.227540969848633
0.065,sat,2.483757734298706
0.063,sat,2.767765998840332
0.031,sat,3.4716527462005615
0.029,sat,9.275758981704712
0.013000000000000001,error,3345.116621494293
0.015,unsat,3565.618443965912
0.011,cancelled,233.06060981750488
0.023,sat,29.559864044189453
0.019000000000000003,unsat,3452.2689487934113
0.017,cancelled,3423.324419736862
0.021,error,2487.4953088760376
