epsilon,result,runtime
0.133,sat,4.327470541000366
0.265,cancelled,6.901269912719727
0.265,sat,4.337769269943237
0.08700000000000001,sat,5.756089925765991
0.043000000000000003,sat,5.837825775146484
0.041,sat,5.729892730712891
0.021,sat,13.526661157608032
0.019000000000000003,sat,22.145270824432373
0.007,unsat,3.799464464187622
0.013000000000000001,unsat,3474.800449371338
0.009000000000000001,cancelled,3484.053606033325
0.017,unsat,3248.4406547546387
0.015,cancelled,3252.2522678375244
