epsilon,result,runtime
0.265,sat,4.29580283164978
0.133,sat,4.381512641906738
0.131,sat,4.34609580039978
0.065,sat,4.4605772495269775
0.063,sat,4.470884799957275
0.031,sat,21.003637313842773
0.029,sat,36.46242928504944
0.013000000000000001,unsat,3419.3725748062134
0.015,timeout,3600
0.021,unsat,3372.955802679062
0.023,unsat,3343.643657207489
0.027000000000000003,sat,50.75957155227661
0.025,unsat,3318.9077966213226
