epsilon,result,runtime
0.133,sat,6.509035110473633
0.265,cancelled,11.021403074264526
0.265,sat,6.5143983364105225
0.08700000000000001,sat,6.716881275177002
0.043000000000000003,sat,6.723887205123901
0.041,sat,6.578580141067505
0.019000000000000003,sat,17.127959728240967
0.021,cancelled,10.589930295944214
0.005,unsat,6.649086952209473
0.011,unsat,3539.890229701996
0.015,sat,26.4753201007843
0.013000000000000001,timeout,3600
