epsilon,result,runtime
0.265,sat,5.470988035202026
0.131,sat,42.2299690246582
0.133,cancelled,55.525965213775635
0.085,sat,233.95823907852173
0.043000000000000003,unsat,3120.8598897457123
0.041,cancelled,2887.4425127506256
0.069,sat,918.3917424678802
0.057,unsat,3444.150844812393
0.055,cancelled,2526.2688450813293
0.061,unsat,3410.4317524433136
0.063,unsat,3427.2982544898987
0.065,unsat,3391.9642930030823
0.067,unsat,3441.396656036377
