epsilon,result,runtime
0.265,sat,2.0030579566955566
0.133,sat,2.3726770877838135
0.131,sat,2.017245292663574
0.065,sat,2.4025278091430664
0.063,sat,1.2752807140350342
0.029,unsat,3390.061929702759
0.047,sat,31.759865760803223
0.031,unsat,3444.7236392498016
0.039,sat,125.48230862617493
0.037000000000000005,unsat,3393.1214995384216
0.033,cancelled,3286.975141763687
