epsilon,result,runtime
0.133,sat,2.149998664855957
0.265,cancelled,3.6463027000427246
0.265,sat,2.128438711166382
0.043000000000000003,sat,2.112196683883667
0.08700000000000001,cancelled,3.4882798194885254
0.08700000000000001,sat,2.1077518463134766
0.027000000000000003,sat,17.01528024673462
0.013000000000000001,unsat,3545.1614248752594
0.011,cancelled,3528.8484687805176
0.017,unsat,3404.0003657341003
0.021,unsat,3471.2558612823486
0.025,sat,67.59578227996826
0.023,sat,136.4852318763733
