epsilon,result,runtime
0.265,sat,3.353534698486328
0.133,sat,3.4069931507110596
0.131,sat,3.377108573913574
0.065,unsat,3364.6774129867554
0.063,cancelled,3361.9390428066254
0.107,sat,3.32289457321167
0.08700000000000001,sat,13.612459659576416
0.085,sat,9.932673454284668
0.075,sat,33.73257303237915
0.07300000000000001,sat,36.73953032493591
0.069,unsat,3403.9447705745697
0.067,cancelled,3402.0260984897614
0.07100000000000001,sat,247.26676225662231
