epsilon,result,runtime
0.265,sat,3.9051387310028076
0.133,sat,3.899251699447632
0.131,sat,3.7274417877197266
0.065,sat,5.6979968547821045
0.063,sat,3.546602487564087
0.031,sat,36.68786692619324
0.029,sat,176.97088623046875
0.015,unsat,3387.5250282287598
0.013000000000000001,cancelled,3535.0846285820007
0.019000000000000003,unsat,3225.9985489845276
0.023,unsat,3385.0080444812775
0.025,unsat,3337.019106864929
0.027000000000000003,unsat,3591.7982215881348
