epsilon,result,runtime
0.265,sat,4.43184232711792
0.133,sat,75.00678896903992
0.131,sat,79.38395524024963
0.065,unsat,3246.6369185447693
0.063,cancelled,3239.7051293849945
0.107,sat,149.64208102226257
0.08700000000000001,sat,729.4958109855652
0.085,sat,712.5050430297852
0.075,unsat,3393.071586370468
0.07300000000000001,cancelled,3258.339908361435
0.081,sat,3157.748801469803
0.079,unsat,3393.360297679901
0.077,cancelled,235.50500464439392
