epsilon,result,runtime
0.265,sat,6.93593168258667
0.133,sat,19.064644813537598
0.131,sat,39.14396619796753
0.065,unsat,3473.362005710602
0.063,cancelled,3446.116290807724
0.107,sat,107.14272117614746
0.08700000000000001,unsat,3398.167899608612
0.085,cancelled,3291.5888974666595
0.099,sat,653.302900314331
0.093,unsat,3287.3082325458527
0.091,cancelled,2634.628796815872
0.097,sat,775.3078882694244
0.095,sat,785.4126539230347
