epsilon,result,runtime
0.265,sat,4.403785467147827
0.133,sat,4.419915437698364
0.131,sat,4.455749273300171
0.063,unsat,3305.281680583954
0.097,sat,28.255847930908203
0.081,sat,64.27803897857666
0.07300000000000001,sat,94.10244250297546
0.065,unsat,3589.1941888332367
0.069,sat,207.43251848220825
0.067,sat,218.1846899986267
