epsilon,result,runtime
0.265,sat,4.409535884857178
0.133,sat,5.483158588409424
0.131,sat,5.50070333480835
0.063,unsat,3302.631759405136
0.065,unsat,3350.5143587589264
0.097,sat,65.2481598854065
0.099,cancelled,29.298250913619995
0.085,sat,102.4850389957428
0.075,sat,641.8201093673706
0.07300000000000001,sat,673.8017604351044
0.069,unsat,3375.4864909648895
0.067,cancelled,3241.336627960205
0.07100000000000001,unsat,3502.960223197937
