epsilon,result,runtime
0.265,sat,3.275303840637207
0.133,sat,3.2970402240753174
0.131,sat,3.3314404487609863
0.065,sat,3.9650204181671143
0.063,sat,4.1435182094573975
0.031,sat,19.371864080429077
0.029,sat,20.041685342788696
0.015,unsat,3345.4550726413727
0.013000000000000001,cancelled,3354.38613820076
0.023,unsat,3395.5678832530975
0.019000000000000003,cancelled,3398.011555671692
0.027000000000000003,sat,25.00945496559143
0.025,sat,31.727210998535156
