epsilon,result,runtime
0.265,sat,5.616628885269165
0.133,sat,7.1429924964904785
0.131,sat,7.173873662948608
0.065,unsat,3053.5933594703674
0.063,cancelled,3048.3170964717865
0.107,sat,110.75745034217834
0.08700000000000001,sat,213.98600792884827
0.085,sat,202.4702115058899
0.075,sat,676.4801180362701
0.07300000000000001,sat,707.3837835788727
0.069,unsat,3064.263211250305
0.067,cancelled,2932.515289783478
0.07100000000000001,timeout,3600
