epsilon,result,runtime
0.133,sat,2.122421979904175
0.265,cancelled,3.656980037689209
0.08700000000000001,sat,34.13592338562012
0.041,unsat,3370.8038024902344
0.043000000000000003,unsat,3510.0578253269196
0.065,sat,102.47825646400452
0.053000000000000005,unsat,3345.3846452236176
0.063,unsat,3500.99125790596
0.057,cancelled,154.49662041664124
