epsilon,result,runtime
0.133,sat,2.139070749282837
0.265,cancelled,3.570237159729004
0.265,sat,2.1724820137023926
0.08700000000000001,sat,2.9199297428131104
0.043000000000000003,sat,3.961808681488037
0.041,sat,12.472309589385986
0.019000000000000003,unsat,3453.0702605247498
0.021,unsat,3466.3907794952393
0.031,sat,71.44727873802185
0.029,unsat,3413.076147556305
0.025,cancelled,3368.763116121292
