epsilon,result,runtime
0.133,sat,4.436073541641235
0.265,cancelled,8.966800451278687
0.265,sat,4.446276664733887
0.08700000000000001,sat,8.349017143249512
0.041,unsat,3346.0486884117126
0.065,sat,132.60775065422058
0.043000000000000003,unsat,3572.3786702156067
0.055,sat,185.4941177368164
0.053000000000000005,sat,274.6161572933197
0.049,unsat,3106.9718091487885
0.047,cancelled,3129.331532239914
0.051000000000000004,unsat,3361.5107827186584
