epsilon,result,runtime
0.133,sat,4.381741523742676
0.265,cancelled,8.673367500305176
0.265,sat,4.427311897277832
0.08700000000000001,sat,114.66349983215332
0.041,unsat,3223.9858253002167
0.065,sat,139.71174550056458
0.043000000000000003,unsat,3528.6615850925446
0.055,unsat,3309.865907907486
0.053000000000000005,cancelled,3352.5328476428986
0.061,sat,264.86650919914246
0.059000000000000004,sat,272.7836129665375
0.057,sat,261.863511800766
