epsilon,result,runtime
0.265,sat,4.491680383682251
0.133,sat,8.64417576789856
0.131,sat,6.221803426742554
0.065,unsat,3090.82675409317
0.063,cancelled,3089.422854423523
0.107,sat,84.73653674125671
0.08700000000000001,sat,120.33253288269043
0.085,sat,113.33235692977905
0.07300000000000001,sat,209.38699769973755
0.075,cancelled,305.89703941345215
0.069,sat,355.3739478588104
0.067,sat,372.0452091693878
