epsilon,result,runtime
0.133,sat,4.495796203613281
0.265,cancelled,8.679829120635986
0.265,sat,4.518075704574585
0.08700000000000001,sat,4.448625564575195
0.043000000000000003,sat,5.637074708938599
0.041,sat,5.641034364700317
0.021,unsat,3304.4355347156525
0.019000000000000003,cancelled,3318.4768805503845
0.033,sat,31.418246030807495
0.027000000000000003,sat,129.049733877182
0.023,unsat,3182.404685974121
0.025,unsat,3350.337166070938
