epsilon,result,runtime
0.265,sat,2.0259761810302734
0.133,sat,2.1457505226135254
0.131,sat,1.7279019355773926
0.065,sat,42.07492017745972
0.063,sat,39.95096945762634
0.029,unsat,3397.4174025058746
0.031,unsat,3487.505814552307
0.047,unsat,3399.3220982551575
0.045,cancelled,3313.270126104355
0.057,sat,138.75495409965515
0.053000000000000005,timeout,3600
0.051000000000000004,unsat,3541.166656970978
0.049,cancelled,85.38959240913391
0.055,sat,1914.0274167060852
