epsilon,result,runtime
0.265,sat,3.851860523223877
0.133,sat,3.8280727863311768
0.131,sat,3.916239023208618
0.065,sat,6.196537256240845
0.063,sat,10.315268278121948
0.031,unsat,3148.6121923923492
0.029,cancelled,3140.924606323242
0.051000000000000004,sat,41.63481855392456
0.041,sat,50.39721965789795
0.039,sat,48.237555265426636
0.035,sat,176.76467990875244
0.033,unsat,3421.927499294281
