epsilon,result,runtime
0.265,sat,5.596431493759155
0.133,sat,8.010072946548462
0.131,sat,13.543653964996338
0.065,sat,110.86742877960205
0.063,sat,294.00236916542053
0.031,unsat,3096.1810958385468
0.029,cancelled,2902.3187482357025
0.041,unsat,3182.9888565540314
0.051000000000000004,unsat,3584.646327018738
0.053000000000000005,unsat,3137.3895320892334
0.057,unsat,3169.8156554698944
0.059000000000000004,unsat,3436.699276447296
0.061,unsat,3284.4240715503693
