epsilon,result,runtime
0.133,sat,2.1510798931121826
0.265,cancelled,3.7183377742767334
0.265,sat,2.207212448120117
0.08700000000000001,sat,2.998533010482788
0.043000000000000003,unsat,3579.097388982773
0.041,cancelled,3576.8562512397766
0.07100000000000001,sat,20.126627683639526
0.057,sat,72.23094630241394
0.055,sat,125.26325845718384
0.049,sat,147.732106924057
0.047,sat,181.1176164150238
0.045,sat,3468.02103471756
