epsilon,result,runtime
0.133,sat,3.293844223022461
0.265,cancelled,5.164849519729614
0.265,sat,3.2984745502471924
0.08700000000000001,sat,15.121314525604248
0.043000000000000003,sat,42.160560607910156
0.041,sat,108.49852800369263
0.019000000000000003,unsat,3433.7972428798676
0.021,unsat,3418.9544882774353
0.031,unsat,3567.173520088196
0.029,cancelled,3502.347528219223
0.037000000000000005,unsat,3518.1628165245056
0.035,cancelled,3520.762356519699
0.039,error,1041.373774766922
