epsilon,result,runtime
0.133,sat,3.8522040843963623
0.265,cancelled,6.122172117233276
0.265,sat,3.869839906692505
0.08700000000000001,sat,5.162014007568359
0.043000000000000003,sat,25.86660099029541
0.041,sat,27.192514657974243
0.021,unsat,3231.3070063591003
0.019000000000000003,cancelled,3242.958703517914
0.033,sat,69.25593066215515
0.027000000000000003,unsat,3256.3153631687164
0.025,cancelled,3187.714459657669
0.031,sat,245.30292534828186
0.029,unsat,3402.612322330475
