epsilon,result,runtime
0.265,sat,4.425213098526001
0.133,sat,4.43513560295105
0.131,sat,4.272188425064087
0.065,sat,26.598094701766968
0.063,sat,32.6051139831543
0.029,unsat,3309.4157309532166
0.031,unsat,3429.2431433200836
0.047,sat,191.44614839553833
0.045,sat,186.31951236724854
0.037000000000000005,unsat,3194.3735716342926
0.039,unsat,3343.7131295204163
0.043000000000000003,sat,376.1888267993927
0.041,unsat,3394.844519138336
