epsilon,result,runtime
0.265,sat,4.383044242858887
0.133,sat,4.4318647384643555
0.131,sat,4.30748987197876
0.065,unsat,3165.1099801063538
0.063,cancelled,3161.5424885749817
0.107,sat,53.33205032348633
0.08700000000000001,sat,99.6027364730835
0.085,sat,89.61425852775574
0.075,unsat,3233.6737818717957
0.07300000000000001,cancelled,3190.0261323451996
0.079,unsat,3363.767815351486
0.083,sat,88.98941469192505
0.081,unsat,3581.246511220932
