epsilon,result,runtime
0.133,sat,2.2405266761779785
0.265,cancelled,3.7681386470794678
0.08700000000000001,sat,2.161857843399048
0.043000000000000003,sat,2.7177364826202393
0.041,sat,4.54172945022583
0.021,unsat,3472.248477935791
0.019000000000000003,cancelled,3480.2319614887238
0.033,sat,14.337249517440796
0.027000000000000003,sat,19.136638164520264
0.025,sat,27.261451482772827
0.023,error,1212.1197383403778
