epsilon,result,runtime
0.265,sat,2.1435141563415527
0.133,sat,2.1846821308135986
0.131,sat,2.183774948120117
0.065,sat,2.146806001663208
0.063,sat,2.225562572479248
0.031,sat,2.83703351020813
0.029,sat,5.495282411575317
0.015,unsat,3352.4770226478577
0.013000000000000001,cancelled,3361.270863056183
0.023,sat,68.84589791297913
0.019000000000000003,unsat,3364.847078561783
0.017,cancelled,3296.695518732071
0.021,error,1073.550329208374
