epsilon,result,runtime
0.265,sat,3.2951200008392334
0.133,sat,3.3661513328552246
0.131,sat,3.271766185760498
0.065,sat,4.082621097564697
0.063,sat,4.013546705245972
0.029,unsat,3572.4034435749054
0.031,unsat,3582.301395177841
0.047,sat,3.91072154045105
0.045,sat,12.440340757369995
0.039,sat,30.440706729888916
0.037000000000000005,sat,125.3470950126648
0.033,unsat,3475.3471739292145
0.035,timeout,3600
