epsilon,result,runtime
0.265,sat,2.2201669216156006
0.133,sat,5.783697843551636
0.131,sat,8.473678827285767
0.065,unsat,3407.936814546585
0.063,cancelled,3403.6619114875793
0.107,unsat,3399.8986310958862
0.08700000000000001,cancelled,3402.571614265442
0.121,sat,63.193474531173706
0.115,sat,78.46799087524414
0.113,sat,162.3856179714203
0.109,unsat,3167.1514263153076
0.111,unsat,3238.018882751465
