epsilon,result,runtime
0.133,sat,2.1066646575927734
0.265,cancelled,3.676351547241211
0.08700000000000001,sat,2.8995580673217773
0.043000000000000003,sat,3.4971845149993896
0.041,sat,7.591319799423218
0.021,unsat,3346.1419076919556
0.019000000000000003,cancelled,3357.2175529003143
0.033,sat,49.108147621154785
0.025,unsat,3396.0510454177856
0.027000000000000003,timeout,3600
0.031,sat,148.76243829727173
0.029,unsat,3402.2069363594055
