epsilon,result,runtime
0.265,sat,3.3296310901641846
0.133,sat,3.3348865509033203
0.131,sat,3.3834383487701416
0.065,sat,20.842216968536377
0.063,sat,28.220219135284424
0.029,unsat,3201.5260887145996
0.031,unsat,3255.125133752823
0.047,sat,215.09327292442322
0.045,sat,745.535594701767
0.037000000000000005,unsat,3474.1525843143463
0.039,unsat,3388.9499037265778
0.041,unsat,3236.5640206336975
0.043000000000000003,unsat,3373.3246779441833
