epsilon,result,runtime
0.265,sat,4.365947484970093
0.133,sat,4.391361713409424
0.065,sat,4.342864990234375
0.131,cancelled,6.390530586242676
0.021,sat,4.1887311935424805
0.041,cancelled,6.295430898666382
0.013000000000000001,sat,4.28196382522583
0.007,sat,4.364368438720703
0.001,unsat,3.8004682064056396
0.005,sat,4.159945487976074
0.003,unsat,80.48317527770996
