epsilon,result,runtime
0.133,sat,3.332772970199585
0.265,cancelled,5.232980966567993
0.265,sat,3.3255527019500732
0.08700000000000001,sat,3.2544379234313965
0.043000000000000003,sat,7.568129062652588
0.041,sat,7.934236288070679
0.021,unsat,3376.390662431717
0.019000000000000003,cancelled,3384.9629004001617
0.033,sat,20.101590871810913
0.027000000000000003,sat,23.714314460754395
0.025,sat,40.644476652145386
0.023,error,1482.4394855499268
