epsilon,result,runtime
0.133,sat,3.300445556640625
0.265,cancelled,5.095078945159912
0.043000000000000003,sat,3.2942185401916504
0.08700000000000001,cancelled,5.033186435699463
0.08700000000000001,sat,3.287032127380371
0.027000000000000003,sat,3.2271931171417236
0.013000000000000001,sat,10.112990379333496
0.005,unsat,2.96392822265625
0.007,error,2543.963091135025
0.011,unsat,3474.1579129695892
0.009000000000000001,cancelled,921.3426637649536
