epsilon,result,runtime
0.265,sat,4.138896465301514
0.133,sat,5.3283772468566895
0.131,sat,5.3840553760528564
0.065,sat,471.46666955947876
0.063,unsat,3182.1681044101715
0.031,cancelled,2718.540764093399
