epsilon,result,runtime
0.133,sat,3.4882755279541016
0.265,cancelled,5.164069414138794
0.265,sat,3.4767730236053467
0.08700000000000001,sat,3.418100357055664
0.043000000000000003,sat,18.586034536361694
0.041,sat,20.31680989265442
0.021,unsat,3578.1554930210114
0.019000000000000003,cancelled,3588.3878054618835
0.033,sat,30.895655870437622
0.027000000000000003,unsat,3515.49409532547
0.025,cancelled,3485.307030439377
0.031,sat,39.047961473464966
0.029,sat,102.27288103103638
