epsilon,result,runtime
0.265,sat,5.572795629501343
0.133,sat,7.166352987289429
0.131,sat,5.2612433433532715
0.063,unsat,3586.7308478355408
0.065,timeout,3600
0.097,sat,77.01351642608643
0.099,cancelled,79.5068588256836
0.085,sat,83.1222791671753
0.075,sat,285.7945513725281
0.07300000000000001,sat,2724.8858807086945
0.069,unsat,3246.867449760437
0.067,cancelled,724.886825799942
0.07100000000000001,unsat,3578.229523897171
