epsilon,result,runtime
0.133,sat,5.571810245513916
0.265,cancelled,9.157533168792725
0.08700000000000001,sat,5.504251956939697
0.043000000000000003,sat,5.575248956680298
0.041,sat,5.488511562347412
0.021,sat,39.180891275405884
0.009000000000000001,unsat,25.581834077835083
0.019000000000000003,unsat,3510.615353345871
0.013000000000000001,cancelled,3432.0667424201965
