epsilon,result,runtime
0.265,sat,5.414872646331787
0.133,sat,5.446444988250732
0.131,sat,5.35209321975708
0.065,sat,6.979176044464111
0.063,sat,6.917665243148804
0.031,sat,40.813939809799194
0.029,sat,48.629223585128784
0.013000000000000001,unsat,3588.4826164245605
0.015,timeout,3600
0.021,unsat,3099.448136329651
0.025,sat,224.79336857795715
0.023,unsat,3482.2046864032745
