epsilon,result,runtime
0.265,sat,4.329097270965576
0.133,sat,4.387865304946899
0.131,sat,4.32705545425415
0.065,sat,10.885904312133789
0.063,sat,11.81362795829773
0.031,unsat,3423.369666337967
0.029,cancelled,3419.17985868454
0.051000000000000004,sat,78.16231751441956
0.041,sat,257.76410603523254
0.039,timeout,3600
0.035,timeout,3600
0.033,unsat,3414.1945900917053
0.037000000000000005,unsat,3339.680430173874
