epsilon,result,runtime
0.265,sat,5.867022275924683
0.133,sat,71.96867156028748
0.131,sat,72.32711148262024
0.063,unsat,3042.2724232673645
0.097,sat,80.18294835090637
0.065,unsat,3456.215942144394
0.081,sat,348.0662422180176
0.079,sat,130.92108178138733
0.07300000000000001,unsat,3211.89098238945
0.07100000000000001,cancelled,3320.0928571224213
0.077,unsat,3211.977998971939
0.075,cancelled,3215.3763358592987
