epsilon,result,runtime
0.265,sat,3.421717405319214
0.133,sat,3.4762206077575684
0.131,sat,3.4073703289031982
0.065,sat,20.17428183555603
0.063,sat,20.409290552139282
0.031,unsat,3343.328698158264
0.029,cancelled,3341.0053853988647
0.051000000000000004,sat,18.200823307037354
0.041,sat,19.370239973068237
0.039,sat,18.263847589492798
0.035,sat,29.86851143836975
0.033,sat,14.214137315750122
