epsilon,result,runtime
0.133,sat,4.468944787979126
0.265,cancelled,8.830520391464233
0.08700000000000001,sat,99.27427816390991
0.043000000000000003,unsat,3266.8856012821198
0.041,cancelled,3168.243546962738
0.07100000000000001,sat,101.19722580909729
0.057,unsat,3237.2719309329987
0.055,cancelled,3136.601090192795
0.065,sat,93.88565444946289
0.061,sat,1945.4999361038208
0.059000000000000004,unsat,3494.3428642749786
