epsilon,result,runtime
0.265,sat,24.8830668926239
0.133,unsat,3501.853499174118
0.131,cancelled,3477.566479921341
0.219,sat,41.012884855270386
0.177,sat,523.4080808162689
0.17500000000000002,sat,475.04361033439636
0.153,sat,450.93682169914246
0.155,cancelled,459.6945071220398
0.14500000000000002,sat,2581.1495459079742
0.139,timeout,3600
0.137,unsat,3278.941492795944
0.14100000000000001,unsat,3275.1098499298096
0.14300000000000002,timeout,3600
