epsilon,result,runtime
0.265,sat,28.976469039916992
0.133,unsat,3056.6991391181946
0.131,cancelled,3027.689573287964
0.219,sat,33.30712962150574
0.17500000000000002,sat,705.1396670341492
0.177,cancelled,760.7162597179413
0.159,sat,503.1883497238159
0.147,timeout,3600
0.14500000000000002,timeout,3600
0.149,sat,783.3449816703796
0.14300000000000002,timeout,3600
0.137,unsat,3416.044727563858
0.139,timeout,3600
0.14100000000000001,unsat,3205.944579601288
