epsilon,result,runtime
0.265,sat,20.80810284614563
0.133,sat,29.161423921585083
0.131,sat,45.036078214645386
0.065,timeout,3600
0.063,timeout,3600
0.067,timeout,3600
0.061,timeout,3600
0.059000000000000004,unsat,3130.0672538280487
0.099,sat,383.0753664970398
0.069,timeout,3600
0.083,sat,531.498170375824
0.085,cancelled,546.4385297298431
0.077,unsat,3085.495570421219
0.07300000000000001,cancelled,3104.9177253246307
0.081,sat,592.6573693752289
0.079,sat,1444.8158621788025
