epsilon,result,runtime
0.265,sat,38.24966335296631
0.133,unsat,2609.277641057968
0.131,cancelled,2573.1004893779755
0.219,sat,216.27357482910156
0.177,timeout,3600
0.17500000000000002,timeout,3600
0.17300000000000001,timeout,3600
0.179,timeout,3600
0.181,unsat,2653.1261143684387
0.171,cancelled,2892.625559091568
0.20500000000000002,sat,724.1032619476318
0.193,timeout,3600
0.191,unsat,3368.7917835712433
0.199,sat,1368.5347650051117
0.195,timeout,3600
0.197,timeout,3600
