epsilon,result,runtime
0.133,sat,28.591096878051758
0.265,cancelled,36.55491662025452
0.08700000000000001,sat,24.398350715637207
0.043000000000000003,sat,30.317232608795166
0.041,sat,32.09622049331665
0.019000000000000003,unsat,3057.8583419322968
0.031,sat,34.110753774642944
0.025,sat,89.88870573043823
0.021,unsat,3292.6498141288757
0.023,sat,222.2126965522766
