epsilon,result,runtime
0.265,sat,20.973666429519653
0.133,unsat,2854.7843420505524
0.131,cancelled,2834.7267899513245
0.219,sat,66.70847678184509
0.177,sat,464.33320593833923
0.17500000000000002,sat,523.40096783638
0.153,unsat,3349.087414264679
0.155,timeout,3600
0.165,sat,1503.9110870361328
0.163,unsat,3378.9187223911285
0.159,cancelled,2273.7784373760223
