epsilon,result,runtime
0.265,sat,22.092552423477173
0.133,sat,475.305627822876
0.131,sat,807.3591156005859
0.065,unsat,2986.7809813022614
0.063,cancelled,2636.263674736023
0.08700000000000001,timeout,3600
0.107,timeout,3600
0.109,unsat,3366.370692253113
0.085,cancelled,3387.741068840027
0.117,unsat,3369.543565750122
0.123,timeout,3600
0.125,unsat,2748.3667874336243
0.121,cancelled,2575.0011026859283
0.129,sat,1247.5016341209412
0.127,timeout,3600
