epsilon,result,runtime
0.265,sat,21.77843737602234
0.131,unsat,3260.9138419628143
0.133,unsat,3357.3110041618347
0.199,sat,47.335933685302734
0.197,sat,80.99892592430115
0.165,sat,415.0077681541443
0.163,sat,438.0466251373291
0.147,unsat,3212.823551416397
0.155,sat,361.17797470092773
0.149,timeout,3600
0.151,timeout,3600
0.153,unsat,3549.235652446747
