epsilon,result,runtime
0.265,sat,4.514580249786377
0.133,sat,5.586611747741699
0.131,sat,5.577365159988403
0.065,timeout,3600
0.063,timeout,3600
0.067,unsat,3081.7277801036835
0.061,cancelled,3081.9374816417694
0.109,sat,22.301125049591064
0.089,sat,157.53092074394226
0.08700000000000001,sat,155.09165239334106
0.077,unsat,3087.0216765403748
0.075,cancelled,3068.2575392723083
0.083,unsat,3422.6692140102386
0.081,cancelled,3433.2204823493958
0.085,sat,127.6601996421814
