epsilon,result,runtime
0.265,sat,29.244763612747192
0.133,timeout,3600
0.131,timeout,3600
0.129,unsat,2950.9049015045166
0.135,unsat,3008.4660007953644
0.199,sat,497.8107557296753
0.201,cancelled,426.1869914531708
0.177,sat,1282.318280696869
0.157,unsat,2919.909435033798
0.155,cancelled,1637.9566452503204
0.169,unsat,2767.870492696762
0.163,cancelled,2781.3434233665466
0.171,unsat,3088.046420812607
0.17300000000000001,unsat,3155.125771999359
0.17500000000000002,timeout,3600
