epsilon,result,runtime
0.265,sat,17.954029083251953
0.133,unsat,2999.864401817322
0.131,cancelled,2982.5352535247803
0.219,sat,27.69036364555359
0.177,sat,370.9990334510803
0.17500000000000002,sat,364.01793599128723
0.153,sat,412.7514247894287
0.155,cancelled,391.181188583374
0.14500000000000002,sat,390.1418790817261
0.139,sat,400.6535267829895
0.137,sat,409.3956813812256
0.135,sat,622.9482464790344
