epsilon,result,runtime
0.265,sat,18.384860038757324
0.131,unsat,2554.8447148799896
0.199,sat,166.7621946334839
0.133,unsat,3438.652224302292
0.165,timeout,3600
0.167,timeout,3600
0.169,unsat,2478.9451055526733
0.163,cancelled,3168.246473789215
0.187,sat,191.1976089477539
0.179,timeout,3600
0.177,timeout,3600
0.181,sat,661.7472376823425
0.17500000000000002,unsat,2707.325952529907
0.171,cancelled,1844.4580707550049
