epsilon,result,runtime
0.265,sat,38.30646228790283
0.131,unsat,3166.1494810581207
0.199,sat,24.974063396453857
0.165,sat,53.119751930236816
0.133,unsat,3397.7993264198303
0.149,sat,352.0087161064148
0.147,sat,382.74951362609863
0.139,unsat,3351.6174533367157
0.14100000000000001,unsat,3393.9605367183685
0.14500000000000002,sat,1744.958790063858
0.14300000000000002,timeout,3600
