epsilon,result,runtime
0.133,sat,25.72574234008789
0.265,cancelled,45.81652331352234
0.08700000000000001,sat,130.14292573928833
0.043000000000000003,unsat,3546.668462753296
0.041,cancelled,3417.2431106567383
0.07100000000000001,sat,515.5186166763306
0.057,sat,952.5759708881378
0.055,sat,875.3548376560211
0.049,timeout,3600
0.047,timeout,3600
0.051000000000000004,sat,1450.1408989429474
0.045,unsat,3232.080178499222
