epsilon,result,runtime
0.265,sat,4.408334493637085
0.133,sat,19.413294315338135
0.131,sat,17.71898317337036
0.065,sat,71.53926229476929
0.063,sat,529.0812060832977
0.031,unsat,3548.2119710445404
0.029,cancelled,3089.524163722992
0.041,unsat,3112.140961408615
0.051000000000000004,unsat,3421.4827947616577
0.053000000000000005,unsat,3380.57177233696
0.057,unsat,3522.360945224762
0.059000000000000004,unsat,3157.89701628685
0.061,sat,3349.3483273983
