epsilon,result,runtime
0.265,sat,7.717267274856567
0.131,sat,31.07055974006653
0.133,cancelled,59.06637954711914
0.085,sat,146.97959518432617
0.043000000000000003,unsat,3410.830339193344
0.041,cancelled,3263.7465229034424
0.069,timeout,3600
0.057,timeout,3600
0.063,unsat,3476.1366152763367
0.065,unsat,3550.6402447223663
0.075,unsat,3399.6185326576233
0.077,unsat,3328.05104637146
0.081,sat,1129.2449414730072
0.079,sat,1395.2715280056
