epsilon,result,runtime
0.265,sat,331.758189201355
0.133,unsat,3125.1748344898224
0.131,cancelled,2793.2987308502197
0.219,unsat,3227.908262491226
0.177,cancelled,3238.8950266838074
0.249,sat,351.11859822273254
0.23500000000000001,timeout,3600
0.233,timeout,3600
0.23700000000000002,unsat,2689.6245272159576
0.231,cancelled,3070.9466371536255
0.241,sat,1038.1134314537048
0.243,cancelled,1051.055857181549
0.23900000000000002,sat,932.8362729549408
