epsilon,result,runtime
0.265,sat,6.010667562484741
0.133,unsat,3121.0026412010193
0.131,cancelled,3115.4503178596497
0.219,sat,7.490402936935425
0.177,unsat,3247.7455644607544
0.17500000000000002,cancelled,3240.520310163498
0.203,sat,42.285232067108154
0.191,sat,92.27121114730835
0.189,sat,89.90108728408813
0.181,sat,455.730327129364
0.183,cancelled,510.8196828365326
0.179,unsat,3412.1352603435516
