epsilon,result,runtime
0.265,sat,37.44794487953186
0.133,timeout,3600
0.131,timeout,3600
0.135,unsat,2667.127620458603
0.129,cancelled,2736.4786925315857
0.221,sat,45.44985365867615
0.177,unsat,2772.356714963913
0.199,sat,556.0693588256836
0.179,timeout,3600
0.189,unsat,2923.345017671585
0.187,cancelled,2777.8984985351562
0.193,unsat,3077.7449901103973
0.195,timeout,3600
0.197,timeout,3600
