epsilon,result,runtime
0.265,sat,22.255669355392456
0.131,unsat,2934.1422107219696
0.199,sat,36.09373593330383
0.133,unsat,3293.1845977306366
0.165,sat,490.00083565711975
0.167,cancelled,267.34978699684143
0.153,sat,365.29363346099854
0.14300000000000002,sat,392.94307494163513
0.14100000000000001,sat,1991.0021574497223
0.137,unsat,2859.5887286663055
0.135,cancelled,889.0288460254669
0.139,sat,2765.9266290664673
