epsilon,result,runtime
0.265,sat,17.150235652923584
0.133,sat,350.7049129009247
0.131,sat,421.1675465106964
0.065,unsat,2943.8393592834473
0.063,cancelled,2870.3652329444885
0.107,unsat,3326.06196975708
0.08700000000000001,cancelled,3344.451628923416
0.121,sat,361.77469182014465
0.115,sat,2179.519317626953
0.113,unsat,3526.8727848529816
0.109,cancelled,1738.047438621521
