epsilon,result,runtime
0.265,sat,23.092135667800903
0.133,sat,305.5528676509857
0.131,sat,345.74333906173706
0.065,unsat,3435.564733982086
0.063,cancelled,3375.701494216919
0.107,sat,374.9488260746002
0.08700000000000001,timeout,3600
0.085,timeout,3600
0.083,timeout,3600
0.089,unsat,3458.513714313507
0.081,cancelled,281.6650137901306
0.099,sat,859.8390357494354
0.095,timeout,3600
0.093,timeout,3600
0.091,unsat,2907.031920194626
0.097,unsat,3183.638325214386
