epsilon,result,runtime
0.265,sat,13.278190612792969
0.131,sat,199.69859266281128
0.133,cancelled,245.75002717971802
0.085,unsat,2703.980004310608
0.043000000000000003,cancelled,2720.1537222862244
0.115,unsat,3229.1618461608887
0.101,cancelled,3245.59041428566
0.125,sat,234.09135603904724
0.121,sat,270.96449041366577
0.11900000000000001,sat,270.35896277427673
0.117,unsat,3242.055371761322
