epsilon,result,runtime
0.265,sat,33.039796590805054
0.133,sat,2010.8895440101624
0.131,unsat,3515.069667816162
0.065,cancelled,1547.0098271369934
