epsilon,result,runtime
0.265,sat,17.547746658325195
0.133,sat,18.33109974861145
0.131,sat,18.935214281082153
0.065,sat,20.4660062789917
0.063,sat,18.0858793258667
0.031,unsat,3529.8808917999268
0.029,cancelled,3513.01975440979
0.051000000000000004,sat,19.615349054336548
0.041,sat,59.271533727645874
0.039,sat,75.29250526428223
0.035,sat,295.79586815834045
0.033,sat,854.391758441925
