epsilon,result,runtime
0.265,sat,35.60649514198303
0.133,timeout,3600
0.131,timeout,3600
0.135,unsat,3045.6674370765686
0.129,cancelled,3093.697555541992
0.179,sat,37.31124973297119
0.221,cancelled,53.865710973739624
0.163,sat,128.39008903503418
0.149,sat,603.8175163269043
0.147,sat,1512.9410572052002
0.14100000000000001,sat,2820.9582390785217
0.139,sat,2948.6337065696716
0.137,unsat,2925.8305065631866
