epsilon,result,runtime
0.265,sat,29.38369393348694
0.133,unsat,3429.311972618103
0.131,cancelled,3400.169375181198
0.219,sat,39.91504502296448
0.177,sat,417.8884308338165
0.17500000000000002,sat,374.1449360847473
0.153,unsat,2778.2938175201416
0.165,sat,244.92513418197632
0.155,timeout,3600
0.161,unsat,2904.030864238739
0.159,cancelled,3480.835119485855
0.163,timeout,3600
