epsilon,result,runtime
0.265,sat,32.69501209259033
0.131,unsat,2797.5757915973663
0.199,sat,30.6512291431427
0.165,sat,471.35342359542847
0.133,timeout,3600
0.149,timeout,3600
0.147,timeout,3600
0.151,timeout,3600
0.14500000000000002,timeout,3600
0.153,unsat,2939.0775232315063
0.14300000000000002,cancelled,2718.553156852722
0.159,unsat,2915.815858364105
0.157,cancelled,2924.948462486267
0.163,sat,458.58403611183167
0.161,timeout,3600
