epsilon,result,runtime
0.265,sat,14.739533424377441
0.133,sat,29.060250520706177
0.131,sat,27.38495635986328
0.065,sat,2849.535569667816
0.063,unsat,3396.856784105301
0.031,cancelled,565.8688859939575
