epsilon,result,runtime
0.265,sat,12.845693588256836
0.133,unsat,3435.9515941143036
0.131,cancelled,3423.6653649806976
0.219,sat,10.273751735687256
0.177,sat,109.56837439537048
0.17500000000000002,sat,119.69027805328369
0.155,unsat,3259.4821212291718
0.153,cancelled,3302.9176301956177
0.167,sat,112.02355790138245
0.161,timeout,3600
0.159,timeout,3600
0.163,sat,111.1065571308136
0.157,unsat,3554.0967829227448
