epsilon,result,runtime
0.265,sat,23.57883095741272
0.131,unsat,3097.175103664398
0.199,sat,24.21232271194458
0.133,timeout,3600
0.165,sat,408.78269839286804
0.167,cancelled,1.7231276035308838
0.153,sat,439.1113610267639
0.14300000000000002,sat,1866.3945236206055
0.14100000000000001,timeout,3600
0.137,timeout,3600
0.135,timeout,3600
0.139,timeout,3600
