epsilon,result,runtime
0.265,sat,26.82130241394043
0.131,unsat,3299.528938770294
0.133,timeout,3600
0.199,sat,234.17212557792664
0.197,sat,228.67009353637695
0.165,sat,247.01197743415833
0.163,sat,292.8320646286011
0.147,unsat,3502.825836658478
0.149,timeout,3600
0.155,sat,349.82340121269226
0.157,cancelled,8.209654092788696
0.153,sat,337.16918754577637
0.151,unsat,3307.1852464675903
