epsilon,result,runtime
0.265,sat,28.24269938468933
0.131,sat,262.0659546852112
0.133,cancelled,328.82478618621826
0.085,unsat,3350.890116453171
0.043000000000000003,cancelled,3379.7391679286957
0.115,sat,755.3890316486359
0.101,unsat,3009.532282590866
0.099,cancelled,2254.6709067821503
0.10500000000000001,unsat,2686.7454686164856
0.109,unsat,3407.164395093918
0.111,timeout,3600
0.113,timeout,3600
