epsilon,result,runtime
0.265,sat,4.49231219291687
0.133,unsat,3166.3761060237885
0.131,cancelled,3162.441060781479
0.219,sat,5.977775812149048
0.177,sat,6.0300164222717285
0.17500000000000002,sat,6.024311542510986
0.153,sat,87.21651935577393
0.155,cancelled,81.14407515525818
0.14500000000000002,unsat,3167.968708753586
0.139,cancelled,3174.4189245700836
0.147,unsat,3214.1635613441467
0.149,unsat,3242.6913783550262
0.151,sat,2593.8999602794647
