epsilon,result,runtime
0.265,sat,22.984302043914795
0.133,sat,34.51213455200195
0.131,sat,30.128018379211426
0.065,unsat,2881.426323890686
0.063,cancelled,2855.893437385559
0.107,sat,31.25438380241394
0.08700000000000001,unsat,3410.621151447296
0.085,cancelled,3379.647804260254
0.099,sat,660.4751582145691
0.093,sat,2510.3016674518585
0.091,unsat,3227.8300387859344
0.089,cancelled,1396.383332490921
