epsilon,result,runtime
0.265,sat,16.45141863822937
0.131,unsat,3332.140180826187
0.199,sat,32.55461812019348
0.133,timeout,3600
0.165,sat,583.5261080265045
0.167,cancelled,447.6688449382782
0.14300000000000002,sat,505.1245834827423
0.153,cancelled,530.4730350971222
0.139,sat,2604.1960394382477
0.137,timeout,3600
0.135,sat,1835.0509877204895
