epsilon,result,runtime
0.265,sat,37.21063804626465
0.131,unsat,3047.851562976837
0.199,sat,279.242919921875
0.133,timeout,3600
0.165,timeout,3600
0.167,timeout,3600
0.163,unsat,3025.1583967208862
0.169,unsat,3184.2042906284332
0.183,timeout,3600
0.185,timeout,3600
0.187,sat,1325.7837707996368
0.181,timeout,3600
0.17500000000000002,timeout,3600
0.17300000000000001,timeout,3600
0.177,timeout,3600
0.171,timeout,3600
0.179,timeout,3600
