epsilon,result,runtime
0.265,sat,20.190995931625366
0.131,sat,161.04029726982117
0.133,cancelled,215.7248146533966
0.043000000000000003,unsat,2972.141936302185
0.085,unsat,3220.0698528289795
0.109,sat,368.8685293197632
0.08700000000000001,unsat,3054.061591386795
0.097,unsat,3021.46746301651
0.099,timeout,3600
0.10300000000000001,sat,3081.8754093647003
0.10500000000000001,cancelled,104.3469820022583
0.101,timeout,3600
