epsilon,result,runtime
0.265,sat,24.72514271736145
0.131,unsat,2651.324434518814
0.199,sat,14.879411935806274
0.165,sat,189.46771931648254
0.133,timeout,3600
0.149,sat,1148.7283356189728
0.147,sat,1019.428736448288
0.139,sat,892.0331721305847
0.14100000000000001,cancelled,372.6357915401459
0.137,sat,1287.3723430633545
0.135,unsat,3298.9336602687836
