epsilon,result,runtime
0.133,sat,4.435768127441406
0.265,cancelled,8.917734861373901
0.08700000000000001,sat,4.290288925170898
0.043000000000000003,sat,5.511826276779175
0.041,sat,7.029265642166138
0.019000000000000003,unsat,3429.4478516578674
0.031,sat,19.3918616771698
0.021,timeout,3600
0.025,sat,187.3125319480896
0.027000000000000003,cancelled,44.27327823638916
0.023,unsat,3427.830523252487
