epsilon,result,runtime
0.265,sat,21.057438135147095
0.133,sat,260.15796399116516
0.131,sat,308.18731021881104
0.065,unsat,3333.0084249973297
0.063,cancelled,3262.6662771701813
0.107,timeout,3600
0.08700000000000001,timeout,3600
0.097,unsat,3046.645677089691
0.099,unsat,3167.3672268390656
0.115,timeout,3600
0.117,timeout,3600
0.11900000000000001,unsat,2846.1020476818085
0.113,cancelled,2987.13240814209
0.125,timeout,3600
0.123,timeout,3600
0.127,sat,394.8773183822632
0.121,timeout,3600
