epsilon,result,runtime
0.265,sat,24.40073585510254
0.131,unsat,2939.7262053489685
0.133,unsat,2993.882470846176
0.199,sat,81.47514510154724
0.197,sat,415.63011860847473
0.165,sat,1262.3429293632507
0.163,timeout,3600
0.147,timeout,3600
0.149,timeout,3600
0.14500000000000002,unsat,2745.8625366687775
0.151,timeout,3600
0.157,timeout,3600
0.155,timeout,3600
0.159,unsat,3474.7728745937347
0.153,cancelled,15.340993642807007
0.161,unsat,3110.4123210906982
