epsilon,result,runtime
0.265,sat,25.097341537475586
0.133,sat,289.4121344089508
0.131,sat,307.5678985118866
0.063,unsat,2903.5316236019135
0.065,timeout,3600
0.097,timeout,3600
0.099,timeout,3600
0.095,unsat,3151.0255148410797
0.101,unsat,3172.713527917862
0.115,unsat,3410.500386953354
0.117,unsat,3373.224621295929
0.123,sat,1464.7489953041077
0.125,cancelled,898.2001593112946
0.121,timeout,3600
0.11900000000000001,timeout,3600
