epsilon,result,runtime
0.265,sat,4.442286014556885
0.133,sat,4.446592807769775
0.131,sat,4.441930532455444
0.065,sat,17.857523202896118
0.063,sat,20.686931371688843
0.029,unsat,3345.5116555690765
0.047,sat,44.14633536338806
0.039,sat,54.69076919555664
0.031,unsat,3510.9016819000244
0.035,sat,123.81954908370972
0.033,sat,163.73635864257812
