epsilon,result,runtime
0.265,sat,44.51821970939636
0.133,timeout,3600
0.131,timeout,3600
0.129,unsat,3059.0181777477264
0.199,sat,522.357711315155
0.135,timeout,3600
0.167,timeout,3600
0.165,timeout,3600
0.169,unsat,2700.621520757675
0.163,cancelled,2656.774589538574
0.187,sat,480.3887701034546
0.179,timeout,3600
0.177,timeout,3600
0.17500000000000002,unsat,3167.682806491852
0.181,timeout,3600
0.183,sat,1429.6954653263092
0.185,cancelled,541.0549414157867
