epsilon,result,runtime
0.133,sat,4.408356666564941
0.265,cancelled,8.871792316436768
0.08700000000000001,sat,7.9754798412323
0.043000000000000003,unsat,3398.7193903923035
0.041,cancelled,3391.3007793426514
0.07100000000000001,timeout,3600
0.057,timeout,3600
0.065,timeout,3600
0.063,timeout,3600
0.061,unsat,3174.301753282547
0.077,sat,113.05562233924866
0.07300000000000001,sat,119.36576223373413
0.067,timeout,3600
0.069,unsat,3548.6310229301453
