epsilon,result,runtime
0.265,sat,5.991868019104004
0.131,unsat,3144.874183177948
0.133,unsat,3188.26580119133
0.199,sat,97.01305723190308
0.197,sat,75.99762892723083
0.165,unsat,3126.1347332000732
0.163,cancelled,3123.9098312854767
0.185,sat,104.16053128242493
0.17500000000000002,sat,159.4532561302185
0.17300000000000001,sat,116.57483410835266
0.169,sat,2104.215308189392
0.167,sat,2759.8113062381744
