epsilon,result,runtime
0.265,sat,28.536301612854004
0.131,unsat,2933.14764213562
0.133,unsat,2988.4916982650757
0.199,sat,27.131560564041138
0.197,sat,30.09709668159485
0.165,sat,1498.7221508026123
0.163,sat,2376.8289239406586
0.147,unsat,3163.4888644218445
0.149,unsat,3226.9437193870544
0.155,sat,2199.644764661789
0.157,cancelled,1280.2192649841309
0.151,unsat,2879.586080789566
0.153,unsat,2973.1865582466125
