epsilon,result,runtime
0.265,sat,22.50587773323059
0.133,sat,32.081326484680176
0.131,sat,35.04512286186218
0.065,sat,482.03585934638977
0.063,sat,1143.5138120651245
0.031,unsat,2891.683973789215
0.029,cancelled,2211.5074367523193
0.041,unsat,3366.9599208831787
0.051000000000000004,timeout,3600
0.053000000000000005,unsat,3345.882784128189
0.049,cancelled,3147.9675300121307
0.059000000000000004,timeout,3600
0.057,timeout,3600
0.055,unsat,3327.048499584198
0.061,timeout,3600
