epsilon,result,runtime
0.265,sat,40.629621267318726
0.133,unsat,3308.2116405963898
0.131,cancelled,3268.157021522522
0.219,sat,850.9604353904724
0.177,unsat,3363.5381469726562
0.17500000000000002,cancelled,2513.279376745224
0.203,unsat,3248.9913969039917
0.191,cancelled,3264.787549972534
0.213,timeout,3600
0.20900000000000002,timeout,3600
0.211,timeout,3600
0.20700000000000002,timeout,3600
0.215,sat,925.5875947475433
0.20500000000000002,unsat,3162.6206996440887
