epsilon,result,runtime
0.265,sat,41.418391704559326
0.133,timeout,3600
0.131,timeout,3600
0.129,unsat,2975.622354745865
0.199,sat,34.77855944633484
0.167,sat,241.38240694999695
0.135,timeout,3600
0.151,sat,997.902670621872
0.149,sat,999.7426400184631
0.14100000000000001,unsat,2969.8211562633514
0.14300000000000002,timeout,3600
0.147,sat,979.2769277095795
0.14500000000000002,timeout,3600
