epsilon,result,runtime
0.265,sat,22.290074110031128
0.133,sat,29.520777940750122
0.131,sat,29.498630046844482
0.065,timeout,3600
0.063,timeout,3600
0.067,unsat,3233.788158416748
0.061,cancelled,3220.0745956897736
0.109,sat,121.70392751693726
0.089,sat,702.9217581748962
0.08700000000000001,sat,669.3406362533569
0.077,sat,1291.306643486023
0.075,sat,1421.2188830375671
0.07100000000000001,sat,1695.6531019210815
0.069,timeout,3600
