epsilon,result,runtime
0.265,sat,19.56164264678955
0.133,timeout,3600
0.131,timeout,3600
0.129,unsat,2728.1826610565186
0.135,unsat,2796.0541813373566
0.199,sat,468.48107504844666
0.201,cancelled,391.71023201942444
0.177,sat,438.3169801235199
0.157,sat,548.5579969882965
0.155,sat,855.1943359375
0.14500000000000002,unsat,2943.428160429001
0.14300000000000002,cancelled,2198.7650735378265
0.151,sat,618.440337896347
0.149,unsat,2856.6341228485107
0.147,cancelled,2238.769881248474
