epsilon,result,runtime
0.265,sat,38.30159950256348
0.133,unsat,3447.6254093647003
0.131,cancelled,3409.930052757263
0.219,sat,137.88301467895508
0.177,unsat,3236.3215363025665
0.17500000000000002,cancelled,3098.9924058914185
0.203,sat,441.54445719718933
0.189,unsat,2598.500588655472
0.191,unsat,3531.24609208107
0.197,unsat,2636.23117518425
0.195,cancelled,2173.7026822566986
0.201,sat,443.37246656417847
0.199,sat,2425.139105796814
