epsilon,result,runtime
0.265,sat,27.927010536193848
0.133,sat,488.9914665222168
0.131,sat,507.2581424713135
0.065,unsat,3102.8843133449554
0.063,cancelled,3067.231504201889
0.107,timeout,3600
0.08700000000000001,timeout,3600
0.099,unsat,2475.15630030632
0.097,cancelled,2497.053031682968
0.11900000000000001,sat,443.9541277885437
0.111,unsat,3142.0305366516113
0.109,cancelled,2698.7671892642975
0.115,sat,389.9837851524353
0.113,unsat,2828.756366968155
