epsilon,result,runtime
0.265,sat,32.383086919784546
0.133,unsat,3050.312611103058
0.131,cancelled,3019.389432668686
0.219,sat,667.3213233947754
0.177,timeout,3600
0.17500000000000002,timeout,3600
0.179,unsat,2712.0956621170044
0.17300000000000001,cancelled,3411.828001499176
0.20500000000000002,sat,562.9004528522491
0.193,timeout,3600
0.191,timeout,3600
0.195,sat,1774.4215958118439
0.189,unsat,2717.920009613037
0.183,cancelled,363.3021140098572
