epsilon,result,runtime
0.265,sat,16.487939596176147
0.131,unsat,2975.1480824947357
0.199,sat,36.53910493850708
0.133,timeout,3600
0.167,sat,515.6490595340729
0.165,timeout,3600
0.149,unsat,3216.97034740448
0.147,cancelled,708.9076642990112
0.159,unsat,3009.100138902664
0.155,cancelled,3027.8444197177887
0.163,unsat,3525.164388895035
0.161,cancelled,3548.5155668258667
