epsilon,result,runtime
0.265,sat,25.860793113708496
0.133,timeout,3600
0.131,timeout,3600
0.129,unsat,2692.969072341919
0.199,sat,37.267629861831665
0.167,sat,488.63920736312866
0.135,timeout,3600
0.151,unsat,2902.3657097816467
0.149,cancelled,2612.7379927635193
0.157,timeout,3600
0.161,timeout,3600
0.159,timeout,3600
0.155,timeout,3600
0.163,unsat,3013.0590555667877
0.153,cancelled,3025.3911402225494
0.165,sat,395.566068649292
