epsilon,result,runtime
0.265,sat,4.495868921279907
0.131,unsat,3318.6911442279816
0.199,sat,200.7918975353241
0.133,unsat,3550.7637412548065
0.167,unsat,3137.1266667842865
0.165,cancelled,3158.3100695610046
0.187,unsat,3427.8084440231323
0.177,cancelled,3434.3942351341248
0.193,sat,2140.598160505295
0.191,sat,2657.7585020065308
0.189,unsat,3240.4172024726868
