epsilon,result,runtime
0.265,sat,37.87566781044006
0.133,unsat,3463.6352393627167
0.131,cancelled,3426.250026702881
0.219,sat,394.67260909080505
0.177,sat,420.31071043014526
0.17500000000000002,sat,434.99577593803406
0.153,unsat,3028.639123439789
0.155,unsat,2953.303923368454
0.165,unsat,2862.9505684375763
0.163,cancelled,2534.3397319316864
0.171,sat,454.7744925022125
0.169,sat,466.18125772476196
0.167,sat,1813.0458211898804
