epsilon,result,runtime
0.265,sat,32.8144428730011
0.133,unsat,3548.4258484840393
0.131,cancelled,3515.990644931793
0.219,sat,40.655529737472534
0.177,sat,2183.580943107605
0.17500000000000002,unsat,2837.372787475586
0.153,cancelled,706.5103733539581
