epsilon,result,runtime
0.265,sat,25.872864246368408
0.131,sat,1480.7903065681458
0.133,cancelled,1523.3454570770264
0.085,unsat,3093.898767232895
0.043000000000000003,cancelled,3108.5197353363037
0.115,unsat,2902.089118719101
0.101,cancelled,2920.120310306549
0.125,timeout,3600
0.121,timeout,3600
0.123,unsat,3445.799937725067
0.11900000000000001,cancelled,3459.688591003418
0.129,sat,1820.5988864898682
0.127,timeout,3600
