epsilon,result,runtime
0.265,sat,35.31917667388916
0.133,unsat,3333.809385061264
0.131,cancelled,3298.9582917690277
0.219,sat,583.6889088153839
0.177,unsat,3108.6646094322205
0.17500000000000002,cancelled,2525.919371843338
0.203,sat,1653.2230253219604
0.191,timeout,3600
0.189,timeout,3600
0.187,timeout,3600
0.193,unsat,2734.073821783066
0.185,cancelled,821.4007444381714
0.197,timeout,3600
0.199,timeout,3600
0.201,sat,2262.712523460388
0.195,timeout,3600
