epsilon,result,runtime
0.265,sat,2.7953436374664307
0.133,sat,5.190216541290283
0.131,sat,5.21477746963501
0.065,sat,16.12835144996643
0.063,sat,26.091477155685425
0.029,unsat,3378.302003622055
0.031,unsat,3470.3884797096252
0.045,unsat,3273.4772787094116
0.047,timeout,3600
0.055,unsat,3297.4739105701447
0.053000000000000005,cancelled,3055.307419538498
0.059000000000000004,unsat,3481.7774057388306
0.057,cancelled,3485.7431955337524
0.061,sat,32.38220739364624
