epsilon,result,runtime
0.265,sat,2.8451457023620605
0.133,sat,2.8397185802459717
0.131,sat,2.647404670715332
0.065,sat,7.57268500328064
0.063,sat,8.025092124938965
0.029,unsat,3464.0149009227753
0.047,sat,21.663885354995728
0.031,unsat,3583.6062762737274
0.039,unsat,3342.7850844860077
0.037000000000000005,cancelled,3259.3503637313843
0.043000000000000003,sat,87.97868514060974
0.041,sat,90.4341197013855
