epsilon,result,runtime
0.265,sat,3.1840333938598633
0.133,sat,3.9549779891967773
0.131,sat,3.946913719177246
0.065,unsat,3341.3472442626953
0.063,cancelled,3338.3402931690216
0.107,sat,3.347780704498291
0.08700000000000001,sat,31.71582341194153
0.085,sat,24.489988803863525
0.075,sat,34.38062238693237
0.07300000000000001,sat,37.227851152420044
0.069,sat,30.345178604125977
0.067,sat,42.06440496444702
