epsilon,result,runtime
0.265,sat,2.3074264526367188
0.133,sat,2.770264148712158
0.131,sat,2.761380434036255
0.065,unsat,2447.7880859375
0.063,cancelled,2445.6750750541687
0.107,sat,7.858131647109985
0.08700000000000001,unsat,2768.7154071331024
0.085,cancelled,2760.8935313224792
0.099,sat,16.01300549507141
0.093,unsat,2975.225402355194
0.091,cancelled,2959.245614051819
0.097,sat,16.891925573349
0.095,unsat,3546.2803225517273
