epsilon,result,runtime
0.265,sat,2.583369255065918
0.133,sat,2.692091941833496
0.131,sat,2.3488945960998535
0.065,unsat,3269.574610233307
0.063,cancelled,3267.494218826294
0.107,sat,4.508909702301025
0.085,sat,31.49554944038391
0.08700000000000001,cancelled,43.30843234062195
0.077,unsat,2742.9633791446686
0.07100000000000001,cancelled,2746.726815223694
0.081,unsat,3234.3761506080627
0.079,cancelled,3238.068481206894
0.083,sat,77.43130326271057
