epsilon,result,runtime
0.265,sat,3.2071056365966797
0.133,sat,21.2766592502594
0.131,sat,20.943304538726807
0.063,unsat,3451.117060661316
0.065,unsat,3520.4019389152527
0.099,sat,28.638140201568604
0.097,sat,167.89192605018616
0.081,unsat,3384.2015051841736
0.079,cancelled,3310.68265914917
0.08700000000000001,unsat,3390.5623292922974
0.091,timeout,3600
0.093,timeout,3600
0.089,timeout,3600
0.095,unsat,3574.0109252929688
