epsilon,result,runtime
0.265,sat,2.9481141567230225
0.133,sat,4.543416500091553
0.131,sat,1.8551716804504395
0.065,unsat,3085.569407224655
0.063,cancelled,3085.740072965622
0.08700000000000001,sat,15.976499080657959
0.107,cancelled,19.400383472442627
0.079,sat,29.579611778259277
0.07300000000000001,unsat,3352.5481264591217
0.07100000000000001,cancelled,3323.1921770572662
0.077,sat,49.8451828956604
0.075,sat,53.93573617935181
