epsilon,result,runtime
0.265,sat,2.8351540565490723
0.133,sat,2.8181729316711426
0.131,sat,3.8109147548675537
0.065,sat,29.950324058532715
0.063,sat,23.570369243621826
0.029,unsat,3466.517072916031
0.031,timeout,3600
0.047,unsat,3510.72038936615
0.045,cancelled,3387.1835792064667
0.057,sat,293.7568552494049
0.053000000000000005,unsat,3454.9117600917816
0.051000000000000004,cancelled,3161.193679332733
0.055,sat,169.2678029537201
