epsilon,result,runtime
0.265,sat,5.715782165527344
0.133,sat,5.742592096328735
0.131,sat,5.765144109725952
0.065,unsat,3405.1155395507812
0.063,cancelled,3399.464403152466
0.107,sat,5.65246844291687
0.08700000000000001,sat,17.39023494720459
0.085,sat,109.73057389259338
0.075,unsat,3314.5251755714417
0.07300000000000001,cancelled,3216.210460424423
0.079,timeout,3600
0.081,timeout,3600
0.077,unsat,3428.062651872635
0.083,unsat,3441.959272146225
