epsilon,result,runtime
0.265,sat,1.9706857204437256
0.133,sat,2.4643161296844482
0.131,sat,2.4164721965789795
0.063,unsat,3060.0570464134216
0.065,unsat,3196.3793108463287
0.097,unsat,2772.6442861557007
0.115,sat,13.390605688095093
0.107,sat,13.204187154769897
0.10300000000000001,sat,83.27516603469849
0.099,unsat,2818.8318631649017
0.101,unsat,3552.080183506012
