epsilon,result,runtime
0.265,sat,2.7400050163269043
0.133,sat,5.109426021575928
0.131,sat,1.954796314239502
0.063,unsat,2670.0296177864075
0.097,sat,28.63266658782959
0.065,unsat,3042.5338673591614
0.081,unsat,3369.7676799297333
0.079,cancelled,3035.5649602413177
0.091,timeout,3600
0.08700000000000001,timeout,3600
0.093,unsat,2806.2534551620483
0.085,cancelled,2811.088132381439
0.095,unsat,3555.5932142734528
