epsilon,result,runtime
0.265,sat,2.9261996746063232
0.133,sat,5.906445741653442
0.131,sat,7.514424800872803
0.065,unsat,3583.5155930519104
0.063,cancelled,3578.9825460910797
0.107,sat,23.582013368606567
0.08700000000000001,sat,31.591647624969482
0.085,sat,31.491498470306396
0.075,unsat,3044.6097424030304
0.07300000000000001,cancelled,3021.0648579597473
0.081,unsat,3071.696251153946
0.079,cancelled,3075.1803567409515
0.083,sat,22.039705276489258
