epsilon,result,runtime
0.265,sat,4.481079578399658
0.133,sat,7.110382556915283
0.131,sat,7.58904242515564
0.065,unsat,3369.270596265793
0.063,cancelled,3364.718285560608
0.107,sat,29.76245379447937
0.08700000000000001,sat,50.696194648742676
0.085,sat,42.69094777107239
0.07300000000000001,unsat,3486.438301086426
0.075,timeout,3600
0.079,sat,142.5573661327362
0.081,cancelled,63.51435732841492
0.077,unsat,3559.589779138565
