epsilon,result,runtime
0.265,sat,3.352242946624756
0.133,sat,4.3425397872924805
0.131,sat,4.154574871063232
0.065,sat,6.989496231079102
0.063,sat,8.355170249938965
0.031,unsat,2666.0122122764587
0.029,cancelled,2661.012890100479
0.051000000000000004,sat,22.888214111328125
0.041,sat,28.879770755767822
0.039,sat,48.577531576156616
0.033,unsat,3137.4472420215607
0.035,timeout,3600
0.037000000000000005,sat,477.65874314308167
