epsilon,result,runtime
0.133,sat,2.621039628982544
0.265,cancelled,5.550809621810913
0.08700000000000001,unsat,3221.6686701774597
0.043000000000000003,cancelled,3224.841454267502
0.10300000000000001,sat,25.820465326309204
0.117,cancelled,29.64209008216858
0.093,unsat,3373.7295200824738
0.097,unsat,3405.9668521881104
0.101,sat,234.64313220977783
0.099,unsat,3572.284210205078
