epsilon,result,runtime
0.133,sat,4.72008490562439
0.265,cancelled,7.833977460861206
0.265,sat,4.7426581382751465
0.08700000000000001,sat,4.692458152770996
0.041,unsat,3330.168127298355
0.043000000000000003,unsat,3483.5064129829407
0.063,unsat,2994.91379404068
0.065,unsat,3407.6789045333862
0.075,timeout,3600
0.077,timeout,3600
0.079,sat,105.50546669960022
0.07300000000000001,unsat,3512.690737247467
0.069,cancelled,3137.263913869858
