epsilon,result,runtime
0.265,sat,2.057326555252075
0.133,sat,2.52323055267334
0.131,sat,3.592271327972412
0.065,sat,14.293054103851318
0.063,sat,105.55460524559021
0.031,unsat,3438.808051109314
0.029,cancelled,3344.960695505142
0.051000000000000004,unsat,3461.458817958832
0.041,cancelled,3464.836963891983
0.057,unsat,3330.928399324417
0.055,cancelled,3334.872410058975
0.061,sat,596.3944823741913
0.059000000000000004,unsat,3562.8592944145203
