epsilon,result,runtime
0.265,sat,1.9448280334472656
0.133,sat,2.0298619270324707
0.131,sat,1.9422242641448975
0.065,sat,3.92926287651062
0.063,sat,42.18953847885132
0.031,unsat,3296.1746187210083
0.029,cancelled,3255.7959055900574
0.041,unsat,2380.3303921222687
0.051000000000000004,unsat,2966.999094247818
0.057,unsat,2966.166386127472
0.053000000000000005,cancelled,3556.7227613925934
0.061,sat,77.11512565612793
0.059000000000000004,unsat,3380.2477271556854
