epsilon,result,runtime
0.265,sat,2.6447410583496094
0.133,sat,6.423815488815308
0.131,sat,9.130244970321655
0.063,unsat,3035.267602443695
0.097,sat,19.593342781066895
0.065,unsat,3576.2415614128113
0.081,unsat,2798.296407222748
0.079,cancelled,2291.8251836299896
0.091,sat,35.14912533760071
0.08700000000000001,sat,35.12847352027893
0.085,sat,41.515514850616455
0.083,sat,520.4739673137665
