epsilon,result,runtime
0.265,sat,4.207660913467407
0.133,sat,5.099774360656738
0.131,sat,5.024890184402466
0.065,sat,26.81093978881836
0.063,sat,30.50649857521057
0.029,unsat,3326.490031003952
0.047,sat,21.00025963783264
0.031,unsat,3445.2889075279236
0.039,unsat,3294.1502437591553
0.037000000000000005,cancelled,3214.794124364853
0.043000000000000003,sat,89.16403341293335
0.041,sat,274.57409048080444
