epsilon,result,runtime
0.133,sat,4.553704261779785
0.265,cancelled,7.800005674362183
0.08700000000000001,sat,5.212228298187256
0.043000000000000003,sat,14.019336700439453
0.041,sat,42.87697434425354
0.021,unsat,3474.872711420059
0.019000000000000003,cancelled,3517.516062259674
0.033,sat,1393.5990977287292
0.027000000000000003,timeout,3600
0.025,unsat,3416.72980427742
0.029,unsat,3418.2133491039276
0.031,unsat,3579.4475948810577
