epsilon,result,runtime
0.265,sat,4.725215435028076
0.133,sat,13.387887716293335
0.131,sat,13.79531478881836
0.065,unsat,3401.3258624076843
0.063,cancelled,3396.496255159378
0.107,sat,15.852712631225586
0.08700000000000001,sat,15.988924980163574
0.085,sat,15.844719648361206
0.075,sat,26.641833782196045
0.069,unsat,3122.1455051898956
0.07300000000000001,timeout,3600
0.07100000000000001,unsat,3588.4821105003357
