epsilon,result,runtime
0.265,sat,3.7763209342956543
0.133,sat,3.7790729999542236
0.131,sat,3.7024080753326416
0.063,unsat,3035.6383950710297
0.097,sat,3.7316579818725586
0.081,sat,21.209447383880615
0.065,unsat,3140.553913831711
0.07100000000000001,unsat,3432.23166847229
0.07300000000000001,timeout,3600
0.077,timeout,3600
0.075,unsat,3593.706837415695
0.079,unsat,3589.780457496643
