epsilon,result,runtime
0.133,sat,4.456756114959717
0.265,cancelled,7.4897027015686035
0.08700000000000001,sat,3.6709418296813965
0.043000000000000003,sat,4.463953256607056
0.041,sat,4.2798011302948
0.019000000000000003,unsat,6.322178840637207
0.031,sat,31.928556203842163
0.021,unsat,73.71857380867004
0.025,unsat,2209.2289984226227
0.029,sat,137.77707266807556
0.027000000000000003,unsat,3593.755880832672
