epsilon,result,runtime
0.265,sat,2.5321578979492188
0.133,sat,2.566802740097046
0.131,sat,2.6676864624023438
0.065,sat,2.596681594848633
0.063,sat,2.7471232414245605
0.029,unsat,4.6549577713012695
0.031,unsat,74.39106965065002
0.045,unsat,3059.8924264907837
0.055,sat,51.952412366867065
0.047,unsat,3312.8260288238525
0.049,unsat,2836.479291677475
0.051000000000000004,unsat,3082.7760224342346
0.053000000000000005,unsat,3580.8592660427094
