epsilon,result,runtime
0.133,sat,1.9722363948822021
0.265,cancelled,5.067389488220215
0.265,sat,2.0069897174835205
0.043000000000000003,sat,1.7576031684875488
0.08700000000000001,cancelled,4.561696767807007
0.013000000000000001,sat,2.0399394035339355
0.027000000000000003,cancelled,4.731203556060791
0.003,unsat,1.554948329925537
0.007,unsat,39.95194411277771
0.011,sat,4.163545846939087
0.009000000000000001,unsat,152.7346546649933
