epsilon,result,runtime
0.265,sat,1.6319549083709717
0.133,sat,2.0021626949310303
0.131,sat,2.0859124660491943
0.065,unsat,3309.0785048007965
0.063,cancelled,3307.330102443695
0.107,sat,5.751553773880005
0.08700000000000001,sat,17.677661657333374
0.085,sat,37.56087398529053
0.075,unsat,3321.1618225574493
0.07300000000000001,cancelled,3295.1412830352783
0.081,sat,49.59197115898132
0.079,sat,459.70191764831543
0.077,unsat,3477.1862828731537
