epsilon,result,runtime
0.133,sat,5.75675106048584
0.265,cancelled,9.566160202026367
0.08700000000000001,sat,5.775268077850342
0.043000000000000003,unsat,2729.315848350525
0.041,cancelled,2723.56049656868
0.057,unsat,3393.3849415779114
0.07100000000000001,unsat,3405.530643939972
0.079,sat,36.7985622882843
0.07300000000000001,timeout,3600
0.075,timeout,3600
0.077,sat,64.64178371429443
