epsilon,result,runtime
0.265,sat,3.3371660709381104
0.133,sat,8.735668659210205
0.131,sat,2.7552783489227295
0.065,sat,313.0792965888977
0.063,timeout,3600
0.031,unsat,3361.3722875118256
0.029,cancelled,81.00902056694031
0.041,unsat,3105.772469997406
0.051000000000000004,timeout,3600
0.053000000000000005,unsat,3415.2012310028076
0.049,cancelled,2929.5707020759583
0.059000000000000004,unsat,3040.4225232601166
0.057,cancelled,3043.807873249054
0.061,unsat,3583.6291975975037
