epsilon,result,runtime
0.265,sat,3.366542339324951
0.133,sat,22.45179843902588
0.131,sat,22.405512809753418
0.065,sat,3.9625861644744873
0.031,unsat,3433.4867017269135
0.063,unsat,3523.155163526535
0.047,cancelled,88.93380498886108
