epsilon,result,runtime
0.133,sat,4.591319561004639
0.265,cancelled,7.835742950439453
0.043000000000000003,unsat,2759.557886838913
0.08700000000000001,unsat,3423.1004362106323
0.111,sat,2.7750284671783447
0.099,sat,28.42462944984436
0.089,unsat,2833.3186230659485
0.095,sat,34.089335441589355
0.093,unsat,2848.7057218551636
0.091,cancelled,677.2220566272736
