epsilon,result,runtime
0.265,sat,4.036847114562988
0.133,sat,22.941951513290405
0.131,sat,23.812955617904663
0.063,unsat,3255.2774081230164
0.097,sat,38.13696622848511
0.065,timeout,3600
0.081,unsat,3252.4226655960083
0.079,cancelled,2966.2722635269165
0.091,sat,2106.2824292182922
0.08700000000000001,unsat,3076.9206993579865
0.085,cancelled,970.5400497913361
0.089,unsat,3374.9550364017487
