epsilon,result,runtime
0.265,sat,2.782402753829956
0.133,sat,4.573632001876831
0.131,sat,2.0419416427612305
0.063,unsat,3511.3396208286285
0.097,sat,8.877848625183105
0.065,timeout,3600
0.081,unsat,2871.217116832733
0.079,cancelled,2804.697846889496
0.091,sat,34.18046689033508
0.08700000000000001,sat,45.14423847198486
0.085,sat,39.155007123947144
0.083,unsat,3558.9207632541656
