epsilon,result,runtime
0.265,sat,2.8287224769592285
0.133,sat,15.046761751174927
0.131,sat,27.6496319770813
0.063,unsat,3197.8950295448303
0.065,unsat,3218.4590079784393
0.097,sat,28.537200212478638
0.099,cancelled,29.583299160003662
0.085,sat,53.704997301101685
0.075,sat,57.825589179992676
0.069,sat,226.1812961101532
0.07300000000000001,cancelled,233.59917378425598
0.067,sat,940.3084926605225
