epsilon,result,runtime
0.265,sat,2.1021885871887207
0.133,sat,3.48042631149292
0.131,sat,8.225821256637573
0.065,sat,706.6151180267334
0.031,unsat,342.1674168109894
0.063,unsat,2794.6630098819733
0.047,cancelled,1752.4454762935638
