epsilon,result,runtime
0.265,sat,2.6701066493988037
0.133,sat,5.134323596954346
0.131,sat,2.0541319847106934
0.065,unsat,2771.8950910568237
0.063,cancelled,2772.4298746585846
0.107,sat,22.859106063842773
0.08700000000000001,sat,49.47072720527649
0.085,sat,31.194187879562378
0.075,unsat,3024.6109025478363
0.07300000000000001,cancelled,3020.06826877594
0.081,sat,81.98123383522034
0.079,unsat,3261.6800622940063
0.077,cancelled,3179.7911920547485
