epsilon,result,runtime
0.265,sat,3.3134326934814453
0.133,sat,3.3233766555786133
0.131,sat,3.253453254699707
0.065,sat,11.951757192611694
0.063,sat,13.37835144996643
0.029,unsat,3494.938287258148
0.047,sat,13.062397003173828
0.031,timeout,3600
0.039,timeout,3600
0.037000000000000005,timeout,3600
0.041,unsat,3092.2466464042664
0.035,cancelled,3022.6104917526245
0.045,sat,27.699236154556274
0.043000000000000003,sat,46.92804837226868
