epsilon,result,runtime
0.133,sat,2.6949548721313477
0.265,cancelled,5.5957252979278564
0.08700000000000001,sat,2.6825454235076904
0.041,unsat,3498.241058111191
0.043000000000000003,unsat,3506.254186153412
0.065,unsat,2947.2224361896515
0.063,cancelled,2948.0758924484253
0.079,sat,4.5555830001831055
0.07300000000000001,sat,4.603531837463379
0.07100000000000001,sat,4.49858832359314
0.069,sat,70.58132481575012
0.067,unsat,3562.3797857761383
