epsilon,result,runtime
0.265,sat,3.433633804321289
0.133,sat,4.397791147232056
0.131,sat,4.183180093765259
0.065,sat,21.91644310951233
0.063,sat,21.257730960845947
0.031,unsat,3432.664927005768
0.029,cancelled,3430.8042936325073
0.051000000000000004,sat,48.04113483428955
0.041,unsat,3011.630475997925
0.039,cancelled,2963.7046966552734
0.047,unsat,3359.6737427711487
0.045,cancelled,3363.0594720840454
0.049,sat,792.4175424575806
