epsilon,result,runtime
0.265,sat,2.6932389736175537
0.133,sat,4.830686569213867
0.131,sat,1.0281991958618164
0.065,unsat,3029.989725589752
0.063,cancelled,3031.101570367813
0.08700000000000001,sat,18.727505683898926
0.107,cancelled,22.377512216567993
0.07300000000000001,unsat,2764.9647352695465
0.079,unsat,3410.745487689972
0.081,unsat,3407.9063580036163
0.085,sat,11.043458938598633
0.083,unsat,3519.183665037155
