epsilon,result,runtime
0.265,sat,2.839132070541382
0.133,sat,16.36983036994934
0.131,sat,15.922608137130737
0.065,unsat,3316.760641813278
0.063,cancelled,3314.192188024521
0.08700000000000001,sat,26.129170417785645
0.107,cancelled,29.851924419403076
0.079,sat,279.92339062690735
0.07300000000000001,unsat,3286.6380999088287
0.07100000000000001,cancelled,3006.976927757263
0.077,unsat,3262.098980665207
0.075,cancelled,3266.044806241989
