epsilon,result,runtime
0.133,sat,2.5589606761932373
0.265,cancelled,5.524734258651733
0.043000000000000003,unsat,1.5273785591125488
0.08700000000000001,unsat,3138.146874189377
0.111,sat,2.6590054035186768
0.099,sat,10.453654289245605
0.089,unsat,3179.629217863083
0.095,sat,42.684534549713135
0.093,sat,130.39918160438538
0.091,unsat,3577.2499697208405
