epsilon,result,runtime
0.265,sat,3.379765033721924
0.133,sat,4.149795770645142
0.131,sat,4.069278955459595
0.065,sat,26.824339151382446
0.063,sat,24.015347719192505
0.031,unsat,3484.436401605606
0.029,cancelled,3484.0727672576904
0.051000000000000004,sat,150.37613701820374
0.041,unsat,3293.7165262699127
0.039,cancelled,3143.4167304039
0.045,unsat,3410.2775824069977
0.047,unsat,3478.15763258934
0.049,sat,67.74783325195312
