epsilon,result,runtime
0.133,sat,2.4233381748199463
0.265,cancelled,5.364945888519287
0.08700000000000001,sat,2.6903679370880127
0.041,unsat,3338.8433282375336
0.043000000000000003,timeout,3600
0.065,unsat,3383.2329201698303
0.063,cancelled,3134.3542833328247
0.079,sat,4.562012672424316
0.07300000000000001,sat,1715.9963853359222
0.07100000000000001,unsat,2891.993677139282
0.067,cancelled,1184.620323896408
