epsilon,result,runtime
0.133,sat,1.946866512298584
0.265,cancelled,4.929516553878784
0.08700000000000001,sat,3.932722568511963
0.043000000000000003,sat,5.884186744689941
0.041,sat,0.9525942802429199
0.019000000000000003,unsat,7.368957996368408
0.021,unsat,3355.1480581760406
0.031,timeout,3600
0.029,unsat,2925.2344398498535
0.033,unsat,3422.1914098262787
0.037000000000000005,timeout,3600
0.035,unsat,3047.035734653473
0.039,sat,381.5261855125427
