epsilon,result,runtime
0.265,sat,1.8865349292755127
0.133,sat,3.7398011684417725
0.131,sat,1.4360263347625732
0.063,unsat,2765.5188574790955
0.065,unsat,3404.8256266117096
0.097,unsat,2980.9364845752716
0.115,sat,11.681556463241577
0.107,sat,13.783258438110352
0.10300000000000001,sat,20.881974458694458
0.101,sat,89.87063384056091
0.099,unsat,3596.0033326148987
