epsilon,result,runtime
0.133,sat,2.7958052158355713
0.265,cancelled,5.804757356643677
0.08700000000000001,sat,13.875113248825073
0.043000000000000003,unsat,3269.4056525230408
0.041,cancelled,3255.624913215637
0.07100000000000001,sat,28.55666446685791
0.055,unsat,3348.898036003113
0.063,sat,23.945473670959473
0.059000000000000004,sat,37.14318108558655
0.057,unsat,3510.5096838474274
