epsilon,result,runtime
0.265,sat,2.0006625652313232
0.133,sat,2.456209897994995
0.131,sat,2.8129584789276123
0.065,sat,4.1606080532073975
0.063,sat,1.81195068359375
0.031,unsat,3123.0588183403015
0.029,cancelled,3122.794499397278
0.051000000000000004,sat,23.184302806854248
0.039,unsat,3179.767554283142
0.045,sat,22.46229076385498
0.041,unsat,3321.2430849075317
0.043000000000000003,unsat,3585.4310908317566
