epsilon,result,runtime
0.265,sat,3.0183262825012207
0.133,sat,3.151398181915283
0.131,sat,3.2769734859466553
0.065,sat,4.009111642837524
0.063,sat,3.5443451404571533
0.031,sat,2.8440043926239014
0.029,sat,2.9149057865142822
0.013000000000000001,sat,3.7783243656158447
0.015,cancelled,1.728367805480957
0.003,unsat,3.6543917655944824
0.007,unsat,14.762099266052246
0.009000000000000001,unsat,89.35265064239502
0.011,unsat,2286.838232278824
