epsilon,result,runtime
0.265,sat,9.062647342681885
0.133,sat,15.39850902557373
0.131,sat,13.647845268249512
0.063,unsat,2749.3659698963165
0.065,unsat,3298.4195790290833
0.099,sat,46.343645334243774
0.097,unsat,2930.6433675289154
0.081,cancelled,2347.1719830036163
