epsilon,result,runtime
0.265,sat,3.4453835487365723
0.133,sat,21.59825873374939
0.131,sat,21.434109687805176
0.065,timeout,3600
0.063,timeout,3600
0.061,unsat,3495.950133562088
0.067,timeout,3600
0.099,unsat,3086.17760181427
0.097,cancelled,2997.575152873993
0.11900000000000001,sat,128.47819781303406
0.109,unsat,3308.8138971328735
0.107,cancelled,3180.4294772148132
0.115,sat,42.16957974433899
0.113,unsat,3134.632099866867
0.111,cancelled,3092.533117055893
