epsilon,result,runtime
0.133,sat,2.7900407314300537
0.265,cancelled,5.566856384277344
0.08700000000000001,unsat,2889.819488763809
0.043000000000000003,cancelled,2892.9519793987274
0.117,sat,4.549186706542969
0.101,unsat,2735.9678568840027
0.109,sat,25.321157932281494
0.10300000000000001,unsat,3209.642156124115
0.107,sat,23.787778615951538
0.10500000000000001,unsat,3569.537903547287
