epsilon,result,runtime
0.265,sat,4.464520215988159
0.133,sat,4.449097633361816
0.131,sat,4.534061670303345
0.063,unsat,3377.976998567581
0.097,sat,2.6397857666015625
0.081,sat,2.698974609375
0.065,unsat,3519.1365785598755
0.07300000000000001,unsat,3435.6003375053406
0.07100000000000001,cancelled,3316.996054172516
0.077,sat,4.381666421890259
0.075,unsat,3570.403668165207
