epsilon,result,runtime
0.265,sat,6.152400016784668
0.133,sat,47.58302569389343
0.131,sat,49.644221782684326
0.063,unsat,3354.6030144691467
0.065,unsat,3522.0835440158844
0.097,unsat,3333.909462928772
0.115,sat,84.91651511192322
0.107,sat,84.29581761360168
0.10300000000000001,sat,81.57529044151306
0.101,sat,43.7108519077301
0.099,unsat,3509.267716407776
