epsilon,result,runtime
0.265,sat,4.4501049518585205
0.131,unsat,2662.8174107074738
0.199,sat,8.108882665634155
0.165,sat,17.554946184158325
0.133,timeout,3600
0.149,timeout,3600
0.147,unsat,3332.9919736385345
0.157,sat,1096.1090474128723
0.153,sat,1640.8801984786987
0.151,unsat,3382.1329324245453
