epsilon,result,runtime
0.265,sat,2.1556389331817627
0.133,sat,4.246618270874023
0.131,sat,119.45210123062134
0.065,timeout,3600
0.063,timeout,3600
0.061,unsat,3155.8284962177277
0.067,timeout,3600
0.097,sat,721.9459900856018
0.099,cancelled,1043.8398177623749
0.085,unsat,3349.3026304244995
0.077,cancelled,3352.457233428955
0.091,timeout,3600
0.089,timeout,3600
0.093,unsat,3382.4105694293976
0.08700000000000001,cancelled,3386.798277616501
0.095,sat,631.8044717311859
