epsilon,result,runtime
0.265,sat,3.259735107421875
0.133,sat,4.0663487911224365
0.131,sat,4.218658685684204
0.065,unsat,3382.716761112213
0.063,cancelled,3379.1077840328217
0.107,sat,45.181493520736694
0.08700000000000001,unsat,3396.7784926891327
0.085,cancelled,3351.620998620987
0.099,unsat,3177.167953968048
0.093,cancelled,3181.0913622379303
0.10300000000000001,sat,220.7897515296936
0.101,unsat,3588.984262943268
