epsilon,result,runtime
0.265,sat,2.0369033813476562
0.133,sat,2.4745070934295654
0.131,sat,2.6597888469696045
0.065,sat,4.192220449447632
0.063,sat,1.3831605911254883
0.029,unsat,3419.9483761787415
0.047,sat,4.40782618522644
0.031,unsat,3438.1222422122955
0.037000000000000005,unsat,3144.8922131061554
0.039,unsat,3399.1179485321045
0.043000000000000003,sat,1418.7045130729675
0.041,unsat,3593.314624786377
