epsilon,result,runtime
0.265,sat,6.3445518016815186
0.133,sat,13.461227893829346
0.131,sat,11.846851110458374
0.065,sat,319.1429042816162
0.031,unsat,29.37777328491211
0.063,unsat,3423.000500202179
0.047,cancelled,3079.1743683815002
