epsilon,result,runtime
0.265,sat,3.366176128387451
0.133,sat,3.438504934310913
0.131,sat,3.330615282058716
0.065,sat,7.36411190032959
0.063,sat,7.579387664794922
0.029,unsat,3445.8648779392242
0.047,sat,15.796442031860352
0.039,sat,16.641879320144653
0.031,unsat,3493.7669911384583
0.035,sat,4.316211223602295
0.033,sat,3.7542572021484375
