epsilon,result,runtime
0.265,sat,1.9966416358947754
0.133,sat,2.5412299633026123
0.131,sat,2.38761830329895
0.065,sat,3.8599836826324463
0.063,sat,1.3472816944122314
0.031,unsat,3446.5987157821655
0.029,cancelled,3447.2567040920258
0.051000000000000004,sat,1262.9951379299164
0.041,timeout,3600
0.039,unsat,3351.4783272743225
0.047,sat,1419.8240768909454
0.043000000000000003,unsat,3406.763019323349
0.045,unsat,3569.1140110492706
