epsilon,result,runtime
0.133,sat,1.9857113361358643
0.265,cancelled,5.0281078815460205
0.08700000000000001,sat,63.027223110198975
0.043000000000000003,unsat,3479.4282562732697
0.041,cancelled,3416.587800502777
0.07100000000000001,unsat,2977.780101299286
0.057,cancelled,2981.394209384918
0.081,unsat,3470.425272464752
0.077,cancelled,3473.9830310344696
0.083,sat,85.75722289085388
0.085,cancelled,89.27613115310669
