epsilon,result,runtime
0.265,sat,2.8083956241607666
0.133,sat,4.452682971954346
0.131,sat,20.870637893676758
0.063,unsat,3260.493676662445
0.097,sat,27.161314487457275
0.065,unsat,3317.498877763748
0.079,unsat,3426.6358318328857
0.081,unsat,3438.30699968338
0.089,sat,16.001233100891113
0.08700000000000001,sat,16.514928579330444
0.083,unsat,2895.748481988907
0.085,unsat,3562.918214082718
