epsilon,result,runtime
0.265,sat,6.635528326034546
0.133,sat,30.611483812332153
0.131,sat,29.904656887054443
0.065,unsat,3395.3225288391113
0.063,cancelled,3391.154756784439
0.107,sat,15.013763904571533
0.08700000000000001,unsat,3172.308524131775
0.085,cancelled,3157.4244878292084
0.099,sat,22.522594928741455
0.093,unsat,2713.707135438919
0.091,cancelled,2691.213193655014
0.095,sat,39.539658308029175
0.097,cancelled,42.94628119468689
