epsilon,result,runtime
0.265,sat,4.874121189117432
0.133,sat,12.261892318725586
0.131,sat,12.470540761947632
0.065,unsat,3478.2371315956116
0.063,cancelled,3473.075761079788
0.107,sat,20.961613416671753
0.08700000000000001,sat,37.708837032318115
0.085,sat,31.01558017730713
0.075,sat,17.646937131881714
0.07300000000000001,sat,39.990537881851196
0.069,sat,113.09430718421936
0.067,unsat,3577.115573167801
