epsilon,result,runtime
0.133,sat,3.578014373779297
0.265,cancelled,6.798339366912842
0.08700000000000001,sat,14.78102731704712
0.043000000000000003,unsat,3007.830497264862
0.041,cancelled,2993.137496471405
0.07100000000000001,sat,24.443472385406494
0.057,sat,87.48252153396606
0.055,timeout,3600
0.049,timeout,3600
0.047,unsat,3494.914060115814
0.051000000000000004,timeout,3600
0.053000000000000005,unsat,3558.662291765213
