epsilon,result,runtime
0.265,sat,4.257361650466919
0.133,sat,5.232322454452515
0.131,sat,5.03584361076355
0.065,sat,6.791241407394409
0.063,sat,6.795355796813965
0.031,sat,5.03267240524292
0.013000000000000001,unsat,3.7424423694610596
0.029,sat,16.364710807800293
0.019000000000000003,unsat,170.93605828285217
0.021,unsat,1088.7077887058258
0.025,timeout,3600
0.027000000000000003,sat,192.13942408561707
0.023,unsat,3477.3068873882294
