epsilon,result,runtime
0.265,sat,4.987039089202881
0.133,sat,6.439556360244751
0.131,sat,21.613060474395752
0.065,unsat,3321.5248103141785
0.063,cancelled,3301.194722890854
0.08700000000000001,unsat,3387.7060301303864
0.107,timeout,3600
0.109,unsat,2778.4281866550446
0.111,unsat,3421.0407326221466
0.121,unsat,2982.1377091407776
0.11900000000000001,cancelled,2133.2606501579285
0.125,sat,77.58698725700378
0.127,cancelled,80.93535041809082
0.123,sat,884.3918671607971
