epsilon,result,runtime
0.265,sat,4.503256797790527
0.133,sat,10.991598129272461
0.131,sat,43.6858594417572
0.063,unsat,3430.40424990654
0.097,sat,23.617684364318848
0.081,sat,34.8935022354126
0.065,timeout,3600
0.07300000000000001,sat,1422.901249408722
0.07100000000000001,sat,1659.3542156219482
0.067,unsat,2874.7839732170105
0.069,unsat,3592.6731247901917
