epsilon,result,runtime
0.133,sat,4.430760383605957
0.265,cancelled,7.545904874801636
0.08700000000000001,sat,3.3728554248809814
0.043000000000000003,unsat,3208.9119353294373
0.041,cancelled,3205.4276356697083
0.07100000000000001,sat,4.443046569824219
0.057,unsat,3579.539881467819
0.055,cancelled,3575.13547039032
0.065,sat,4.54393196105957
0.061,sat,38.28869986534119
0.059000000000000004,unsat,3566.304646253586
