epsilon,result,runtime
0.265,sat,1.9762842655181885
0.133,sat,2.4327685832977295
0.131,sat,1.7318048477172852
0.065,sat,4.176441192626953
0.063,sat,15.062546968460083
0.031,unsat,3355.273581504822
0.029,cancelled,3342.9460237026215
0.051000000000000004,sat,230.66281986236572
0.039,unsat,2800.7888917922974
0.041,unsat,3411.4509932994843
0.045,unsat,3315.7206404209137
0.047,unsat,3486.783280134201
0.049,unsat,3570.1005339622498
