epsilon,result,runtime
0.265,sat,1.9874167442321777
0.133,sat,2.0195984840393066
0.131,sat,2.150317668914795
0.065,sat,3.2591633796691895
0.063,sat,3.9998278617858887
0.031,unsat,2898.9145534038544
0.029,cancelled,2896.058472633362
0.051000000000000004,sat,12.595434188842773
0.041,sat,16.172382354736328
0.039,sat,17.888706922531128
0.035,sat,1694.1459622383118
0.033,unsat,3553.152643918991
