epsilon,result,runtime
0.265,sat,2.7889978885650635
0.133,sat,3.263655424118042
0.131,sat,3.286311388015747
0.065,sat,5.281959772109985
0.031,unsat,827.0003461837769
0.063,unsat,3250.5924899578094
0.047,cancelled,2421.286497592926
