epsilon,result,runtime
0.265,sat,34.98730683326721
0.133,unsat,2978.44619512558
0.131,cancelled,2943.4920167922974
0.177,sat,70.79754638671875
0.219,cancelled,74.17018556594849
0.161,unsat,3198.1552822589874
0.147,cancelled,3202.506588935852
0.167,sat,306.4454641342163
0.171,cancelled,309.79575395584106
0.163,sat,186.1963336467743
0.165,cancelled,189.49621319770813
