epsilon,result,runtime
0.133,sat,9.66477918624878
0.265,cancelled,13.29631757736206
0.265,sat,9.695843935012817
0.043000000000000003,unsat,3.1795055866241455
0.08700000000000001,unsat,3205.142080783844
0.089,unsat,3585.425507068634
0.111,unsat,2791.719273328781
0.109,cancelled,2408.6321852207184
0.125,unsat,3183.378812789917
0.11900000000000001,cancelled,3187.1103734970093
0.129,sat,52.156107902526855
0.127,unsat,3558.137871026993
