epsilon,result,runtime
0.265,sat,1.949143648147583
0.133,sat,4.986923694610596
0.131,sat,2.7906675338745117
0.063,unsat,3447.9720273017883
0.097,sat,4.963332176208496
0.065,unsat,3541.148685693741
0.079,sat,18.41939067840576
0.081,cancelled,103.73085021972656
0.069,sat,439.6374990940094
0.07300000000000001,cancelled,442.79165744781494
0.067,unsat,3573.6080310344696
