epsilon,result,runtime
0.133,sat,3.0687549114227295
0.265,cancelled,6.129340171813965
0.265,sat,3.034088611602783
0.08700000000000001,sat,10.882908344268799
0.043000000000000003,unsat,3436.844883441925
0.041,cancelled,3426.0324420928955
0.07100000000000001,sat,16.008498191833496
0.057,sat,31.861166954040527
0.055,sat,43.81817078590393
0.047,unsat,3476.3712430000305
0.049,timeout,3600
0.051000000000000004,unsat,3519.6024301052094
0.053000000000000005,unsat,3555.324629306793
