epsilon,result,runtime
0.133,sat,1.8455801010131836
0.265,cancelled,4.873697996139526
0.08700000000000001,sat,2.1420252323150635
0.043000000000000003,sat,2.4181673526763916
0.041,sat,2.44630765914917
0.019000000000000003,sat,2.654564619064331
0.021,cancelled,0.2549436092376709
0.005,unsat,2.8910140991210938
0.013000000000000001,unsat,3462.242873430252
0.011,cancelled,3471.1582415103912
0.017,sat,4.493381977081299
0.015,sat,8.383015632629395
