epsilon,result,runtime
0.265,sat,1.8796353340148926
0.133,sat,7.373862266540527
0.131,sat,4.725614309310913
0.063,unsat,3422.802672147751
0.065,unsat,3472.835850954056
0.099,unsat,2777.0264885425568
0.097,cancelled,2828.219592809677
0.11900000000000001,unsat,3020.6285393238068
0.109,cancelled,3024.3856177330017
0.125,sat,23.433467388153076
0.123,sat,23.539342880249023
0.121,sat,13.369054317474365
