epsilon,result,runtime
0.265,sat,6.168994665145874
0.133,sat,33.88178753852844
0.131,sat,26.806721448898315
0.063,unsat,3344.719012737274
0.065,unsat,3364.5221943855286
0.097,unsat,2900.8005373477936
0.099,unsat,3197.1258311271667
0.115,unsat,3107.7801682949066
0.113,cancelled,2800.7497532367706
0.125,sat,989.5469877719879
0.121,timeout,3600
0.11900000000000001,unsat,2837.642746925354
0.117,cancelled,235.4409773349762
0.123,unsat,3554.361243247986
