epsilon,result,runtime
0.133,sat,2.6751561164855957
0.265,cancelled,5.560020446777344
0.08700000000000001,sat,2.3505730628967285
0.041,unsat,266.73987007141113
0.065,sat,2.7732043266296387
0.043000000000000003,unsat,3432.2384645938873
0.053000000000000005,unsat,3345.4430005550385
0.059000000000000004,sat,16.381870985031128
0.057,sat,15.686547994613647
0.055,unsat,3474.6522793769836
