epsilon,result,runtime
0.265,sat,9.23544979095459
0.131,unsat,3251.7082891464233
0.199,sat,3.804499387741089
0.165,sat,43.37351584434509
0.149,sat,196.541743516922
0.133,timeout,3600
0.14100000000000001,unsat,3380.777100086212
0.139,cancelled,3308.471179008484
0.14500000000000002,sat,42.38037991523743
0.14300000000000002,sat,205.696697473526
