epsilon,result,runtime
0.265,sat,4.697300910949707
0.133,sat,15.43413758277893
0.131,sat,15.236445188522339
0.063,unsat,3508.2972886562347
0.097,sat,29.398473739624023
0.081,sat,12.823694944381714
0.07300000000000001,sat,13.61006498336792
0.065,timeout,3600
0.069,sat,31.577428340911865
0.067,unsat,3567.695543527603
