epsilon,result,runtime
0.265,sat,3.9360358715057373
0.133,sat,4.065518140792847
0.131,sat,4.223889350891113
0.063,sat,21.496293306350708
0.065,cancelled,31.319725275039673
0.021,unsat,4.036407947540283
0.043000000000000003,unsat,3406.2648627758026
0.041,cancelled,3419.315547466278
0.049,timeout,3600
0.055,timeout,3600
0.057,sat,1719.7763469219208
0.047,unsat,3489.894193172455
0.051000000000000004,unsat,3079.806863307953
0.053000000000000005,unsat,3590.019992351532
