epsilon,result,runtime
0.133,sat,3.7086689472198486
0.265,cancelled,6.679445743560791
0.265,sat,3.6905124187469482
0.08700000000000001,sat,76.69383406639099
0.043000000000000003,unsat,3185.120619535446
0.041,cancelled,3108.3903136253357
0.057,unsat,3433.7887399196625
0.07100000000000001,timeout,3600
0.069,unsat,3380.9346385002136
0.07300000000000001,timeout,3600
0.079,unsat,3383.0677285194397
0.081,timeout,3600
0.085,unsat,3316.7167823314667
0.083,cancelled,3587.2740926742554
