epsilon,result,runtime
0.265,sat,2.081641674041748
0.133,sat,2.4048526287078857
0.131,sat,2.4414453506469727
0.065,sat,2.4656684398651123
0.063,sat,2.5133469104766846
0.029,unsat,2953.7957513332367
0.047,sat,2.5631954669952393
0.039,sat,408.0431957244873
0.031,unsat,3455.090157032013
0.033,sat,19.697084426879883
0.035,cancelled,101.8021936416626
