epsilon,result,runtime
0.265,sat,3.013338804244995
0.133,sat,5.758593797683716
0.131,sat,2.275078058242798
0.063,unsat,3170.3964252471924
0.097,sat,12.933405876159668
0.065,unsat,3402.940947532654
0.081,unsat,3286.87731218338
0.079,cancelled,3076.893409729004
0.091,sat,23.627418041229248
0.08700000000000001,unsat,3196.102558851242
0.085,cancelled,3172.5979840755463
0.089,sat,45.25762319564819
