epsilon,result,runtime
0.265,sat,7.528489112854004
0.133,sat,42.75410723686218
0.131,sat,48.42617440223694
0.065,unsat,2757.498694419861
0.063,cancelled,2744.4508640766144
0.107,unsat,2526.1504571437836
0.08700000000000001,cancelled,2529.9789369106293
0.115,unsat,3336.542570590973
0.121,timeout,3600
0.125,sat,49.465007066726685
0.123,sat,690.44278216362
0.117,timeout,3600
0.11900000000000001,unsat,3490.280839443207
