epsilon,result,runtime
0.133,sat,2.8243789672851562
0.265,cancelled,5.842319965362549
0.08700000000000001,sat,13.404341697692871
0.043000000000000003,unsat,3430.7016003131866
0.041,cancelled,3417.5052309036255
0.07100000000000001,unsat,3273.33114361763
0.057,cancelled,3277.283609867096
0.081,sat,19.917781352996826
0.077,sat,76.85500192642212
0.075,sat,89.79372048377991
0.07300000000000001,unsat,3137.3899455070496
