epsilon,result,runtime
0.265,sat,1.6695477962493896
0.133,sat,2.8179941177368164
0.131,sat,0.9008133411407471
0.065,sat,3.9428348541259766
0.063,sat,3.2098400592803955
0.031,unsat,3485.219258069992
0.029,cancelled,3486.314919233322
0.051000000000000004,sat,29.5791277885437
0.041,unsat,3029.166067838669
0.039,cancelled,2999.6062235832214
0.047,sat,263.49242782592773
0.043000000000000003,unsat,3071.844822883606
0.045,unsat,3341.928300857544
