epsilon,result,runtime
0.265,sat,4.502902030944824
0.133,sat,4.586392164230347
0.131,sat,4.429877519607544
0.063,unsat,3409.907205581665
0.097,sat,22.11818528175354
0.065,timeout,3600
0.079,unsat,2967.610300064087
0.081,unsat,3413.5206503868103
0.089,sat,321.90743708610535
0.08700000000000001,unsat,2866.1632120609283
0.083,cancelled,2836.1986916065216
