epsilon,result,runtime
0.133,sat,2.0949578285217285
0.265,cancelled,5.069814443588257
0.08700000000000001,sat,13.49050235748291
0.041,unsat,3464.140051841736
0.043000000000000003,unsat,3482.025814771652
0.065,unsat,2754.7284886837006
0.063,cancelled,2756.582779407501
0.07300000000000001,unsat,3072.8246126174927
0.079,unsat,3248.04265832901
0.081,unsat,3436.88872051239
0.083,unsat,3361.9373898506165
0.085,unsat,3561.712084054947
