epsilon,result,runtime
0.265,sat,3.402921199798584
0.133,sat,3.4088947772979736
0.131,sat,8.59286642074585
0.065,sat,42.02890944480896
0.063,sat,39.48531198501587
0.029,unsat,3513.399374961853
0.031,unsat,3565.225741624832
0.047,unsat,3100.1035261154175
0.045,cancelled,3062.267681121826
0.057,unsat,2967.853105068207
0.053000000000000005,cancelled,2971.244996547699
0.059000000000000004,unsat,3067.0511326789856
0.061,unsat,3072.1663999557495
