epsilon,result,runtime
0.265,sat,4.822435617446899
0.133,sat,4.8750975131988525
0.131,sat,4.935999393463135
0.065,sat,10.91189980506897
0.063,sat,11.30255651473999
0.029,unsat,3437.357439994812
0.031,unsat,3449.8440239429474
0.047,sat,1.7177469730377197
0.045,sat,54.10106348991394
0.039,unsat,3045.4786863327026
0.037000000000000005,cancelled,3104.2702519893646
0.043000000000000003,sat,266.38700246810913
0.041,timeout,3600
