epsilon,result,runtime
0.133,sat,3.4138622283935547
0.265,cancelled,7.13049054145813
0.08700000000000001,sat,2723.21919298172
0.043000000000000003,unsat,3413.148354768753
0.041,cancelled,690.0798878669739
0.057,unsat,2653.6167752742767
0.07100000000000001,unsat,3537.2226901054382
0.07300000000000001,unsat,2904.513198852539
0.079,unsat,3185.583024740219
0.081,unsat,3420.3106520175934
0.083,timeout,3600
0.085,unsat,3559.3674635887146
