epsilon,result,runtime
0.133,sat,1.5781819820404053
0.265,cancelled,4.656365394592285
0.08700000000000001,sat,1.9649951457977295
0.043000000000000003,unsat,2972.895535469055
0.041,cancelled,2971.158415555954
0.07100000000000001,sat,13.882160663604736
0.057,sat,18.631880044937134
0.055,sat,22.861639738082886
0.049,sat,137.9755711555481
0.047,unsat,2790.063531398773
0.045,cancelled,2674.9014823436737
