epsilon,result,runtime
0.265,sat,4.581274032592773
0.133,sat,37.90142226219177
0.131,sat,37.289647340774536
0.063,unsat,3419.396131515503
0.065,timeout,3600
0.099,unsat,3055.2296574115753
0.097,cancelled,3227.0541503429413
0.11900000000000001,sat,359.24405813217163
0.107,unsat,2725.071560382843
0.109,unsat,3489.695907354355
0.113,unsat,3246.1621124744415
0.117,sat,334.9016842842102
0.115,unsat,3209.07932972908
