epsilon,result,runtime
0.265,sat,4.238560438156128
0.133,sat,47.88947105407715
0.131,sat,45.66947364807129
0.065,unsat,3366.368148326874
0.063,cancelled,3364.187971830368
0.107,unsat,3438.5745091438293
0.08700000000000001,cancelled,3442.2331273555756
0.115,unsat,3363.05144238472
0.121,unsat,3485.0790865421295
0.123,unsat,2898.0430116653442
0.127,unsat,3389.5492882728577
0.125,cancelled,612.9552342891693
0.129,sat,123.4233283996582
