epsilon,result,runtime
0.265,sat,1.9253158569335938
0.133,sat,2.0444486141204834
0.131,sat,1.76011061668396
0.065,sat,3.0980734825134277
0.063,sat,7.502957582473755
0.031,unsat,3418.0414884090424
0.029,cancelled,3411.9011557102203
0.051000000000000004,sat,44.72192120552063
0.039,sat,27.70079207420349
0.041,cancelled,79.0092396736145
0.035,unsat,2769.8175251483917
0.033,cancelled,2773.2454957962036
0.037000000000000005,sat,280.7759463787079
