epsilon,result,runtime
0.133,sat,1.7873117923736572
0.265,cancelled,4.8520355224609375
0.08700000000000001,sat,2.622877597808838
0.041,unsat,2826.2961535453796
0.065,sat,2.6614747047424316
0.053000000000000005,sat,2.5131847858428955
0.043000000000000003,unsat,2855.4911863803864
0.049,sat,2.4130847454071045
0.045,unsat,2875.08305311203
0.047,unsat,3584.8118426799774
