epsilon,result,runtime
0.265,sat,2.002164840698242
0.133,sat,2.531071186065674
0.131,sat,5.914185523986816
0.063,unsat,2823.542818546295
0.097,sat,18.268049955368042
0.081,sat,12.004925727844238
0.065,timeout,3600
0.07300000000000001,timeout,3600
0.07100000000000001,timeout,3600
0.075,unsat,3254.6351006031036
0.069,cancelled,2530.618752479553
0.079,sat,74.51386308670044
0.077,sat,234.65425872802734
