epsilon,result,runtime
0.265,sat,4.6584837436676025
0.133,sat,30.9304780960083
0.131,sat,25.71381688117981
0.065,unsat,3380.7252910137177
0.063,cancelled,3381.26535987854
0.08700000000000001,unsat,3539.7588324546814
0.107,timeout,3600
0.111,sat,62.49555468559265
0.109,timeout,3600
0.097,timeout,3600
0.095,unsat,3304.292579650879
0.099,unsat,3394.8609385490417
0.10300000000000001,unsat,3528.8015837669373
0.101,cancelled,3317.612138748169
0.10500000000000001,unsat,3557.2428860664368
