epsilon,result,runtime
0.265,sat,2.7223119735717773
0.133,sat,4.301401615142822
0.131,sat,4.378505229949951
0.065,sat,8.59386396408081
0.063,sat,85.31038904190063
0.029,unsat,3418.5945081710815
0.031,timeout,3600
0.045,unsat,3291.2626953125
0.047,unsat,3387.464252948761
0.053000000000000005,sat,9.67258620262146
0.055,cancelled,12.900543928146362
0.051000000000000004,sat,2269.71209859848
0.049,unsat,3521.1055216789246
