epsilon,result,runtime
0.265,sat,4.928859710693359
0.133,sat,21.742666721343994
0.131,sat,21.097952127456665
0.065,unsat,3385.2150473594666
0.063,cancelled,3381.447409391403
0.107,sat,47.564273834228516
0.085,unsat,3337.979112148285
0.08700000000000001,timeout,3600
0.097,unsat,3466.5896949768066
0.095,cancelled,3264.6131496429443
0.10300000000000001,sat,67.05375957489014
0.101,unsat,3247.426116466522
0.099,cancelled,3180.510707616806
