epsilon,result,runtime
0.265,sat,2.000370740890503
0.133,sat,2.406061887741089
0.131,sat,4.019384384155273
0.065,sat,6.646886348724365
0.063,sat,2.640801429748535
0.031,unsat,2682.6163036823273
0.029,cancelled,2683.1746933460236
0.041,unsat,3326.649619579315
0.053000000000000005,sat,46.258482456207275
0.051000000000000004,unsat,3435.954602241516
0.045,cancelled,59.693984270095825
