epsilon,result,runtime
0.265,sat,1.9345133304595947
0.133,sat,3.081122875213623
0.131,sat,1.1579890251159668
0.065,unsat,2835.9956364631653
0.063,cancelled,2836.044186115265
0.08700000000000001,sat,26.282896041870117
0.107,cancelled,29.65574812889099
0.079,sat,25.283940315246582
0.07300000000000001,sat,25.745533227920532
0.07100000000000001,sat,39.01267719268799
0.067,unsat,3237.1274757385254
0.069,unsat,3211.236717939377
