epsilon,result,runtime
0.265,sat,4.406311988830566
0.133,sat,4.354207277297974
0.131,sat,5.415584564208984
0.065,unsat,2832.8295917510986
0.063,cancelled,2827.6120026111603
0.08700000000000001,sat,4.4897780418396
0.107,cancelled,7.799020051956177
0.079,sat,13.688104152679443
0.07300000000000001,sat,68.68838214874268
0.07100000000000001,sat,91.30843901634216
0.069,sat,96.36592626571655
0.067,unsat,3565.2758462429047
