epsilon,result,runtime
0.265,sat,3.351665496826172
0.133,sat,8.05348253250122
0.131,sat,8.571110486984253
0.065,unsat,2759.1395859718323
0.063,cancelled,2755.253794670105
0.107,sat,18.29943823814392
0.08700000000000001,sat,21.96454405784607
0.085,sat,15.91456913948059
0.075,sat,29.27772545814514
0.07300000000000001,sat,36.716933250427246
0.069,sat,38.57774329185486
0.067,sat,26.86904811859131
