epsilon,result,runtime
0.265,sat,1.8971953392028809
0.133,sat,2.27912974357605
0.131,sat,2.4709150791168213
0.065,unsat,2912.3293290138245
0.063,cancelled,2910.2475502490997
0.107,sat,20.24701476097107
0.08700000000000001,sat,22.27076530456543
0.085,sat,24.531596660614014
0.075,sat,24.713939666748047
0.069,sat,134.7800953388214
0.07300000000000001,cancelled,141.09554028511047
0.067,unsat,3572.425944328308
