epsilon,result,runtime
0.265,sat,2.069542169570923
0.133,sat,2.502506971359253
0.131,sat,4.358725309371948
0.065,sat,5.892805576324463
0.063,sat,1.7806904315948486
0.029,unsat,3401.60160112381
0.031,unsat,3407.264994621277
0.047,unsat,3345.2153668403625
0.045,cancelled,3346.00572347641
0.057,unsat,3324.246280670166
0.053000000000000005,cancelled,3327.556748867035
0.061,sat,52.76129102706909
0.059000000000000004,unsat,3579.2474703788757
