epsilon,result,runtime
0.133,sat,4.562918424606323
0.265,cancelled,8.00491976737976
0.265,sat,4.556986570358276
0.08700000000000001,sat,4.388155937194824
0.041,unsat,2854.0092532634735
0.065,sat,2.75004243850708
0.053000000000000005,sat,2.4626412391662598
0.043000000000000003,unsat,2949.2514452934265
0.049,unsat,3104.4181056022644
0.047,cancelled,3181.67747092247
0.051000000000000004,sat,33.57016611099243
