epsilon,result,runtime
0.265,sat,1.7657113075256348
0.133,sat,2.3086376190185547
0.131,sat,1.0569610595703125
0.065,sat,2.0176615715026855
0.063,sat,9.370285511016846
0.031,unsat,3096.2906305789948
0.029,cancelled,3088.2304639816284
0.051000000000000004,sat,44.47108697891235
0.041,unsat,3253.330337524414
0.039,cancelled,3208.924446582794
0.047,unsat,3026.450236558914
0.045,cancelled,3029.7858068943024
0.049,sat,25.279375791549683
