epsilon,result,runtime
0.265,sat,4.459897756576538
0.133,sat,4.515744209289551
0.131,sat,4.404247283935547
0.065,unsat,3406.32999420166
0.063,cancelled,3402.2419118881226
0.107,sat,57.656349420547485
0.085,unsat,2963.9998795986176
0.08700000000000001,timeout,3600
0.097,unsat,2801.759686946869
0.095,cancelled,2235.6481115818024
0.101,unsat,3152.7727015018463
0.10500000000000001,sat,55.491551637649536
0.10300000000000001,unsat,3554.4653463363647
