epsilon,result,runtime
0.265,sat,2.0094571113586426
0.133,sat,2.368959426879883
0.131,sat,3.2552645206451416
0.065,sat,9.446139097213745
0.063,sat,9.493321657180786
0.031,unsat,3435.968951702118
0.029,cancelled,3433.109959125519
0.051000000000000004,unsat,3520.3986587524414
0.041,cancelled,3523.838891983032
0.057,timeout,3600
0.055,timeout,3600
0.061,unsat,3416.643064022064
0.053000000000000005,cancelled,3421.462728500366
