epsilon,result,runtime
0.265,sat,2.6033670902252197
0.133,sat,3.788818597793579
0.131,sat,0.6345469951629639
0.065,sat,1.6150312423706055
0.063,sat,1.7819850444793701
0.029,unsat,27.250630140304565
0.031,unsat,1393.0222198963165
0.047,unsat,3282.93088889122
0.045,cancelled,1923.1033220291138
0.057,sat,2457.4197862148285
0.053000000000000005,timeout,3600
0.051000000000000004,unsat,3353.9359986782074
0.049,cancelled,2217.950454235077
0.055,unsat,3569.419867515564
