epsilon,result,runtime
0.265,sat,4.686242580413818
0.133,sat,6.461071014404297
0.131,sat,7.811461687088013
0.063,unsat,3337.590001821518
0.065,unsat,3450.629592895508
0.097,unsat,3102.9063849449158
0.099,timeout,3600
0.115,unsat,3391.0027434825897
0.113,cancelled,2796.2344646453857
0.121,sat,41.53315496444702
0.125,cancelled,44.743253231048584
0.11900000000000001,sat,49.245678663253784
0.117,sat,248.52756452560425
