epsilon,result,runtime
0.265,sat,3.1699721813201904
0.133,sat,3.738436222076416
0.131,sat,3.530606746673584
0.065,sat,14.03835129737854
0.063,sat,15.116734027862549
0.029,unsat,3438.150518655777
0.047,sat,23.52370548248291
0.039,sat,11.485173463821411
0.031,unsat,3490.2078652381897
0.035,sat,15.24971890449524
0.033,sat,12.56026840209961
