epsilon,result,runtime
0.265,sat,4.41659140586853
0.133,sat,18.809653282165527
0.131,sat,18.296467542648315
0.063,unsat,3195.459587574005
0.065,timeout,3600
0.097,unsat,3252.5931239128113
0.115,sat,24.891844749450684
0.107,sat,22.962701320648193
0.10300000000000001,sat,41.61334705352783
0.099,timeout,3600
0.101,unsat,3572.8824117183685
