epsilon,result,runtime
0.265,sat,3.280102252960205
0.133,sat,3.3060121536254883
0.131,sat,3.276304006576538
0.065,sat,13.533311367034912
0.063,sat,13.75821852684021
0.031,unsat,2779.582943201065
0.029,cancelled,2776.5978055000305
0.051000000000000004,sat,22.79585337638855
0.041,unsat,2657.8838295936584
0.039,cancelled,2635.1956157684326
0.047,sat,28.681474685668945
0.045,sat,147.95576548576355
0.043000000000000003,unsat,3562.172434568405
