epsilon,result,runtime
0.133,sat,1.6692614555358887
0.265,cancelled,4.621892690658569
0.08700000000000001,sat,2.940117597579956
0.043000000000000003,sat,3.558570384979248
0.041,sat,4.805823564529419
0.021,sat,7.5139219760894775
0.009000000000000001,unsat,1.7813763618469238
0.013000000000000001,unsat,116.080561876297
0.019000000000000003,unsat,3427.420597553253
0.015,cancelled,3288.512073993683
