epsilon,result,runtime
0.133,sat,2.060454845428467
0.265,cancelled,4.949339866638184
0.265,sat,2.039041757583618
0.08700000000000001,sat,2.7506003379821777
0.043000000000000003,sat,5.53815770149231
0.019000000000000003,unsat,1.8566474914550781
0.041,sat,156.0675666332245
0.029,unsat,3482.2923576831818
0.031,unsat,3527.0043938159943
0.035,unsat,2998.5397992134094
0.037000000000000005,unsat,3406.1143362522125
0.039,unsat,3592.374173641205
