epsilon,result,runtime
0.265,sat,3.381690502166748
0.133,sat,3.382748603820801
0.131,sat,3.248274564743042
0.063,sat,46.680620431900024
0.065,cancelled,57.378995418548584
0.021,unsat,2.954026937484741
0.043000000000000003,unsat,3538.798830270767
0.041,cancelled,3550.258674144745
0.049,unsat,2851.665185689926
0.055,timeout,3600
0.057,unsat,3241.5279393196106
0.053000000000000005,cancelled,2500.8645265102386
0.059000000000000004,sat,41.92019772529602
0.061,cancelled,45.722891330718994
