epsilon,result,runtime
0.133,sat,3.3498003482818604
0.265,cancelled,6.838475704193115
0.08700000000000001,sat,24.2580668926239
0.043000000000000003,unsat,3339.46666765213
0.041,cancelled,3315.4915070533752
0.07100000000000001,sat,32.253722190856934
0.055,unsat,3490.365298986435
0.057,unsat,3547.1157183647156
0.065,sat,188.3180603981018
0.063,timeout,3600
0.059000000000000004,unsat,3584.6782319545746
0.061,unsat,3367.3728375434875
