epsilon,result,runtime
0.265,sat,4.410057067871094
0.133,sat,4.4464075565338135
0.131,sat,4.337161064147949
0.063,unsat,3451.070558309555
0.065,unsat,3461.467882871628
0.097,sat,0.802910327911377
0.099,cancelled,1.8471760749816895
0.085,sat,2.842379093170166
0.07300000000000001,unsat,2741.556394815445
0.079,sat,34.13731408119202
0.075,unsat,3312.2667801380157
0.077,unsat,3569.312804222107
