epsilon,result,runtime
0.265,sat,4.248538255691528
0.133,sat,10.381656408309937
0.131,sat,10.758810043334961
0.065,sat,27.798224687576294
0.063,sat,27.241063117980957
0.031,unsat,3411.0357134342194
0.029,cancelled,3407.3426406383514
0.041,timeout,3600
0.051000000000000004,timeout,3600
0.045,unsat,3439.9695122241974
0.047,unsat,3541.6119980812073
0.057,sat,2125.713133096695
0.055,timeout,3600
0.049,timeout,3600
0.053000000000000005,timeout,3600
