epsilon,result,runtime
0.265,sat,4.164618492126465
0.133,sat,16.365237951278687
0.131,sat,16.117998600006104
0.063,unsat,3464.4359781742096
0.097,sat,14.452784538269043
0.065,unsat,3580.223676919937
0.079,unsat,3032.559472799301
0.089,sat,39.206520557403564
0.081,timeout,3600
0.085,unsat,2545.2498729228973
0.083,cancelled,2117.334587574005
0.08700000000000001,sat,37.507668256759644
