epsilon,result,runtime
0.265,sat,2.0548901557922363
0.133,sat,2.4754507541656494
0.131,sat,2.50888729095459
0.065,sat,4.026139259338379
0.063,sat,12.422047138214111
0.029,unsat,3426.1517190933228
0.031,unsat,3442.02272939682
0.045,unsat,2829.4165160655975
0.055,sat,12.48710823059082
0.051000000000000004,sat,12.8103346824646
0.049,sat,13.475305080413818
0.047,unsat,3579.089746236801
