epsilon,result,runtime
0.265,sat,4.593372344970703
0.133,sat,4.643366098403931
0.065,sat,3.356328248977661
0.131,cancelled,6.71295952796936
0.131,sat,3.351818799972534
0.041,sat,4.825764417648315
0.021,sat,5.165183067321777
0.019000000000000003,sat,3.152498245239258
0.009000000000000001,sat,3.169416904449463
0.003,unsat,2.982281446456909
0.005,unsat,2.9853129386901855
0.007,unsat,83.42851781845093
