epsilon,result,runtime
0.265,sat,2.6085617542266846
0.133,sat,2.6955862045288086
0.131,sat,2.4980390071868896
0.065,sat,2.6023287773132324
0.063,sat,1.3226566314697266
0.029,unsat,160.9607846736908
0.047,unsat,2873.6259899139404
0.031,cancelled,3044.7480363845825
0.057,unsat,3462.5182836055756
0.053000000000000005,cancelled,3465.92396235466
0.059000000000000004,timeout,3600
0.061,timeout,3600
