epsilon,result,runtime
0.133,sat,2.6722817420959473
0.265,cancelled,5.716217994689941
0.043000000000000003,unsat,35.48338985443115
0.089,unsat,3257.2519896030426
0.08700000000000001,cancelled,3299.3061306476593
0.117,sat,43.90690541267395
0.10300000000000001,unsat,2757.7420501708984
0.101,cancelled,2713.8850111961365
0.111,unsat,3150.8842611312866
0.107,cancelled,3154.3436708450317
0.115,sat,41.487415075302124
0.113,unsat,3571.2584145069122
