epsilon,result,runtime
0.265,sat,2.8423821926116943
0.133,sat,3.320852279663086
0.131,sat,5.250580072402954
0.065,sat,6.820627450942993
0.063,sat,30.20979905128479
0.029,unsat,3514.920725107193
0.031,timeout,3600
0.045,unsat,3116.957705259323
0.047,timeout,3600
0.053000000000000005,unsat,2833.0140886306763
0.059000000000000004,sat,254.1077733039856
0.055,timeout,3600
0.057,unsat,3596.29664850235
