epsilon,result,runtime
0.133,sat,4.4300806522369385
0.265,cancelled,7.774347543716431
0.08700000000000001,sat,31.53527808189392
0.041,unsat,2837.2756049633026
0.043000000000000003,unsat,3511.3039000034332
0.065,unsat,3054.2085359096527
0.063,cancelled,2419.6600749492645
0.07300000000000001,unsat,3105.77291059494
0.079,timeout,3600
0.077,sat,52.42708945274353
0.081,cancelled,547.8169798851013
0.075,unsat,3574.4196565151215
