epsilon,result,runtime
0.133,sat,1.9835419654846191
0.265,cancelled,4.984925746917725
0.08700000000000001,sat,3.221928358078003
0.043000000000000003,sat,3.523534059524536
0.019000000000000003,sat,2.1509032249450684
0.041,cancelled,5.194412469863892
0.005,unsat,1.7134137153625488
0.011,unsat,47.98581051826477
0.015,sat,5.600253105163574
0.013000000000000001,unsat,107.36664509773254
