epsilon,result,runtime
0.265,sat,2.8373539447784424
0.133,sat,4.120316743850708
0.131,sat,2.2842857837677
0.065,sat,3.2025182247161865
0.063,sat,3.2384746074676514
0.031,sat,1.8922030925750732
0.029,sat,1.6791722774505615
0.015,sat,3.8155763149261475
0.005,unsat,2.5291993618011475
0.009000000000000001,unsat,23.633788585662842
0.013000000000000001,unsat,3302.263751268387
0.011,cancelled,3262.4437186717987
