epsilon,result,runtime
0.265,sat,4.290350675582886
0.133,sat,4.312047243118286
0.131,sat,4.220153093338013
0.065,unsat,3499.7464003562927
0.063,cancelled,3495.7156682014465
0.107,sat,11.52057957649231
0.08700000000000001,sat,27.537246704101562
0.075,unsat,3518.6613295078278
0.085,timeout,3600
0.079,unsat,3328.4942660331726
0.081,unsat,3473.0100648403168
0.083,unsat,3145.5382878780365
