epsilon,result,runtime
0.133,sat,2.661904811859131
0.265,cancelled,5.711343288421631
0.08700000000000001,sat,2.5509355068206787
0.043000000000000003,sat,2.613647699356079
0.019000000000000003,sat,2.6497883796691895
0.041,cancelled,5.411717891693115
0.005,sat,2.0978989601135254
0.011,cancelled,4.853912353515625
0.001,unsat,1.7753539085388184
0.003,sat,1.9311411380767822
