epsilon,result,runtime
0.265,sat,4.55921745300293
0.133,sat,4.56386137008667
0.065,sat,4.532067537307739
0.131,cancelled,7.531886577606201
0.041,sat,27.26782774925232
0.019000000000000003,unsat,11.19649600982666
0.021,unsat,2141.5190341472626
0.031,unsat,3389.7302734851837
0.029,cancelled,1295.7269978523254
0.035,unsat,3521.3061192035675
0.037000000000000005,timeout,3600
0.039,sat,192.19681692123413
