epsilon,result,runtime
0.133,sat,2.047837734222412
0.265,cancelled,4.986966609954834
0.265,sat,2.0717790126800537
0.08700000000000001,sat,14.106998205184937
0.041,unsat,2916.488347053528
0.043000000000000003,unsat,2960.1270809173584
0.065,timeout,3600
0.063,timeout,3600
0.067,unsat,3546.3867061138153
0.061,cancelled,3526.1920931339264
0.07300000000000001,sat,23.20796799659729
0.079,cancelled,26.69001841545105
0.07100000000000001,sat,38.822290658950806
0.069,unsat,3574.4175984859467
