epsilon,result,runtime
0.265,sat,1.9729042053222656
0.133,sat,2.3720033168792725
0.131,sat,1.3140878677368164
0.065,sat,2.714888334274292
0.063,sat,1.557440996170044
0.029,unsat,3523.5688061714172
0.031,unsat,3529.332909822464
0.047,sat,2.4142022132873535
0.045,sat,270.45904445648193
0.039,unsat,3217.1804530620575
0.037000000000000005,cancelled,3491.492206096649
0.041,unsat,3559.12423992157
0.043000000000000003,unsat,3581.346191883087
