epsilon,result,runtime
0.265,sat,1.8655548095703125
0.133,sat,2.3642828464508057
0.131,sat,2.533780574798584
0.065,unsat,2767.476810693741
0.063,cancelled,2765.4344370365143
0.107,sat,4.571429014205933
0.08700000000000001,unsat,2681.7504000663757
0.085,cancelled,2677.1462411880493
0.099,sat,4.6378138065338135
0.093,sat,74.67330026626587
0.089,sat,57.2739315032959
0.091,cancelled,132.54010462760925
