epsilon,result,runtime
0.133,sat,2.7149810791015625
0.265,cancelled,14.319310903549194
0.265,sat,2.7413854598999023
0.043000000000000003,unsat,3094.1444475650787
0.08700000000000001,timeout,3600
0.089,unsat,2994.3377363681793
0.085,cancelled,2495.3367121219635
0.10300000000000001,sat,4.5568320751190186
0.117,cancelled,7.878416299819946
0.097,sat,47.52630138397217
0.091,unsat,3427.6444160938263
0.093,unsat,3481.258339881897
0.095,sat,15.343204021453857
