epsilon,result,runtime
0.265,sat,1.9742417335510254
0.133,sat,3.9835095405578613
0.131,sat,1.6714973449707031
0.065,unsat,3498.6294028759003
0.063,cancelled,3499.141083240509
0.08700000000000001,unsat,3333.900356054306
0.107,timeout,3600
0.109,timeout,3600
0.111,timeout,3600
0.113,sat,35.26581001281738
0.095,unsat,2918.3345336914062
0.10500000000000001,unsat,3266.265750646591
0.099,cancelled,48.265838623046875
