epsilon,result,runtime
0.265,sat,2.8816089630126953
0.133,sat,4.109253406524658
0.131,sat,10.628599166870117
0.063,unsat,3437.796427488327
0.097,sat,14.686981916427612
0.065,timeout,3600
0.081,timeout,3600
0.083,sat,17.530012130737305
0.07100000000000001,sat,41.25226449966431
0.079,cancelled,3539.2520332336426
0.067,sat,9.530352354049683
0.069,cancelled,13.892385244369507
