epsilon,result,runtime
0.265,sat,6.161362171173096
0.133,timeout,3600
0.131,timeout,3600
0.135,unsat,3120.030388355255
0.129,cancelled,3137.159487247467
0.179,sat,23.7004714012146
0.221,cancelled,27.032175064086914
0.163,sat,53.641218423843384
0.149,unsat,2734.7170779705048
0.147,cancelled,2681.2933218479156
0.157,sat,407.2812006473541
0.151,sat,146.25914478302002
0.153,cancelled,562.7554304599762
