epsilon,result,runtime
0.265,sat,4.541579961776733
0.133,sat,4.496342420578003
0.131,sat,4.461617946624756
0.065,sat,7.479887247085571
0.063,sat,7.451605558395386
0.029,unsat,3428.076135158539
0.031,unsat,3511.2176728248596
0.047,sat,308.8874228000641
0.045,sat,1143.9807677268982
0.037000000000000005,unsat,3322.2515273094177
0.039,unsat,3491.5751395225525
0.041,unsat,3530.3194580078125
0.043000000000000003,unsat,3560.4199120998383
