epsilon,result,runtime
0.265,sat,3.3633413314819336
0.133,sat,29.19064235687256
0.131,sat,22.29384708404541
0.063,sat,585.3804788589478
0.065,cancelled,589.3958077430725
0.021,unsat,7.626339912414551
0.043000000000000003,unsat,3514.112648010254
0.041,cancelled,3529.0087246894836
0.055,unsat,3491.7545137405396
0.049,cancelled,3495.229993581772
0.057,unsat,3399.696456193924
0.059000000000000004,timeout,3600
0.061,unsat,3569.7394363880157
