epsilon,result,runtime
0.133,sat,3.268165111541748
0.265,cancelled,6.485761404037476
0.08700000000000001,sat,12.16476058959961
0.041,unsat,3396.3780319690704
0.065,sat,8.643402576446533
0.053000000000000005,sat,14.622776746749878
0.043000000000000003,unsat,3505.077300786972
0.049,sat,1643.9552426338196
0.047,timeout,3600
0.045,unsat,3580.914552927017
