epsilon,result,runtime
0.265,sat,1.699376106262207
0.131,sat,318.1880841255188
0.133,cancelled,326.24815344810486
0.043000000000000003,unsat,3565.776095867157
0.085,timeout,3600
0.08700000000000001,unsat,2644.073342323303
0.089,timeout,3600
0.109,unsat,3358.6056678295135
0.111,unsat,3262.8254284858704
0.121,unsat,3441.8337621688843
0.11900000000000001,cancelled,2555.366832256317
0.125,sat,3298.5032970905304
0.127,cancelled,3302.116665840149
0.123,unsat,3565.653928756714
