epsilon,result,runtime
0.265,sat,2.1193227767944336
0.133,sat,2.455549478530884
0.131,sat,1.831974983215332
0.063,unsat,2976.6536853313446
0.065,unsat,3384.29443025589
0.099,sat,12.79404091835022
0.097,unsat,2681.4161744117737
0.081,cancelled,2266.3583433628082
