epsilon,result,runtime
0.265,sat,3.524824857711792
0.133,sat,12.755557775497437
0.131,sat,12.65314531326294
0.065,unsat,3358.8548953533173
0.063,cancelled,3355.671270132065
0.08700000000000001,sat,24.839120626449585
0.107,cancelled,28.188172340393066
0.07300000000000001,sat,32.82856464385986
0.079,cancelled,36.70909595489502
0.069,sat,25.639907836914062
0.067,unsat,2972.5036132335663
