epsilon,result,runtime
0.265,sat,4.28707480430603
0.133,sat,5.267277240753174
0.131,sat,5.1079912185668945
0.065,sat,16.89014458656311
0.063,sat,32.43861436843872
0.029,unsat,3329.4344522953033
0.047,sat,34.96017026901245
0.031,unsat,3497.306907892227
0.037000000000000005,unsat,3194.6963326931
0.039,unsat,3428.487316608429
0.041,unsat,3343.5633857250214
0.043000000000000003,timeout,3600
0.045,unsat,3257.1117084026337
