epsilon,result,runtime
0.133,sat,3.6886487007141113
0.265,cancelled,6.746153831481934
0.08700000000000001,sat,3.7715468406677246
0.043000000000000003,unsat,3378.7824964523315
0.041,cancelled,3375.1296894550323
0.057,unsat,3211.6173050403595
0.07300000000000001,sat,8.076178789138794
0.07100000000000001,timeout,3600
0.063,unsat,3496.9523119926453
0.065,unsat,3464.5132150650024
0.067,unsat,3341.704280614853
0.069,timeout,3600
