epsilon,result,runtime
0.265,sat,2.6645162105560303
0.133,sat,3.2318294048309326
0.131,sat,6.107086896896362
0.063,sat,1494.7032849788666
0.065,cancelled,1506.2963473796844
0.021,unsat,2.966604709625244
0.043000000000000003,unsat,2721.268659353256
0.041,cancelled,2731.782096385956
0.049,unsat,2908.2633006572723
0.055,unsat,3351.2161736488342
0.057,unsat,2873.921515226364
0.059000000000000004,unsat,3113.8258912563324
0.061,unsat,3563.5711517333984
