epsilon,result,runtime
0.265,sat,5.465415716171265
0.133,sat,22.17304515838623
0.131,sat,20.34584641456604
0.063,unsat,2757.816311120987
0.065,unsat,3354.951586008072
0.097,unsat,2660.9607939720154
0.115,sat,168.5490436553955
0.099,timeout,3600
0.107,unsat,2752.6869220733643
0.10500000000000001,cancelled,1402.1696672439575
0.111,sat,361.1910045146942
0.109,unsat,3580.4042298793793
