epsilon,result,runtime
0.265,sat,2.631296396255493
0.133,sat,3.031864643096924
0.065,sat,2.639667272567749
0.131,cancelled,5.734692573547363
0.021,unsat,392.34884881973267
0.041,unsat,2763.1542592048645
0.053000000000000005,sat,53.52203059196472
0.047,sat,138.98519444465637
0.045,sat,149.55097675323486
0.043000000000000003,unsat,3582.947781085968
