epsilon,result,runtime
0.133,sat,4.594966650009155
0.265,cancelled,8.079244613647461
0.08700000000000001,sat,4.531863689422607
0.041,unsat,7.580221652984619
0.043000000000000003,unsat,40.401578426361084
0.065,unsat,2718.8902933597565
0.063,cancelled,2698.2336165905
0.079,unsat,3220.524872303009
0.07300000000000001,cancelled,3224.0724239349365
0.083,unsat,3036.8655846118927
0.081,cancelled,3040.693298816681
0.085,sat,22.141244649887085
