epsilon,result,runtime
0.133,sat,2.285296678543091
0.265,cancelled,5.242963790893555
0.08700000000000001,sat,2.545748710632324
0.043000000000000003,unsat,3043.1599855422974
0.041,cancelled,3040.720666885376
0.07100000000000001,sat,4.577162981033325
0.057,sat,71.22063136100769
0.055,sat,73.85034513473511
0.049,unsat,2745.635580778122
0.047,cancelled,2739.4705469608307
0.053000000000000005,sat,94.46026277542114
0.051000000000000004,sat,1439.5975363254547
