epsilon,result,runtime
0.265,sat,2.643385410308838
0.133,sat,2.6315555572509766
0.131,sat,2.574636697769165
0.063,unsat,2972.146701812744
0.097,sat,13.430979251861572
0.081,sat,13.10612416267395
0.065,unsat,3093.379954814911
0.07300000000000001,sat,80.9969425201416
0.07100000000000001,unsat,2984.2056093215942
0.067,cancelled,2985.299357652664
