epsilon,result,runtime
0.265,sat,2.0162744522094727
0.133,sat,2.3553619384765625
0.131,sat,1.9612338542938232
0.065,sat,3.7170801162719727
0.063,sat,1.4976458549499512
0.029,unsat,3536.4452407360077
0.031,unsat,3553.0308542251587
0.045,unsat,3032.65691614151
0.047,timeout,3600
0.055,unsat,3085.1429312229156
0.053000000000000005,cancelled,2538.5986137390137
0.059000000000000004,sat,81.49962282180786
0.057,sat,177.0221140384674
