epsilon,result,runtime
0.265,sat,1.9910428524017334
0.131,sat,125.62155413627625
0.133,cancelled,133.5947926044464
0.085,unsat,3470.569493532181
0.043000000000000003,cancelled,3474.013444662094
0.115,sat,2368.698220729828
0.101,unsat,2767.54354763031
0.099,cancelled,398.7603359222412
0.109,unsat,3548.849362373352
0.10500000000000001,cancelled,3552.278060436249
0.113,unsat,3048.2168397903442
0.111,cancelled,3051.4763264656067
