epsilon,result,runtime
0.265,sat,9.442161321640015
0.133,sat,14.079360723495483
0.131,sat,15.558257341384888
0.065,sat,15.692700624465942
0.063,sat,15.93323540687561
0.029,unsat,313.6697177886963
0.047,sat,19.75351071357727
0.039,sat,16.512998819351196
0.031,unsat,1043.9049789905548
0.035,unsat,3129.0696935653687
0.033,cancelled,2499.40961933136
0.037000000000000005,sat,149.28596568107605
