epsilon,result,runtime
0.133,sat,19.432867527008057
0.265,cancelled,27.30143165588379
0.043000000000000003,unsat,8.084648370742798
0.08700000000000001,sat,20.541147470474243
0.089,cancelled,14.352230548858643
0.07100000000000001,sat,179.0163698196411
0.057,unsat,3081.23548913002
0.055,cancelled,2903.4910356998444
0.061,unsat,3101.589646100998
0.065,timeout,3600
0.067,timeout,3600
0.069,sat,325.66774702072144
0.063,unsat,3488.2921600341797
