epsilon,result,runtime
0.265,sat,13.122972011566162
0.133,sat,14.9910147190094
0.131,sat,14.787637948989868
0.065,sat,15.362579584121704
0.063,sat,9.887821435928345
0.031,unsat,7.272830009460449
0.029,cancelled,1.7030425071716309
0.041,unsat,439.65608978271484
0.053000000000000005,unsat,2684.1477179527283
0.051000000000000004,cancelled,3138.8630685806274
0.059000000000000004,unsat,3197.960165500641
0.057,cancelled,3208.7549407482147
0.061,unsat,3487.76202583313
