epsilon,result,runtime
0.265,sat,11.071613073348999
0.133,sat,14.49263596534729
0.131,sat,15.27267050743103
0.063,sat,17.908998489379883
0.065,cancelled,49.18795132637024
0.021,unsat,8.936277627944946
0.041,unsat,243.1547393798828
0.053000000000000005,sat,17.055570363998413
0.043000000000000003,unsat,810.786050081253
0.047,sat,764.1950497627258
0.049,cancelled,218.16401720046997
0.045,unsat,2260.07359790802
