epsilon,result,runtime
0.265,sat,8.10147500038147
0.133,sat,10.855206727981567
0.131,sat,11.792457342147827
0.065,sat,11.694666147232056
0.031,unsat,7.413993835449219
0.063,sat,13.679241418838501
0.047,sat,12.643576860427856
0.045,sat,11.50020718574524
0.037000000000000005,unsat,428.54251766204834
0.041,sat,107.07705807685852
0.039,unsat,1010.688485622406
