epsilon,result,runtime
0.265,sat,14.663079738616943
0.133,sat,15.89850401878357
0.131,sat,16.157832384109497
0.065,sat,16.003039836883545
0.031,unsat,6.781494617462158
0.063,sat,13.21022915840149
0.047,sat,127.63544154167175
0.037000000000000005,unsat,125.33583617210388
0.041,unsat,566.3916206359863
0.043000000000000003,unsat,1546.987683057785
0.045,timeout,3600
