epsilon,result,runtime
0.265,sat,10.072695255279541
0.133,sat,12.474483013153076
0.131,sat,12.358058214187622
0.063,sat,12.3770112991333
0.065,cancelled,42.330137968063354
0.021,unsat,6.561192750930786
0.041,unsat,487.21450209617615
0.043000000000000003,unsat,1049.3356935977936
0.053000000000000005,unsat,3440.1757204532623
0.051000000000000004,cancelled,2874.359617948532
0.059000000000000004,sat,18.61427140235901
0.057,sat,54.18751001358032
0.055,sat,241.5138282775879
