epsilon,result,runtime
0.265,sat,7.46689248085022
0.133,sat,13.853675365447998
0.131,sat,15.10040283203125
0.065,sat,44.456029653549194
0.063,sat,46.21481728553772
0.029,unsat,55.02961492538452
0.031,unsat,209.04287886619568
0.047,unsat,3298.7715089321136
0.045,cancelled,3171.5079810619354
0.053000000000000005,unsat,3435.9176065921783
0.057,timeout,3600
0.059000000000000004,timeout,3600
0.055,timeout,3600
0.061,sat,277.18782091140747
