epsilon,result,runtime
0.265,sat,4.956192493438721
0.133,sat,7.492719411849976
0.131,sat,6.921846866607666
0.065,sat,7.432103157043457
0.031,unsat,2.9399023056030273
0.063,sat,5.884835958480835
0.045,unsat,410.536500453949
0.055,sat,44.397414684295654
0.047,unsat,2545.9404006004333
0.051000000000000004,unsat,2950.924843788147
0.049,cancelled,875.4084618091583
0.053000000000000005,unsat,3090.4972574710846
