epsilon,result,runtime
0.265,sat,8.303006172180176
0.133,sat,13.523832559585571
0.131,sat,15.133471965789795
0.065,sat,12.676986932754517
0.063,sat,12.862706422805786
0.029,unsat,62.174835205078125
0.031,unsat,159.0947813987732
0.047,sat,637.4610984325409
0.045,sat,1005.0937259197235
0.037000000000000005,unsat,874.9310903549194
0.039,unsat,3239.4277834892273
0.041,unsat,3386.3193912506104
0.043000000000000003,sat,3374.4331040382385
