epsilon,result,runtime
0.133,sat,9.30512285232544
0.265,cancelled,16.9185152053833
0.043000000000000003,unsat,4.151667594909668
0.08700000000000001,sat,7.512508392333984
0.089,cancelled,3.0348758697509766
0.07100000000000001,sat,9.15099549293518
0.055,unsat,294.0161955356598
0.057,unsat,454.43909311294556
0.065,sat,21.7409348487854
0.063,unsat,3375.8110206127167
0.059000000000000004,cancelled,3212.7041845321655
