epsilon,result,runtime
0.265,sat,10.399840116500854
0.133,sat,16.09568428993225
0.131,sat,16.35612726211548
0.065,sat,15.881295919418335
0.063,sat,17.50728130340576
0.029,unsat,47.643836975097656
0.031,unsat,120.75212788581848
0.045,sat,15.519567966461182
0.047,cancelled,74.46310925483704
0.035,unsat,516.0411608219147
0.041,sat,209.9794042110443
0.037000000000000005,unsat,721.3058304786682
0.039,unsat,1516.7641355991364
