epsilon,result,runtime
0.265,sat,12.259696960449219
0.133,sat,19.4460129737854
0.131,sat,17.352558374404907
0.065,sat,18.141850471496582
0.063,sat,20.96620535850525
0.031,unsat,3012.1724932193756
0.029,cancelled,2994.8676676750183
0.051000000000000004,sat,15.381231307983398
0.041,sat,67.36764931678772
0.039,sat,52.019469022750854
0.035,sat,10.204070329666138
0.033,sat,44.80553650856018
