epsilon,result,runtime
0.133,sat,15.426750421524048
0.265,cancelled,21.495688676834106
0.043000000000000003,unsat,7.924823045730591
0.08700000000000001,sat,84.33670496940613
0.089,cancelled,76.57252597808838
0.057,unsat,6.028632164001465
0.07300000000000001,sat,128.77401852607727
0.063,unsat,646.5399782657623
0.07100000000000001,sat,1145.3164472579956
0.065,unsat,804.1750259399414
0.067,unsat,1791.7617511749268
0.069,unsat,3138.6089313030243
