epsilon,result,runtime
0.265,sat,5.127341985702515
0.133,sat,8.390616416931152
0.131,sat,7.537837982177734
0.065,sat,7.9544970989227295
0.063,sat,8.222812175750732
0.029,unsat,512.3068242073059
0.047,sat,6.642706871032715
0.039,sat,4.795681476593018
0.035,sat,4.747272491455078
0.033,sat,496.509831905365
0.031,unsat,1507.4454910755157
