epsilon,result,runtime
0.133,sat,14.96250581741333
0.265,cancelled,26.550162076950073
0.08700000000000001,sat,16.72238063812256
0.043000000000000003,sat,48.66146993637085
0.019000000000000003,unsat,8.869362592697144
0.029,unsat,7.093157052993774
0.035,unsat,8.859477519989014
0.037000000000000005,unsat,96.41086316108704
0.041,sat,186.51013922691345
0.039,unsat,623.4210052490234
