epsilon,result,runtime
0.265,sat,6.671998977661133
0.133,sat,11.009265422821045
0.131,sat,15.463138103485107
0.065,sat,16.31091046333313
0.031,sat,10.048990726470947
0.063,cancelled,25.65371799468994
0.019000000000000003,unsat,7.2043256759643555
0.009000000000000001,cancelled,19.84143304824829
0.023,unsat,459.0802059173584
0.025,unsat,1866.0019924640656
0.029,sat,21.28825306892395
0.027000000000000003,unsat,3359.3314151763916
