epsilon,result,runtime
0.265,sat,17.008331775665283
0.133,sat,17.825021743774414
0.131,sat,12.45338225364685
0.065,unsat,2542.345109939575
0.063,cancelled,2531.0007860660553
0.08700000000000001,sat,11.499912738800049
0.107,cancelled,19.194578647613525
0.079,sat,15.163978576660156
0.07300000000000001,sat,172.7469403743744
0.07100000000000001,unsat,2515.512775182724
0.067,cancelled,2367.0657501220703
