epsilon,result,runtime
0.133,sat,17.067028760910034
0.265,cancelled,26.577603340148926
0.08700000000000001,sat,12.363605737686157
0.041,unsat,1328.0837824344635
0.065,sat,13.332897424697876
0.053000000000000005,sat,264.2965989112854
0.043000000000000003,unsat,2247.5208370685577
0.047,unsat,3517.685672521591
0.051000000000000004,sat,360.8609573841095
0.049,timeout,3600
