epsilon,result,runtime
0.265,sat,11.194443702697754
0.133,sat,12.072275876998901
0.131,sat,12.780359506607056
0.065,sat,12.730753421783447
0.031,unsat,5.913986444473267
0.063,sat,11.771333932876587
0.047,sat,4.91128134727478
0.045,sat,5.249691724777222
0.037000000000000005,unsat,355.8289601802826
0.041,sat,264.3821611404419
0.039,unsat,1594.6737678050995
