epsilon,result,runtime
0.133,sat,12.948686361312866
0.265,cancelled,20.844013214111328
0.043000000000000003,unsat,5.464901924133301
0.089,sat,82.66579103469849
0.08700000000000001,sat,139.1959307193756
0.063,unsat,2735.404392004013
0.065,unsat,3189.2979040145874
0.075,unsat,3437.3497614860535
0.077,unsat,3356.303824901581
0.081,unsat,2419.981445789337
0.083,timeout,3600
0.085,unsat,3409.2222225666046
