epsilon,result,runtime
0.133,sat,9.507153034210205
0.265,cancelled,12.982839345932007
0.08700000000000001,sat,12.38346815109253
0.041,unsat,5.252391576766968
0.043000000000000003,unsat,165.2022681236267
0.065,sat,156.57207918167114
0.063,sat,2428.6860587596893
0.053000000000000005,timeout,3600
0.051000000000000004,unsat,2770.6754820346832
0.055,unsat,3200.7183804512024
0.059000000000000004,timeout,3600
0.057,timeout,3600
0.061,unsat,2834.8680057525635
