epsilon,result,runtime
0.265,sat,6.0179455280303955
0.133,sat,9.846919775009155
0.131,sat,8.262980461120605
0.065,sat,8.618947744369507
0.063,sat,10.132367134094238
0.029,unsat,4.732224702835083
0.031,unsat,26.79988956451416
0.047,sat,75.03052067756653
0.037000000000000005,unsat,1756.7583951950073
0.045,unsat,2431.3822016716003
0.041,cancelled,596.9844510555267
