epsilon,result,runtime
0.265,sat,8.216600179672241
0.133,sat,12.469922065734863
0.131,sat,13.944385290145874
0.065,sat,18.069611310958862
0.063,sat,16.43976926803589
0.031,unsat,7.61079740524292
0.029,cancelled,1.0723028182983398
0.041,unsat,321.1328523159027
0.053000000000000005,unsat,3019.29105758667
0.051000000000000004,cancelled,3361.848522424698
0.057,sat,178.88467502593994
0.059000000000000004,cancelled,191.20881581306458
0.055,sat,271.11179661750793
