epsilon,result,runtime
0.265,sat,5.382382392883301
0.133,sat,7.280113220214844
0.131,sat,7.203058242797852
0.065,sat,8.175203561782837
0.063,sat,6.924757242202759
0.031,sat,4.5898590087890625
0.029,sat,3.880404233932495
0.013000000000000001,unsat,2.9884488582611084
0.015,unsat,19.156153440475464
0.023,sat,31.903982639312744
0.017,unsat,106.0103371143341
0.019000000000000003,unsat,244.88750886917114
0.021,unsat,500.3937838077545
