epsilon,result,runtime
0.133,sat,11.524113893508911
0.265,cancelled,17.90710687637329
0.08700000000000001,sat,8.236649513244629
0.041,unsat,21.40698003768921
0.043000000000000003,unsat,94.1717004776001
0.065,timeout,3600
0.063,timeout,3600
0.067,sat,165.17726802825928
0.061,timeout,3600
0.051000000000000004,timeout,3600
0.049,unsat,3192.8279592990875
0.053000000000000005,timeout,3600
0.057,unsat,3262.160017490387
0.055,cancelled,2987.699038028717
0.059000000000000004,unsat,2889.485593557358
