epsilon,result,runtime
0.265,sat,10.584386110305786
0.133,sat,15.78632116317749
0.131,sat,10.032915353775024
0.065,sat,9.550179481506348
0.063,sat,10.903013229370117
0.031,unsat,5.9538187980651855
0.029,cancelled,3.5347740650177
0.051000000000000004,sat,473.3208518028259
0.039,unsat,384.3646047115326
0.041,unsat,1809.161915063858
0.045,unsat,3155.9773638248444
0.049,sat,331.9495086669922
0.047,unsat,3519.7470774650574
