epsilon,result,runtime
0.265,sat,13.39087724685669
0.133,sat,18.75025510787964
0.131,sat,17.530101537704468
0.065,sat,16.1414577960968
0.031,unsat,9.310096740722656
0.063,sat,16.44582200050354
0.045,sat,11.59474802017212
0.047,cancelled,24.235055446624756
0.035,unsat,539.9502379894257
0.041,sat,16.18488335609436
0.037000000000000005,unsat,488.38517904281616
0.039,unsat,1481.510811805725
