epsilon,result,runtime
0.265,sat,7.684802293777466
0.133,sat,14.483849287033081
0.131,sat,14.63640832901001
0.065,sat,14.202304124832153
0.063,sat,12.924153089523315
0.029,unsat,29.228471279144287
0.047,sat,15.710463762283325
0.039,sat,12.11944031715393
0.031,unsat,284.9237484931946
0.033,unsat,580.2017829418182
0.037000000000000005,sat,238.27729892730713
0.035,unsat,1092.0829467773438
