epsilon,result,runtime
0.133,sat,14.097892045974731
0.265,cancelled,21.3119854927063
0.08700000000000001,sat,12.4617018699646
0.041,unsat,7.328395366668701
0.043000000000000003,unsat,32.927337646484375
0.063,sat,44.348740100860596
0.065,cancelled,60.47298073768616
0.049,unsat,2081.890188217163
0.055,timeout,3600
0.057,unsat,3199.2252912521362
0.053000000000000005,cancelled,1702.7204275131226
0.061,sat,171.93805193901062
0.059000000000000004,sat,385.1751432418823
