epsilon,result,runtime
0.265,sat,10.472542524337769
0.133,sat,15.570677042007446
0.131,sat,13.903069972991943
0.065,sat,13.917185068130493
0.063,sat,19.49418878555298
0.029,unsat,3509.039291858673
0.047,sat,20.108734846115112
0.031,timeout,3600
0.039,sat,17.730217218399048
0.037000000000000005,sat,20.72475790977478
0.035,sat,23.475552558898926
0.033,timeout,3600
