epsilon,result,runtime
0.265,sat,7.473130941390991
0.133,sat,11.977537870407104
0.131,sat,17.19937491416931
0.065,sat,105.94147515296936
0.031,unsat,8.8051176071167
0.063,sat,147.76728773117065
0.047,unsat,426.22063660621643
0.045,cancelled,388.42272448539734
0.053000000000000005,unsat,2669.3241035938263
0.057,timeout,3600
0.059000000000000004,unsat,3189.347086429596
0.055,cancelled,2279.2177634239197
0.061,unsat,3165.4813401699066
