epsilon,result,runtime
0.265,sat,7.509361982345581
0.133,sat,18.52318787574768
0.131,sat,16.65028476715088
0.065,sat,16.9189395904541
0.063,sat,13.135825157165527
0.029,unsat,875.4540989398956
0.047,sat,16.472832441329956
0.039,sat,238.27763438224792
0.031,unsat,3031.5290262699127
0.035,unsat,3302.547271966934
0.033,cancelled,1442.8795053958893
0.037000000000000005,sat,348.7581567764282
