epsilon,result,runtime
0.265,sat,4.142131328582764
0.133,sat,6.41300630569458
0.131,sat,6.282520055770874
0.065,sat,6.607005596160889
0.031,unsat,3.6141197681427
0.063,sat,6.953354597091675
0.047,sat,21.357770919799805
0.037000000000000005,unsat,119.51682043075562
0.041,unsat,1547.2323560714722
0.045,timeout,3600
0.043000000000000003,unsat,3339.296142101288
