epsilon,result,runtime
0.133,sat,19.300424814224243
0.265,cancelled,28.557315349578857
0.08700000000000001,sat,19.112096548080444
0.041,unsat,10.348467350006104
0.065,sat,19.53575348854065
0.043000000000000003,unsat,106.63700342178345
0.055,sat,426.84271264076233
0.047,unsat,528.5774033069611
0.049,unsat,1053.7579939365387
0.053000000000000005,unsat,3176.357502222061
0.051000000000000004,cancelled,1115.2937767505646
