epsilon,result,runtime
0.265,sat,7.150155544281006
0.133,sat,11.202677249908447
0.131,sat,17.20702815055847
0.065,sat,17.4314444065094
0.063,sat,17.63233995437622
0.029,unsat,376.6872909069061
0.047,sat,11.021706342697144
0.039,sat,245.97210025787354
0.035,sat,282.75736784935
0.031,unsat,1392.085435628891
0.033,unsat,788.7321252822876
