epsilon,result,runtime
0.265,sat,8.807065963745117
0.133,sat,13.489512920379639
0.131,sat,12.47878360748291
0.065,sat,14.946229457855225
0.031,unsat,5.876941680908203
0.063,sat,14.512824058532715
0.047,sat,535.5778198242188
0.037000000000000005,unsat,653.9568572044373
0.045,unsat,2243.422177553177
0.041,cancelled,1041.6557531356812
