epsilon,result,runtime
0.265,sat,3.9205243587493896
0.133,sat,6.441337823867798
0.131,sat,5.621001958847046
0.065,sat,5.765028715133667
0.063,sat,6.568352937698364
0.031,sat,6.5817530155181885
0.029,sat,3.818699598312378
0.013000000000000001,unsat,3.0451884269714355
0.015,unsat,26.74319076538086
0.023,sat,339.48186111450195
0.017,unsat,395.25374579429626
0.021,unsat,1042.545089006424
0.019000000000000003,cancelled,267.5318706035614
