epsilon,result,runtime
0.265,sat,3.256512403488159
0.133,sat,4.787736415863037
0.131,sat,5.117652177810669
0.065,sat,5.0958051681518555
0.063,sat,4.815709352493286
0.031,sat,5.098771572113037
0.013000000000000001,unsat,2.872211217880249
0.029,sat,27.390922784805298
0.019000000000000003,unsat,93.57815527915955
0.021,unsat,346.8511621952057
0.023,unsat,227.34682154655457
0.027000000000000003,sat,59.83685350418091
0.025,unsat,946.5078752040863
