epsilon,result,runtime
0.265,sat,10.275778770446777
0.133,sat,17.69487428665161
0.065,sat,14.464234828948975
0.131,cancelled,30.778196096420288
0.041,unsat,8.46757173538208
0.021,cancelled,15.838249921798706
0.055,sat,16.31063985824585
0.047,unsat,631.3976154327393
0.049,unsat,999.8196444511414
0.053000000000000005,sat,277.96192169189453
0.051000000000000004,unsat,3364.9600918293
