epsilon,result,runtime
0.265,sat,10.790224313735962
0.133,sat,17.746617555618286
0.131,sat,19.563223600387573
0.065,sat,44.17635631561279
0.031,unsat,8.732768058776855
0.063,sat,143.4710578918457
0.045,unsat,313.9131453037262
0.047,unsat,2903.567157268524
0.055,unsat,2525.037595272064
0.053000000000000005,cancelled,36.37470746040344
0.057,unsat,3259.5156083106995
0.059000000000000004,timeout,3600
0.061,timeout,3600
