epsilon,result,runtime
0.265,sat,9.208730936050415
0.133,sat,9.333777904510498
0.131,sat,7.69655179977417
0.065,sat,7.618642330169678
0.063,sat,9.143469333648682
0.029,unsat,325.0945360660553
0.047,sat,9.96194577217102
0.039,sat,108.96871566772461
0.031,unsat,1909.2116255760193
0.035,unsat,3518.184983253479
0.033,cancelled,2097.65878534317
0.037000000000000005,sat,4.9363720417022705
