epsilon,result,runtime
0.265,sat,7.173158645629883
0.133,sat,10.144839763641357
0.131,sat,8.913881063461304
0.065,sat,8.849489212036133
0.031,sat,5.010489463806152
0.063,cancelled,14.478300094604492
0.009000000000000001,unsat,5.460373401641846
0.019000000000000003,unsat,79.0136923789978
0.021,unsat,185.5202488899231
0.025,unsat,1036.4107246398926
0.029,sat,4.323406219482422
0.027000000000000003,unsat,3011.908232688904
