epsilon,result,runtime
0.265,sat,9.270084381103516
0.133,sat,9.509786367416382
0.065,sat,5.520785331726074
0.131,cancelled,12.509968757629395
0.021,unsat,3.6571903228759766
0.041,unsat,4.5575926303863525
0.043000000000000003,unsat,6.88955020904541
0.053000000000000005,unsat,493.709321975708
0.055,unsat,1084.1423037052155
0.061,sat,144.53423237800598
0.059000000000000004,unsat,2887.8171210289
0.057,cancelled,2141.181980371475
