epsilon,result,runtime
0.265,sat,7.55618691444397
0.133,sat,11.543892621994019
0.131,sat,10.816845893859863
0.065,sat,11.928703308105469
0.063,sat,12.104423999786377
0.031,sat,148.58618664741516
0.029,sat,232.97738099098206
0.013000000000000001,unsat,94.08944010734558
0.015,unsat,140.05715465545654
0.021,unsat,1194.2529118061066
0.023,timeout,3600
0.025,unsat,3470.3934638500214
0.027000000000000003,timeout,3600
