epsilon,result,runtime
0.133,sat,11.276307344436646
0.265,cancelled,19.693233966827393
0.043000000000000003,unsat,6.672644376754761
0.089,sat,201.70105719566345
0.08700000000000001,sat,434.9371483325958
0.063,unsat,429.31791830062866
0.065,unsat,677.2975330352783
0.075,unsat,2850.900055408478
0.077,unsat,3098.696909427643
0.081,unsat,2552.502558708191
0.083,timeout,3600
0.085,unsat,3325.414984703064
