epsilon,result,runtime
0.133,sat,14.542557716369629
0.265,cancelled,23.543108224868774
0.08700000000000001,sat,14.33595895767212
0.043000000000000003,sat,264.55201745033264
0.019000000000000003,unsat,6.4779229164123535
0.029,unsat,4.45775580406189
0.035,unsat,202.95440530776978
0.041,unsat,760.1175136566162
0.037000000000000005,cancelled,279.6151909828186
