epsilon,result,runtime
0.133,sat,6.363314151763916
0.265,cancelled,13.652009725570679
0.08700000000000001,sat,12.075882196426392
0.043000000000000003,sat,18.063186407089233
0.041,sat,18.44214105606079
0.019000000000000003,unsat,759.782443523407
0.031,sat,31.2445170879364
0.025,sat,235.6615433692932
0.023,sat,416.8055021762848
0.021,unsat,3109.045965909958
