epsilon,result,runtime
0.133,sat,12.565292596817017
0.265,cancelled,19.371513605117798
0.08700000000000001,sat,12.320441484451294
0.041,unsat,265.37381315231323
0.065,sat,19.22614073753357
0.053000000000000005,sat,17.06238055229187
0.043000000000000003,unsat,491.0495958328247
0.047,unsat,2449.2757313251495
0.049,unsat,2979.827794790268
0.051000000000000004,unsat,3397.4022657871246
