epsilon,result,runtime
0.265,sat,8.302048921585083
0.133,sat,13.147482872009277
0.131,sat,16.865257740020752
0.065,sat,16.835716009140015
0.063,sat,14.736528873443604
0.029,unsat,515.1593916416168
0.047,sat,17.733192920684814
0.039,sat,17.817694187164307
0.031,unsat,1751.9493234157562
0.035,unsat,3528.3601338863373
0.033,cancelled,2379.0976383686066
0.037000000000000005,sat,294.1459991931915
