epsilon,result,runtime
0.265,sat,5.023902893066406
0.133,sat,8.924917697906494
0.131,sat,8.330406427383423
0.065,sat,7.370975017547607
0.063,sat,8.086613416671753
0.029,unsat,295.1464030742645
0.047,sat,7.1915388107299805
0.031,unsat,698.513201713562
0.037000000000000005,unsat,2536.6331770420074
0.043000000000000003,sat,39.87286734580994
0.041,sat,589.8516340255737
0.039,timeout,3600
