epsilon,result,runtime
0.265,sat,10.936010599136353
0.133,sat,17.933120012283325
0.131,sat,15.244005680084229
0.065,sat,16.18730401992798
0.063,sat,16.717122316360474
0.031,sat,10.5285484790802
0.029,sat,8.466500997543335
0.013000000000000001,unsat,6.212112903594971
0.015,unsat,7.676809549331665
0.021,unsat,140.34590697288513
0.023,unsat,454.6049773693085
0.027000000000000003,sat,90.30067157745361
0.025,unsat,1063.6796867847443
