epsilon,result,runtime
0.133,sat,10.426588535308838
0.265,cancelled,16.453493118286133
0.08700000000000001,sat,9.662465333938599
0.041,unsat,4.06942081451416
0.065,sat,54.81092929840088
0.043000000000000003,unsat,111.5161612033844
0.053000000000000005,unsat,2525.6825597286224
0.059000000000000004,sat,317.0949776172638
0.055,unsat,2858.483419895172
0.057,sat,207.27165365219116
