epsilon,result,runtime
0.133,sat,6.222727060317993
0.265,cancelled,11.939920425415039
0.265,sat,6.197389125823975
0.043000000000000003,sat,6.250751972198486
0.08700000000000001,cancelled,10.782670497894287
0.013000000000000001,unsat,3.598299980163574
0.027000000000000003,unsat,120.63998031616211
0.035,sat,3.061835765838623
0.029,unsat,517.2180850505829
0.033,sat,73.9175055027008
0.031,unsat,1174.0438508987427
