epsilon,result,runtime
0.265,sat,9.673820495605469
0.133,sat,16.053213596343994
0.131,sat,15.090603351593018
0.065,sat,15.4382905960083
0.063,sat,11.57048487663269
0.031,unsat,7.496723651885986
0.029,cancelled,3.634856939315796
0.041,unsat,396.8969714641571
0.051000000000000004,unsat,2490.055967569351
0.057,sat,114.85208702087402
0.053000000000000005,timeout,3600
0.055,sat,3007.235517501831
