epsilon,result,runtime
0.265,sat,10.717733383178711
0.133,sat,11.600045919418335
0.065,sat,12.564941644668579
0.131,cancelled,21.406925439834595
0.021,unsat,6.035289287567139
0.041,unsat,7.121899843215942
0.043000000000000003,unsat,117.98276424407959
0.053000000000000005,unsat,3353.3458268642426
0.059000000000000004,sat,12.387316703796387
0.057,sat,12.876750707626343
0.055,timeout,3600
