epsilon,result,runtime
0.265,sat,4.7629125118255615
0.133,sat,7.699225902557373
0.131,sat,8.978808879852295
0.065,sat,7.508992910385132
0.031,unsat,3.7556674480438232
0.063,sat,6.721135854721069
0.047,sat,130.96290969848633
0.045,sat,131.0375030040741
0.037000000000000005,unsat,107.4928879737854
0.039,unsat,238.80396699905396
0.043000000000000003,sat,548.6525399684906
0.041,unsat,2092.929352045059
