epsilon,result,runtime
0.265,sat,8.300037860870361
0.133,sat,12.392889499664307
0.131,sat,14.938498735427856
0.065,sat,14.746954917907715
0.031,unsat,8.697938442230225
0.063,sat,16.755563020706177
0.047,unsat,3367.058035850525
0.045,cancelled,3368.9702508449554
0.057,sat,15.582623481750488
0.053000000000000005,sat,92.53214955329895
0.051000000000000004,sat,72.59420537948608
0.049,sat,169.4313313961029
