epsilon,result,runtime
0.265,sat,10.184028387069702
0.133,sat,13.69003677368164
0.131,sat,13.171761751174927
0.065,sat,15.974936246871948
0.031,unsat,8.398122787475586
0.063,sat,17.432170391082764
0.045,unsat,2579.5985004901886
0.055,sat,12.591957330703735
0.051000000000000004,sat,88.78083848953247
0.047,unsat,2784.5371572971344
0.049,sat,805.2056863307953
