epsilon,result,runtime
0.265,sat,12.3430757522583
0.133,sat,13.896791219711304
0.131,sat,18.199515104293823
0.065,sat,18.71792483329773
0.063,sat,18.87901210784912
0.031,sat,204.80610036849976
0.013000000000000001,unsat,9.238479614257812
0.029,sat,385.2098822593689
0.021,unsat,232.3511791229248
0.019000000000000003,cancelled,54.98111605644226
0.023,unsat,768.0026068687439
0.027000000000000003,sat,305.0953779220581
0.025,unsat,1440.7817831039429
