epsilon,result,runtime
0.265,sat,9.460795640945435
0.133,sat,9.742241859436035
0.131,sat,8.989419221878052
0.063,unsat,306.0836338996887
0.097,sat,8.35577392578125
0.081,sat,5.8607399463653564
0.065,unsat,406.84880232810974
0.07300000000000001,unsat,2796.605324983597
0.07100000000000001,cancelled,2747.03599858284
0.075,unsat,3039.2490577697754
0.077,unsat,3202.0173437595367
0.079,timeout,3600
