epsilon,result,runtime
0.265,sat,7.94193172454834
0.133,sat,14.991980075836182
0.131,sat,14.317281246185303
0.065,sat,12.943714141845703
0.063,sat,14.564585447311401
0.029,unsat,1055.7989509105682
0.047,sat,14.806212425231934
0.039,sat,284.09030079841614
0.035,sat,590.5808401107788
0.031,unsat,2558.896038532257
0.033,unsat,3444.5444338321686
