epsilon,result,runtime
0.265,sat,8.078067541122437
0.133,sat,14.871217727661133
0.131,sat,15.899279356002808
0.065,sat,19.211836338043213
0.063,sat,14.700670957565308
0.031,unsat,7.879942178726196
0.029,cancelled,13.29612421989441
0.051000000000000004,sat,9.981375694274902
0.039,unsat,255.04887413978577
0.041,unsat,505.09645438194275
0.045,unsat,770.3029890060425
0.049,sat,9.583738327026367
0.047,unsat,1814.5741031169891
