epsilon,result,runtime
0.265,sat,4.761575222015381
0.133,sat,6.779292583465576
0.131,sat,7.137810230255127
0.065,sat,7.185109853744507
0.063,sat,6.305891036987305
0.031,sat,6.275378465652466
0.013000000000000001,unsat,3.368077039718628
0.029,sat,48.443182706832886
0.019000000000000003,unsat,251.00720405578613
0.025,sat,35.023701429367065
0.021,unsat,431.71081709861755
0.023,sat,106.66470050811768
