epsilon,result,runtime
0.265,sat,8.619224071502686
0.133,sat,14.99691653251648
0.131,sat,12.634208917617798
0.065,sat,13.540035486221313
0.031,unsat,9.083705186843872
0.063,sat,16.313738107681274
0.045,unsat,570.3191759586334
0.055,sat,12.566895484924316
0.051000000000000004,sat,203.71815752983093
0.047,unsat,1224.4290618896484
0.049,sat,1259.5952305793762
