epsilon,result,runtime
0.265,sat,15.20100736618042
0.133,sat,17.341161489486694
0.131,sat,12.776576519012451
0.065,sat,16.665697813034058
0.063,sat,12.920881271362305
0.031,unsat,6.3508570194244385
0.029,cancelled,1.5308043956756592
0.041,unsat,8.808908700942993
0.051000000000000004,unsat,630.6845099925995
0.053000000000000005,unsat,882.6705982685089
0.059000000000000004,sat,47.69687223434448
0.057,sat,730.1525242328644
0.055,unsat,1816.6413323879242
