epsilon,result,runtime
0.265,sat,7.941738843917847
0.133,sat,8.905275583267212
0.131,sat,8.464835166931152
0.065,sat,8.611767053604126
0.063,sat,6.629942417144775
0.031,sat,14.643054962158203
0.029,sat,7.59824800491333
0.013000000000000001,sat,8.276621103286743
0.015,cancelled,8.739432096481323
0.003,unsat,6.595908164978027
0.007,sat,7.649835824966431
0.009000000000000001,cancelled,1.374169111251831
0.005,unsat,323.86410665512085
