epsilon,result,runtime
0.265,sat,3.8450586795806885
0.133,sat,5.72084379196167
0.131,sat,6.176240682601929
0.065,sat,17.29833674430847
0.031,unsat,3.1764776706695557
0.063,sat,105.38967657089233
0.045,unsat,396.59174966812134
0.047,unsat,3133.2250492572784
0.055,unsat,3232.534568309784
0.053000000000000005,cancelled,590.9334697723389
0.057,unsat,3060.194353580475
0.059000000000000004,timeout,3600
0.061,unsat,3527.3363630771637
