epsilon,result,runtime
0.265,sat,3.8980345726013184
0.133,sat,5.995392322540283
0.131,sat,7.101606845855713
0.065,sat,7.010860443115234
0.063,sat,6.422898292541504
0.031,sat,6.476230144500732
0.029,sat,6.490777492523193
0.013000000000000001,sat,4.049771547317505
0.015,cancelled,1.3965280055999756
0.007,sat,4.535380125045776
0.003,sat,4.810590982437134
0.001,unsat,3.217440128326416
