epsilon,result,runtime
0.265,sat,12.464451313018799
0.133,sat,14.539402961730957
0.131,sat,16.443758487701416
0.065,sat,18.40043306350708
0.063,sat,20.11105728149414
0.029,unsat,10.412171125411987
0.031,unsat,71.1751618385315
0.045,unsat,2773.192216873169
0.055,sat,161.44140696525574
0.051000000000000004,sat,42.720011949539185
0.047,unsat,3123.6992428302765
0.049,sat,272.1566095352173
