epsilon,result,runtime
0.265,sat,10.31742000579834
0.133,sat,12.307835102081299
0.131,sat,12.207340478897095
0.063,sat,14.222098112106323
0.065,cancelled,37.929680585861206
0.021,unsat,7.007528305053711
0.041,unsat,7.702112913131714
0.043000000000000003,unsat,6.611190319061279
0.053000000000000005,unsat,2580.567205429077
0.051000000000000004,cancelled,2574.2673399448395
0.059000000000000004,sat,581.8583180904388
0.057,unsat,2926.1073203086853
0.055,cancelled,2344.378269433975
