epsilon,result,runtime
0.265,sat,10.566033601760864
0.133,sat,19.282177925109863
0.131,sat,15.971818447113037
0.065,sat,16.227250337600708
0.063,sat,13.009756565093994
0.031,sat,12.221210479736328
0.029,sat,15.696515560150146
0.013000000000000001,unsat,8.309767007827759
0.015,unsat,6.683762311935425
0.023,sat,14.756588459014893
0.017,unsat,39.10676383972168
0.019000000000000003,unsat,425.96553206443787
0.021,unsat,1361.1149549484253
