epsilon,result,runtime
0.133,sat,15.383562326431274
0.265,cancelled,21.41533899307251
0.08700000000000001,sat,18.787012815475464
0.041,unsat,394.3503897190094
0.065,sat,11.538925409317017
0.053000000000000005,sat,12.798608779907227
0.047,sat,11.229814052581787
0.045,sat,8.719278573989868
0.043000000000000003,unsat,800.6162233352661
