epsilon,result,runtime
0.265,sat,12.98441767692566
0.133,sat,19.31232237815857
0.131,sat,16.320680618286133
0.065,sat,15.701635599136353
0.063,sat,15.382342338562012
0.029,unsat,239.7535321712494
0.047,sat,17.842463731765747
0.031,unsat,516.3927056789398
0.039,unsat,3377.1555931568146
0.037000000000000005,cancelled,3164.9818189144135
0.041,unsat,3226.5720059871674
0.043000000000000003,sat,3513.7162148952484
0.045,cancelled,286.6950056552887
