epsilon,result,runtime
0.265,sat,11.54051661491394
0.133,sat,17.628873586654663
0.131,sat,17.105798482894897
0.065,sat,63.39405393600464
0.031,unsat,7.765523910522461
0.063,sat,61.55280661582947
0.045,unsat,1067.3631327152252
0.055,sat,222.73159193992615
0.047,unsat,2912.3545486927032
0.051000000000000004,unsat,3174.553460597992
0.049,cancelled,1593.1625697612762
0.053000000000000005,unsat,2714.1352047920227
