epsilon,result,runtime
0.265,sat,0.8162486553192139
0.133,sat,1.2030243873596191
0.131,sat,1.2841317653656006
0.065,sat,2.1716415882110596
0.063,sat,0.963456392288208
0.029,unsat,83.9605860710144
0.047,sat,18.757431745529175
0.031,unsat,131.72902035713196
0.039,unsat,3472.0921380519867
0.037000000000000005,cancelled,3452.761158466339
0.043000000000000003,sat,19.772233486175537
0.041,unsat,3505.3252370357513
