epsilon,result,runtime
0.265,sat,0.734257698059082
0.133,sat,0.7946743965148926
0.131,sat,0.7878127098083496
0.065,sat,0.7999353408813477
0.063,sat,0.7943272590637207
0.031,sat,0.761455774307251
0.013000000000000001,sat,0.6698722839355469
0.029,cancelled,3.5234270095825195
0.029,sat,0.7196547985076904
0.003,sat,0.5969960689544678
0.007,cancelled,3.318300724029541
0.007,sat,0.6059339046478271
0.001,sat,0.1316392421722412
