epsilon,result,runtime
0.265,sat,0.8161230087280273
0.133,sat,0.8272943496704102
0.131,sat,0.786799430847168
0.065,sat,0.8081095218658447
0.063,sat,0.7136025428771973
0.029,unsat,18.635403394699097
0.047,sat,0.7459840774536133
0.039,sat,1.3739311695098877
0.031,unsat,31.587090969085693
0.033,unsat,603.8061635494232
0.037000000000000005,sat,5.740480422973633
0.035,unsat,3485.5054409503937
