epsilon,result,runtime
0.265,sat,1.326678991317749
0.133,sat,7.278043270111084
0.131,sat,7.092392683029175
0.065,unsat,3522.7966833114624
0.063,cancelled,3522.0846543312073
0.107,sat,14.461863279342651
0.08700000000000001,sat,16.432887077331543
0.085,sat,2.7024261951446533
0.07300000000000001,unsat,3488.319940805435
0.079,sat,12.4475998878479
0.075,unsat,3541.8631682395935
0.077,sat,32.024712800979614
