epsilon,result,runtime
0.265,sat,0.8313727378845215
0.133,sat,0.8477017879486084
0.131,sat,0.7308869361877441
0.065,sat,0.7524828910827637
0.063,sat,0.7756545543670654
0.031,sat,0.8072326183319092
0.029,sat,0.849825382232666
0.013000000000000001,sat,0.8211324214935303
0.015,cancelled,0.010693550109863281
0.003,unsat,1.1250700950622559
0.007,sat,1.2518198490142822
0.009000000000000001,cancelled,0.19172239303588867
0.005,unsat,0.739574670791626
