epsilon,result,runtime
0.265,sat,0.8379647731781006
0.133,sat,1.36491060256958
0.131,sat,3.183570623397827
0.065,unsat,3470.9469747543335
0.063,cancelled,3468.2756695747375
0.107,sat,3.511530637741089
0.08700000000000001,sat,3.5683486461639404
0.085,sat,2.946608304977417
0.075,sat,3.2723710536956787
0.07300000000000001,sat,2.9826343059539795
0.069,sat,2.94260311126709
0.067,sat,0.27233195304870605
