epsilon,result,runtime
0.265,sat,0.7647089958190918
0.133,sat,0.7664926052093506
0.131,sat,0.698538064956665
0.065,sat,0.7880680561065674
0.063,sat,0.695218563079834
0.031,sat,0.756340503692627
0.029,sat,0.810615062713623
0.013000000000000001,sat,0.7228844165802002
0.015,cancelled,0.06419920921325684
0.007,unsat,1.0769834518432617
0.003,cancelled,3.7770333290100098
0.011,unsat,0.6010897159576416
0.009000000000000001,cancelled,3.234889507293701
