epsilon,result,runtime
0.265,sat,0.793771505355835
0.133,sat,2.604997396469116
0.131,sat,3.1873645782470703
0.065,sat,886.2011251449585
0.031,unsat,0.6148502826690674
0.047,unsat,209.81861472129822
0.063,unsat,3579.22828745842
0.055,cancelled,2481.0550105571747
