epsilon,result,runtime
0.133,sat,0.8451390266418457
0.265,cancelled,3.589282751083374
0.043000000000000003,sat,0.8031206130981445
0.08700000000000001,cancelled,3.585057258605957
0.013000000000000001,unsat,0.4880826473236084
0.027000000000000003,sat,0.7041306495666504
0.029,cancelled,0.24558353424072266
0.017,unsat,9.05088210105896
0.023,sat,14.91807222366333
0.019000000000000003,unsat,11.91686725616455
0.021,unsat,51.75339365005493
