epsilon,result,runtime
0.133,sat,0.7373318672180176
0.265,cancelled,3.376607656478882
0.08700000000000001,sat,0.7549371719360352
0.043000000000000003,sat,0.7738018035888672
0.041,sat,0.7747244834899902
0.019000000000000003,sat,0.836345911026001
0.021,cancelled,0.0421299934387207
0.011,sat,0.9178199768066406
0.005,sat,1.0498018264770508
0.003,sat,0.6940922737121582
0.001,sat,0.6684422492980957
