epsilon,result,runtime
0.265,sat,0.7990684509277344
0.133,sat,0.7814841270446777
0.131,sat,0.7725005149841309
0.065,sat,0.8187119960784912
0.031,sat,0.7866771221160889
0.063,cancelled,3.5303916931152344
0.063,sat,0.7439854145050049
0.009000000000000001,unsat,0.6290552616119385
0.019000000000000003,unsat,1.0271058082580566
0.021,unsat,3.0894837379455566
0.025,unsat,143.87977194786072
0.029,sat,1.3387634754180908
0.027000000000000003,unsat,3500.7834708690643
