epsilon,result,runtime
0.133,sat,0.799013614654541
0.265,cancelled,3.6924259662628174
0.265,sat,0.8242297172546387
0.08700000000000001,sat,0.7627773284912109
0.043000000000000003,sat,0.7904660701751709
0.041,sat,0.8498661518096924
0.019000000000000003,sat,0.8496403694152832
0.021,cancelled,0.04503130912780762
0.005,sat,0.9200057983398438
0.011,cancelled,3.5083119869232178
0.003,sat,0.6004314422607422
0.001,sat,0.6437602043151855
