epsilon,result,runtime
0.133,sat,0.5216379165649414
0.265,cancelled,3.282642126083374
0.08700000000000001,sat,0.7509791851043701
0.043000000000000003,sat,0.7998042106628418
0.019000000000000003,sat,0.6667988300323486
0.041,cancelled,3.367724895477295
0.011,sat,0.6178956031799316
0.005,sat,0.63413405418396
0.003,sat,0.3256092071533203
0.001,sat,0.4526042938232422
