epsilon,result,runtime
0.265,sat,0.8754069805145264
0.133,sat,1.7616963386535645
0.131,sat,0.5931627750396729
0.065,sat,2.1735332012176514
0.063,sat,1.483222484588623
0.031,unsat,0.6761519908905029
0.029,cancelled,1.720221996307373
0.041,unsat,336.1514148712158
0.053000000000000005,sat,0.8559520244598389
0.045,sat,0.6109445095062256
0.051000000000000004,cancelled,346.9992604255676
0.043000000000000003,sat,0.8729887008666992
