epsilon,result,runtime
0.133,sat,0.8888726234436035
0.265,cancelled,3.66725754737854
0.265,sat,0.876598596572876
0.043000000000000003,sat,0.731837272644043
0.08700000000000001,cancelled,3.4974851608276367
0.013000000000000001,unsat,0.7386651039123535
0.027000000000000003,sat,0.7703714370727539
0.029,cancelled,0.0596616268157959
0.017,unsat,4.334258317947388
0.023,sat,0.8053631782531738
0.019000000000000003,unsat,21.1305992603302
0.021,unsat,32.553388357162476
