epsilon,result,runtime
0.265,sat,0.8394067287445068
0.133,sat,0.8095870018005371
0.131,sat,0.5288436412811279
0.065,sat,0.7317254543304443
0.063,sat,0.38207530975341797
0.031,sat,0.5181546211242676
0.029,sat,0.24565696716308594
0.015,sat,1.4969639778137207
0.005,unsat,0.7835831642150879
0.013000000000000001,unsat,10.328264474868774
0.009000000000000001,cancelled,1.2082023620605469
