epsilon,result,runtime
0.265,sat,1.2965128421783447
0.133,sat,1.267366886138916
0.131,sat,1.3199148178100586
0.065,sat,1.3155701160430908
0.063,sat,1.3457930088043213
0.031,sat,1.351346492767334
0.013000000000000001,sat,1.2805845737457275
0.029,cancelled,4.640788555145264
0.003,unsat,1.1285533905029297
0.007,sat,1.2650091648101807
0.009000000000000001,cancelled,0.18845272064208984
0.005,sat,1.2115304470062256
