epsilon,result,runtime
0.265,sat,0.8364982604980469
0.133,sat,2.4245572090148926
0.131,sat,0.8607077598571777
0.065,sat,1.8833649158477783
0.063,sat,1.3658244609832764
0.031,unsat,0.9488401412963867
0.029,cancelled,2.3548741340637207
0.051000000000000004,unsat,3484.825778722763
0.041,cancelled,3488.3664124011993
0.057,unsat,3483.9172854423523
0.055,cancelled,3491.520500421524
0.061,sat,33.257827043533325
0.059000000000000004,sat,34.246636152267456
