epsilon,result,runtime
0.133,sat,1.2885496616363525
0.265,cancelled,4.419891595840454
0.265,sat,1.3046574592590332
0.08700000000000001,sat,1.332759141921997
0.043000000000000003,sat,1.358778953552246
0.019000000000000003,unsat,1.0200872421264648
0.041,sat,1.2164833545684814
0.031,sat,1.2833061218261719
0.023,unsat,1.112196683883667
0.025,unsat,1.0279545783996582
0.027000000000000003,unsat,4.26802396774292
0.029,unsat,35.032628297805786
