epsilon,result,runtime
0.133,sat,0.7647233009338379
0.265,cancelled,3.6598377227783203
0.08700000000000001,sat,0.759148120880127
0.043000000000000003,sat,0.7905678749084473
0.041,sat,0.766655683517456
0.019000000000000003,sat,0.7594058513641357
0.021,cancelled,0.08168983459472656
0.011,sat,1.2914600372314453
0.003,unsat,0.6136891841888428
0.005,unsat,6.897820711135864
0.007,sat,0.5351035594940186
0.009000000000000001,cancelled,1.2597956657409668
