epsilon,result,runtime
0.133,sat,0.7898011207580566
0.265,cancelled,3.413564682006836
0.265,sat,0.82572340965271
0.043000000000000003,sat,0.7730574607849121
0.08700000000000001,cancelled,3.4741623401641846
0.027000000000000003,sat,0.7564353942871094
0.013000000000000001,sat,0.7794580459594727
0.011,sat,0.5263261795043945
0.005,sat,0.6326732635498047
0.003,sat,0.4031977653503418
0.001,sat,0.5702242851257324
