epsilon,result,runtime
0.133,sat,0.7847321033477783
0.265,cancelled,3.7650554180145264
0.043000000000000003,sat,0.801185131072998
0.08700000000000001,cancelled,3.504026174545288
0.08700000000000001,sat,0.7962839603424072
0.013000000000000001,unsat,2.7148430347442627
0.027000000000000003,unsat,1314.3694348335266
0.029,unsat,3484.09592962265
0.035,unsat,3561.2225284576416
0.039,sat,92.04256534576416
0.037000000000000005,unsat,3589.000610113144
