epsilon,result,runtime
0.265,sat,0.8107974529266357
0.133,sat,2.2176196575164795
0.131,sat,0.4195742607116699
0.065,sat,2.0396230220794678
0.063,sat,2.048173666000366
0.029,unsat,132.56954503059387
0.031,unsat,931.3996779918671
0.047,unsat,3553.8911073207855
0.045,cancelled,2760.7633998394012
0.057,sat,16.97450590133667
0.053000000000000005,sat,17.26089882850647
0.051000000000000004,sat,16.040528297424316
0.049,sat,15.990232229232788
