epsilon,result,runtime
0.265,sat,0.8829436302185059
0.133,sat,1.3479886054992676
0.131,sat,2.5786209106445312
0.065,unsat,3492.5882885456085
0.063,cancelled,3490.662600040436
0.107,sat,10.696107149124146
0.08700000000000001,sat,34.363795042037964
0.085,sat,35.21332383155823
0.075,sat,26.6106059551239
0.07300000000000001,sat,26.576759576797485
0.069,sat,24.040602207183838
0.067,sat,37.137924671173096
