epsilon,result,runtime
0.265,sat,0.7714471817016602
0.133,sat,0.792487621307373
0.131,sat,0.824507474899292
0.065,sat,1.6112251281738281
0.063,sat,1.032097578048706
0.031,unsat,0.7746853828430176
0.029,cancelled,0.43454599380493164
0.041,unsat,60.6945595741272
0.051000000000000004,unsat,3445.048683643341
0.053000000000000005,unsat,3381.095561504364
0.059000000000000004,sat,10.193262100219727
0.055,unsat,3501.3574409484863
0.057,unsat,3517.024109840393
