epsilon,result,runtime
0.265,sat,0.8008151054382324
0.133,sat,0.7971327304840088
0.131,sat,0.8078939914703369
0.065,sat,0.8149464130401611
0.063,sat,0.7349636554718018
0.031,sat,0.7832791805267334
0.029,sat,0.38638901710510254
0.013000000000000001,sat,0.5452110767364502
0.015,cancelled,0.2846837043762207
0.007,sat,0.9438760280609131
0.003,sat,0.9504034519195557
0.001,sat,0.14017939567565918
