epsilon,result,runtime
0.133,sat,0.7032639980316162
0.265,cancelled,3.3390982151031494
0.043000000000000003,sat,0.7795965671539307
0.08700000000000001,cancelled,3.455416440963745
0.013000000000000001,sat,0.5345993041992188
0.027000000000000003,cancelled,3.2169718742370605
0.003,sat,0.6910707950592041
0.007,cancelled,3.401732921600342
0.007,sat,0.6742761135101318
0.001,sat,0.13952040672302246
