epsilon,result,runtime
0.265,sat,1.403273582458496
0.133,sat,1.4032518863677979
0.131,sat,1.3968560695648193
0.065,sat,1.3735969066619873
0.063,sat,1.3768415451049805
0.031,sat,1.393944501876831
0.029,sat,1.3692421913146973
0.013000000000000001,sat,1.3730998039245605
0.015,cancelled,0.06604504585266113
0.003,unsat,1.5339536666870117
0.007,sat,1.748887062072754
0.009000000000000001,cancelled,0.2867896556854248
0.005,unsat,1.10298490524292
