epsilon,result,runtime
0.133,sat,0.5402002334594727
0.265,cancelled,3.126356601715088
0.08700000000000001,sat,0.7770895957946777
0.043000000000000003,sat,0.8145308494567871
0.019000000000000003,unsat,0.5110325813293457
0.041,sat,0.7053165435791016
0.029,sat,0.7559366226196289
0.031,cancelled,3.289747476577759
0.025,sat,0.8338038921356201
0.021,unsat,1.884737253189087
0.023,unsat,6.521415948867798
