epsilon,result,runtime
0.133,sat,0.5665223598480225
0.265,cancelled,3.1887805461883545
0.043000000000000003,sat,0.740947961807251
0.08700000000000001,cancelled,3.4219512939453125
0.013000000000000001,unsat,0.6445529460906982
0.027000000000000003,sat,0.7548232078552246
0.029,cancelled,0.0984654426574707
0.017,unsat,7.3366148471832275
0.023,sat,0.7207257747650146
0.019000000000000003,unsat,7.689408779144287
0.021,unsat,55.666030406951904
