epsilon,result,runtime
0.133,sat,0.8336937427520752
0.265,cancelled,3.614014148712158
0.265,sat,0.7947416305541992
0.08700000000000001,sat,0.7574319839477539
0.043000000000000003,sat,0.8270735740661621
0.041,sat,0.7858982086181641
0.019000000000000003,unsat,4.764139175415039
0.031,sat,0.9340732097625732
0.025,sat,0.9554233551025391
0.023,sat,5.983588457107544
0.021,unsat,34.87454152107239
