epsilon,result,runtime
0.265,sat,3.5928852558135986
0.133,sat,3.6529288291931152
0.131,sat,3.5751829147338867
0.063,unsat,99.99349808692932
0.097,sat,2.937922239303589
0.065,unsat,356.65616369247437
0.081,unsat,2973.1241114139557
0.079,cancelled,2732.3143327236176
0.091,sat,5.819805383682251
0.085,unsat,3502.150783061981
0.08700000000000001,unsat,3517.0081236362457
0.089,sat,2.1744673252105713
