epsilon,result,runtime
0.265,sat,1.312540054321289
0.133,sat,2.4594151973724365
0.131,sat,1.2623636722564697
0.065,unsat,3224.1731491088867
0.063,cancelled,3224.1990921497345
0.107,sat,13.293811559677124
0.085,unsat,3472.343629360199
0.097,sat,5.431298494338989
0.08700000000000001,unsat,3501.2720272541046
0.091,sat,3.9122393131256104
0.093,cancelled,5.661673069000244
0.089,sat,7.17991042137146
