epsilon,result,runtime
0.133,sat,0.5453383922576904
0.265,cancelled,3.2690486907958984
0.08700000000000001,sat,0.8025393486022949
0.043000000000000003,sat,0.802208423614502
0.041,sat,0.6358203887939453
0.019000000000000003,sat,0.7383432388305664
0.021,cancelled,0.1527693271636963
0.005,sat,1.05311918258667
0.011,cancelled,3.751910924911499
0.001,sat,0.5666663646697998
0.003,cancelled,3.2770004272460938
