epsilon,result,runtime
0.133,sat,0.7721385955810547
0.265,cancelled,3.4215235710144043
0.265,sat,0.7933123111724854
0.08700000000000001,sat,0.6678938865661621
0.043000000000000003,sat,0.772540807723999
0.041,sat,0.4346802234649658
0.019000000000000003,unsat,0.44438934326171875
0.021,unsat,4.476731300354004
0.029,unsat,171.2411663532257
0.035,sat,0.8586363792419434
0.033,sat,0.8713524341583252
0.031,unsat,3357.3052628040314
