epsilon,result,runtime
0.265,sat,1.1959257125854492
0.133,sat,1.2570810317993164
0.131,sat,1.1641485691070557
0.065,sat,1.1924817562103271
0.063,sat,0.8948929309844971
0.031,sat,0.9710028171539307
0.029,sat,0.9521830081939697
0.013000000000000001,sat,0.8654584884643555
0.015,cancelled,0.7176704406738281
0.003,sat,1.0643534660339355
0.007,cancelled,4.544057130813599
0.001,sat,0.7058300971984863
