epsilon,result,runtime
0.133,sat,0.8325090408325195
0.265,cancelled,3.5622689723968506
0.265,sat,0.822324275970459
0.08700000000000001,sat,0.6845767498016357
0.043000000000000003,sat,0.7624616622924805
0.041,sat,0.7633469104766846
0.019000000000000003,unsat,2.405744791030884
0.031,sat,0.8916530609130859
0.021,unsat,3.5952160358428955
0.025,sat,0.44628095626831055
0.027000000000000003,cancelled,2.32358980178833
0.023,sat,0.31401538848876953
