epsilon,result,runtime
0.265,sat,0.7843489646911621
0.133,sat,0.7899584770202637
0.131,sat,0.7036044597625732
0.065,sat,0.779749870300293
0.063,sat,0.7068099975585938
0.031,sat,0.7710254192352295
0.029,sat,0.646428108215332
0.013000000000000001,unsat,0.6203145980834961
0.015,unsat,0.6456882953643799
0.021,sat,1.7470121383666992
0.023,cancelled,1.116588830947876
0.017,unsat,4.300280332565308
0.019000000000000003,unsat,6.491032361984253
