epsilon,result,runtime
0.265,sat,0.744135856628418
0.133,sat,0.7815375328063965
0.131,sat,0.6267588138580322
0.065,sat,0.7179808616638184
0.063,sat,0.7211024761199951
0.031,sat,0.7468621730804443
0.029,sat,0.7233033180236816
0.013000000000000001,unsat,0.6100842952728271
0.015,unsat,0.4653787612915039
0.021,unsat,3.3123931884765625
0.023,unsat,2.547649383544922
0.025,unsat,35.427042961120605
0.027000000000000003,unsat,3343.9848248958588
