epsilon,result,runtime
0.265,sat,0.7486157417297363
0.133,sat,0.8038685321807861
0.131,sat,0.5586733818054199
0.065,sat,0.7038202285766602
0.063,sat,0.25309276580810547
0.031,sat,0.4118642807006836
0.029,sat,0.2432844638824463
0.013000000000000001,sat,0.5087337493896484
0.015,cancelled,0.6302406787872314
0.003,sat,0.7040340900421143
0.007,cancelled,3.549842596054077
0.007,sat,0.8157181739807129
0.001,sat,0.1403951644897461
