epsilon,result,runtime
0.133,sat,0.5896449089050293
0.265,cancelled,3.2411129474639893
0.08700000000000001,sat,0.8253357410430908
0.043000000000000003,sat,0.8054084777832031
0.019000000000000003,sat,0.7960569858551025
0.041,cancelled,3.5605602264404297
0.011,sat,0.6073579788208008
0.005,sat,0.6501255035400391
0.003,sat,0.6371729373931885
0.001,sat,0.6668846607208252
