epsilon,result,runtime
0.265,sat,1.351097583770752
0.133,sat,1.331815242767334
0.131,sat,1.0539305210113525
0.065,sat,1.152869462966919
0.063,sat,0.9495604038238525
0.031,sat,0.9881637096405029
0.029,sat,0.9424612522125244
0.013000000000000001,unsat,0.7391390800476074
0.015,unsat,0.7819089889526367
0.021,unsat,0.9296371936798096
0.025,sat,1.4829037189483643
0.023,unsat,56.55238103866577
