epsilon,result,runtime
0.133,sat,0.8006808757781982
0.265,cancelled,3.5505640506744385
0.08700000000000001,sat,5.383535623550415
0.041,unsat,56.500781774520874
0.065,sat,14.177950859069824
0.043000000000000003,unsat,84.0432014465332
0.055,unsat,3488.18945980072
0.053000000000000005,cancelled,3493.0039534568787
0.059000000000000004,unsat,3457.937237739563
0.061,unsat,3525.7442150115967
0.063,unsat,3543.7397017478943
