epsilon,result,runtime
0.133,sat,0.8180854320526123
0.265,cancelled,3.5759849548339844
0.043000000000000003,sat,0.6291286945343018
0.08700000000000001,cancelled,3.354987859725952
0.013000000000000001,unsat,0.7145283222198486
0.027000000000000003,sat,0.8101723194122314
0.029,cancelled,0.06370091438293457
0.017,unsat,11.762147903442383
0.023,sat,0.8044037818908691
0.019000000000000003,unsat,121.14565110206604
0.021,unsat,3525.2870106697083
