epsilon,result,runtime
0.133,sat,0.7977230548858643
0.265,cancelled,3.498048782348633
0.043000000000000003,sat,0.827373743057251
0.08700000000000001,cancelled,3.5659070014953613
0.027000000000000003,sat,0.840496301651001
0.013000000000000001,unsat,2.005540132522583
0.011,cancelled,1.1138360500335693
0.021,sat,0.8792715072631836
0.015,unsat,3.9506454467773438
0.019000000000000003,sat,0.7519872188568115
0.017,unsat,17.621751070022583
