epsilon,result,runtime
0.265,sat,0.7861473560333252
0.133,sat,1.234971523284912
0.131,sat,1.1720669269561768
0.065,sat,1.8211309909820557
0.063,sat,2.716539144515991
0.029,unsat,21.039515495300293
0.031,unsat,68.20704317092896
0.045,unsat,3523.6586570739746
0.055,sat,3.4915757179260254
0.047,unsat,3575.674286365509
0.051000000000000004,sat,5.871745824813843
0.049,unsat,3582.1004831790924
