epsilon,result,runtime
0.133,sat,0.7561769485473633
0.265,cancelled,3.430330991744995
0.08700000000000001,sat,0.8017957210540771
0.043000000000000003,sat,2.2292380332946777
0.041,sat,0.5248932838439941
0.019000000000000003,unsat,0.41762804985046387
0.021,unsat,0.7011642456054688
0.031,sat,0.8256955146789551
0.025,unsat,18.588303327560425
0.027000000000000003,unsat,37.96961212158203
0.029,unsat,62.542438983917236
