epsilon,result,runtime
0.265,sat,0.8178625106811523
0.133,sat,0.8355715274810791
0.065,sat,0.8220274448394775
0.131,cancelled,3.480851411819458
0.041,sat,0.7840449810028076
0.021,unsat,0.6909620761871338
0.019000000000000003,cancelled,0.005733966827392578
0.027000000000000003,unsat,3.1867148876190186
0.033,unsat,5.787201881408691
0.037000000000000005,sat,0.8744063377380371
0.035,unsat,8.114248275756836
