epsilon,result,runtime
0.133,sat,1.3213458061218262
0.265,cancelled,4.412505388259888
0.265,sat,1.3541171550750732
0.08700000000000001,sat,0.7687995433807373
0.043000000000000003,sat,0.7982232570648193
0.041,sat,0.3896138668060303
0.019000000000000003,unsat,0.555262565612793
0.031,sat,0.8730239868164062
0.021,unsat,1.2880420684814453
0.025,sat,0.24715662002563477
0.027000000000000003,cancelled,2.591069221496582
0.023,unsat,2.1093215942382812
