epsilon,result,runtime
0.265,sat,0.7151181697845459
0.133,sat,0.7251362800598145
0.131,sat,0.7446243762969971
0.065,sat,0.796581506729126
0.063,sat,0.7286665439605713
0.031,sat,0.7113068103790283
0.029,sat,0.8558223247528076
0.013000000000000001,sat,0.8397691249847412
0.015,cancelled,0.06642770767211914
0.007,sat,1.1691844463348389
0.003,unsat,1.06884765625
0.001,cancelled,0.020679712295532227
0.005,sat,0.7330431938171387
