epsilon,result,runtime
0.265,sat,1.229283094406128
0.133,sat,1.2218074798583984
0.131,sat,1.0319287776947021
0.065,sat,1.09843111038208
0.063,sat,1.0072035789489746
0.031,sat,1.0265629291534424
0.029,sat,0.8238117694854736
0.013000000000000001,unsat,0.703730583190918
0.015,unsat,0.7260253429412842
0.023,sat,1.377288579940796
0.017,unsat,4.369596242904663
0.019000000000000003,unsat,14.991296768188477
0.021,unsat,74.33781695365906
