epsilon,result,runtime
0.133,sat,1.3080012798309326
0.265,sat,1.3419642448425293
0.265,cancelled,4.538219451904297
0.08700000000000001,sat,1.281623363494873
0.043000000000000003,sat,1.2663590908050537
0.041,sat,1.331019401550293
0.019000000000000003,unsat,8.353183269500732
0.031,sat,1.3725905418395996
0.025,sat,1.3302476406097412
0.023,sat,1.3612923622131348
0.021,unsat,151.95528745651245
