epsilon,result,runtime
0.133,sat,0.7079529762268066
0.265,cancelled,3.640860080718994
0.043000000000000003,sat,0.7315196990966797
0.08700000000000001,cancelled,3.475226640701294
0.013000000000000001,sat,0.5939462184906006
0.027000000000000003,cancelled,3.3590476512908936
0.007,sat,0.6181497573852539
0.003,sat,0.6475486755371094
0.001,sat,0.12169575691223145
