epsilon,result,runtime
0.133,sat,0.8494217395782471
0.265,cancelled,3.5127992630004883
0.265,sat,0.8600568771362305
0.043000000000000003,sat,0.7596931457519531
0.08700000000000001,cancelled,3.547840118408203
0.08700000000000001,sat,0.7384185791015625
0.013000000000000001,sat,0.37627148628234863
0.027000000000000003,cancelled,3.1110191345214844
0.007,unsat,0.6700441837310791
0.003,cancelled,3.3697776794433594
0.011,sat,0.7821338176727295
0.009000000000000001,unsat,3.1051437854766846
