epsilon,result,runtime
0.265,sat,0.5056006908416748
0.133,sat,0.7197673320770264
0.131,sat,0.42830467224121094
0.065,sat,0.6042349338531494
0.063,sat,0.5963051319122314
0.031,sat,0.6503350734710693
0.029,sat,0.2495274543762207
0.013000000000000001,sat,0.3294188976287842
0.015,cancelled,0.38819456100463867
0.007,sat,1.055772066116333
0.003,sat,1.0117640495300293
0.001,unsat,0.1393566131591797
