epsilon,result,runtime
0.265,sat,1.3391520977020264
0.133,sat,1.3339343070983887
0.065,sat,1.2882962226867676
0.131,cancelled,4.586703777313232
0.021,sat,1.3464505672454834
0.041,cancelled,4.517039775848389
0.041,sat,1.3625805377960205
0.007,sat,1.0332932472229004
0.013000000000000001,cancelled,4.176575422286987
0.001,sat,0.9613087177276611
0.003,cancelled,4.170100688934326
