epsilon,result,runtime
0.133,sat,1.3381130695343018
0.265,cancelled,4.813409805297852
0.043000000000000003,sat,1.2320125102996826
0.08700000000000001,cancelled,4.168851137161255
0.013000000000000001,sat,1.0703163146972656
0.027000000000000003,cancelled,3.993802309036255
0.003,sat,1.054774522781372
0.007,cancelled,4.159925699234009
0.001,sat,0.7062487602233887
