epsilon,result,runtime
0.265,sat,1.3103134632110596
0.133,sat,1.3406352996826172
0.131,sat,1.3151233196258545
0.065,sat,1.2998597621917725
0.063,sat,1.31093430519104
0.031,sat,1.2697904109954834
0.029,sat,1.2653782367706299
0.013000000000000001,unsat,13.05763840675354
0.021,sat,1.3412795066833496
0.015,unsat,131.29351615905762
0.019000000000000003,sat,1.3294460773468018
0.017,unsat,559.3527338504791
