epsilon,result,runtime
0.133,sat,0.84169602394104
0.265,cancelled,3.5032100677490234
0.043000000000000003,sat,0.7952001094818115
0.08700000000000001,cancelled,3.468390464782715
0.027000000000000003,sat,0.9223761558532715
0.013000000000000001,unsat,1.325221300125122
0.011,cancelled,0.36966919898986816
0.017,unsat,6.274792194366455
0.023,sat,0.796114444732666
0.019000000000000003,unsat,23.83980631828308
0.021,unsat,272.8898367881775
