epsilon,result,runtime
0.133,sat,0.8496413230895996
0.265,cancelled,3.852430820465088
0.08700000000000001,sat,0.839299201965332
0.043000000000000003,sat,0.8076171875
0.019000000000000003,sat,0.8373217582702637
0.041,cancelled,3.590637683868408
0.005,unsat,0.5180478096008301
0.011,sat,0.7175030708312988
0.013000000000000001,cancelled,0.27289915084838867
0.009000000000000001,sat,1.0943849086761475
0.007,unsat,0.9890854358673096
