epsilon,result,runtime
0.133,sat,0.770714521408081
0.265,cancelled,3.4580070972442627
0.08700000000000001,sat,0.40712928771972656
0.043000000000000003,sat,0.6770205497741699
0.041,sat,0.3884260654449463
0.019000000000000003,unsat,1.1469178199768066
0.031,sat,0.9137058258056641
0.021,unsat,4.3000922203063965
0.025,sat,0.5491642951965332
0.027000000000000003,cancelled,1.0691359043121338
0.023,unsat,457.63037157058716
