epsilon,result,runtime
0.265,sat,0.8413612842559814
0.133,sat,0.8066294193267822
0.131,sat,0.5077500343322754
0.065,sat,0.7012720108032227
0.063,sat,0.6397068500518799
0.031,sat,0.6740305423736572
0.029,sat,0.31444311141967773
0.013000000000000001,sat,0.4635584354400635
0.015,cancelled,0.4274258613586426
0.003,sat,0.7421925067901611
0.007,cancelled,3.4942800998687744
0.007,sat,0.7359964847564697
0.001,sat,0.14503169059753418
