epsilon,result,runtime
0.133,sat,1.6587393283843994
0.265,cancelled,4.792764663696289
0.043000000000000003,sat,1.3233959674835205
0.08700000000000001,cancelled,4.301711320877075
0.08700000000000001,sat,1.3322463035583496
0.027000000000000003,sat,1.3181140422821045
0.013000000000000001,unsat,8.761352062225342
0.011,cancelled,7.391643285751343
0.021,sat,1.3230371475219727
0.015,unsat,54.53918194770813
0.019000000000000003,sat,4.7741944789886475
0.017,unsat,141.58561062812805
