epsilon,result,runtime
0.265,sat,0.7625160217285156
0.133,sat,0.789562463760376
0.065,sat,0.7681229114532471
0.131,cancelled,3.536851644515991
0.041,sat,0.8224232196807861
0.021,sat,0.7812914848327637
0.019000000000000003,sat,0.7736046314239502
0.009000000000000001,sat,0.8147609233856201
0.007,sat,0.25348591804504395
0.003,sat,0.479724645614624
0.001,sat,0.12711501121520996
