epsilon,result,runtime
0.265,sat,0.7940948009490967
0.133,sat,2.6665148735046387
0.131,sat,1.5586233139038086
0.065,sat,42.333518981933594
0.063,sat,42.47570991516113
0.031,unsat,1.5810112953186035
0.029,cancelled,2.109755277633667
0.041,unsat,180.4924521446228
0.051000000000000004,unsat,3547.5031650066376
0.053000000000000005,unsat,3527.82728433609
0.057,unsat,3500.3378987312317
0.059000000000000004,unsat,3520.1895508766174
0.061,sat,210.73579168319702
