epsilon,result,runtime
0.265,sat,0.806626558303833
0.133,sat,0.7990097999572754
0.131,sat,0.3793163299560547
0.065,sat,0.6125397682189941
0.063,sat,0.2658507823944092
0.031,sat,0.3991973400115967
0.029,sat,0.26798558235168457
0.013000000000000001,sat,0.331592321395874
0.015,cancelled,0.39444565773010254
0.003,sat,0.8847692012786865
0.007,cancelled,3.7099320888519287
0.007,sat,0.9843525886535645
0.001,sat,0.11957740783691406
