epsilon,result,runtime
0.265,sat,0.8506712913513184
0.133,sat,0.8491437435150146
0.131,sat,0.8803791999816895
0.065,sat,0.8495407104492188
0.063,sat,0.7347464561462402
0.031,sat,0.7826664447784424
0.029,sat,0.8423850536346436
0.013000000000000001,unsat,1.907543659210205
0.015,unsat,1.1607489585876465
0.023,sat,0.8686602115631104
0.017,unsat,13.408058643341064
0.019000000000000003,unsat,77.2750153541565
0.021,unsat,3385.191698074341
