epsilon,result,runtime
0.265,sat,0.5293698310852051
0.133,sat,0.7345821857452393
0.131,sat,0.654069185256958
0.065,sat,0.6942076683044434
0.063,sat,0.2502758502960205
0.031,sat,0.558103084564209
0.029,sat,0.20836853981018066
0.013000000000000001,sat,0.5631618499755859
0.015,cancelled,1.0714032649993896
0.007,unsat,0.5947997570037842
0.003,cancelled,3.2271196842193604
0.009000000000000001,unsat,0.6518125534057617
0.011,sat,0.7262148857116699
