epsilon,result,runtime
0.265,sat,0.8009228706359863
0.133,sat,0.8163754940032959
0.065,sat,0.7966806888580322
0.131,cancelled,3.4339041709899902
0.021,sat,0.6379456520080566
0.041,cancelled,3.3022899627685547
0.007,sat,0.6480834484100342
0.013000000000000001,cancelled,3.286078453063965
0.001,sat,0.6042428016662598
0.003,cancelled,3.2449841499328613
