epsilon,result,runtime
0.265,sat,0.7856118679046631
0.133,sat,1.0542881488800049
0.131,sat,0.3287990093231201
0.065,sat,0.29397058486938477
0.063,sat,0.46773409843444824
0.031,sat,0.5086197853088379
0.029,sat,0.22446370124816895
0.013000000000000001,sat,0.5478730201721191
0.015,cancelled,0.7018265724182129
0.007,sat,0.8119010925292969
0.003,unsat,0.710895299911499
0.001,cancelled,0.005890607833862305
0.005,unsat,2.8417491912841797
