epsilon,result,runtime
0.133,sat,0.7939610481262207
0.265,cancelled,3.4590632915496826
0.08700000000000001,sat,0.703998327255249
0.043000000000000003,sat,0.7577502727508545
0.041,sat,0.6644916534423828
0.019000000000000003,unsat,0.5065212249755859
0.021,unsat,0.6258084774017334
0.031,sat,0.9278860092163086
0.029,sat,0.7034838199615479
0.025,unsat,1.506622076034546
0.023,cancelled,1.220052719116211
0.027000000000000003,unsat,6.049848556518555
