epsilon,result,runtime
0.265,sat,0.8781676292419434
0.133,sat,0.8787450790405273
0.131,sat,0.5926098823547363
0.065,sat,0.7607295513153076
0.063,sat,0.6867978572845459
0.031,sat,0.7658793926239014
0.029,sat,0.3104555606842041
0.013000000000000001,sat,0.5005979537963867
0.015,cancelled,0.4236884117126465
0.007,unsat,0.8349735736846924
0.003,cancelled,3.7147531509399414
0.003,unsat,0.8228390216827393
0.011,sat,0.7926812171936035
0.009000000000000001,unsat,3.945547103881836
