epsilon,result,runtime
0.265,sat,0.8262474536895752
0.133,sat,0.8271183967590332
0.065,sat,0.8100032806396484
0.131,cancelled,3.6011204719543457
0.131,sat,0.8392853736877441
0.021,sat,0.8561074733734131
0.041,cancelled,3.8422510623931885
0.041,sat,0.8666853904724121
0.007,sat,0.8125369548797607
0.013000000000000001,cancelled,3.521016836166382
0.001,unsat,0.7105059623718262
0.003,unsat,0.715540885925293
0.005,sat,0.18943428993225098
