epsilon,result,runtime
0.265,sat,0.9347476959228516
0.133,sat,1.0730831623077393
0.131,sat,1.0431158542633057
0.065,sat,0.8892354965209961
0.063,sat,0.8540751934051514
0.029,unsat,3.642150640487671
0.031,unsat,11.685292720794678
0.047,sat,2.046576499938965
0.045,sat,0.5951619148254395
0.037000000000000005,unsat,1258.4835243225098
0.039,unsat,3116.150548219681
0.041,unsat,3360.0670104026794
0.043000000000000003,unsat,3342.8820340633392
