epsilon,result,runtime
0.133,sat,0.7466104030609131
0.265,cancelled,3.758235216140747
0.043000000000000003,sat,0.7460389137268066
0.08700000000000001,cancelled,3.425598382949829
0.013000000000000001,sat,0.7533671855926514
0.027000000000000003,cancelled,3.525982141494751
0.007,unsat,0.6098642349243164
0.003,cancelled,3.2822203636169434
0.009000000000000001,sat,0.7207515239715576
0.011,cancelled,3.479738473892212
