epsilon,result,runtime
0.133,sat,0.6994504928588867
0.265,cancelled,3.3171439170837402
0.043000000000000003,sat,0.7599818706512451
0.08700000000000001,cancelled,3.6326608657836914
0.013000000000000001,sat,0.8169434070587158
0.027000000000000003,cancelled,3.408259391784668
0.027000000000000003,sat,0.8294031620025635
0.003,sat,0.6634459495544434
0.007,cancelled,3.44058895111084
0.007,sat,0.7729341983795166
0.001,sat,0.12369155883789062
