epsilon,result,runtime
0.265,sat,0.8352847099304199
0.133,sat,1.1607444286346436
0.131,sat,0.6088244915008545
0.065,sat,0.7327871322631836
0.063,sat,0.34711194038391113
0.031,sat,0.3978893756866455
0.013000000000000001,unsat,0.7229299545288086
0.021,unsat,2.828873872756958
0.025,unsat,53.898539781570435
0.027000000000000003,unsat,1240.9432997703552
0.029,unsat,3549.1411163806915
