epsilon,result,runtime
0.265,sat,0.779433012008667
0.133,sat,0.7078573703765869
0.131,sat,0.5465106964111328
0.065,sat,0.7009809017181396
0.063,sat,0.28731632232666016
0.031,sat,0.42688965797424316
0.029,sat,0.48312902450561523
0.013000000000000001,sat,0.789802074432373
0.015,cancelled,0.5994601249694824
0.003,unsat,0.7657954692840576
0.007,unsat,0.7981066703796387
0.009000000000000001,unsat,0.6523385047912598
0.011,unsat,3.8829762935638428
