epsilon,result,runtime
0.133,sat,0.8436071872711182
0.265,sat,0.8299648761749268
0.265,cancelled,3.864708423614502
0.08700000000000001,sat,0.7836194038391113
0.043000000000000003,sat,0.8169033527374268
0.041,sat,0.8338184356689453
0.019000000000000003,unsat,1.225281000137329
0.031,sat,0.8747634887695312
0.021,unsat,1.6902477741241455
0.025,unsat,9.452016830444336
0.027000000000000003,unsat,22.436175107955933
0.029,sat,10.906798124313354
