epsilon,result,runtime
0.265,sat,0.7523901462554932
0.133,sat,0.8113565444946289
0.131,sat,0.3105814456939697
0.065,sat,0.6113829612731934
0.063,sat,0.19475364685058594
0.031,unsat,1.1410455703735352
0.029,cancelled,1.4527685642242432
0.041,unsat,1667.7212598323822
0.051000000000000004,timeout,3600
0.053000000000000005,unsat,3572.168581008911
0.049,cancelled,1646.1792013645172
0.059000000000000004,sat,1.4059550762176514
0.057,sat,1.9794766902923584
0.055,sat,6.386678218841553
