epsilon,result,runtime
0.265,sat,0.6646997928619385
0.133,sat,0.7740161418914795
0.131,sat,0.6363661289215088
0.065,sat,0.7221057415008545
0.063,sat,0.7038233280181885
0.031,sat,0.7732217311859131
0.029,sat,0.7299628257751465
0.013000000000000001,sat,0.6711852550506592
0.015,cancelled,0.04033660888671875
0.003,sat,1.0763506889343262
0.007,cancelled,3.809943675994873
0.001,sat,0.12812066078186035
