epsilon,result,runtime
0.265,sat,0.8401608467102051
0.133,sat,0.8420279026031494
0.065,sat,0.7270236015319824
0.131,cancelled,3.42063045501709
0.041,sat,0.786494255065918
0.021,sat,0.7966201305389404
0.019000000000000003,sat,0.6290955543518066
0.009000000000000001,sat,0.638629674911499
0.007,sat,0.6456232070922852
0.003,sat,0.653587818145752
0.001,sat,0.1370694637298584
