epsilon,result,runtime
0.133,sat,0.732905387878418
0.265,cancelled,3.5302791595458984
0.08700000000000001,sat,0.8148403167724609
0.043000000000000003,sat,0.8308331966400146
0.041,sat,0.7853567600250244
0.019000000000000003,sat,0.7854709625244141
0.021,cancelled,0.050611257553100586
0.011,sat,1.02203369140625
0.005,sat,1.0383203029632568
0.003,sat,0.5724761486053467
0.001,sat,0.6390326023101807
