epsilon,result,runtime
0.133,sat,0.8269531726837158
0.265,cancelled,3.7731268405914307
0.043000000000000003,sat,0.6991827487945557
0.08700000000000001,cancelled,3.4118659496307373
0.027000000000000003,sat,0.8256740570068359
0.013000000000000001,unsat,1.251431941986084
0.011,cancelled,0.4040694236755371
0.021,sat,1.7202532291412354
0.015,unsat,18.18862748146057
0.019000000000000003,sat,3.3385748863220215
0.017,unsat,30.14883065223694
