epsilon,result,runtime
0.265,sat,0.761681318283081
0.133,sat,0.7935240268707275
0.131,sat,0.7468471527099609
0.065,sat,0.7615036964416504
0.063,sat,0.7800869941711426
0.031,unsat,2.187171697616577
0.029,cancelled,1.40517258644104
0.051000000000000004,sat,0.34033203125
0.039,unsat,101.94270157814026
0.045,sat,2.9012155532836914
0.041,unsat,194.07059264183044
0.043000000000000003,unsat,177.00968670845032
