epsilon,result,runtime
0.133,sat,0.739027738571167
0.265,cancelled,3.445352554321289
0.043000000000000003,sat,0.7653694152832031
0.08700000000000001,cancelled,3.421421527862549
0.08700000000000001,sat,0.7755990028381348
0.013000000000000001,unsat,0.5895023345947266
0.027000000000000003,sat,0.7365725040435791
0.029,cancelled,0.18053674697875977
0.017,unsat,3.152872085571289
0.021,unsat,5.847937345504761
0.025,sat,0.8867192268371582
0.023,unsat,5.4891602993011475
