epsilon,result,runtime
0.133,sat,0.8099682331085205
0.265,cancelled,3.715257167816162
0.265,sat,0.7897353172302246
0.043000000000000003,sat,0.7767424583435059
0.08700000000000001,cancelled,3.489901304244995
0.013000000000000001,sat,0.8086981773376465
0.027000000000000003,cancelled,3.5685198307037354
0.027000000000000003,sat,0.8453993797302246
0.003,sat,0.6344735622406006
0.007,cancelled,3.2978293895721436
0.001,sat,0.12259340286254883
