epsilon,result,runtime
0.265,sat,0.7542164325714111
0.133,sat,0.7413887977600098
0.131,sat,0.4903075695037842
0.065,sat,0.7074742317199707
0.063,sat,0.7237157821655273
0.031,sat,0.6540050506591797
0.029,sat,0.8125004768371582
0.013000000000000001,sat,0.8091721534729004
0.015,cancelled,0.04643535614013672
0.003,unsat,1.1044557094573975
0.007,unsat,1.0697598457336426
0.009000000000000001,unsat,0.6572813987731934
0.011,unsat,1.0469305515289307
