epsilon,result,runtime
0.265,sat,0.8082342147827148
0.133,sat,0.8011775016784668
0.131,sat,0.8582038879394531
0.065,sat,0.8602981567382812
0.063,sat,0.8455002307891846
0.031,sat,0.848442554473877
0.029,sat,0.7131495475769043
0.013000000000000001,sat,0.638070821762085
0.015,cancelled,0.03473019599914551
0.007,unsat,1.0792486667633057
0.003,cancelled,3.9332807064056396
0.003,unsat,1.0644497871398926
0.009000000000000001,unsat,2.1864542961120605
0.011,unsat,6.147047996520996
