epsilon,result,runtime
0.133,sat,0.7859904766082764
0.265,cancelled,3.6490976810455322
0.265,sat,0.8002948760986328
0.08700000000000001,sat,0.8015353679656982
0.043000000000000003,sat,0.7834060192108154
0.041,sat,0.8011524677276611
0.019000000000000003,sat,0.7810525894165039
0.021,cancelled,0.05667233467102051
0.011,sat,1.2220478057861328
0.005,sat,1.2504088878631592
0.001,unsat,0.6169860363006592
0.003,sat,0.750826358795166
