epsilon,result,runtime
0.265,sat,0.8185591697692871
0.133,sat,0.7930288314819336
0.131,sat,0.7360618114471436
0.065,sat,0.7965371608734131
0.031,sat,0.6799235343933105
0.063,cancelled,3.4242470264434814
0.019000000000000003,sat,0.5889599323272705
0.009000000000000001,sat,0.6003737449645996
0.007,sat,0.34479570388793945
0.003,sat,0.5701637268066406
0.001,sat,0.12388324737548828
