epsilon,result,runtime
0.133,sat,0.7234358787536621
0.265,cancelled,3.466681480407715
0.08700000000000001,sat,0.7982110977172852
0.043000000000000003,sat,0.7722346782684326
0.041,sat,0.7827460765838623
0.019000000000000003,sat,0.7747526168823242
0.021,cancelled,0.07527327537536621
0.005,sat,1.059206247329712
0.011,cancelled,3.85941219329834
0.003,sat,0.6483633518218994
0.001,sat,0.6744687557220459
