epsilon,result,runtime
0.133,sat,0.8302369117736816
0.265,cancelled,3.6728675365448
0.08700000000000001,sat,0.5264420509338379
0.043000000000000003,sat,0.7148263454437256
0.041,sat,0.5591189861297607
0.019000000000000003,sat,0.7211642265319824
0.021,cancelled,0.2705116271972656
0.005,sat,0.8602471351623535
0.011,cancelled,3.610051155090332
0.003,sat,0.6284608840942383
0.001,sat,0.6573991775512695
