epsilon,result,runtime
0.265,sat,0.8875768184661865
0.133,sat,0.8922386169433594
0.131,sat,0.770648717880249
0.065,sat,11.217906951904297
0.063,sat,10.000414609909058
0.029,unsat,66.72735404968262
0.031,unsat,698.6895608901978
0.047,unsat,3548.9653735160828
0.045,cancelled,2922.7869091033936
0.057,unsat,3485.4273250102997
0.053000000000000005,cancelled,3488.7651541233063
0.061,sat,82.61456418037415
0.059000000000000004,error,791.3931901454926
