epsilon,result,runtime
0.133,sat,0.8467268943786621
0.265,cancelled,3.779076337814331
0.043000000000000003,sat,0.8424997329711914
0.08700000000000001,cancelled,3.6288657188415527
0.08700000000000001,sat,0.8293747901916504
0.013000000000000001,unsat,0.7184200286865234
0.027000000000000003,sat,0.7818038463592529
0.029,cancelled,0.09580278396606445
0.017,unsat,192.07941818237305
0.021,unsat,3536.9626150131226
0.025,sat,1.407569169998169
0.023,unsat,3592.8317637443542
