epsilon,result,runtime
0.133,sat,0.8257930278778076
0.265,cancelled,3.7150802612304688
0.265,sat,0.8428850173950195
0.043000000000000003,sat,0.8090288639068604
0.08700000000000001,cancelled,3.576949119567871
0.08700000000000001,sat,0.7945797443389893
0.013000000000000001,unsat,0.6203494071960449
0.027000000000000003,sat,0.7509503364562988
0.029,cancelled,0.18878674507141113
0.017,unsat,5.2347986698150635
0.021,unsat,8.69640851020813
0.025,sat,0.8913109302520752
0.023,unsat,282.22307562828064
