epsilon,result,runtime
0.133,sat,1.2580430507659912
0.265,cancelled,4.35281777381897
0.043000000000000003,sat,1.2961101531982422
0.08700000000000001,cancelled,4.074437141418457
0.027000000000000003,sat,1.3277630805969238
0.013000000000000001,sat,1.2980048656463623
0.011,sat,1.2020034790039062
0.005,unsat,1.0517117977142334
0.003,cancelled,0.03149914741516113
0.009000000000000001,sat,1.7245380878448486
0.007,unsat,3.6171457767486572
