epsilon,result,runtime
0.265,sat,0.7907118797302246
0.133,sat,0.8083004951477051
0.131,sat,0.5234072208404541
0.065,sat,0.7261176109313965
0.063,sat,0.5900115966796875
0.031,sat,0.7227792739868164
0.029,sat,0.6052298545837402
0.013000000000000001,sat,0.671633243560791
0.015,cancelled,0.3225412368774414
0.007,sat,0.9124748706817627
0.003,sat,0.8097071647644043
0.001,sat,0.12216901779174805
