epsilon,result,runtime
0.133,sat,0.784794807434082
0.265,cancelled,3.450005054473877
0.08700000000000001,sat,0.8374311923980713
0.043000000000000003,sat,0.8464114665985107
0.041,sat,0.3594627380371094
0.019000000000000003,sat,0.6115307807922363
0.021,cancelled,0.34622883796691895
0.005,unsat,0.85371994972229
0.011,sat,0.983534574508667
0.013000000000000001,cancelled,0.03677630424499512
0.009000000000000001,sat,1.2829418182373047
0.007,unsat,4.083336353302002
