epsilon,result,runtime
0.133,sat,0.8093605041503906
0.265,cancelled,3.683854341506958
0.265,sat,0.8168795108795166
0.043000000000000003,sat,0.8075201511383057
0.08700000000000001,cancelled,3.450282096862793
0.013000000000000001,sat,0.7342524528503418
0.027000000000000003,cancelled,3.3857176303863525
0.003,sat,0.6031441688537598
0.007,cancelled,3.267359972000122
0.001,sat,0.11925554275512695
