epsilon,result,runtime
0.133,sat,1.372314214706421
0.265,cancelled,4.462455987930298
0.265,sat,1.376727819442749
0.043000000000000003,sat,1.1848034858703613
0.08700000000000001,cancelled,4.215692758560181
0.013000000000000001,unsat,1.1319177150726318
0.027000000000000003,unsat,60.01338601112366
0.035,sat,1.383206844329834
0.031,sat,1.4041767120361328
0.029,unsat,634.3163423538208
