epsilon,result,runtime
0.265,sat,1.3368191719055176
0.133,sat,1.3772895336151123
0.131,sat,1.3839101791381836
0.065,sat,1.3833973407745361
0.063,sat,1.3293659687042236
0.031,sat,1.3516051769256592
0.029,sat,1.197951078414917
0.013000000000000001,unsat,70.58952784538269
0.021,sat,1.3768839836120605
0.017,sat,0.906923770904541
0.015,unsat,102.66341352462769
