epsilon,result,runtime
0.265,sat,0.8345818519592285
0.133,sat,0.8761322498321533
0.131,sat,0.7873198986053467
0.065,sat,0.816580057144165
0.063,sat,0.8159515857696533
0.031,sat,0.8412823677062988
0.029,sat,0.774014949798584
0.013000000000000001,sat,0.7952890396118164
0.015,cancelled,0.2219381332397461
0.007,unsat,0.8013806343078613
0.003,cancelled,3.5642197132110596
0.011,sat,0.7704668045043945
0.009000000000000001,sat,0.8044683933258057
