epsilon,result,runtime
0.133,sat,0.543156623840332
0.265,cancelled,3.460885524749756
0.08700000000000001,sat,0.7365357875823975
0.043000000000000003,sat,0.7976100444793701
0.019000000000000003,sat,0.7993502616882324
0.041,cancelled,3.4694626331329346
0.041,sat,0.8007099628448486
0.005,unsat,0.5796999931335449
0.011,unsat,0.9904811382293701
0.013000000000000001,unsat,1.3505289554595947
0.015,sat,1.2267396450042725
0.017,cancelled,0.29596900939941406
