epsilon,result,runtime
0.265,sat,0.7739989757537842
0.133,sat,0.7743518352508545
0.065,sat,0.7996797561645508
0.131,cancelled,3.3924880027770996
0.041,sat,0.8047890663146973
0.021,sat,0.8280618190765381
0.019000000000000003,sat,0.7806727886199951
0.009000000000000001,sat,0.7086086273193359
0.007,sat,0.6456830501556396
0.003,sat,0.6516091823577881
0.001,sat,0.1271679401397705
