epsilon,result,runtime
0.133,sat,0.9659214019775391
0.265,cancelled,4.195279359817505
0.08700000000000001,sat,0.887192964553833
0.043000000000000003,sat,1.4858427047729492
0.041,sat,5.244740724563599
0.019000000000000003,unsat,23.8713641166687
0.031,sat,0.9516792297363281
0.025,sat,0.8987886905670166
0.023,sat,0.9054210186004639
0.021,unsat,29.106648683547974
