epsilon,result,runtime
0.133,sat,1.3173766136169434
0.265,cancelled,4.5541300773620605
0.265,sat,1.3349294662475586
0.043000000000000003,sat,1.2490174770355225
0.08700000000000001,cancelled,4.187537670135498
0.027000000000000003,sat,1.2918117046356201
0.011,unsat,4.421325445175171
0.019000000000000003,sat,1.2522659301757812
0.013000000000000001,unsat,46.65098834037781
0.017,sat,1.3593382835388184
0.015,unsat,575.5831153392792
