epsilon,result,runtime
0.133,sat,0.7610085010528564
0.265,cancelled,3.408015489578247
0.08700000000000001,sat,0.7636561393737793
0.041,unsat,28.20387578010559
0.065,sat,0.8331491947174072
0.043000000000000003,unsat,45.17332625389099
0.053000000000000005,sat,7.471580982208252
0.055,cancelled,1.4979116916656494
0.047,unsat,3481.18549990654
0.049,unsat,3523.1556754112244
0.051000000000000004,timeout,3600
