epsilon,result,runtime
0.265,sat,0.8353180885314941
0.133,sat,0.8430230617523193
0.131,sat,0.7139334678649902
0.065,sat,0.759169340133667
0.063,sat,0.5281403064727783
0.031,sat,0.7031238079071045
0.029,sat,0.5070455074310303
0.013000000000000001,unsat,0.5548880100250244
0.015,unsat,0.4764273166656494
0.021,unsat,1.468886375427246
0.023,sat,0.8666677474975586
0.025,cancelled,2.5758309364318848
