epsilon,result,runtime
0.265,sat,1.294443130493164
0.133,sat,1.277054786682129
0.131,sat,1.3159511089324951
0.065,sat,1.9047045707702637
0.063,sat,1.7314388751983643
0.031,sat,1.197859525680542
0.029,sat,1.0989770889282227
0.013000000000000001,sat,1.1081488132476807
0.015,cancelled,0.5329873561859131
0.003,sat,1.289881706237793
0.007,cancelled,4.444178104400635
0.001,sat,0.7096796035766602
