epsilon,result,runtime
0.265,sat,0.7791595458984375
0.133,sat,0.7923617362976074
0.131,sat,0.7802672386169434
0.065,sat,0.8359768390655518
0.063,sat,0.8272886276245117
0.031,sat,0.8045837879180908
0.013000000000000001,unsat,0.6636519432067871
0.029,sat,0.770700216293335
0.019000000000000003,unsat,11.930105924606323
0.025,sat,0.7640013694763184
0.023,sat,18.005019903182983
0.021,unsat,44.064107179641724
