epsilon,result,runtime
0.133,sat,0.8237583637237549
0.265,cancelled,3.581984519958496
0.043000000000000003,sat,0.5904359817504883
0.08700000000000001,cancelled,3.320263147354126
0.013000000000000001,unsat,0.74149489402771
0.027000000000000003,unsat,1.8159980773925781
0.035,sat,0.9030096530914307
0.031,sat,1.1444473266601562
0.029,unsat,6.695827484130859
