epsilon,result,runtime
0.133,sat,0.805673360824585
0.265,cancelled,3.729863166809082
0.265,sat,0.7981345653533936
0.043000000000000003,sat,0.809851884841919
0.08700000000000001,cancelled,3.522244930267334
0.08700000000000001,sat,0.8112351894378662
0.027000000000000003,sat,0.7838099002838135
0.013000000000000001,sat,0.7787144184112549
0.011,sat,0.44723987579345703
0.005,sat,0.5568461418151855
0.003,sat,0.21638274192810059
0.001,sat,0.3425309658050537
