epsilon,result,runtime
0.133,sat,0.8087739944458008
0.265,cancelled,3.7413127422332764
0.08700000000000001,sat,0.5319302082061768
0.043000000000000003,sat,0.7414379119873047
0.041,sat,0.614539384841919
0.019000000000000003,sat,0.6876997947692871
0.021,cancelled,0.3498563766479492
0.005,sat,1.0013010501861572
0.011,cancelled,3.8210349082946777
0.011,sat,1.0035357475280762
0.001,sat,0.8186361789703369
0.003,cancelled,3.5791473388671875
