epsilon,result,runtime
0.265,sat,0.7395129203796387
0.133,sat,1.1275606155395508
0.131,sat,1.1777663230895996
0.065,sat,1.6539435386657715
0.063,sat,0.4630753993988037
0.029,unsat,16.597343683242798
0.031,unsat,20.79499387741089
0.047,unsat,3555.7485044002533
0.045,cancelled,3557.3837151527405
0.053000000000000005,unsat,3537.856087207794
0.059000000000000004,sat,10.856196403503418
0.057,unsat,3552.6676032543182
0.055,cancelled,0.6243116855621338
