epsilon,result,runtime
0.265,sat,0.7635297775268555
0.133,sat,0.7970325946807861
0.065,sat,0.7280128002166748
0.131,cancelled,3.4422519207000732
0.131,sat,0.7227945327758789
0.041,sat,0.6405091285705566
0.019000000000000003,unsat,2.453479290008545
0.021,unsat,8.748415470123291
0.029,unsat,3563.521469116211
0.031,unsat,3568.6280167102814
0.037000000000000005,sat,0.8213367462158203
0.035,sat,3.0501210689544678
0.033,sat,2.246138095855713
