epsilon,result,runtime
0.265,sat,0.7323503494262695
0.133,sat,0.7640275955200195
0.065,sat,0.7953739166259766
0.131,cancelled,3.5133447647094727
0.131,sat,0.8036785125732422
0.041,sat,0.8102719783782959
0.021,sat,0.8248898983001709
0.009000000000000001,sat,0.638331413269043
0.019000000000000003,cancelled,3.300327777862549
0.005,sat,0.6514377593994141
0.003,sat,0.664276123046875
0.001,sat,0.13849830627441406
