epsilon,result,runtime
0.133,sat,0.7269437313079834
0.265,cancelled,3.396205425262451
0.08700000000000001,sat,0.5139744281768799
0.043000000000000003,sat,0.7020773887634277
0.041,sat,0.5792040824890137
0.019000000000000003,sat,0.5870962142944336
0.021,cancelled,0.3710610866546631
0.011,sat,0.8910071849822998
0.005,sat,0.8590707778930664
0.001,unsat,0.7124080657958984
0.003,sat,1.1052160263061523
