epsilon,result,runtime
0.133,sat,0.769817590713501
0.265,cancelled,3.4657328128814697
0.08700000000000001,sat,0.6456503868103027
0.043000000000000003,sat,0.7518284320831299
0.019000000000000003,unsat,0.6066431999206543
0.041,sat,0.7250010967254639
0.031,sat,0.8645343780517578
0.023,unsat,17.893149375915527
0.025,unsat,65.28148031234741
0.027000000000000003,unsat,1674.1225590705872
0.029,unsat,3571.2253863811493
