epsilon,result,runtime
0.265,sat,1.252446174621582
0.133,sat,1.3029670715332031
0.065,sat,1.0349841117858887
0.131,cancelled,4.218128681182861
0.041,sat,1.3019280433654785
0.021,unsat,6.016556024551392
0.019000000000000003,cancelled,4.865277290344238
0.033,sat,1.4153392314910889
0.025,unsat,18.513944387435913
0.029,sat,1.3977057933807373
0.027000000000000003,unsat,118.38486361503601
