epsilon,result,runtime
0.265,sat,0.7789320945739746
0.133,sat,0.8136167526245117
0.131,sat,0.6120612621307373
0.065,sat,0.728513240814209
0.063,sat,0.6898446083068848
0.029,unsat,26.470645427703857
0.047,sat,0.754267692565918
0.031,unsat,36.08699941635132
0.039,unsat,3558.32155251503
0.037000000000000005,cancelled,3559.6688709259033
0.043000000000000003,sat,1.3384859561920166
0.041,sat,1.8515567779541016
