epsilon,result,runtime
0.265,sat,0.7130653858184814
0.133,sat,0.7117600440979004
0.131,sat,0.7391183376312256
0.065,unsat,3490.8579456806183
0.063,cancelled,3490.351049900055
0.107,sat,5.752198934555054
0.08700000000000001,sat,46.352699279785156
0.085,sat,39.20042181015015
0.075,sat,3.402141571044922
0.07300000000000001,sat,4.100142955780029
0.069,unsat,3556.989599466324
0.067,cancelled,3557.325950860977
0.07100000000000001,sat,2.423619031906128
