epsilon,result,runtime
0.133,sat,0.8173391819000244
0.265,cancelled,3.732112169265747
0.043000000000000003,sat,0.7948176860809326
0.08700000000000001,cancelled,3.534519910812378
0.08700000000000001,sat,0.8002769947052002
0.027000000000000003,sat,0.7481403350830078
0.011,unsat,0.6212019920349121
0.019000000000000003,sat,0.8427109718322754
0.013000000000000001,unsat,8.061672925949097
0.017,sat,5.088665008544922
0.015,unsat,9.944490909576416
