epsilon,result,runtime
0.133,sat,0.7756824493408203
0.265,cancelled,3.504857301712036
0.08700000000000001,sat,0.7252099514007568
0.043000000000000003,sat,0.7405531406402588
0.041,sat,0.7808947563171387
0.019000000000000003,unsat,89.18940830230713
0.031,sat,0.8337550163269043
0.025,sat,0.8480753898620605
0.023,sat,9.966639041900635
0.021,unsat,1768.077799320221
