epsilon,result,runtime
0.265,sat,0.5071084499359131
0.133,sat,0.7165980339050293
0.131,sat,0.7094087600708008
0.065,sat,0.7463431358337402
0.063,sat,0.41732120513916016
0.031,sat,0.6598467826843262
0.029,sat,0.6926853656768799
0.013000000000000001,unsat,0.61454176902771
0.015,unsat,0.3783140182495117
0.021,unsat,2.5036122798919678
0.023,unsat,3.9846930503845215
0.025,unsat,10.104753732681274
0.027000000000000003,unsat,3445.6922149658203
