epsilon,result,runtime
0.265,sat,0.7365367412567139
0.133,sat,0.7804811000823975
0.131,sat,0.6224865913391113
0.065,sat,0.5253853797912598
0.063,sat,0.5890116691589355
0.031,sat,0.7276594638824463
0.029,sat,0.4393031597137451
0.013000000000000001,sat,0.610858678817749
0.015,cancelled,0.3221888542175293
0.003,unsat,0.933927059173584
0.007,sat,1.038428544998169
0.009000000000000001,cancelled,0.00960397720336914
0.005,unsat,0.5952908992767334
