epsilon,result,runtime
0.133,sat,0.7544858455657959
0.265,cancelled,3.3748464584350586
0.08700000000000001,sat,0.7288737297058105
0.043000000000000003,sat,0.7816526889801025
0.041,sat,0.7739400863647461
0.019000000000000003,sat,0.802370548248291
0.021,cancelled,0.12614727020263672
0.005,unsat,1.0958311557769775
0.011,unsat,45.898874282836914
0.013000000000000001,unsat,741.598929643631
0.015,unsat,3476.7644617557526
0.017,unsat,3571.2487807273865
