epsilon,result,runtime
0.265,sat,2.2559123039245605
0.133,sat,4.541938543319702
0.131,sat,4.311483860015869
0.063,unsat,54.95879364013672
0.065,unsat,70.40330290794373
0.099,sat,30.855666875839233
0.097,sat,667.5737340450287
0.081,unsat,3563.7214710712433
0.079,cancelled,2939.874016046524
0.091,unsat,3463.007609605789
0.08700000000000001,cancelled,3466.617157936096
0.095,unsat,3513.098372220993
0.093,cancelled,3516.7138211727142
