epsilon,result,runtime
0.265,sat,0.7846410274505615
0.133,sat,2.5406954288482666
0.131,sat,1.508714199066162
0.065,sat,2.054083824157715
0.031,unsat,0.7702009677886963
0.063,sat,5.102911949157715
0.045,unsat,1596.1884405612946
0.047,unsat,3146.363891839981
0.055,unsat,3490.100905895233
0.053000000000000005,cancelled,1945.7562248706818
0.059000000000000004,sat,30.43901300430298
0.057,sat,85.68211030960083
