epsilon,result,runtime
0.133,sat,0.8172342777252197
0.265,cancelled,3.5435612201690674
0.265,sat,0.8046727180480957
0.043000000000000003,sat,0.6319255828857422
0.08700000000000001,cancelled,3.383727550506592
0.08700000000000001,sat,0.6880464553833008
0.013000000000000001,sat,0.38379812240600586
0.027000000000000003,cancelled,3.0873823165893555
0.007,sat,0.6618902683258057
0.003,sat,0.6841943264007568
0.001,sat,0.11866259574890137
