epsilon,result,runtime
0.265,sat,0.7701983451843262
0.133,sat,0.8167657852172852
0.131,sat,0.8431758880615234
0.065,sat,3.2208948135375977
0.063,sat,1.4216744899749756
0.029,unsat,3558.0500314235687
0.031,unsat,3585.035439491272
0.045,unsat,3467.665640592575
0.047,unsat,3502.958601474762
0.055,sat,9.506781578063965
0.053000000000000005,sat,7.073819160461426
0.051000000000000004,sat,19.51217794418335
0.049,error,858.9864356517792
