epsilon,result,runtime
0.133,sat,0.8036136627197266
0.265,cancelled,3.5072333812713623
0.08700000000000001,sat,0.8052258491516113
0.043000000000000003,sat,1.173144817352295
0.041,sat,0.9763891696929932
0.019000000000000003,unsat,0.7457153797149658
0.031,sat,1.3172473907470703
0.021,unsat,4.182291030883789
0.027000000000000003,sat,0.8344264030456543
0.023,unsat,25.041735410690308
0.025,unsat,32.56396675109863
