epsilon,result,runtime
0.265,sat,0.6621534824371338
0.133,sat,0.6528174877166748
0.131,sat,0.7353174686431885
0.065,sat,0.7783546447753906
0.063,sat,0.7374711036682129
0.031,sat,0.746701717376709
0.013000000000000001,sat,0.8025412559509277
0.029,cancelled,3.568279504776001
0.007,sat,0.706763744354248
0.003,sat,0.7053666114807129
0.001,sat,0.1428389549255371
