epsilon,result,runtime
0.265,sat,0.8439819812774658
0.133,sat,0.8313515186309814
0.065,sat,0.8376522064208984
0.131,cancelled,3.6678109169006348
0.131,sat,0.833810567855835
0.041,sat,0.7764532566070557
0.021,sat,0.7676944732666016
0.019000000000000003,sat,0.785940408706665
0.009000000000000001,sat,0.8407168388366699
0.007,sat,0.7295594215393066
0.003,unsat,0.7276530265808105
0.001,cancelled,0.09613656997680664
0.005,sat,0.7658584117889404
