epsilon,result,runtime
0.265,sat,0.7613584995269775
0.133,sat,0.840806245803833
0.131,sat,0.7470991611480713
0.065,sat,0.7580020427703857
0.031,sat,0.8150670528411865
0.063,cancelled,3.566983938217163
0.063,sat,0.832749605178833
0.009000000000000001,unsat,0.7405593395233154
0.021,sat,0.8275125026702881
0.013000000000000001,unsat,0.7357282638549805
0.015,unsat,0.9112598896026611
0.017,unsat,22.014999389648438
0.019000000000000003,unsat,107.11366772651672
