epsilon,result,runtime
0.265,sat,0.6060600280761719
0.133,sat,0.7488360404968262
0.131,sat,0.8101563453674316
0.065,sat,0.8042609691619873
0.031,sat,0.7348344326019287
0.063,cancelled,3.4332151412963867
0.009000000000000001,sat,0.6801061630249023
0.019000000000000003,cancelled,3.3837597370147705
0.003,sat,0.5597779750823975
0.005,cancelled,3.2731268405914307
0.005,sat,0.6138806343078613
0.001,sat,0.12370133399963379
