epsilon,result,runtime
0.265,sat,0.37466001510620117
0.133,sat,0.6845486164093018
0.131,sat,0.5060877799987793
0.065,sat,0.6409149169921875
0.063,sat,0.31803059577941895
0.031,sat,0.43538784980773926
0.029,sat,0.6359949111938477
0.013000000000000001,unsat,0.5951464176177979
0.015,unsat,0.37941646575927734
0.021,unsat,3.0306785106658936
0.023,unsat,35.136274576187134
0.027000000000000003,sat,14.616882801055908
0.025,unsat,307.2419681549072
