epsilon,result,runtime
0.265,sat,8.449303150177002
0.133,sat,10.261167526245117
0.131,sat,1.6589622497558594
0.063,unsat,21.627121210098267
0.065,unsat,24.40398669242859
0.097,unsat,3483.170847415924
0.115,sat,8.04917049407959
0.099,unsat,3524.739063978195
0.107,sat,116.4917221069336
0.10500000000000001,sat,452.9210903644562
0.101,unsat,3483.0069301128387
0.10300000000000001,error,3341.895181417465
