epsilon,result,runtime
0.265,sat,0.8644108772277832
0.133,sat,0.8664419651031494
0.065,sat,0.8500702381134033
0.131,cancelled,3.6766855716705322
0.131,sat,0.8383171558380127
0.021,unsat,0.692857027053833
0.041,sat,0.8039062023162842
0.043000000000000003,cancelled,0.10868096351623535
0.033,sat,1.193566083908081
0.025,unsat,3.618967056274414
0.027000000000000003,unsat,8.251905918121338
0.029,unsat,11.408578634262085
0.031,unsat,22.031412601470947
