epsilon,result,runtime
0.133,sat,0.9448652267456055
0.265,cancelled,4.165833473205566
0.265,sat,0.9271707534790039
0.08700000000000001,sat,0.870171070098877
0.043000000000000003,sat,0.8787178993225098
0.041,sat,0.8435170650482178
0.019000000000000003,sat,0.827566385269165
0.021,cancelled,0.026339054107666016
0.005,sat,1.2877907752990723
0.011,cancelled,4.083118438720703
0.011,sat,1.2958297729492188
0.001,sat,0.729325532913208
0.003,cancelled,3.5200023651123047
