epsilon,result,runtime
0.265,sat,0.5759317874908447
0.133,sat,0.735825777053833
0.131,sat,0.37585973739624023
0.065,sat,0.6162190437316895
0.063,sat,0.46118736267089844
0.031,sat,0.515641450881958
0.013000000000000001,unsat,0.8161776065826416
0.021,unsat,4.889711380004883
0.025,unsat,6.689117193222046
0.027000000000000003,unsat,12.847383737564087
0.029,unsat,126.61328601837158
