epsilon,result,runtime
0.265,sat,0.8083584308624268
0.133,sat,0.7883968353271484
0.131,sat,0.7036919593811035
0.065,sat,1.0526957511901855
0.063,sat,7.999572992324829
0.031,unsat,9.199691772460938
0.029,cancelled,1.5063157081604004
0.051000000000000004,sat,4.808464765548706
0.041,unsat,842.6635253429413
0.039,cancelled,838.0924706459045
0.047,sat,20.883063793182373
0.045,sat,22.158143043518066
0.043000000000000003,unsat,3545.8368978500366
