epsilon,result,runtime
0.265,sat,0.5693490505218506
0.133,sat,0.7700822353363037
0.131,sat,0.7493979930877686
0.065,sat,0.808250904083252
0.063,sat,0.6867187023162842
0.031,sat,0.7929730415344238
0.029,sat,0.33202600479125977
0.013000000000000001,unsat,0.404465913772583
0.015,unsat,2.311396598815918
0.021,sat,2.983299970626831
0.023,cancelled,0.9532098770141602
0.019000000000000003,unsat,8.626070261001587
0.017,cancelled,11.386197328567505
