epsilon,result,runtime
0.265,sat,1.3900864124298096
0.133,sat,1.312056541442871
0.131,sat,5.492149353027344
0.063,unsat,3547.9701743125916
0.097,sat,1.4083023071289062
0.081,sat,1.4157459735870361
0.065,unsat,3567.0840570926666
0.07300000000000001,sat,0.7705838680267334
0.07100000000000001,sat,1.1148161888122559
0.069,sat,3.0086910724639893
0.067,unsat,3587.0794785022736
