epsilon,result,runtime
0.265,sat,0.6461193561553955
0.133,sat,0.6833338737487793
0.131,sat,0.7984106540679932
0.065,sat,0.8602216243743896
0.063,sat,0.7871224880218506
0.031,sat,0.80771803855896
0.013000000000000001,unsat,0.632169246673584
0.029,sat,0.7893869876861572
0.021,sat,0.7951316833496094
0.015,unsat,0.7462401390075684
0.017,unsat,4.283004283905029
0.019000000000000003,unsat,16.431193113327026
