epsilon,result,runtime
0.265,sat,0.5630016326904297
0.133,sat,1.0578906536102295
0.131,sat,0.9894366264343262
0.065,unsat,3505.900057554245
0.063,cancelled,3505.5866453647614
0.107,sat,7.505692005157471
0.08700000000000001,sat,9.018882989883423
0.085,sat,9.11733865737915
0.075,sat,7.897404193878174
0.07300000000000001,sat,6.701494455337524
0.067,unsat,3478.2790637016296
0.069,unsat,3497.088450908661
0.07100000000000001,sat,6.925340175628662
