epsilon,result,runtime
0.133,sat,0.6306726932525635
0.265,cancelled,3.256333351135254
0.08700000000000001,sat,0.790041446685791
0.043000000000000003,sat,0.8373103141784668
0.041,sat,0.669539213180542
0.019000000000000003,sat,0.7885386943817139
0.021,cancelled,0.25150036811828613
0.005,unsat,1.0751817226409912
0.011,unsat,2.2086946964263916
0.013000000000000001,sat,0.5721039772033691
0.015,cancelled,2.120518207550049
