epsilon,result,runtime
0.133,sat,0.7785294055938721
0.265,cancelled,3.4936821460723877
0.08700000000000001,sat,0.8434462547302246
0.043000000000000003,sat,0.8405544757843018
0.041,sat,0.7475600242614746
0.019000000000000003,sat,0.7838208675384521
0.021,cancelled,0.05167889595031738
0.005,sat,1.2194797992706299
0.011,cancelled,4.113671541213989
0.001,sat,0.5376796722412109
0.003,cancelled,3.223170280456543
