epsilon,result,runtime
0.265,sat,1.141808271408081
0.133,sat,1.4328827857971191
0.065,sat,1.3372173309326172
0.131,cancelled,4.428004741668701
0.021,unsat,0.6585109233856201
0.043000000000000003,unsat,3563.4932103157043
0.041,cancelled,3570.1331520080566
0.057,sat,2.255110502243042
0.051000000000000004,sat,16.15009093284607
0.049,sat,13.534218788146973
0.047,unsat,3480.897979259491
0.045,cancelled,3487.2421226501465
