epsilon,result,runtime
0.265,sat,0.8082003593444824
0.133,sat,0.7797245979309082
0.131,sat,0.7990427017211914
0.065,sat,0.7770476341247559
0.063,sat,0.8106179237365723
0.031,sat,0.8133294582366943
0.013000000000000001,unsat,0.6368670463562012
0.029,sat,0.7729635238647461
0.021,sat,0.7341878414154053
0.019000000000000003,sat,0.7632348537445068
0.015,unsat,0.647362232208252
0.017,unsat,3.490692138671875
