epsilon,result,runtime
0.265,sat,1.235771656036377
0.133,sat,1.2610445022583008
0.131,sat,0.9820690155029297
0.065,sat,1.0274827480316162
0.063,sat,1.110063076019287
0.031,sat,1.0538220405578613
0.029,sat,0.9459049701690674
0.013000000000000001,unsat,3.016522169113159
0.021,sat,1.439896821975708
0.015,unsat,5.565708875656128
0.019000000000000003,sat,2.313913345336914
0.017,unsat,40.28006911277771
