epsilon,result,runtime
0.133,sat,0.7449538707733154
0.265,cancelled,3.4417221546173096
0.08700000000000001,sat,0.78775954246521
0.043000000000000003,sat,0.8276305198669434
0.041,sat,0.6123645305633545
0.019000000000000003,unsat,10.28528881072998
0.021,sat,7.626012325286865
0.031,cancelled,0.5602483749389648
