epsilon,result,runtime
0.265,sat,0.501164436340332
0.133,sat,0.7062287330627441
0.131,sat,0.4325706958770752
0.065,sat,0.6051676273345947
0.063,sat,0.29736757278442383
0.031,sat,0.2561161518096924
0.029,sat,0.42426133155822754
0.013000000000000001,sat,0.4914212226867676
0.015,cancelled,0.4248318672180176
0.003,sat,0.7205584049224854
0.007,cancelled,3.4300646781921387
0.001,sat,0.1286323070526123
