epsilon,result,runtime
0.265,sat,0.7543728351593018
0.133,sat,0.7800614833831787
0.131,sat,0.8008744716644287
0.065,sat,1.6563785076141357
0.063,sat,0.7623631954193115
0.031,unsat,3394.791327238083
0.029,cancelled,3395.203164100647
0.051000000000000004,sat,5.871152400970459
0.041,unsat,3493.724730491638
0.039,cancelled,3488.060248374939
0.047,sat,5.7961931228637695
0.045,sat,5.8017578125
0.043000000000000003,sat,3.2363197803497314
