epsilon,result,runtime
0.265,sat,0.740593433380127
0.133,sat,2.8397562503814697
0.131,sat,1.2191762924194336
0.065,sat,0.6621406078338623
0.063,sat,0.5748617649078369
0.031,unsat,0.8293006420135498
0.029,cancelled,1.9045722484588623
0.041,unsat,1204.0768871307373
0.051000000000000004,unsat,3572.4097282886505
0.053000000000000005,unsat,3519.6895368099213
0.057,unsat,3477.343623638153
0.061,sat,5.833394527435303
0.059000000000000004,error,2650.174072265625
