epsilon,result,runtime
0.265,sat,15.17309856414795
0.131,unsat,3518.780195713043
0.133,unsat,3538.0279812812805
0.199,sat,0.9936201572418213
0.197,sat,1.8414387702941895
0.165,sat,4.161746978759766
0.163,sat,4.926832914352417
0.149,unsat,3487.3532688617706
0.147,cancelled,3493.410214662552
0.157,sat,76.06002020835876
0.153,unsat,3533.539940595627
0.151,cancelled,3457.690609693527
0.155,error,859.945059299469
