epsilon,result,runtime
0.265,sat,0.8566129207611084
0.133,sat,1.2167637348175049
0.131,sat,0.8064637184143066
0.065,sat,0.8321201801300049
0.063,sat,1.2056443691253662
0.031,sat,1.311769962310791
0.013000000000000001,unsat,0.7339341640472412
0.021,unsat,4.810828924179077
0.025,unsat,27.331315517425537
0.027000000000000003,unsat,175.91947197914124
0.029,unsat,649.894570350647
