epsilon,result,runtime
0.133,sat,1.533010482788086
0.265,cancelled,5.742552757263184
0.265,sat,1.5556049346923828
0.08700000000000001,sat,1.4858129024505615
0.043000000000000003,sat,1.4811758995056152
0.041,sat,1.4533421993255615
0.019000000000000003,unsat,24.77824068069458
0.031,sat,1.4714603424072266
0.025,sat,1.5437259674072266
0.023,sat,1.3851242065429688
0.021,unsat,318.0831346511841
