epsilon,result,runtime
0.265,sat,0.7578170299530029
0.133,sat,0.8063466548919678
0.131,sat,0.733407735824585
0.065,sat,1.1213829517364502
0.063,sat,0.6978816986083984
0.031,sat,0.7617185115814209
0.013000000000000001,unsat,0.7115967273712158
0.029,sat,1.0983965396881104
0.019000000000000003,unsat,18.18238401412964
0.021,unsat,20.917078018188477
0.023,unsat,338.26204228401184
0.025,unsat,838.4086139202118
0.027000000000000003,unsat,1293.324217557907
