epsilon,result,runtime
0.265,sat,0.8060228824615479
0.133,sat,2.3716189861297607
0.131,sat,0.9808254241943359
0.065,sat,1.0319445133209229
0.063,sat,1.2526657581329346
0.031,unsat,0.4371194839477539
0.029,cancelled,0.6532583236694336
0.041,unsat,143.78716468811035
0.051000000000000004,unsat,3558.1535544395447
0.053000000000000005,unsat,3481.140322446823
0.057,unsat,3465.1226654052734
0.061,sat,12.96947979927063
0.059000000000000004,timeout,3600
