epsilon,result,runtime
0.133,sat,1.3286058902740479
0.265,cancelled,4.665807008743286
0.265,sat,1.3126673698425293
0.043000000000000003,sat,1.121694803237915
0.08700000000000001,cancelled,4.252941131591797
0.027000000000000003,sat,1.089829683303833
0.013000000000000001,sat,1.0934250354766846
0.011,sat,1.0053787231445312
0.005,sat,1.0061755180358887
0.003,sat,0.8979828357696533
0.001,sat,0.9414656162261963
