epsilon,result,runtime
0.265,sat,0.8573431968688965
0.133,sat,1.201411247253418
0.131,sat,1.2710914611816406
0.065,sat,3.458589792251587
0.063,sat,3.123231887817383
0.029,unsat,40.279247999191284
0.031,unsat,507.1347858905792
0.047,unsat,3530.0105459690094
0.045,cancelled,3070.13866686821
0.057,sat,53.27829694747925
0.053000000000000005,unsat,3528.270338535309
0.051000000000000004,cancelled,3475.1133620738983
0.055,error,741.3356521129608
