epsilon,result,runtime
0.133,sat,0.781043529510498
0.265,cancelled,3.477268934249878
0.08700000000000001,sat,0.8026700019836426
0.043000000000000003,sat,0.8039493560791016
0.041,sat,0.759591817855835
0.019000000000000003,sat,0.781292200088501
0.021,cancelled,0.13014554977416992
0.011,sat,1.1848487854003906
0.005,sat,1.2053024768829346
0.003,sat,0.7671995162963867
0.001,sat,0.7929391860961914
