epsilon,result,runtime
0.133,sat,0.7186965942382812
0.265,cancelled,3.7234811782836914
0.265,sat,0.8029751777648926
0.043000000000000003,sat,0.6807787418365479
0.08700000000000001,cancelled,3.3065946102142334
0.013000000000000001,unsat,0.7036697864532471
0.027000000000000003,unsat,12.585405826568604
0.035,sat,0.8663098812103271
0.031,sat,1.4009361267089844
0.029,unsat,20.24443030357361
