epsilon,result,runtime
0.133,sat,0.7981340885162354
0.265,cancelled,3.5100696086883545
0.043000000000000003,sat,0.7507095336914062
0.08700000000000001,cancelled,3.403794288635254
0.027000000000000003,sat,0.5692973136901855
0.013000000000000001,sat,0.6324326992034912
0.011,sat,0.5547831058502197
0.005,sat,0.6067490577697754
0.003,sat,0.5450263023376465
0.001,sat,0.6019928455352783
