epsilon,result,runtime
0.133,sat,0.779341459274292
0.265,cancelled,3.4687249660491943
0.08700000000000001,sat,0.7798707485198975
0.043000000000000003,sat,0.7287261486053467
0.041,sat,0.7946257591247559
0.019000000000000003,unsat,1.2226967811584473
0.031,sat,1.4967339038848877
0.021,unsat,2.063157320022583
0.025,unsat,14.563063859939575
0.027000000000000003,unsat,363.1649148464203
0.029,unsat,558.0934174060822
