epsilon,result,runtime
0.133,sat,0.792064905166626
0.265,cancelled,3.4179954528808594
0.265,sat,0.8291831016540527
0.08700000000000001,sat,0.8142356872558594
0.043000000000000003,unsat,3.636986255645752
0.041,cancelled,2.8250982761383057
0.07100000000000001,sat,1.6572058200836182
0.057,unsat,3461.354984521866
0.055,cancelled,3459.9763185977936
0.065,sat,9.754284620285034
0.061,sat,17.320114612579346
0.059000000000000004,sat,8.74079942703247
