epsilon,result,runtime
0.265,sat,0.8300707340240479
0.133,sat,0.8594362735748291
0.131,sat,0.8349177837371826
0.065,sat,0.8393027782440186
0.031,sat,0.6254477500915527
0.063,cancelled,3.3178696632385254
0.009000000000000001,sat,0.6016829013824463
0.019000000000000003,cancelled,3.319502115249634
0.019000000000000003,sat,0.6323208808898926
0.003,sat,0.37647366523742676
0.005,cancelled,2.955082654953003
0.001,sat,0.12595486640930176
