epsilon,result,runtime
0.265,sat,0.7153124809265137
0.133,sat,0.7182605266571045
0.131,sat,0.7817695140838623
0.065,sat,0.8408153057098389
0.031,sat,0.7913641929626465
0.063,cancelled,3.496107816696167
0.009000000000000001,unsat,0.6694653034210205
0.019000000000000003,unsat,1.0229783058166504
0.025,sat,0.8572945594787598
0.021,sat,1.1524183750152588
0.023,cancelled,0.048401832580566406
