epsilon,result,runtime
0.133,sat,0.7785871028900146
0.265,cancelled,3.6796445846557617
0.08700000000000001,sat,0.7821192741394043
0.043000000000000003,sat,0.7985336780548096
0.019000000000000003,sat,0.5356576442718506
0.041,cancelled,3.2913365364074707
0.011,sat,0.7738595008850098
0.005,unsat,0.7379584312438965
0.003,cancelled,0.05156874656677246
0.007,unsat,1.038926362991333
0.009000000000000001,unsat,1.567199945449829
