epsilon,result,runtime
0.265,sat,0.7399797439575195
0.133,sat,0.8067560195922852
0.131,sat,0.8257367610931396
0.065,sat,0.8219513893127441
0.063,sat,0.710930585861206
0.029,unsat,4.160942554473877
0.031,unsat,9.111144304275513
0.047,sat,0.3669579029083252
0.045,sat,0.5851349830627441
0.037000000000000005,unsat,125.29110288619995
0.039,unsat,510.81895446777344
0.043000000000000003,sat,4.412000417709351
0.041,unsat,531.9795813560486
