epsilon,result,runtime
0.265,sat,0.4809722900390625
0.133,sat,0.6536076068878174
0.131,sat,0.6335000991821289
0.065,sat,0.6993045806884766
0.063,sat,0.6136181354522705
0.031,sat,0.682837963104248
0.029,sat,0.2320115566253662
0.013000000000000001,sat,0.3441042900085449
0.015,cancelled,0.48268961906433105
0.007,sat,0.6740520000457764
0.003,sat,0.8186373710632324
0.001,unsat,0.12590980529785156
