epsilon,result,runtime
0.133,sat,0.7519748210906982
0.265,cancelled,3.3880834579467773
0.043000000000000003,sat,0.8156375885009766
0.08700000000000001,cancelled,3.6877827644348145
0.013000000000000001,unsat,0.6847221851348877
0.027000000000000003,sat,0.7475805282592773
0.029,cancelled,0.1593012809753418
0.021,sat,1.2755823135375977
0.015,unsat,2.471364736557007
0.019000000000000003,sat,1.393458366394043
0.017,unsat,12.49999213218689
