epsilon,result,runtime
0.265,sat,0.6455786228179932
0.133,sat,0.7518625259399414
0.131,sat,0.4972188472747803
0.065,sat,0.6817159652709961
0.063,sat,0.2433316707611084
0.031,sat,0.2683742046356201
0.029,sat,0.2793605327606201
0.013000000000000001,sat,0.30309200286865234
0.015,cancelled,0.40038633346557617
0.007,unsat,0.8728995323181152
0.003,cancelled,3.6263046264648438
0.011,sat,0.8321518898010254
0.009000000000000001,unsat,3.2636444568634033
