epsilon,result,runtime
0.133,sat,0.7645909786224365
0.265,cancelled,3.527888059616089
0.265,sat,0.7377400398254395
0.08700000000000001,sat,0.7974810600280762
0.043000000000000003,sat,0.798367977142334
0.019000000000000003,sat,0.560657262802124
0.041,cancelled,3.2908501625061035
0.005,unsat,0.6356766223907471
0.011,unsat,0.6294119358062744
0.015,sat,0.834956169128418
0.013000000000000001,unsat,1.2628660202026367
