epsilon,result,runtime
0.265,sat,0.7042176723480225
0.133,sat,0.74440598487854
0.131,sat,0.721663236618042
0.065,sat,0.7555990219116211
0.063,sat,0.5894906520843506
0.031,sat,0.6941194534301758
0.029,sat,0.6586337089538574
0.013000000000000001,sat,0.7124679088592529
0.015,cancelled,0.23320794105529785
0.003,sat,0.9350504875183105
0.007,cancelled,3.5765624046325684
0.001,sat,0.12575435638427734
