epsilon,result,runtime
0.133,sat,0.7301855087280273
0.265,cancelled,3.676908493041992
0.08700000000000001,sat,0.8254632949829102
0.043000000000000003,sat,0.8159983158111572
0.019000000000000003,sat,0.7484841346740723
0.041,cancelled,3.5127763748168945
0.041,sat,0.7080550193786621
0.011,unsat,0.6459622383117676
0.005,cancelled,3.358549118041992
0.015,unsat,0.6052708625793457
0.013000000000000001,cancelled,3.389608860015869
0.017,unsat,0.33079981803894043
