epsilon,result,runtime
0.133,sat,0.7369616031646729
0.265,cancelled,3.5617802143096924
0.08700000000000001,sat,0.779778003692627
0.043000000000000003,sat,0.8038499355316162
0.041,sat,0.46850132942199707
0.019000000000000003,unsat,0.5369536876678467
0.021,unsat,0.350083589553833
0.031,sat,0.5763840675354004
0.029,sat,0.23624897003173828
0.025,unsat,1.5516948699951172
0.023,cancelled,1.7961292266845703
0.027000000000000003,unsat,8.400631189346313
