epsilon,result,runtime
0.265,sat,0.7987735271453857
0.133,sat,0.8044915199279785
0.131,sat,0.8088247776031494
0.065,sat,0.8118324279785156
0.063,sat,0.6017470359802246
0.029,unsat,3488.250765323639
0.047,sat,0.8735213279724121
0.031,unsat,3498.9862751960754
0.039,sat,0.29768896102905273
0.037000000000000005,sat,0.5914781093597412
0.033,sat,0.5661470890045166
0.035,cancelled,0.4170217514038086
