epsilon,result,runtime
0.265,sat,1.3637142181396484
0.133,sat,1.363586187362671
0.065,sat,1.272306203842163
0.131,cancelled,4.285516023635864
0.041,sat,1.3187978267669678
0.021,sat,1.319849967956543
0.009000000000000001,sat,1.3112468719482422
0.019000000000000003,cancelled,4.356436491012573
0.005,sat,1.2734272480010986
0.003,sat,1.3008079528808594
0.001,unsat,0.6788084506988525
