epsilon,result,runtime
0.133,sat,0.6058058738708496
0.265,cancelled,3.309455633163452
0.08700000000000001,sat,0.7494978904724121
0.043000000000000003,sat,0.7873976230621338
0.041,sat,0.7715458869934082
0.019000000000000003,sat,0.7917377948760986
0.021,cancelled,0.042980194091796875
0.005,unsat,1.0800366401672363
0.011,sat,1.2398290634155273
0.013000000000000001,cancelled,0.17568135261535645
0.009000000000000001,sat,1.116335391998291
0.007,sat,1.1725642681121826
