epsilon,result,runtime
0.133,sat,0.7785282135009766
0.265,cancelled,3.3941338062286377
0.08700000000000001,sat,0.7735211849212646
0.043000000000000003,unsat,3470.957892894745
0.041,cancelled,3470.3853709697723
0.07100000000000001,sat,2.241286277770996
0.057,sat,26.781874895095825
0.055,sat,26.279640197753906
0.049,unsat,3466.127986907959
0.047,cancelled,3464.9504952430725
0.053000000000000005,sat,259.3206570148468
0.051000000000000004,error,931.9533302783966
