epsilon,result,runtime
0.133,sat,0.7762300968170166
0.265,cancelled,3.744534969329834
0.265,sat,0.769310712814331
0.08700000000000001,sat,0.7833232879638672
0.043000000000000003,sat,0.8225491046905518
0.041,sat,0.3272101879119873
0.019000000000000003,sat,0.5559155941009521
0.021,cancelled,0.36743879318237305
0.005,unsat,0.8294122219085693
0.011,sat,0.9563949108123779
0.013000000000000001,cancelled,0.16603899002075195
0.007,unsat,0.9904274940490723
0.009000000000000001,sat,0.9900102615356445
