epsilon,result,runtime
0.265,sat,0.792752742767334
0.133,sat,0.8279216289520264
0.131,sat,0.5036783218383789
0.065,sat,0.6452274322509766
0.063,sat,0.34696245193481445
0.031,sat,0.5504131317138672
0.029,sat,0.2676999568939209
0.013000000000000001,unsat,0.2998189926147461
0.015,unsat,0.501532793045044
0.021,unsat,1.9731359481811523
0.023,unsat,16.983477354049683
0.027000000000000003,sat,0.8590316772460938
0.025,unsat,3538.5569417476654
