epsilon,result,runtime
0.265,sat,0.7465510368347168
0.133,sat,0.7984926700592041
0.131,sat,0.7267298698425293
0.065,sat,0.7402853965759277
0.063,sat,0.6342625617980957
0.031,sat,0.6756997108459473
0.029,sat,0.28512120246887207
0.013000000000000001,unsat,0.4405238628387451
0.015,unsat,0.41165804862976074
0.023,sat,1.28975248336792
0.021,unsat,7.5916712284088135
0.017,cancelled,3.413372755050659
