epsilon,result,runtime
0.265,sat,0.731187105178833
0.133,sat,1.2236659526824951
0.065,sat,4.6424665451049805
0.131,cancelled,8.005046606063843
0.041,sat,3.356045961380005
0.021,unsat,3.8172850608825684
0.019000000000000003,cancelled,0.290006160736084
0.027000000000000003,unsat,101.00914859771729
0.033,unsat,3501.561784029007
0.035,unsat,3486.6831567287445
0.037000000000000005,unsat,3557.7121081352234
0.039,unsat,3590.9423391819
