epsilon,result,runtime
0.133,sat,0.7709152698516846
0.265,cancelled,3.757279872894287
0.265,sat,0.8169209957122803
0.043000000000000003,sat,0.7050521373748779
0.08700000000000001,cancelled,3.4012176990509033
0.013000000000000001,sat,0.7684164047241211
0.027000000000000003,cancelled,3.5388784408569336
0.027000000000000003,sat,0.7791109085083008
0.007,sat,0.6119182109832764
0.003,sat,0.629643440246582
0.001,sat,0.13986825942993164
