epsilon,result,runtime
0.265,sat,0.7939972877502441
0.133,sat,0.8140299320220947
0.131,sat,0.7814419269561768
0.065,sat,0.7810285091400146
0.063,sat,0.7292723655700684
0.031,sat,0.7535502910614014
0.029,sat,0.7556633949279785
0.013000000000000001,unsat,1.108537197113037
0.021,sat,0.8844046592712402
0.017,sat,12.941608667373657
0.015,unsat,17.64537525177002
