epsilon,result,runtime
0.133,sat,0.7706954479217529
0.265,cancelled,3.6269266605377197
0.265,sat,0.8194289207458496
0.08700000000000001,sat,0.7901866436004639
0.043000000000000003,sat,0.7885897159576416
0.041,sat,1.4383955001831055
0.019000000000000003,unsat,1.8597137928009033
0.021,unsat,1.450594186782837
0.029,unsat,12.823315382003784
0.035,sat,3.5697853565216064
0.031,unsat,37.129451513290405
0.033,unsat,1080.2176578044891
