epsilon,result,runtime
0.265,sat,0.9012782573699951
0.133,sat,1.6158347129821777
0.131,sat,2.902918815612793
0.065,sat,17.037493228912354
0.031,unsat,0.6623861789703369
0.047,unsat,163.54438495635986
0.063,unsat,3550.650284051895
0.055,cancelled,3368.6807181835175
