epsilon,result,runtime
0.133,sat,0.794003963470459
0.265,cancelled,3.5270721912384033
0.08700000000000001,sat,0.806429386138916
0.043000000000000003,sat,0.8127460479736328
0.019000000000000003,sat,0.6178724765777588
0.041,cancelled,3.3853647708892822
0.005,sat,0.5915131568908691
0.011,cancelled,3.361191511154175
0.001,sat,0.665158748626709
0.003,cancelled,3.4385974407196045
0.003,sat,0.6185870170593262
