epsilon,result,runtime
0.133,sat,0.7280013561248779
0.265,cancelled,3.50720477104187
0.043000000000000003,sat,0.8239650726318359
0.08700000000000001,cancelled,3.5724306106567383
0.08700000000000001,sat,0.8246815204620361
0.027000000000000003,sat,0.6999523639678955
0.013000000000000001,unsat,0.7080731391906738
0.011,cancelled,0.1077570915222168
0.017,sat,1.2159693241119385
0.021,cancelled,3.9718234539031982
0.015,unsat,0.3674948215484619
