epsilon,result,runtime
0.133,sat,0.8079614639282227
0.265,cancelled,3.6503708362579346
0.265,sat,0.8211958408355713
0.043000000000000003,sat,0.7814450263977051
0.08700000000000001,cancelled,3.476689100265503
0.08700000000000001,sat,0.7555983066558838
0.027000000000000003,sat,0.5454134941101074
0.013000000000000001,unsat,0.6378724575042725
0.011,cancelled,0.12401843070983887
0.017,unsat,2.824763059616089
0.021,unsat,14.127801895141602
0.025,sat,1.0617010593414307
0.023,unsat,73.84396195411682
