epsilon,result,runtime
0.133,sat,0.6944351196289062
0.265,cancelled,3.369907855987549
0.043000000000000003,sat,0.7833945751190186
0.08700000000000001,cancelled,3.458936929702759
0.027000000000000003,sat,0.7646260261535645
0.011,unsat,4.005143165588379
0.019000000000000003,sat,0.8618004322052002
0.013000000000000001,unsat,13.902372360229492
0.017,sat,0.6569764614105225
0.015,unsat,29.11791706085205
