epsilon,result,runtime
0.133,sat,0.7693912982940674
0.265,sat,0.7780766487121582
0.265,cancelled,3.5612499713897705
0.043000000000000003,sat,0.7963371276855469
0.08700000000000001,cancelled,3.53267502784729
0.027000000000000003,sat,0.500227689743042
0.013000000000000001,sat,0.6961967945098877
0.011,sat,0.4529449939727783
0.005,sat,0.4632680416107178
0.003,unsat,0.29372739791870117
0.001,cancelled,2.795286178588867
