epsilon,result,runtime
0.133,sat,0.8892266750335693
0.265,cancelled,3.6609086990356445
0.08700000000000001,sat,0.8972606658935547
0.041,unsat,55.66584014892578
0.065,sat,0.895953893661499
0.053000000000000005,sat,1.4141523838043213
0.043000000000000003,unsat,71.3570544719696
0.047,unsat,796.2959005832672
0.049,unsat,3233.7238223552704
0.051000000000000004,unsat,3583.36656665802
