epsilon,result,runtime
0.265,sat,1.359715461730957
0.133,sat,1.3254070281982422
0.065,sat,1.24578857421875
0.131,cancelled,4.289738893508911
0.041,sat,1.3229148387908936
0.019000000000000003,unsat,7.939105749130249
0.031,sat,1.2977564334869385
0.025,sat,1.40816068649292
0.021,unsat,29.81756901741028
0.023,unsat,3398.923869371414
