epsilon,result,runtime
0.265,sat,0.7783446311950684
0.133,sat,0.7913739681243896
0.131,sat,0.8285079002380371
0.065,sat,0.8301277160644531
0.031,sat,0.8237097263336182
0.063,cancelled,3.4484875202178955
0.019000000000000003,sat,0.6141698360443115
0.009000000000000001,sat,0.6290600299835205
0.007,sat,0.6033191680908203
0.003,sat,0.6441342830657959
0.001,sat,0.12636685371398926
