epsilon,result,runtime
0.133,sat,0.7220005989074707
0.265,cancelled,3.5715622901916504
0.043000000000000003,sat,0.7083923816680908
0.08700000000000001,cancelled,3.486304998397827
0.08700000000000001,sat,0.7489068508148193
0.027000000000000003,sat,0.7708759307861328
0.013000000000000001,sat,0.8105497360229492
0.005,unsat,0.7231881618499756
0.007,unsat,0.6418190002441406
0.009000000000000001,unsat,0.7942147254943848
0.011,unsat,10.670702695846558
