epsilon,result,runtime
0.265,sat,0.7980220317840576
0.133,sat,0.8009090423583984
0.065,sat,0.8190567493438721
0.131,cancelled,3.5247013568878174
0.021,sat,0.7379162311553955
0.041,cancelled,3.674190044403076
0.041,sat,0.7518951892852783
0.007,sat,0.4372715950012207
0.013000000000000001,cancelled,3.177032709121704
0.003,sat,0.6814424991607666
0.001,sat,0.7004179954528809
