epsilon,result,runtime
0.133,sat,0.8082664012908936
0.265,cancelled,3.4662423133850098
0.043000000000000003,sat,0.8162238597869873
0.08700000000000001,cancelled,3.5141727924346924
0.08700000000000001,sat,0.7999269962310791
0.013000000000000001,unsat,0.6294853687286377
0.027000000000000003,sat,0.751690149307251
0.029,cancelled,0.12885642051696777
0.021,sat,1.2761414051055908
0.017,sat,1.3077259063720703
0.015,sat,0.15575814247131348
