epsilon,result,runtime
0.133,sat,0.847698450088501
0.265,cancelled,3.5099079608917236
0.043000000000000003,sat,0.8175981044769287
0.08700000000000001,cancelled,3.5213589668273926
0.013000000000000001,unsat,0.5360584259033203
0.029,sat,0.8589324951171875
0.019000000000000003,unsat,0.690913200378418
0.023,unsat,6.85712742805481
0.025,unsat,8.844741582870483
0.027000000000000003,unsat,39.18368077278137
