epsilon,result,runtime
0.133,sat,0.8168308734893799
0.265,cancelled,3.580418586730957
0.265,sat,0.8065309524536133
0.043000000000000003,sat,0.625401496887207
0.08700000000000001,cancelled,3.275294780731201
0.013000000000000001,sat,0.6059091091156006
0.027000000000000003,cancelled,3.4482433795928955
0.003,sat,0.5965769290924072
0.007,cancelled,3.3560497760772705
0.001,sat,0.12454962730407715
