epsilon,result,runtime
0.265,sat,0.8096103668212891
0.133,sat,0.8116765022277832
0.065,sat,0.8418021202087402
0.131,cancelled,3.5791563987731934
0.041,sat,0.9091486930847168
0.021,sat,0.8386914730072021
0.019000000000000003,sat,0.7769365310668945
0.009000000000000001,unsat,0.7360951900482178
0.007,cancelled,0.044614315032958984
0.015,sat,1.208803653717041
0.013000000000000001,unsat,1.5710968971252441
0.011,cancelled,0.3762221336364746
