epsilon,result,runtime
0.265,sat,0.7453978061676025
0.133,sat,1.1804306507110596
0.131,sat,1.1469097137451172
0.065,sat,1.0811772346496582
0.063,sat,0.3923654556274414
0.029,unsat,978.7018439769745
0.047,sat,4.4833550453186035
0.039,sat,7.041460752487183
0.035,sat,5.695000171661377
0.033,sat,24.81348204612732
0.031,unsat,2699.530827999115
