epsilon,result,runtime
0.133,sat,0.8176805973052979
0.265,cancelled,3.763599157333374
0.08700000000000001,sat,0.798259973526001
0.043000000000000003,sat,0.8230609893798828
0.041,sat,0.5575108528137207
0.019000000000000003,sat,0.6738996505737305
0.021,cancelled,0.2779996395111084
0.011,sat,1.0534846782684326
0.005,sat,1.0721216201782227
0.001,unsat,0.6619865894317627
0.003,sat,0.7406487464904785
