epsilon,result,runtime
0.265,sat,0.8261048793792725
0.133,sat,0.9056828022003174
0.065,sat,0.5328884124755859
0.131,cancelled,3.2548763751983643
0.041,sat,0.8461322784423828
0.021,sat,0.8073911666870117
0.009000000000000001,unsat,0.7128787040710449
0.019000000000000003,sat,0.8610436916351318
0.013000000000000001,unsat,2.5425314903259277
0.017,sat,1.3438491821289062
0.015,unsat,8.223923444747925
