epsilon,result,runtime
0.265,sat,0.7609665393829346
0.133,sat,0.8234820365905762
0.131,sat,0.8832035064697266
0.065,sat,0.8383140563964844
0.031,sat,0.7896809577941895
0.063,cancelled,3.5934412479400635
0.009000000000000001,unsat,0.7112200260162354
0.019000000000000003,sat,0.8136007785797119
0.021,cancelled,0.10370039939880371
0.013000000000000001,sat,1.3427331447601318
0.015,cancelled,4.065937757492065
0.011,unsat,0.20337128639221191
