epsilon,result,runtime
0.265,sat,0.8361196517944336
0.133,sat,0.8407697677612305
0.131,sat,0.8155953884124756
0.065,sat,0.8555858135223389
0.063,sat,0.8300566673278809
0.031,sat,0.825477123260498
0.013000000000000001,sat,0.7781078815460205
0.029,cancelled,3.5610392093658447
0.007,sat,0.606123685836792
0.003,sat,0.6196606159210205
0.001,sat,0.1268782615661621
