epsilon,result,runtime
0.265,sat,0.7900798320770264
0.133,sat,0.8077995777130127
0.131,sat,0.7699196338653564
0.065,sat,0.7948570251464844
0.063,sat,0.7485308647155762
0.031,sat,0.7914657592773438
0.013000000000000001,unsat,0.6682314872741699
0.029,sat,0.7609789371490479
0.021,sat,0.8103487491607666
0.019000000000000003,sat,1.9900972843170166
0.015,unsat,4.186444044113159
0.017,unsat,6.444163799285889
