epsilon,result,runtime
0.265,sat,0.8348331451416016
0.133,sat,0.8609771728515625
0.131,sat,0.7655794620513916
0.065,sat,0.813209056854248
0.063,sat,0.7741010189056396
0.031,sat,0.8073573112487793
0.029,sat,0.4660012722015381
0.013000000000000001,unsat,0.6119046211242676
0.015,unsat,0.5711185932159424
0.021,sat,0.6814796924591064
0.023,cancelled,0.3872101306915283
0.019000000000000003,sat,0.9558892250061035
0.017,unsat,3.4079179763793945
