epsilon,result,runtime
0.133,sat,0.801952600479126
0.265,cancelled,3.6290547847747803
0.265,sat,0.8222694396972656
0.043000000000000003,sat,0.8009605407714844
0.08700000000000001,cancelled,3.521545886993408
0.08700000000000001,sat,0.7895715236663818
0.013000000000000001,unsat,0.6624000072479248
0.027000000000000003,sat,1.0024237632751465
0.029,cancelled,0.3289175033569336
0.017,unsat,4.955276250839233
0.021,unsat,380.8761396408081
0.023,unsat,3545.7966616153717
0.025,timeout,3600
