epsilon,result,runtime
0.265,sat,0.7905876636505127
0.133,sat,0.7888891696929932
0.065,sat,0.7296090126037598
0.131,cancelled,3.773376226425171
0.131,sat,0.7701559066772461
0.041,sat,0.8570694923400879
0.021,unsat,1.3562638759613037
0.019000000000000003,cancelled,0.29927754402160645
0.033,sat,0.8486542701721191
0.027000000000000003,sat,1.1307344436645508
0.025,sat,1.2204694747924805
0.023,unsat,1.4718084335327148
