epsilon,result,runtime
0.133,sat,0.7449874877929688
0.265,cancelled,3.6121585369110107
0.08700000000000001,sat,0.8302714824676514
0.043000000000000003,unsat,1.985429286956787
0.041,cancelled,1.1534395217895508
0.07100000000000001,sat,2.2965335845947266
0.055,unsat,295.25368666648865
0.057,unsat,1216.4141342639923
0.065,sat,4.573788166046143
0.063,unsat,3512.728954076767
0.059000000000000004,cancelled,2592.706123113632
