epsilon,result,runtime
0.265,sat,1.3427283763885498
0.133,sat,19.838071584701538
0.131,sat,21.998223066329956
0.065,sat,13.887423515319824
0.063,sat,14.082797527313232
0.031,unsat,6.347876310348511
0.029,cancelled,2.7278566360473633
0.041,unsat,3437.5269079208374
0.051000000000000004,unsat,3537.9881324768066
0.053000000000000005,unsat,3453.9948585033417
0.059000000000000004,sat,18.972889184951782
0.057,unsat,3559.825894832611
0.055,cancelled,183.79013204574585
