epsilon,result,runtime
0.133,sat,0.5949063301086426
0.265,cancelled,3.5515389442443848
0.043000000000000003,sat,0.769848108291626
0.08700000000000001,cancelled,3.4636342525482178
0.013000000000000001,unsat,0.6498377323150635
0.027000000000000003,sat,0.7377021312713623
0.029,cancelled,0.09116458892822266
0.021,sat,1.2326867580413818
0.017,unsat,1.656259298324585
0.015,cancelled,0.42240333557128906
0.019000000000000003,unsat,6.143867254257202
