epsilon,result,runtime
0.133,sat,0.5551393032073975
0.265,cancelled,3.2211990356445312
0.08700000000000001,sat,0.8157498836517334
0.043000000000000003,sat,0.8198297023773193
0.041,sat,0.7992832660675049
0.019000000000000003,unsat,2.614845037460327
0.031,sat,0.8708310127258301
0.025,sat,0.7690966129302979
0.023,sat,1.4468159675598145
0.021,unsat,1007.6534461975098
