epsilon,result,runtime
0.133,sat,0.7810678482055664
0.265,cancelled,3.7223615646362305
0.265,sat,0.8341712951660156
0.043000000000000003,sat,0.3020970821380615
0.08700000000000001,cancelled,3.004110336303711
0.027000000000000003,sat,0.5649774074554443
0.013000000000000001,sat,0.6234378814697266
0.011,sat,0.3062145709991455
0.005,sat,0.46410346031188965
0.003,sat,0.21454548835754395
0.001,sat,0.33777952194213867
