epsilon,result,runtime
0.133,sat,0.7330708503723145
0.265,cancelled,3.374000310897827
0.08700000000000001,sat,0.7701928615570068
0.043000000000000003,sat,0.7930953502655029
0.041,sat,0.5452516078948975
0.019000000000000003,sat,0.5977342128753662
0.021,cancelled,0.13963603973388672
0.011,sat,1.0293998718261719
0.005,sat,1.044273853302002
0.003,sat,0.6070718765258789
0.001,sat,0.637758731842041
