epsilon,result,runtime
0.265,sat,0.8294789791107178
0.133,sat,0.8290596008300781
0.131,sat,0.43160057067871094
0.065,sat,0.6387162208557129
0.063,sat,0.687180757522583
0.031,sat,0.7140927314758301
0.029,sat,0.6750674247741699
0.013000000000000001,unsat,0.6003022193908691
0.015,unsat,2.665203332901001
0.023,sat,0.7892885208129883
0.017,unsat,6.483772039413452
0.019000000000000003,unsat,7.100072860717773
0.021,unsat,36.93405485153198
