epsilon,result,runtime
0.265,sat,1.5303199291229248
0.133,sat,1.5472769737243652
0.131,sat,1.4473741054534912
0.065,sat,1.4852795600891113
0.063,sat,1.4542007446289062
0.031,sat,1.5045957565307617
0.013000000000000001,unsat,1.3101489543914795
0.021,unsat,5.0787084102630615
0.025,unsat,42.90558362007141
0.027000000000000003,unsat,410.2186405658722
0.029,timeout,3600
