epsilon,result,runtime
0.265,sat,1.3628947734832764
0.133,sat,1.350224256515503
0.131,sat,1.219069004058838
0.065,sat,1.2382783889770508
0.063,sat,1.147050380706787
0.031,sat,1.024364948272705
0.029,sat,0.914341926574707
0.013000000000000001,sat,0.9206464290618896
0.015,cancelled,0.27948999404907227
0.007,sat,1.3527565002441406
0.003,sat,1.3559765815734863
0.001,sat,0.6551928520202637
