epsilon,result,runtime
0.133,sat,0.835282564163208
0.265,cancelled,3.8279869556427
0.265,sat,0.7979745864868164
0.08700000000000001,sat,0.8247661590576172
0.043000000000000003,sat,1.1158459186553955
0.041,sat,1.1013009548187256
0.019000000000000003,sat,0.8637094497680664
0.021,cancelled,0.044551849365234375
0.005,unsat,1.0836477279663086
0.011,sat,1.2451989650726318
0.013000000000000001,cancelled,0.19466710090637207
0.009000000000000001,sat,1.1883656978607178
0.007,unsat,9.492335557937622
