epsilon,result,runtime
0.265,sat,0.755882978439331
0.133,sat,0.7591569423675537
0.131,sat,0.6994774341583252
0.065,sat,0.5564336776733398
0.063,sat,0.8116393089294434
0.031,sat,0.7907867431640625
0.013000000000000001,unsat,0.7013320922851562
0.029,sat,0.7493200302124023
0.019000000000000003,unsat,13.669466733932495
0.025,sat,0.8690657615661621
0.023,sat,0.9025700092315674
0.021,unsat,22.50310754776001
