epsilon,result,runtime
0.133,sat,0.7573509216308594
0.265,cancelled,3.4782986640930176
0.08700000000000001,sat,0.797827959060669
0.043000000000000003,sat,0.7744996547698975
0.019000000000000003,sat,0.7765390872955322
0.041,cancelled,3.449528694152832
0.011,unsat,0.6818311214447021
0.005,cancelled,3.378594398498535
0.015,sat,0.7552752494812012
0.013000000000000001,unsat,3.088090419769287
