epsilon,result,runtime
0.133,sat,0.782947301864624
0.265,cancelled,3.4225428104400635
0.265,sat,0.7724618911743164
0.08700000000000001,sat,0.6695141792297363
0.043000000000000003,sat,0.7303135395050049
0.041,sat,0.3842787742614746
0.019000000000000003,sat,0.6289811134338379
0.021,cancelled,0.2953031063079834
0.005,sat,0.7448322772979736
0.011,cancelled,3.5670523643493652
0.011,sat,0.7488772869110107
0.003,sat,0.595219612121582
0.001,sat,0.604482889175415
