epsilon,result,runtime
0.265,sat,0.8388924598693848
0.133,sat,0.8222873210906982
0.131,sat,0.820206880569458
0.065,sat,0.8284251689910889
0.063,sat,0.8088459968566895
0.031,sat,0.8274900913238525
0.029,sat,0.775766134262085
0.013000000000000001,sat,0.7837686538696289
0.015,cancelled,0.08973455429077148
0.003,sat,1.222682237625122
0.007,cancelled,3.9440317153930664
0.007,sat,1.2154161930084229
0.001,sat,0.1513502597808838
