epsilon,result,runtime
0.133,sat,0.9083774089813232
0.265,cancelled,3.54929256439209
0.265,sat,0.8732116222381592
0.08700000000000001,sat,0.8258326053619385
0.043000000000000003,sat,0.8314919471740723
0.041,sat,0.7873330116271973
0.019000000000000003,unsat,0.7385306358337402
0.021,unsat,0.7735974788665771
0.031,unsat,9.890574932098389
0.029,cancelled,9.248471975326538
0.037000000000000005,sat,1.3282334804534912
0.035,sat,1.8542630672454834
0.033,unsat,32.967501163482666
