epsilon,result,runtime
0.265,sat,0.7405738830566406
0.133,sat,0.7938427925109863
0.131,sat,0.3849222660064697
0.065,sat,0.6338434219360352
0.063,sat,0.27814435958862305
0.031,sat,0.26555895805358887
0.029,sat,0.2234358787536621
0.013000000000000001,sat,0.24233579635620117
0.015,cancelled,0.49553704261779785
0.007,sat,0.4304485321044922
0.003,sat,0.5812821388244629
0.001,sat,0.12774348258972168
