epsilon,result,runtime
0.265,sat,0.7392334938049316
0.133,sat,0.7889385223388672
0.131,sat,0.26058292388916016
0.065,sat,0.4736039638519287
0.063,sat,0.621415376663208
0.031,sat,0.648651123046875
0.029,sat,0.5612261295318604
0.013000000000000001,unsat,0.5450527667999268
0.015,unsat,0.26201558113098145
0.021,unsat,23.71701407432556
0.025,sat,22.474169492721558
0.023,unsat,69.795565366745
