epsilon,result,runtime
0.133,sat,0.8126311302185059
0.265,cancelled,3.8044440746307373
0.08700000000000001,sat,0.8209230899810791
0.043000000000000003,sat,0.8127694129943848
0.041,sat,0.7605340480804443
0.019000000000000003,sat,0.8006107807159424
0.021,cancelled,0.14123320579528809
0.005,sat,1.2059922218322754
0.011,cancelled,4.07207465171814
0.011,sat,1.2586076259613037
0.001,unsat,0.6811614036560059
0.003,sat,0.7939541339874268
