epsilon,result,runtime
0.133,sat,1.2922720909118652
0.265,cancelled,4.5576581954956055
0.265,sat,1.3224706649780273
0.043000000000000003,sat,1.2293634414672852
0.08700000000000001,cancelled,4.08580207824707
0.013000000000000001,unsat,1.106565237045288
0.027000000000000003,sat,1.2849845886230469
0.029,cancelled,0.06907820701599121
0.017,unsat,1.7584986686706543
0.023,sat,1.363356351852417
0.019000000000000003,unsat,10.047359943389893
0.021,unsat,47.74124360084534
