epsilon,result,runtime
0.133,sat,0.8429276943206787
0.265,cancelled,3.5285003185272217
0.265,sat,0.8645966053009033
0.08700000000000001,sat,0.8107576370239258
0.043000000000000003,sat,0.873018741607666
0.041,sat,0.8061466217041016
0.019000000000000003,unsat,2.945315361022949
0.031,sat,0.9581198692321777
0.025,sat,5.631875276565552
0.021,unsat,14.391063213348389
0.023,unsat,25.242926120758057
