epsilon,result,runtime
0.265,sat,0.7770192623138428
0.133,sat,0.8380906581878662
0.131,sat,0.3533802032470703
0.065,sat,0.6468329429626465
0.063,sat,0.534076452255249
0.031,unsat,2.711813449859619
0.029,cancelled,2.5408222675323486
0.051000000000000004,sat,0.653296947479248
0.041,sat,0.7174758911132812
0.039,sat,0.7064962387084961
0.035,sat,0.7600295543670654
0.033,unsat,4.127553701400757
