epsilon,result,runtime
0.265,sat,0.7789411544799805
0.133,sat,0.7792632579803467
0.131,sat,0.7733128070831299
0.065,sat,0.777461051940918
0.031,sat,0.5910840034484863
0.063,cancelled,3.361546516418457
0.063,sat,0.6636910438537598
0.019000000000000003,sat,0.5619821548461914
0.009000000000000001,sat,0.6390094757080078
0.007,sat,0.657041072845459
0.003,sat,0.6674296855926514
0.001,sat,0.13963937759399414
