epsilon,result,runtime
0.265,sat,0.8109757900238037
0.133,sat,0.7974889278411865
0.131,sat,0.7903618812561035
0.065,sat,0.7859246730804443
0.063,sat,0.7289772033691406
0.031,sat,0.7432262897491455
0.013000000000000001,unsat,0.5862696170806885
0.029,sat,0.732250452041626
0.019000000000000003,unsat,8.584778308868408
0.021,unsat,9.992593765258789
0.023,unsat,58.263312339782715
0.027000000000000003,sat,0.8671538829803467
0.025,unsat,3423.075295686722
