epsilon,result,runtime
0.133,sat,1.3420655727386475
0.265,cancelled,4.507473707199097
0.043000000000000003,sat,1.2912049293518066
0.08700000000000001,cancelled,4.396497011184692
0.013000000000000001,unsat,0.9517090320587158
0.027000000000000003,sat,1.1444084644317627
0.029,cancelled,0.5087509155273438
0.021,sat,1.4649677276611328
0.017,unsat,5.957147836685181
0.015,cancelled,4.593793630599976
0.019000000000000003,unsat,50.38581728935242
