epsilon,result,runtime
0.133,sat,1.3427691459655762
0.265,cancelled,4.348468065261841
0.043000000000000003,sat,1.324143409729004
0.08700000000000001,cancelled,4.497992515563965
0.013000000000000001,unsat,0.9788610935211182
0.027000000000000003,unsat,519.1440873146057
0.035,sat,0.8976686000823975
0.031,sat,0.9155600070953369
0.029,unsat,3588.646988630295
