epsilon,result,runtime
0.265,sat,0.7673773765563965
0.133,sat,0.7949066162109375
0.065,sat,0.7201442718505859
0.131,cancelled,3.413053512573242
0.041,sat,0.8655414581298828
0.021,sat,0.8385641574859619
0.009000000000000001,unsat,0.6764736175537109
0.013000000000000001,unsat,0.7088634967803955
0.019000000000000003,unsat,6.114282131195068
0.015,cancelled,1.680375099182129
