epsilon,result,runtime
0.265,sat,0.5314602851867676
0.133,sat,0.7094817161560059
0.131,sat,0.4146726131439209
0.065,sat,0.6362712383270264
0.063,sat,0.26948070526123047
0.031,sat,0.41539573669433594
0.029,sat,0.2908973693847656
0.013000000000000001,unsat,0.30965638160705566
0.015,unsat,0.2218923568725586
0.021,sat,0.29596614837646484
0.023,cancelled,0.4439237117767334
0.017,unsat,0.7513697147369385
0.019000000000000003,unsat,3.0998828411102295
