epsilon,result,runtime
0.265,sat,1.353379249572754
0.133,sat,1.354417085647583
0.131,sat,1.3196721076965332
0.065,sat,1.3334288597106934
0.031,unsat,1.058013677597046
0.063,sat,1.2271883487701416
0.047,sat,1.181253433227539
0.045,sat,1.2086052894592285
0.037000000000000005,unsat,7.531141757965088
0.039,unsat,26.646455764770508
0.043000000000000003,sat,1.3453214168548584
0.041,unsat,51.04195713996887
