epsilon,result,runtime
0.133,sat,0.7949793338775635
0.265,cancelled,3.7877583503723145
0.043000000000000003,sat,0.8188979625701904
0.08700000000000001,cancelled,3.5843636989593506
0.013000000000000001,unsat,0.7109384536743164
0.029,sat,4.638186693191528
0.019000000000000003,unsat,2.678082227706909
0.023,unsat,18.45628523826599
0.025,unsat,86.71558141708374
0.027000000000000003,unsat,1164.2607197761536
