epsilon,result,runtime
0.265,sat,0.6586368083953857
0.133,sat,1.0572936534881592
0.131,sat,1.3012666702270508
0.065,sat,1.3236274719238281
0.063,sat,1.6973998546600342
0.031,sat,26.176738739013672
0.013000000000000001,unsat,0.6596858501434326
0.021,unsat,5.019268751144409
0.025,unsat,227.95960116386414
0.029,unsat,3499.987577199936
0.027000000000000003,cancelled,3235.3594851493835
