epsilon,result,runtime
0.265,sat,0.7746996879577637
0.133,sat,0.7812223434448242
0.131,sat,0.8106236457824707
0.065,sat,0.8095214366912842
0.063,sat,0.8228728771209717
0.031,sat,0.8226869106292725
0.013000000000000001,unsat,0.6652703285217285
0.029,sat,0.6853535175323486
0.019000000000000003,unsat,4.844475746154785
0.021,unsat,5.300175666809082
0.023,unsat,8.431239128112793
0.027000000000000003,sat,0.8899312019348145
0.025,unsat,17.539432525634766
