epsilon,result,runtime
0.265,sat,0.5898618698120117
0.133,sat,0.797490119934082
0.131,sat,0.7126097679138184
0.065,sat,0.814765214920044
0.063,sat,0.7844192981719971
0.031,sat,0.7584023475646973
0.029,sat,0.6739940643310547
0.013000000000000001,unsat,0.667517900466919
0.015,unsat,0.3416173458099365
0.021,unsat,1.520735502243042
0.025,sat,0.932807207107544
0.023,unsat,3.1268398761749268
