epsilon,result,runtime
0.133,sat,0.7928698062896729
0.265,cancelled,3.7087690830230713
0.265,sat,0.8116030693054199
0.043000000000000003,sat,0.7492632865905762
0.08700000000000001,cancelled,3.544684648513794
0.013000000000000001,unsat,0.6530225276947021
0.027000000000000003,sat,0.7348570823669434
0.029,cancelled,0.2510838508605957
0.017,unsat,9.92001724243164
0.023,sat,0.750359058380127
0.019000000000000003,unsat,13.998586893081665
0.021,unsat,1010.547164440155
