epsilon,result,runtime
0.265,sat,0.7693753242492676
0.133,sat,0.7676193714141846
0.065,sat,0.811931848526001
0.131,cancelled,3.480222225189209
0.021,sat,0.7810685634613037
0.041,cancelled,3.498615264892578
0.007,unsat,0.667191743850708
0.013000000000000001,sat,1.0908145904541016
0.015,cancelled,0.5219225883483887
0.009000000000000001,unsat,2.736143112182617
0.011,unsat,6.11454176902771
