epsilon,result,runtime
0.265,sat,6.300908803939819
0.133,sat,9.095138788223267
0.131,sat,3.5446083545684814
0.063,unsat,3297.3642103672028
0.065,unsat,3476.391271352768
0.097,unsat,3579.0803332328796
0.099,unsat,3508.867849588394
0.115,sat,411.8273160457611
0.113,unsat,3540.3697905540466
0.10500000000000001,cancelled,3233.674971342087
