epsilon,result,runtime
0.265,sat,1.3680317401885986
0.133,sat,1.3742852210998535
0.131,sat,1.2454230785369873
0.065,sat,1.2372846603393555
0.063,sat,0.9722099304199219
0.031,sat,1.0101900100708008
0.029,sat,0.9538280963897705
0.013000000000000001,sat,0.98122239112854
0.015,cancelled,1.0007364749908447
0.003,unsat,1.1363356113433838
0.007,unsat,1.1360011100769043
0.009000000000000001,unsat,1.0938384532928467
0.011,unsat,3.1232690811157227
