epsilon,result,runtime
0.265,sat,7.1654417514801025
0.133,sat,24.352242469787598
0.131,sat,18.473847150802612
0.065,unsat,3505.644753217697
0.063,cancelled,3504.767171382904
0.107,unsat,3466.846638441086
0.08700000000000001,cancelled,3470.327786207199
0.121,sat,35.140501499176025
0.115,unsat,3525.6966547966003
0.113,cancelled,3490.786379098892
0.11900000000000001,sat,56.55553412437439
0.117,sat,125.57443833351135
