epsilon,result,runtime
0.133,sat,0.9053752422332764
0.265,cancelled,3.800780773162842
0.08700000000000001,sat,0.6056985855102539
0.043000000000000003,sat,0.7757711410522461
0.041,sat,0.7224745750427246
0.019000000000000003,sat,0.6953237056732178
0.021,cancelled,0.31693005561828613
0.005,unsat,0.9714088439941406
0.011,unsat,1.4355072975158691
0.013000000000000001,unsat,14.135826349258423
0.017,sat,1.4356200695037842
0.015,unsat,20.34321403503418
