epsilon,result,runtime
0.133,sat,1.2967000007629395
0.265,cancelled,4.513697147369385
0.265,sat,1.3286089897155762
0.08700000000000001,sat,1.3246660232543945
0.043000000000000003,sat,1.3492610454559326
0.041,sat,1.3413572311401367
0.019000000000000003,unsat,13.62645959854126
0.031,sat,1.2544379234313965
0.025,sat,1.3719124794006348
0.023,sat,11.898213386535645
0.021,unsat,100.52543520927429
