epsilon,result,runtime
0.133,sat,0.8289568424224854
0.265,cancelled,3.7629001140594482
0.08700000000000001,sat,0.8698146343231201
0.043000000000000003,sat,3.4091055393218994
0.019000000000000003,unsat,0.8302865028381348
0.029,unsat,5.80182409286499
0.035,unsat,6.764421463012695
0.037000000000000005,unsat,97.39906620979309
0.039,unsat,1674.4533867835999
0.041,timeout,3600
