epsilon,result,runtime
0.265,sat,0.6679708957672119
0.133,sat,0.6936917304992676
0.131,sat,0.8172950744628906
0.065,sat,0.8288495540618896
0.031,sat,0.8382558822631836
0.063,cancelled,3.73360538482666
0.063,sat,0.8364214897155762
0.019000000000000003,sat,0.7268304824829102
0.009000000000000001,unsat,0.678591251373291
0.007,cancelled,0.08857893943786621
0.015,sat,1.1831128597259521
0.011,unsat,0.6429359912872314
0.013000000000000001,unsat,7.703134059906006
