epsilon,result,runtime
0.133,sat,0.6833460330963135
0.265,cancelled,3.281954050064087
0.08700000000000001,sat,0.7603902816772461
0.043000000000000003,sat,0.7596967220306396
0.019000000000000003,sat,0.8291242122650146
0.041,cancelled,3.540837287902832
0.041,sat,0.8373253345489502
0.005,unsat,0.7083339691162109
0.011,sat,0.7714934349060059
0.013000000000000001,cancelled,0.05885910987854004
0.007,unsat,1.0848183631896973
0.009000000000000001,unsat,4.369928359985352
