epsilon,result,runtime
0.133,sat,0.7762043476104736
0.265,cancelled,3.6952154636383057
0.08700000000000001,sat,0.8141822814941406
0.043000000000000003,sat,0.8284573554992676
0.019000000000000003,sat,0.6360628604888916
0.041,cancelled,3.330148458480835
0.005,sat,0.643826961517334
0.011,cancelled,3.3163089752197266
0.003,sat,0.651637077331543
0.001,sat,0.6377959251403809
