epsilon,result,runtime
0.265,sat,0.7663567066192627
0.133,sat,0.776186466217041
0.131,sat,0.1776597499847412
0.065,sat,0.2990834712982178
0.063,sat,0.26912522315979004
0.031,sat,0.399885892868042
0.029,sat,0.17224717140197754
0.013000000000000001,sat,0.39330363273620605
0.015,cancelled,0.6435739994049072
0.007,sat,0.66009521484375
0.003,sat,0.6836142539978027
0.001,sat,0.12209582328796387
