epsilon,result,runtime
0.265,sat,1.3092584609985352
0.133,sat,12.504722833633423
0.131,sat,13.416637659072876
0.065,unsat,3485.4461233615875
0.063,cancelled,3483.435271501541
0.08700000000000001,sat,1.313081979751587
0.107,cancelled,4.484999179840088
0.07300000000000001,sat,1.2955708503723145
0.079,cancelled,4.252844572067261
0.079,sat,1.2896888256072998
0.069,sat,1.3041367530822754
0.067,sat,1.3243398666381836
