epsilon,result,runtime
0.265,sat,1.2852656841278076
0.133,sat,71.58529734611511
0.131,sat,74.66493701934814
0.063,unsat,3529.9585077762604
0.097,sat,9.904898881912231
0.065,unsat,3551.471312046051
0.081,sat,46.17361307144165
0.079,sat,52.59126043319702
0.07300000000000001,unsat,3500.024448633194
0.07100000000000001,cancelled,3510.912549495697
0.077,sat,534.3230440616608
0.075,error,1149.202891588211
