epsilon,result,runtime
0.133,sat,0.8543491363525391
0.265,cancelled,3.6451714038848877
0.265,sat,0.8489892482757568
0.043000000000000003,sat,0.8034162521362305
0.08700000000000001,cancelled,3.5172548294067383
0.027000000000000003,sat,0.58329176902771
0.013000000000000001,sat,0.71038818359375
0.011,sat,0.6888558864593506
0.005,unsat,0.6255652904510498
0.003,cancelled,0.2523205280303955
0.007,unsat,0.9039735794067383
0.009000000000000001,sat,0.9896752834320068
