epsilon,result,runtime
0.133,sat,0.8415026664733887
0.265,cancelled,3.7990365028381348
0.08700000000000001,sat,0.8053328990936279
0.043000000000000003,sat,0.7694668769836426
0.041,sat,0.8067541122436523
0.019000000000000003,sat,0.8073906898498535
0.021,cancelled,0.0022535324096679688
0.005,sat,1.270737648010254
0.011,cancelled,4.005508661270142
0.003,sat,0.6233799457550049
0.001,sat,0.6537482738494873
