epsilon,result,runtime
0.133,sat,0.7514941692352295
0.265,cancelled,3.4102656841278076
0.08700000000000001,sat,0.7114851474761963
0.043000000000000003,sat,0.7750692367553711
0.041,sat,0.6632311344146729
0.019000000000000003,unsat,3.994964838027954
0.031,sat,0.876319169998169
0.025,sat,0.8677821159362793
0.023,sat,0.7592411041259766
0.021,unsat,227.9515745639801
