epsilon,result,runtime
0.133,sat,0.8336694240570068
0.265,cancelled,3.689821720123291
0.043000000000000003,sat,0.7628860473632812
0.08700000000000001,cancelled,3.4177050590515137
0.013000000000000001,sat,0.5967860221862793
0.027000000000000003,cancelled,3.3088250160217285
0.007,sat,0.5660567283630371
0.003,unsat,0.6299362182617188
0.001,cancelled,0.20307183265686035
0.005,sat,0.5848748683929443
