epsilon,result,runtime
0.265,sat,0.7718551158905029
0.133,sat,0.7720763683319092
0.065,sat,0.4385712146759033
0.131,cancelled,3.23600435256958
0.021,sat,0.7337684631347656
0.041,cancelled,3.4146125316619873
0.007,unsat,0.6057775020599365
0.013000000000000001,sat,0.710601806640625
0.015,cancelled,0.21688079833984375
0.011,sat,1.2163300514221191
0.009000000000000001,unsat,1.673374891281128
