epsilon,result,runtime
0.265,sat,0.7742233276367188
0.133,sat,0.7610781192779541
0.065,sat,0.8145782947540283
0.131,cancelled,3.4970598220825195
0.131,sat,0.8008339405059814
0.041,sat,0.8427753448486328
0.019000000000000003,unsat,2.5074915885925293
0.031,sat,0.8471498489379883
0.025,sat,0.852635383605957
0.023,sat,0.829608678817749
0.021,unsat,23.642547607421875
