epsilon,result,runtime
0.265,sat,0.817227840423584
0.133,sat,1.2158229351043701
0.131,sat,1.339317798614502
0.065,sat,1.4503843784332275
0.063,sat,0.2983262538909912
0.031,unsat,3545.023593187332
0.029,cancelled,3545.366195201874
0.041,sat,7.715728998184204
0.051000000000000004,cancelled,11.0370934009552
0.037000000000000005,sat,7.637292146682739
0.035,sat,18.68804121017456
0.033,sat,16.53061819076538
