epsilon,result,runtime
0.133,sat,0.8304898738861084
0.265,cancelled,3.5978009700775146
0.043000000000000003,sat,0.7882847785949707
0.08700000000000001,cancelled,3.4923298358917236
0.013000000000000001,sat,0.6810376644134521
0.027000000000000003,cancelled,3.5744171142578125
0.027000000000000003,sat,0.7465054988861084
0.007,sat,0.672947883605957
0.003,sat,0.6744821071624756
0.001,sat,0.12871026992797852
