epsilon,result,runtime
0.265,sat,0.4885752201080322
0.133,sat,0.6931898593902588
0.131,sat,0.2698366641998291
0.065,sat,2.531111717224121
0.063,sat,4.238643407821655
0.029,unsat,29.61403179168701
0.031,unsat,153.01777172088623
0.047,unsat,3485.766632795334
0.045,cancelled,3370.563128709793
0.057,unsat,3512.9214041233063
0.053000000000000005,cancelled,3516.4363956451416
0.059000000000000004,unsat,3498.8820464611053
0.061,unsat,3502.297331094742
