epsilon,result,runtime
0.265,sat,1.2981297969818115
0.133,sat,1.311946153640747
0.131,sat,1.2899081707000732
0.065,sat,1.2948882579803467
0.031,sat,1.2756671905517578
0.063,cancelled,4.214890718460083
0.009000000000000001,sat,1.1038596630096436
0.019000000000000003,cancelled,4.003995656967163
0.003,sat,1.071793556213379
0.005,cancelled,3.880598306655884
0.005,sat,1.068436861038208
0.001,sat,0.6880111694335938
