epsilon,result,runtime
0.133,sat,0.8494746685028076
0.265,cancelled,3.714726209640503
0.265,sat,0.8459422588348389
0.08700000000000001,sat,3.4885263442993164
0.043000000000000003,unsat,3570.7839295864105
0.041,cancelled,3567.547502040863
0.057,sat,3.3013885021209717
0.07100000000000001,cancelled,6.188449859619141
0.051000000000000004,sat,3.622514247894287
0.047,unsat,3491.1537380218506
0.045,cancelled,3487.742924451828
0.049,sat,11.898858785629272
