epsilon,result,runtime
0.265,sat,1.302271842956543
0.133,sat,1.3024368286132812
0.131,sat,1.3019893169403076
0.065,sat,1.3381149768829346
0.063,sat,1.2504887580871582
0.031,sat,1.2893180847167969
0.029,sat,1.1624605655670166
0.013000000000000001,sat,1.1646099090576172
0.015,cancelled,0.271589994430542
0.003,sat,1.4007434844970703
0.007,cancelled,4.540389537811279
0.001,sat,0.7089908123016357
