epsilon,result,runtime
0.265,sat,1.3126718997955322
0.133,sat,20.803850173950195
0.131,sat,19.830233097076416
0.065,unsat,3475.1478395462036
0.063,cancelled,3475.7812905311584
0.107,sat,15.961781740188599
0.085,unsat,3475.6094863414764
0.08700000000000001,unsat,3545.7399134635925
0.097,unsat,3497.772951364517
0.095,cancelled,3451.1823740005493
0.10300000000000001,sat,21.39835238456726
0.101,sat,30.68529987335205
0.099,unsat,3593.431134700775
