epsilon,result,runtime
0.265,sat,0.7551498413085938
0.133,sat,0.7801034450531006
0.131,sat,0.6663672924041748
0.065,sat,0.7473659515380859
0.063,sat,0.6841962337493896
0.031,sat,0.739415168762207
0.029,sat,0.5029361248016357
0.013000000000000001,unsat,0.7648591995239258
0.015,unsat,5.923914432525635
0.021,sat,7.323544263839722
0.023,cancelled,1.6994404792785645
0.017,unsat,10.840514183044434
0.019000000000000003,unsat,13.131470680236816
