epsilon,result,runtime
0.265,sat,0.857255220413208
0.133,sat,0.8575737476348877
0.131,sat,0.8538908958435059
0.065,sat,0.8362448215484619
0.063,sat,0.8470134735107422
0.031,sat,0.890308141708374
0.029,sat,0.5539624691009521
0.013000000000000001,unsat,0.6561439037322998
0.021,sat,0.8901066780090332
0.017,sat,0.8206322193145752
0.015,unsat,5.843663930892944
