epsilon,result,runtime
0.133,sat,0.8391470909118652
0.265,cancelled,3.749622106552124
0.265,sat,0.8373420238494873
0.043000000000000003,sat,0.7768638134002686
0.08700000000000001,cancelled,3.375798225402832
0.027000000000000003,sat,0.6755800247192383
0.013000000000000001,sat,0.641533613204956
0.011,sat,0.7672159671783447
0.005,sat,0.7944860458374023
0.003,sat,0.4141514301300049
0.001,sat,0.5618298053741455
