epsilon,result,runtime
0.133,sat,0.5097684860229492
0.265,cancelled,3.21742582321167
0.08700000000000001,sat,0.7684054374694824
0.043000000000000003,sat,0.7900950908660889
0.019000000000000003,sat,0.852808952331543
0.041,cancelled,3.529754400253296
0.041,sat,0.8155543804168701
0.011,unsat,0.5947120189666748
0.005,cancelled,3.2595527172088623
0.015,sat,5.748738527297974
0.013000000000000001,unsat,6.012799978256226
