epsilon,result,runtime
0.265,sat,1.2319903373718262
0.133,sat,1.2299213409423828
0.131,sat,1.3091108798980713
0.065,sat,1.2928438186645508
0.031,sat,1.2802238464355469
0.063,cancelled,4.374122381210327
0.009000000000000001,unsat,1.1269187927246094
0.019000000000000003,sat,1.2573022842407227
0.021,cancelled,0.18536806106567383
0.013000000000000001,unsat,1.473712682723999
0.015,unsat,5.706916570663452
0.017,unsat,9.852163314819336
