epsilon,result,runtime
0.133,sat,0.7942829132080078
0.265,cancelled,3.503824472427368
0.043000000000000003,sat,0.7861368656158447
0.08700000000000001,cancelled,3.404709577560425
0.027000000000000003,sat,0.7603139877319336
0.013000000000000001,sat,0.792717695236206
0.011,sat,0.39520263671875
0.005,sat,0.5573630332946777
0.003,sat,0.33492302894592285
0.001,sat,0.4561896324157715
