epsilon,result,runtime
0.265,sat,0.8025071620941162
0.133,sat,0.8156871795654297
0.131,sat,0.7599618434906006
0.065,sat,0.7657821178436279
0.063,sat,0.7904331684112549
0.031,unsat,2.8855416774749756
0.029,cancelled,2.1880030632019043
0.051000000000000004,sat,1.3993301391601562
0.039,unsat,237.72809600830078
0.045,sat,3.2027530670166016
0.041,unsat,2602.696447134018
0.043000000000000003,timeout,3600
