epsilon,result,runtime
0.133,sat,0.7426164150238037
0.265,cancelled,3.50221848487854
0.08700000000000001,sat,0.731590986251831
0.043000000000000003,sat,0.7400290966033936
0.019000000000000003,sat,0.7614836692810059
0.041,cancelled,3.5484976768493652
0.041,sat,0.7901046276092529
0.011,sat,0.5248756408691406
0.005,sat,0.5761532783508301
0.001,sat,0.6773526668548584
0.003,cancelled,3.475314140319824
