epsilon,result,runtime
0.133,sat,0.7843616008758545
0.265,cancelled,3.4518544673919678
0.08700000000000001,sat,0.8309986591339111
0.043000000000000003,sat,0.8384189605712891
0.019000000000000003,unsat,0.43999791145324707
0.041,sat,0.5644993782043457
0.029,unsat,210.93346667289734
0.035,sat,0.8619363307952881
0.033,sat,0.8341073989868164
0.031,unsat,3457.6991608142853
