epsilon,result,runtime
0.133,sat,0.8296682834625244
0.265,cancelled,3.7528133392333984
0.265,sat,0.8070769309997559
0.08700000000000001,sat,0.7842955589294434
0.043000000000000003,sat,1.1875050067901611
0.041,sat,0.5368235111236572
0.019000000000000003,unsat,52.20684266090393
0.031,sat,1.4804697036743164
0.025,sat,9.37332558631897
0.021,unsat,256.9813709259033
0.023,unsat,311.0173816680908
