epsilon,result,runtime
0.265,sat,0.6471278667449951
0.133,sat,0.7886075973510742
0.131,sat,0.2497692108154297
0.065,sat,0.5119893550872803
0.063,sat,0.25028014183044434
0.031,sat,0.22089123725891113
0.029,sat,0.27291393280029297
0.013000000000000001,sat,0.3081340789794922
0.015,cancelled,0.4286623001098633
0.003,unsat,0.714486837387085
0.007,sat,0.746910572052002
0.009000000000000001,cancelled,0.21944975852966309
0.005,sat,0.5828936100006104
