epsilon,result,runtime
0.133,sat,0.7073111534118652
0.265,cancelled,3.474193572998047
0.043000000000000003,sat,0.742842435836792
0.08700000000000001,cancelled,3.4440503120422363
0.08700000000000001,sat,0.6777956485748291
0.013000000000000001,sat,0.6830391883850098
0.027000000000000003,cancelled,3.4259250164031982
0.003,sat,0.6651618480682373
0.007,cancelled,3.4112768173217773
0.001,sat,0.12647461891174316
