epsilon,result,runtime
0.133,sat,0.8387200832366943
0.265,cancelled,3.7231979370117188
0.265,sat,0.8608856201171875
0.043000000000000003,sat,0.8182423114776611
0.08700000000000001,cancelled,3.459526300430298
0.013000000000000001,unsat,0.6881027221679688
0.027000000000000003,sat,0.8273220062255859
0.029,cancelled,0.10793542861938477
0.017,unsat,7.307828187942505
0.021,unsat,17.257454872131348
0.025,sat,6.3439061641693115
0.023,unsat,60.96585416793823
