epsilon,result,runtime
0.265,sat,13.282463550567627
0.133,sat,14.046090126037598
0.131,sat,13.940601825714111
0.065,sat,14.77477502822876
0.063,sat,14.593321084976196
0.031,sat,14.779628038406372
0.013000000000000001,unsat,4.920765399932861
0.029,sat,9.040806293487549
0.021,unsat,5.4241859912872314
0.019000000000000003,cancelled,10.462529420852661
0.025,sat,9.107494831085205
0.023,unsat,694.7208666801453
