epsilon,result,runtime
0.265,sat,1.4581151008605957
0.133,sat,2.0148372650146484
0.131,sat,2.0941500663757324
0.065,sat,2.0776679515838623
0.031,unsat,1.2220561504364014
0.063,sat,18.777228832244873
0.047,unsat,66.53746247291565
0.045,cancelled,53.529672145843506
0.053000000000000005,unsat,992.8549208641052
0.057,unsat,3545.354444026947
0.059000000000000004,unsat,3493.179347515106
0.061,unsat,3586.1074817180634
