epsilon,result,runtime
0.265,sat,8.836743593215942
0.133,sat,17.80588459968567
0.131,sat,16.025228261947632
0.065,sat,18.618022680282593
0.063,sat,15.256692886352539
0.031,unsat,7.9433677196502686
0.029,cancelled,4.526675224304199
0.051000000000000004,sat,19.011070489883423
0.039,unsat,717.2888629436493
0.045,sat,183.0491304397583
0.043000000000000003,sat,1748.5073924064636
0.041,unsat,2827.127562522888
