epsilon,result,runtime
0.265,sat,9.652787685394287
0.133,sat,10.149776935577393
0.131,sat,8.481861591339111
0.065,sat,8.588360786437988
0.031,unsat,5.132120609283447
0.063,sat,137.79547810554504
0.047,timeout,3600
0.045,timeout,3600
0.049,unsat,2880.789827108383
0.043000000000000003,cancelled,2760.197844982147
0.053000000000000005,timeout,3600
0.057,timeout,3600
0.059000000000000004,sat,116.00183653831482
0.055,timeout,3600
0.051000000000000004,timeout,3600
