epsilon,result,runtime
0.265,sat,1.413111925125122
0.133,sat,2.0616421699523926
0.131,sat,2.032554864883423
0.065,sat,1.9429829120635986
0.063,sat,1.8084661960601807
0.031,unsat,1.0598363876342773
0.029,cancelled,0.3364565372467041
0.051000000000000004,sat,1.6286017894744873
0.041,sat,6.6305015087127686
0.035,unsat,28.444258213043213
0.037000000000000005,unsat,79.36925339698792
0.039,unsat,183.79755473136902
