epsilon,result,runtime
0.265,sat,2.0267388820648193
0.133,sat,2.8630199432373047
0.131,sat,2.934873580932617
0.065,sat,2.943286418914795
0.031,unsat,1.5955069065093994
0.063,sat,20.488258361816406
0.047,unsat,3524.2287380695343
0.045,cancelled,3511.6487395763397
0.057,sat,4.2220778465271
0.053000000000000005,sat,57.37072682380676
0.051000000000000004,sat,136.7696704864502
0.049,unsat,3367.0860681533813
