epsilon,result,runtime
0.265,sat,9.2606041431427
0.133,sat,14.91460394859314
0.131,sat,15.045377016067505
0.065,sat,88.94779109954834
0.063,sat,75.22005724906921
0.029,unsat,57.34706735610962
0.031,unsat,179.41751170158386
0.047,unsat,3394.008925676346
0.045,cancelled,3285.336458683014
0.057,sat,2264.1330502033234
0.053000000000000005,unsat,2926.7688314914703
0.051000000000000004,cancelled,662.5319666862488
0.055,unsat,3085.479829788208
