epsilon,result,runtime
0.265,sat,1.4838759899139404
0.133,sat,2.0483150482177734
0.131,sat,2.0383074283599854
0.065,sat,2.1074883937835693
0.063,sat,2.018930196762085
0.029,unsat,118.36941576004028
0.047,sat,2.298112154006958
0.039,sat,39.97266626358032
0.031,unsat,1057.1960287094116
0.033,unsat,1145.4084584712982
0.035,unsat,3350.048817396164
0.037000000000000005,unsat,3533.865170955658
