epsilon,result,runtime
0.265,sat,2.4454143047332764
0.133,sat,3.5272998809814453
0.131,sat,3.5289788246154785
0.065,sat,3.662447214126587
0.063,sat,3.443668842315674
0.031,unsat,1.878406286239624
0.029,cancelled,0.23915600776672363
0.041,unsat,2.2034294605255127
0.053000000000000005,sat,2.509411096572876
0.045,unsat,57.35753631591797
0.051000000000000004,sat,167.01377749443054
0.047,unsat,146.9672338962555
0.049,unsat,157.003319978714
