epsilon,result,runtime
0.133,sat,5.905958414077759
0.265,cancelled,12.358278274536133
0.08700000000000001,sat,6.852144956588745
0.043000000000000003,sat,6.753712177276611
0.019000000000000003,unsat,3.2587175369262695
0.041,sat,5.645976305007935
0.031,sat,131.8916790485382
0.029,sat,224.3472912311554
0.023,unsat,112.72819924354553
0.025,unsat,196.01468420028687
0.027000000000000003,unsat,1393.1864004135132
