epsilon,result,runtime
0.133,sat,9.080955505371094
0.265,cancelled,19.9559109210968
0.08700000000000001,sat,8.8504958152771
0.043000000000000003,sat,15.358096837997437
0.041,sat,13.477237939834595
0.019000000000000003,sat,12.393275260925293
0.021,cancelled,4.382004976272583
0.005,unsat,8.339395999908447
0.011,unsat,36.04460883140564
0.013000000000000001,unsat,183.8499095439911
0.015,unsat,1584.8586566448212
0.017,timeout,3600
