epsilon,result,runtime
0.265,sat,9.039429664611816
0.133,sat,11.326502323150635
0.131,sat,10.33429765701294
0.065,sat,13.883006811141968
0.063,sat,10.663596630096436
0.031,sat,8.776615381240845
0.029,sat,6.962521553039551
0.013000000000000001,unsat,5.780502080917358
0.021,sat,10.202014207839966
0.015,unsat,186.5804238319397
0.019000000000000003,sat,11.242021799087524
0.017,unsat,1097.827406167984
