epsilon,result,runtime
0.265,sat,17.158190965652466
0.133,sat,17.258367776870728
0.131,sat,18.246187448501587
0.063,unsat,2630.118768453598
0.097,sat,149.725026845932
0.081,sat,99.39005589485168
0.065,unsat,3375.5061526298523
0.07300000000000001,timeout,3600
0.07100000000000001,timeout,3600
0.075,unsat,3040.1901729106903
0.069,cancelled,2616.628437280655
0.079,sat,278.8752062320709
0.077,timeout,3600
