epsilon,result,runtime
0.265,sat,1.9399027824401855
0.133,sat,2.823201894760132
0.131,sat,2.8299992084503174
0.065,sat,2.8306727409362793
0.063,sat,2.508740186691284
0.031,sat,230.6598162651062
0.013000000000000001,unsat,1.6692743301391602
0.021,unsat,1.9011726379394531
0.025,unsat,95.86782145500183
0.027000000000000003,unsat,217.25329613685608
0.029,unsat,1067.5646386146545
