epsilon,result,runtime
0.265,sat,9.234960794448853
0.133,sat,18.047577381134033
0.131,sat,11.748850345611572
0.065,sat,17.32430386543274
0.063,sat,13.975582599639893
0.031,sat,9.993657112121582
0.029,sat,7.431223630905151
0.013000000000000001,unsat,6.8201844692230225
0.015,unsat,8.1706383228302
0.023,sat,9.118299961090088
0.021,sat,142.3739573955536
0.017,unsat,153.90724682807922
0.019000000000000003,unsat,578.9435544013977
