epsilon,result,runtime
0.265,sat,1.9504127502441406
0.133,sat,1.9642810821533203
0.131,sat,1.946505069732666
0.065,sat,2.849169969558716
0.063,sat,2.7459192276000977
0.031,sat,16.191226959228516
0.013000000000000001,unsat,1.646697759628296
0.029,sat,31.177571773529053
0.019000000000000003,unsat,96.77818083763123
0.025,sat,31.9449405670166
0.021,unsat,319.7173385620117
0.023,unsat,1515.111875295639
