epsilon,result,runtime
0.265,sat,13.811713933944702
0.133,sat,13.778828859329224
0.131,sat,14.073779106140137
0.063,sat,173.78036284446716
0.065,cancelled,210.4525089263916
0.021,unsat,8.478035926818848
0.043000000000000003,unsat,2824.4844336509705
0.041,cancelled,2854.345720767975
0.055,timeout,3600
0.049,timeout,3600
0.051000000000000004,unsat,2751.572782278061
0.059000000000000004,sat,294.7934672832489
0.053000000000000005,unsat,3079.1956856250763
0.057,timeout,3600
