epsilon,result,runtime
0.265,sat,8.526225566864014
0.133,sat,12.900722742080688
0.131,sat,14.588855266571045
0.065,sat,13.256646871566772
0.063,sat,17.89873170852661
0.029,unsat,225.7041540145874
0.047,sat,18.167736768722534
0.039,sat,17.170411109924316
0.031,unsat,478.77188897132874
0.033,unsat,903.816880941391
0.037000000000000005,sat,89.5588276386261
0.035,unsat,1276.6636123657227
