epsilon,result,runtime
0.265,sat,6.922856330871582
0.133,sat,14.397614479064941
0.131,sat,10.414904832839966
0.065,sat,13.362690210342407
0.063,sat,9.708198547363281
0.031,unsat,7.1249659061431885
0.029,cancelled,7.2193872928619385
0.051000000000000004,sat,9.620773077011108
0.039,unsat,2142.4786055088043
0.041,unsat,3190.2725760936737
0.047,sat,14.350599765777588
0.045,timeout,3600
0.043000000000000003,timeout,3600
