epsilon,result,runtime
0.265,sat,1.944958209991455
0.133,sat,2.863703727722168
0.131,sat,2.8000807762145996
0.065,sat,2.78187894821167
0.063,sat,2.4267592430114746
0.031,unsat,1.3270823955535889
0.029,cancelled,0.7207462787628174
0.041,sat,2.0643296241760254
0.051000000000000004,cancelled,5.869016885757446
0.035,unsat,116.78576040267944
0.037000000000000005,unsat,176.37021493911743
0.039,unsat,628.2033507823944
