epsilon,result,runtime
0.133,sat,3.243907928466797
0.265,cancelled,7.007758140563965
0.08700000000000001,sat,3.2360174655914307
0.041,unsat,178.0687882900238
0.065,sat,2.4026753902435303
0.043000000000000003,unsat,528.0901434421539
0.055,sat,3.141845464706421
0.053000000000000005,unsat,3453.4465992450714
0.047,cancelled,3114.8764679431915
