epsilon,result,runtime
0.265,sat,3.200934410095215
0.133,sat,3.2426822185516357
0.131,sat,3.241821765899658
0.065,unsat,3375.6150345802307
0.063,cancelled,3372.7416813373566
0.08700000000000001,sat,3.153165102005005
0.107,cancelled,6.894805431365967
0.079,sat,7.0951149463653564
0.07300000000000001,sat,32.309659242630005
0.07100000000000001,sat,903.1545403003693
0.067,unsat,3524.4246640205383
0.069,unsat,3527.8858728408813
