epsilon,result,runtime
0.133,sat,7.946821212768555
0.265,cancelled,16.573896169662476
0.043000000000000003,sat,10.09654974937439
0.08700000000000001,cancelled,19.085025548934937
0.013000000000000001,unsat,6.162886381149292
0.027000000000000003,sat,10.239846467971802
0.029,cancelled,5.342782735824585
0.017,unsat,69.49845290184021
0.023,sat,142.1245219707489
0.019000000000000003,unsat,555.8675949573517
0.021,unsat,3272.4162261486053
