epsilon,result,runtime
0.265,sat,8.983374118804932
0.133,sat,13.136885643005371
0.131,sat,9.095726490020752
0.065,sat,9.567713260650635
0.063,sat,10.662546873092651
0.029,unsat,1775.0408217906952
0.047,sat,7.897602081298828
0.039,sat,4.587706089019775
0.035,sat,8.398548364639282
0.033,sat,35.38261270523071
0.031,unsat,3175.2415120601654
