epsilon,result,runtime
0.265,sat,10.461232662200928
0.133,sat,19.051551342010498
0.065,sat,15.096844911575317
0.131,cancelled,30.66028881072998
0.021,unsat,8.59658432006836
0.041,unsat,8.607579469680786
0.043000000000000003,unsat,7.506401062011719
0.055,sat,21.30402636528015
0.053000000000000005,sat,271.9750511646271
0.047,unsat,737.5825347900391
0.049,unsat,2425.7640063762665
0.051000000000000004,unsat,2959.4588181972504
