epsilon,result,runtime
0.265,sat,8.375427961349487
0.133,sat,12.778953790664673
0.131,sat,14.383054971694946
0.065,sat,12.532131910324097
0.063,sat,17.483865976333618
0.029,unsat,765.0452220439911
0.047,sat,37.07203459739685
0.039,sat,33.68939399719238
0.031,unsat,1302.1035125255585
0.035,unsat,3504.997925758362
0.033,cancelled,3097.4122936725616
0.037000000000000005,sat,440.7340626716614
