epsilon,result,runtime
0.133,sat,14.049131870269775
0.265,cancelled,21.424368619918823
0.08700000000000001,sat,11.975527048110962
0.043000000000000003,sat,22.890305519104004
0.041,sat,22.257050037384033
0.019000000000000003,sat,13.37917160987854
0.021,cancelled,7.2029571533203125
0.005,sat,11.781536102294922
0.011,cancelled,18.435625791549683
0.001,unsat,10.56294584274292
0.003,unsat,11.209534645080566
