epsilon,result,runtime
0.265,sat,10.265398263931274
0.133,sat,17.455195426940918
0.131,sat,19.561784744262695
0.065,sat,20.514012813568115
0.063,sat,17.384761571884155
0.031,unsat,10.978919267654419
0.029,cancelled,2.4841105937957764
0.041,sat,12.13800835609436
0.051000000000000004,cancelled,25.311244249343872
0.035,unsat,453.2911756038666
0.037000000000000005,unsat,848.1448783874512
0.039,unsat,1821.914895772934
