epsilon,result,runtime
0.265,sat,13.110517740249634
0.133,sat,18.799515962600708
0.131,sat,17.154229879379272
0.065,sat,96.5374002456665
0.063,sat,95.79930019378662
0.031,unsat,10.534651756286621
0.029,cancelled,0.8014218807220459
0.051000000000000004,sat,181.6640269756317
0.039,unsat,277.1894598007202
0.041,unsat,542.9758920669556
0.045,unsat,2483.9490473270416
0.047,timeout,3600
0.049,unsat,3183.081950187683
