epsilon,result,runtime
0.133,sat,8.266095638275146
0.265,cancelled,15.500174045562744
0.08700000000000001,sat,13.665621757507324
0.043000000000000003,sat,19.08317518234253
0.041,sat,19.128517627716064
0.021,sat,116.24471640586853
0.009000000000000001,unsat,6.953504800796509
0.013000000000000001,unsat,927.1602380275726
0.015,unsat,651.612104177475
0.019000000000000003,unsat,3088.5361018180847
0.017,cancelled,1321.1449329853058
