epsilon,result,runtime
0.133,sat,6.690201997756958
0.265,cancelled,14.563467025756836
0.043000000000000003,sat,11.960803270339966
0.08700000000000001,cancelled,19.727224826812744
0.013000000000000001,unsat,6.8924479484558105
0.029,sat,76.35227417945862
0.019000000000000003,unsat,115.24673509597778
0.027000000000000003,sat,259.39737939834595
0.021,unsat,336.716171503067
0.025,sat,497.31667304039
0.023,unsat,1155.7177302837372
