epsilon,result,runtime
0.265,sat,9.072209119796753
0.133,sat,16.290735483169556
0.131,sat,13.607628345489502
0.065,sat,11.661941051483154
0.063,sat,13.88388204574585
0.029,unsat,9.145371675491333
0.047,sat,12.314895153045654
0.031,unsat,193.17346954345703
0.037000000000000005,unsat,3152.539712667465
0.043000000000000003,sat,12.374503135681152
0.041,sat,15.223499774932861
0.039,timeout,3600
