epsilon,result,runtime
0.265,sat,1.9677808284759521
0.133,sat,2.8141837120056152
0.131,sat,2.8052799701690674
0.065,sat,2.816020965576172
0.063,sat,37.88794684410095
0.029,unsat,948.2005467414856
0.047,sat,27.16936683654785
0.039,sat,449.21175146102905
0.031,timeout,3600
0.035,unsat,2624.8161194324493
0.033,cancelled,513.2114388942719
0.037000000000000005,unsat,3426.606693983078
