epsilon,result,runtime
0.265,sat,12.397346258163452
0.133,sat,19.3657283782959
0.131,sat,17.59861135482788
0.065,sat,18.62355089187622
0.063,sat,12.627109050750732
0.031,sat,69.93014860153198
0.013000000000000001,unsat,8.678358793258667
0.021,unsat,9.96598482131958
0.025,unsat,208.13365864753723
0.029,unsat,790.2948980331421
0.027000000000000003,cancelled,478.9755096435547
