epsilon,result,runtime
0.265,sat,8.925184965133667
0.133,sat,14.23074722290039
0.131,sat,11.880138635635376
0.065,sat,13.527185678482056
0.063,sat,8.960460901260376
0.029,unsat,29.205231428146362
0.031,unsat,210.3093545436859
0.047,sat,229.86783695220947
0.037000000000000005,unsat,3287.0428223609924
0.045,timeout,3600
0.039,unsat,2829.6478221416473
0.041,timeout,3600
0.043000000000000003,timeout,3600
