epsilon,result,runtime
0.265,sat,9.77294635772705
0.133,sat,16.322543382644653
0.131,sat,15.886540651321411
0.065,sat,14.476928234100342
0.063,sat,14.175354719161987
0.031,sat,65.0161862373352
0.013000000000000001,unsat,6.799750804901123
0.021,unsat,102.13456559181213
0.025,unsat,2218.8108110427856
0.029,unsat,3199.8110859394073
0.027000000000000003,cancelled,796.1940429210663
