epsilon,result,runtime
0.133,sat,19.53230333328247
0.265,cancelled,26.42422604560852
0.08700000000000001,sat,21.124497652053833
0.043000000000000003,sat,22.590880155563354
0.019000000000000003,unsat,7.018618583679199
0.041,sat,15.806553840637207
0.029,unsat,2282.155567884445
0.031,unsat,2468.5459299087524
0.037000000000000005,sat,73.81634378433228
0.035,timeout,3600
0.033,timeout,3600
