epsilon,result,runtime
0.265,sat,6.873983144760132
0.133,sat,10.969504117965698
0.131,sat,7.925311803817749
0.065,sat,9.040233373641968
0.063,sat,9.340715408325195
0.031,sat,234.01701593399048
0.013000000000000001,unsat,6.633601665496826
0.029,sat,264.72458267211914
0.021,unsat,268.214097738266
0.019000000000000003,cancelled,249.3113875389099
0.023,unsat,431.995103597641
0.025,unsat,2923.988618373871
0.027000000000000003,unsat,3409.0248222351074
