epsilon,result,runtime
0.265,sat,13.119563341140747
0.133,sat,21.07018518447876
0.131,sat,22.01852774620056
0.063,sat,73.65985918045044
0.065,cancelled,104.51240396499634
0.021,unsat,10.67297625541687
0.043000000000000003,sat,453.8613791465759
0.031,unsat,11.061717510223389
0.035,unsat,318.73720622062683
0.037000000000000005,unsat,867.2218487262726
0.039,unsat,1354.9993078708649
0.041,timeout,3600
