epsilon,result,runtime
0.133,sat,9.781769752502441
0.265,cancelled,17.018792867660522
0.08700000000000001,sat,12.103964567184448
0.041,unsat,158.01814675331116
0.043000000000000003,unsat,332.31404733657837
0.063,unsat,3083.892540693283
0.075,sat,143.32985281944275
0.065,unsat,3432.1289966106415
0.069,timeout,3600
0.07100000000000001,timeout,3600
0.07300000000000001,sat,162.92812991142273
0.067,unsat,3390.34659743309
