epsilon,result,runtime
0.133,sat,3.217650890350342
0.265,cancelled,7.494951486587524
0.265,sat,3.2340199947357178
0.043000000000000003,sat,1.9008681774139404
0.08700000000000001,cancelled,5.62946629524231
0.013000000000000001,unsat,1.5808255672454834
0.027000000000000003,sat,1.8187980651855469
0.029,cancelled,0.3361353874206543
0.017,unsat,20.50403094291687
0.023,sat,3.1028449535369873
0.019000000000000003,unsat,50.189361572265625
0.021,unsat,98.42150259017944
