epsilon,result,runtime
0.265,sat,11.284202814102173
0.133,sat,15.569454908370972
0.131,sat,17.7592134475708
0.065,sat,16.9078950881958
0.063,sat,15.76659870147705
0.029,unsat,6.775497913360596
0.031,unsat,169.0483124256134
0.047,sat,152.06853723526
0.045,sat,225.362144947052
0.039,unsat,2196.4643812179565
0.037000000000000005,cancelled,2426.6558742523193
0.043000000000000003,unsat,3388.650729417801
0.041,cancelled,3397.0230498313904
