epsilon,result,runtime
0.265,sat,6.363360643386841
0.133,sat,9.865338802337646
0.131,sat,10.38029670715332
0.065,sat,11.831650972366333
0.063,sat,11.608448028564453
0.029,unsat,198.35529732704163
0.047,sat,11.163117408752441
0.031,unsat,277.91973996162415
0.039,sat,195.53435063362122
0.037000000000000005,sat,171.83420300483704
0.033,unsat,553.0532772541046
0.035,unsat,2131.0575613975525
