epsilon,result,runtime
0.265,sat,6.857204437255859
0.133,sat,11.274879455566406
0.131,sat,12.805729866027832
0.065,sat,12.725130796432495
0.031,sat,8.661628723144531
0.063,cancelled,18.088857650756836
0.009000000000000001,unsat,6.26904559135437
0.019000000000000003,unsat,61.43787860870361
0.021,unsat,315.14010882377625
0.027000000000000003,sat,203.0464105606079
0.025,unsat,1019.7626721858978
0.023,cancelled,544.607227563858
