epsilon,result,runtime
0.265,sat,1.9914109706878662
0.133,sat,2.849209785461426
0.131,sat,2.5456576347351074
0.065,sat,2.6290438175201416
0.063,sat,2.409895658493042
0.029,unsat,93.79937410354614
0.031,unsat,201.02827215194702
0.047,sat,483.842253446579
0.045,sat,451.4820990562439
0.037000000000000005,unsat,3444.8289914131165
0.039,unsat,3402.4290409088135
0.043000000000000003,sat,2078.7483110427856
0.041,unsat,3486.9615037441254
