epsilon,result,runtime
0.265,sat,10.643514394760132
0.133,sat,17.64442276954651
0.131,sat,14.205289602279663
0.065,sat,18.890984296798706
0.063,sat,12.661518573760986
0.029,unsat,7.751304864883423
0.031,unsat,194.05953669548035
0.047,sat,296.20054268836975
0.045,sat,234.8235068321228
0.039,unsat,3116.6965074539185
0.037000000000000005,cancelled,3235.8198833465576
0.043000000000000003,unsat,3188.255378961563
0.041,cancelled,3204.2521686553955
