epsilon,result,runtime
0.265,sat,1.5072553157806396
0.133,sat,2.0774896144866943
0.131,sat,2.0103962421417236
0.065,sat,1.965679407119751
0.063,sat,1.7141950130462646
0.029,unsat,60.245638847351074
0.047,sat,18.73727321624756
0.031,unsat,1013.5666992664337
0.039,unsat,3408.3177008628845
0.037000000000000005,cancelled,2486.8614287376404
0.041,unsat,3318.787714958191
0.043000000000000003,timeout,3600
0.045,unsat,3264.9264237880707
