epsilon,result,runtime
0.265,sat,8.213347434997559
0.133,sat,9.27227520942688
0.131,sat,9.006118535995483
0.065,sat,9.066465377807617
0.031,unsat,3.8551313877105713
0.063,sat,22.471069812774658
0.045,unsat,223.87371826171875
0.047,unsat,393.7886528968811
0.053000000000000005,unsat,2909.5040380954742
0.059000000000000004,sat,217.86838340759277
0.055,unsat,3312.177537202835
0.057,unsat,3453.0443806648254
