epsilon,result,runtime
0.265,sat,9.457324981689453
0.133,sat,15.533843278884888
0.131,sat,13.461077451705933
0.065,sat,12.635433912277222
0.063,sat,9.639885902404785
0.029,unsat,54.15093779563904
0.047,sat,13.399568796157837
0.039,sat,8.463402271270752
0.035,sat,9.191669225692749
0.031,unsat,295.2048544883728
0.033,sat,305.58845949172974
