epsilon,result,runtime
0.265,sat,8.728798151016235
0.133,sat,11.920838117599487
0.065,sat,8.252649068832397
0.131,cancelled,18.657350778579712
0.021,unsat,34.334673166275024
0.043000000000000003,unsat,2642.683583021164
0.041,cancelled,2692.726677417755
0.051000000000000004,sat,7.045443773269653
0.057,cancelled,15.515647888183594
0.047,unsat,2938.823567867279
0.045,cancelled,2946.3718502521515
0.049,sat,138.43333458900452
