epsilon,result,runtime
0.265,sat,1.9134411811828613
0.133,sat,2.8715784549713135
0.131,sat,2.8440117835998535
0.065,sat,2.925443410873413
0.063,sat,1.5106863975524902
0.031,unsat,1.264951467514038
0.029,cancelled,0.7370710372924805
0.041,unsat,1.7492661476135254
0.051000000000000004,unsat,328.5797519683838
0.053000000000000005,unsat,1418.2580902576447
0.059000000000000004,sat,7.026231288909912
0.055,unsat,2049.594368457794
0.057,unsat,3513.433401823044
