epsilon,result,runtime
0.265,sat,7.559419870376587
0.133,sat,14.454730033874512
0.131,sat,13.134353160858154
0.065,sat,14.228422403335571
0.063,sat,12.922289848327637
0.031,unsat,8.163896083831787
0.029,cancelled,0.44008517265319824
0.051000000000000004,sat,16.884153842926025
0.039,unsat,680.1186652183533
0.045,sat,14.077744960784912
0.043000000000000003,sat,222.01557207107544
0.041,sat,969.7528626918793
