epsilon,result,runtime
0.265,sat,2.7715210914611816
0.133,sat,2.7782113552093506
0.131,sat,8.720083713531494
0.065,sat,8.917559146881104
0.063,sat,10.620226383209229
0.031,sat,10.977613925933838
0.013000000000000001,unsat,4.556960344314575
0.021,unsat,8.54645037651062
0.025,unsat,720.838577747345
0.029,unsat,1169.4064121246338
0.027000000000000003,cancelled,422.52391242980957
