epsilon,result,runtime
0.265,sat,9.061643600463867
0.133,sat,17.228538513183594
0.131,sat,17.4422447681427
0.065,sat,13.68500018119812
0.031,sat,10.918869256973267
0.063,cancelled,17.091104745864868
0.009000000000000001,unsat,6.484595537185669
0.019000000000000003,sat,12.977062225341797
0.021,cancelled,6.600690126419067
0.013000000000000001,unsat,7.600659132003784
0.015,unsat,152.5154037475586
0.017,unsat,455.2717134952545
