epsilon,result,runtime
0.265,sat,6.605069160461426
0.133,sat,15.593495607376099
0.131,sat,13.253933191299438
0.065,sat,16.387240886688232
0.063,sat,15.552470922470093
0.031,sat,8.187004804611206
0.029,sat,8.442274808883667
0.013000000000000001,unsat,7.132303476333618
0.015,unsat,7.45954966545105
0.021,unsat,7.3525567054748535
0.023,unsat,85.9417655467987
0.027000000000000003,sat,7.901599645614624
0.025,unsat,867.6023736000061
