epsilon,result,runtime
0.265,sat,11.531920433044434
0.133,sat,18.197853088378906
0.131,sat,11.581781387329102
0.065,sat,111.22194790840149
0.031,unsat,7.599083185195923
0.063,sat,844.85107588768
0.047,unsat,2755.051751613617
0.045,cancelled,2037.945718050003
0.053000000000000005,unsat,2839.9846999645233
0.057,unsat,3128.6961603164673
0.059000000000000004,unsat,2906.5590138435364
0.061,unsat,3014.428355693817
