epsilon,result,runtime
0.133,sat,11.99497652053833
0.265,cancelled,18.315520763397217
0.08700000000000001,sat,12.16817569732666
0.041,unsat,268.14431262016296
0.065,sat,13.254894733428955
0.043000000000000003,unsat,327.82525277137756
0.055,sat,194.1270797252655
0.053000000000000005,sat,363.2200162410736
0.047,unsat,846.3529939651489
0.049,unsat,2013.4752774238586
0.051000000000000004,timeout,3600
