epsilon,result,runtime
0.265,sat,11.016712665557861
0.133,sat,16.565929412841797
0.131,sat,12.428529739379883
0.065,sat,14.259140491485596
0.063,sat,11.730613708496094
0.031,unsat,6.894739389419556
0.029,cancelled,2.5100467205047607
0.041,unsat,2849.6084604263306
0.051000000000000004,timeout,3600
0.053000000000000005,timeout,3600
0.049,unsat,3140.019520998001
0.059000000000000004,sat,19.081887006759644
0.057,sat,1398.0636100769043
0.055,timeout,3600
