epsilon,result,runtime
0.265,sat,1.928846836090088
0.133,sat,2.8616931438446045
0.131,sat,2.506955146789551
0.065,sat,2.634582281112671
0.063,sat,2.573374032974243
0.031,sat,61.228076219558716
0.013000000000000001,unsat,1.6795871257781982
0.021,unsat,67.5817060470581
0.025,unsat,288.5257740020752
0.027000000000000003,unsat,1228.9934747219086
0.029,unsat,2635.9160537719727
