epsilon,result,runtime
0.265,sat,10.402043581008911
0.133,sat,15.530665397644043
0.131,sat,14.644301652908325
0.065,sat,14.07436203956604
0.063,sat,17.415952444076538
0.031,sat,15.677046775817871
0.013000000000000001,unsat,7.216541290283203
0.029,sat,92.62762594223022
0.019000000000000003,unsat,7.641286849975586
0.021,unsat,129.50055360794067
0.025,sat,286.9964265823364
0.023,unsat,467.7419204711914
