epsilon,result,runtime
0.265,sat,6.904760122299194
0.133,sat,12.109381437301636
0.131,sat,12.782018661499023
0.065,sat,14.407273292541504
0.063,sat,9.85026478767395
0.031,unsat,5.336153984069824
0.029,cancelled,3.2237050533294678
0.051000000000000004,unsat,2803.404522418976
0.041,cancelled,2811.217411994934
0.057,sat,17.88668704032898
0.055,sat,131.62165355682373
0.053000000000000005,sat,572.153740644455
