epsilon,result,runtime
0.265,sat,15.583740711212158
0.133,sat,16.315948009490967
0.131,sat,11.760294914245605
0.063,unsat,2729.104023218155
0.097,sat,17.688575744628906
0.081,sat,52.4290246963501
0.065,timeout,3600
0.07300000000000001,unsat,3126.2559912204742
0.07100000000000001,cancelled,2396.008771419525
0.077,sat,751.0680093765259
0.075,unsat,2877.305822134018
