epsilon,result,runtime
0.265,sat,9.827117443084717
0.133,sat,9.833096027374268
0.131,sat,10.051235437393188
0.065,sat,14.76548457145691
0.063,sat,14.890008211135864
0.029,unsat,2907.8504524230957
0.047,sat,16.621972799301147
0.039,sat,17.277717351913452
0.031,unsat,3116.081328392029
0.035,sat,231.72833228111267
0.033,sat,439.9167330265045
