epsilon,result,runtime
0.265,sat,9.508201122283936
0.133,sat,13.495619058609009
0.131,sat,12.181806802749634
0.065,sat,11.588618516921997
0.063,sat,11.482973337173462
0.029,sat,11.27491021156311
0.031,cancelled,36.41575598716736
0.009000000000000001,unsat,6.333041667938232
0.019000000000000003,sat,113.29881834983826
0.017,sat,362.60605692863464
0.011,unsat,7.88663125038147
0.013000000000000001,unsat,249.05247235298157
0.015,unsat,778.4937930107117
