epsilon,result,runtime
0.265,sat,15.12484860420227
0.133,sat,15.48225712776184
0.131,sat,17.719199895858765
0.065,unsat,2492.4270403385162
0.063,cancelled,2477.674694299698
0.107,sat,20.4410183429718
0.08700000000000001,sat,943.3553211688995
0.085,sat,928.0821549892426
0.075,timeout,3600
0.07300000000000001,timeout,3600
0.077,timeout,3600
0.07100000000000001,timeout,3600
0.079,sat,915.4505016803741
0.069,timeout,3600
0.067,unsat,3060.9471559524536
