epsilon,result,runtime
0.265,sat,6.228620767593384
0.133,sat,6.908753395080566
0.131,sat,15.079233646392822
0.065,sat,19.881227254867554
0.063,sat,24.78521203994751
0.031,unsat,3250.0145502090454
0.029,cancelled,3231.0170562267303
0.041,unsat,3286.3423793315887
0.051000000000000004,unsat,3289.8453617095947
0.053000000000000005,unsat,3343.4070193767548
0.057,unsat,3543.9040915966034
0.061,sat,91.01167345046997
0.059000000000000004,sat,1098.1541571617126
