epsilon,result,runtime
0.133,sat,10.328275203704834
0.265,cancelled,14.096719026565552
0.08700000000000001,sat,10.176827430725098
0.043000000000000003,unsat,3391.882800102234
0.041,cancelled,3381.904676914215
0.07100000000000001,sat,21.956597089767456
0.057,unsat,3526.296560049057
0.055,cancelled,3504.5650136470795
0.065,sat,56.25467801094055
0.059000000000000004,sat,569.4650197029114
0.061,cancelled,634.8565640449524
