epsilon,result,runtime
0.265,sat,8.951018333435059
0.133,sat,9.067816734313965
0.131,sat,9.060960531234741
0.065,sat,13.806759595870972
0.063,sat,6.905119180679321
0.029,unsat,3100.0905282497406
0.031,unsat,3337.681025505066
0.045,unsat,3037.533103466034
0.047,unsat,3270.476262331009
0.055,sat,426.0820589065552
0.053000000000000005,unsat,3290.950535058975
0.049,cancelled,2866.462331056595
