epsilon,result,runtime
0.133,sat,4.311328887939453
0.265,cancelled,7.315522909164429
0.08700000000000001,sat,19.558256149291992
0.043000000000000003,unsat,3275.0493009090424
0.041,cancelled,3255.7669157981873
0.057,sat,7.50438666343689
0.07100000000000001,cancelled,10.59209418296814
0.051000000000000004,sat,320.4203794002533
0.047,unsat,3496.5576736927032
0.045,cancelled,3176.3385243415833
0.049,unsat,3544.711386203766
