epsilon,result,runtime
0.265,sat,7.956752777099609
0.133,sat,11.5336275100708
0.131,sat,5.340221881866455
0.063,unsat,3375.9745738506317
0.097,sat,21.44321894645691
0.065,unsat,3411.9340586662292
0.081,sat,1588.059683084488
0.079,sat,1827.898738861084
0.07100000000000001,unsat,3293.4834263324738
0.07300000000000001,unsat,3497.6937680244446
0.075,unsat,3484.9481344223022
0.077,unsat,3538.982914686203
