epsilon,result,runtime
0.265,sat,4.469327211380005
0.133,sat,4.895639419555664
0.131,sat,3.933379888534546
0.065,sat,7.44433331489563
0.063,sat,5.835969924926758
0.031,unsat,3223.747095823288
0.029,cancelled,3221.5592963695526
0.051000000000000004,unsat,3205.666613817215
0.041,cancelled,3209.3396921157837
0.057,unsat,3487.1900384426117
0.055,cancelled,3490.6041429042816
0.061,sat,39.47082877159119
0.059000000000000004,sat,315.49134254455566
