epsilon,result,runtime
0.265,sat,4.21294641494751
0.133,sat,4.309071063995361
0.131,sat,4.313499689102173
0.065,unsat,3194.154488325119
0.063,cancelled,3190.0116214752197
0.107,sat,7.508660554885864
0.08700000000000001,sat,7.524689674377441
0.085,sat,22.14696717262268
0.075,unsat,3234.305768966675
0.07300000000000001,cancelled,3212.5357732772827
0.081,sat,45.37884974479675
0.079,sat,78.26038670539856
0.077,sat,76.81805849075317
