epsilon,result,runtime
0.265,sat,7.547959327697754
0.133,sat,7.56677770614624
0.131,sat,7.633120775222778
0.065,sat,7.749390125274658
0.063,sat,7.139546632766724
0.031,unsat,3494.882715702057
0.029,cancelled,3488.1362233161926
0.051000000000000004,sat,413.5365650653839
0.041,unsat,3281.4576938152313
0.039,cancelled,2867.984652519226
0.047,sat,3197.8866782188416
0.045,unsat,3465.7650339603424
0.043000000000000003,cancelled,267.8606777191162
