epsilon,result,runtime
0.265,sat,4.092785596847534
0.133,sat,4.137964725494385
0.131,sat,4.3692708015441895
0.063,unsat,3206.6048703193665
0.065,unsat,3483.365547657013
0.097,unsat,3315.2419476509094
0.115,sat,18.570013284683228
0.107,sat,40.46866822242737
0.10300000000000001,sat,42.28859615325928
0.099,unsat,3457.9379601478577
0.101,unsat,3550.7125968933105
