epsilon,result,runtime
0.265,sat,6.282330751419067
0.133,sat,6.171302080154419
0.131,sat,6.08294415473938
0.065,unsat,3285.4610545635223
0.063,cancelled,3279.509583234787
0.107,sat,7.55208158493042
0.08700000000000001,sat,7.601432800292969
0.085,sat,13.225188493728638
0.075,sat,42.14094924926758
0.07300000000000001,sat,30.2726469039917
0.067,unsat,3185.986118078232
0.069,unsat,3346.5338616371155
0.07100000000000001,sat,167.44401574134827
