epsilon,result,runtime
0.265,sat,3.6674954891204834
0.133,sat,5.197600364685059
0.131,sat,5.450767993927002
0.063,unsat,3481.475225687027
0.097,sat,17.710081815719604
0.065,unsat,3519.188085079193
0.081,sat,9.752091407775879
0.079,sat,120.38557696342468
0.07100000000000001,unsat,3518.0280759334564
0.07300000000000001,unsat,3493.7754554748535
0.077,sat,47.6110405921936
0.075,sat,165.60886478424072
