epsilon,result,runtime
0.265,sat,4.565762758255005
0.133,sat,5.452137231826782
0.131,sat,5.318006992340088
0.063,unsat,3328.341329097748
0.097,sat,26.408816814422607
0.065,unsat,3471.386615037918
0.079,unsat,3343.692629337311
0.081,timeout,3600
0.089,sat,285.14968967437744
0.08700000000000001,unsat,3202.064934015274
0.083,cancelled,3065.772548675537
