epsilon,result,runtime
0.265,sat,4.809943675994873
0.133,sat,5.409112453460693
0.131,sat,5.51414155960083
0.065,unsat,3230.136547803879
0.063,cancelled,3225.305869579315
0.107,sat,8.86696195602417
0.08700000000000001,sat,42.87576699256897
0.085,unsat,3089.2754640579224
0.075,cancelled,3059.7368330955505
