epsilon,result,runtime
0.133,sat,4.473686456680298
0.265,cancelled,7.244377851486206
0.08700000000000001,sat,12.991078615188599
0.041,unsat,3389.9965040683746
0.043000000000000003,unsat,3408.101170063019
0.063,sat,7.610048055648804
0.065,cancelled,12.310504674911499
0.055,sat,28.452274799346924
0.049,sat,701.9752359390259
0.047,sat,2057.235695838928
0.045,unsat,3590.621763944626
