epsilon,result,runtime
0.133,sat,6.0241053104400635
0.265,cancelled,9.126432180404663
0.043000000000000003,sat,5.942978382110596
0.08700000000000001,cancelled,9.355224370956421
0.013000000000000001,sat,8.055475234985352
0.027000000000000003,cancelled,11.25536823272705
0.003,unsat,5.35771918296814
0.007,unsat,5.39759373664856
0.009000000000000001,unsat,343.94538164138794
0.011,unsat,3569.849731206894
