epsilon,result,runtime
0.265,sat,7.224805593490601
0.133,sat,8.95151424407959
0.131,sat,8.723631620407104
0.065,sat,18.392035484313965
0.063,sat,18.52230739593506
0.031,sat,2051.3151257038116
0.013000000000000001,unsat,3.6383614540100098
0.029,unsat,3477.505431175232
0.021,cancelled,1430.8784594535828
