epsilon,result,runtime
0.133,sat,7.44560170173645
0.265,cancelled,10.859419584274292
0.08700000000000001,sat,17.953917264938354
0.043000000000000003,unsat,3280.9223437309265
0.041,cancelled,3263.2451753616333
0.057,sat,16.401392698287964
0.07100000000000001,cancelled,19.909079790115356
0.047,unsat,3140.990306377411
0.051000000000000004,unsat,3559.7717628479004
0.055,sat,234.62749886512756
0.053000000000000005,error,2450.344112634659
