epsilon,result,runtime
0.265,sat,5.948831081390381
0.133,sat,19.88166379928589
0.131,sat,19.952922582626343
0.065,unsat,3305.339413166046
0.063,cancelled,3299.7501168251038
0.107,sat,323.9826292991638
0.08700000000000001,unsat,3295.840610742569
0.085,cancelled,2971.9957830905914
0.099,sat,3283.8569028377533
0.093,unsat,3489.260773897171
0.091,cancelled,205.45984625816345
0.095,unsat,3201.603046655655
0.097,unsat,3560.135162115097
