epsilon,result,runtime
0.265,sat,6.0675437450408936
0.133,sat,6.9503443241119385
0.131,sat,6.3972601890563965
0.065,sat,72.42848491668701
0.063,sat,299.64810276031494
0.031,unsat,3199.1202261447906
0.029,cancelled,2967.342974424362
0.051000000000000004,unsat,3196.7018184661865
0.041,cancelled,3200.2301239967346
0.057,sat,1861.8032369613647
0.055,unsat,3498.9408836364746
0.053000000000000005,cancelled,1637.236356496811
