epsilon,result,runtime
0.265,sat,3.3284473419189453
0.133,sat,3.3960726261138916
0.131,sat,3.5292956829071045
0.065,sat,5.16339111328125
0.063,sat,4.66327428817749
0.031,unsat,3493.703229665756
0.029,cancelled,3490.601190805435
0.051000000000000004,sat,38.398810625076294
0.041,unsat,3341.8709738254547
0.039,cancelled,3303.6740443706512
0.047,sat,110.67427849769592
0.043000000000000003,sat,15.671224355697632
0.045,cancelled,133.26090145111084
