epsilon,result,runtime
0.265,sat,3.1305384635925293
0.133,sat,4.564965724945068
0.131,sat,1.237644910812378
0.065,sat,16.18259072303772
0.063,unsat,3481.7502603530884
0.031,cancelled,3468.793008327484
