epsilon,result,runtime
0.265,sat,5.998617649078369
0.133,sat,6.0909264087677
0.131,sat,5.991389989852905
0.065,unsat,3271.9576828479767
0.063,cancelled,3266.3331112861633
0.08700000000000001,sat,5.980412006378174
0.107,cancelled,9.391773700714111
0.079,sat,5.955985069274902
0.07300000000000001,sat,225.20491647720337
0.07100000000000001,sat,2446.5321955680847
0.067,unsat,3263.5390503406525
0.069,unsat,3566.3853495121
