epsilon,result,runtime
0.265,sat,3.750091552734375
0.133,sat,5.740495443344116
0.131,sat,3.842604160308838
0.065,unsat,3284.764842271805
0.063,cancelled,3283.199031829834
0.107,sat,75.81553792953491
0.08700000000000001,unsat,3276.6213142871857
0.085,cancelled,3200.923145055771
0.093,sat,1607.7447929382324
0.099,cancelled,1611.321816444397
0.089,unsat,3264.325694799423
0.091,unsat,3267.315737247467
