epsilon,result,runtime
0.265,sat,4.314497947692871
0.133,sat,4.355838060379028
0.131,sat,4.3062639236450195
0.065,unsat,3337.029763698578
0.063,cancelled,3332.758222579956
0.107,sat,7.280078172683716
0.08700000000000001,sat,7.344101667404175
0.085,sat,7.523486375808716
0.07300000000000001,sat,134.02853918075562
0.075,cancelled,148.5122950077057
0.067,unsat,3432.261349439621
0.069,timeout,3600
0.07100000000000001,sat,896.5585629940033
