epsilon,result,runtime
0.265,sat,18.354541778564453
0.133,unsat,3095.378854036331
0.131,cancelled,3077.1715455055237
0.219,sat,36.01743173599243
0.177,sat,57.92796325683594
0.17500000000000002,sat,42.20770621299744
0.153,sat,81.9998230934143
0.155,cancelled,62.786423206329346
0.14500000000000002,sat,148.03072357177734
0.139,sat,579.5477204322815
0.135,sat,76.45487642288208
0.137,cancelled,511.3443102836609
