epsilon,result,runtime
0.265,sat,4.535140514373779
0.133,sat,5.908034324645996
0.131,sat,12.75476884841919
0.063,unsat,3311.6499943733215
0.097,sat,11.732988357543945
0.081,sat,7.959753513336182
0.07300000000000001,sat,204.35160088539124
0.065,timeout,3600
0.069,unsat,3295.057409763336
0.067,cancelled,3262.3763406276703
0.07100000000000001,sat,231.13629031181335
