epsilon,result,runtime
0.265,sat,3.8424580097198486
0.133,sat,4.262337923049927
0.131,sat,4.194498538970947
0.063,unsat,3334.4769117832184
0.097,sat,4.393935680389404
0.081,sat,4.426284313201904
0.065,unsat,3490.3147661685944
0.07300000000000001,sat,172.37885999679565
0.07100000000000001,unsat,3296.7292833328247
0.067,cancelled,3258.4189059734344
