epsilon,result,runtime
0.265,sat,3.8738832473754883
0.133,sat,5.015064239501953
0.131,sat,7.047391176223755
0.063,sat,28.16917896270752
0.065,cancelled,39.936972856521606
0.021,unsat,9.178495168685913
0.043000000000000003,unsat,3341.0542407035828
0.041,cancelled,3357.261962413788
0.055,unsat,3350.7278940677643
0.049,cancelled,3354.2994887828827
0.057,unsat,3310.794140815735
0.059000000000000004,unsat,3343.412213087082
0.061,sat,53.2745361328125
