epsilon,result,runtime
0.265,sat,11.616618394851685
0.133,timeout,3600
0.131,timeout,3600
0.135,sat,1750.7526097297668
0.129,unsat,3407.9618904590607
0.063,cancelled,1642.3767907619476
