epsilon,result,runtime
0.265,sat,4.5603928565979
0.133,sat,6.936535358428955
0.131,sat,6.4992382526397705
0.065,unsat,3327.7519047260284
0.063,cancelled,3323.8485329151154
0.107,sat,49.829962491989136
0.08700000000000001,unsat,3498.7045633792877
0.085,cancelled,3448.952687740326
0.099,sat,107.17853951454163
0.093,sat,1678.2244238853455
0.091,unsat,3429.7761437892914
0.089,cancelled,1862.2663683891296
