epsilon,result,runtime
0.265,sat,3.633876085281372
0.133,sat,4.099144220352173
0.131,sat,3.437260866165161
0.065,sat,3.3508355617523193
0.063,sat,3.3579046726226807
0.031,sat,3.111650228500366
0.029,sat,8.396482706069946
0.013000000000000001,unsat,137.77164578437805
0.021,sat,6.362739562988281
0.015,unsat,3265.42680311203
0.019000000000000003,sat,10.390327215194702
0.017,unsat,3556.832807779312
