epsilon,result,runtime
0.265,sat,23.77845001220703
0.133,unsat,3304.167627096176
0.131,cancelled,3280.6260693073273
0.177,sat,27.525810480117798
0.219,cancelled,31.022998094558716
0.161,sat,18.409099340438843
0.147,sat,208.35883402824402
0.14500000000000002,sat,355.3987834453583
0.137,sat,2673.9183056354523
0.139,cancelled,2847.0497052669525
0.135,unsat,3549.4643034934998
