epsilon,result,runtime
0.265,sat,7.458034038543701
0.133,sat,7.47964072227478
0.065,sat,7.410182476043701
0.131,sat,7.401604652404785
0.131,cancelled,10.735558986663818
0.041,sat,6.067559003829956
0.019000000000000003,unsat,3510.837735414505
0.021,unsat,3531.535144329071
0.031,sat,9.151195526123047
0.029,unsat,3361.0831201076508
0.025,cancelled,3362.586436033249
