epsilon,result,runtime
0.265,sat,4.253554821014404
0.133,sat,4.705334186553955
0.131,sat,4.423196077346802
0.065,sat,13.482672691345215
0.063,sat,79.97584271430969
0.029,unsat,3207.0253567695618
0.031,unsat,3308.0280911922455
0.047,sat,26.940064430236816
0.045,sat,116.16878914833069
0.039,sat,835.1010737419128
0.037000000000000005,unsat,3531.351503133774
0.033,cancelled,2580.148201227188
