epsilon,result,runtime
0.265,sat,4.15146541595459
0.133,sat,4.65688157081604
0.065,sat,4.254401683807373
0.131,cancelled,7.3671886920928955
0.021,unsat,3383.044365167618
0.041,unsat,3554.5484442710876
0.053000000000000005,sat,19.12219214439392
0.047,sat,59.508978843688965
0.043000000000000003,unsat,3242.122934818268
0.045,unsat,3558.3951222896576
