epsilon,result,runtime
0.265,sat,7.420654058456421
0.133,sat,7.402277231216431
0.131,sat,7.345179319381714
0.065,unsat,3354.4299626350403
0.063,cancelled,3347.025458097458
0.107,sat,7.019508361816406
0.08700000000000001,sat,23.03285527229309
0.085,sat,46.98111844062805
0.075,sat,92.38583326339722
0.07300000000000001,sat,96.33871507644653
0.069,sat,381.7031726837158
0.067,unsat,3571.2931365966797
