epsilon,result,runtime
0.265,sat,3.3784708976745605
0.133,sat,5.332287549972534
0.131,sat,7.0749757289886475
0.065,unsat,3318.234337568283
0.063,cancelled,3313.3013031482697
0.107,sat,79.96267223358154
0.08700000000000001,sat,628.5589137077332
0.085,sat,709.9979150295258
0.075,unsat,3431.4268686771393
0.07300000000000001,cancelled,3268.7585723400116
0.081,sat,3042.1157824993134
0.079,unsat,3412.6170892715454
0.077,cancelled,370.5599555969238
