epsilon,result,runtime
0.265,sat,5.9617555141448975
0.133,sat,6.84955620765686
0.131,sat,6.8614583015441895
0.065,sat,14.337484359741211
0.063,sat,6.506496906280518
0.031,unsat,3284.2036044597626
0.029,cancelled,3286.194398880005
0.051000000000000004,sat,861.0498657226562
0.041,unsat,3281.826671600342
0.039,cancelled,2420.7820744514465
0.045,unsat,3316.9492206573486
0.047,unsat,3397.885317802429
0.049,sat,106.51487851142883
