epsilon,result,runtime
0.265,sat,5.980973482131958
0.133,sat,32.09437584877014
0.131,sat,59.156004905700684
0.065,unsat,3529.1857097148895
0.063,cancelled,3496.66522192955
0.08700000000000001,sat,22.246192932128906
0.107,cancelled,25.45502471923828
0.079,sat,10.142729997634888
0.07300000000000001,sat,84.85377907752991
0.07100000000000001,sat,685.1511907577515
0.067,unsat,3200.6766090393066
0.069,unsat,3572.8628327846527
