epsilon,result,runtime
0.133,sat,4.235531330108643
0.265,cancelled,7.207146644592285
0.08700000000000001,sat,4.359426259994507
0.041,unsat,3357.612768173218
0.065,sat,18.999438285827637
0.053000000000000005,sat,19.6394305229187
0.043000000000000003,unsat,3502.7182257175446
0.049,unsat,3345.277827978134
0.047,cancelled,3441.4421286582947
0.051000000000000004,sat,211.61472940444946
