epsilon,result,runtime
0.265,sat,6.078644752502441
0.133,sat,6.874912261962891
0.131,sat,6.808747053146362
0.063,unsat,3308.5763018131256
0.065,unsat,3545.702896118164
0.097,unsat,3516.8115849494934
0.115,sat,4.181566476821899
0.099,unsat,3308.0664472579956
0.107,sat,2355.9782836437225
0.10500000000000001,unsat,3429.731299638748
0.101,cancelled,1085.3865485191345
