epsilon,result,runtime
0.265,sat,6.110153436660767
0.133,sat,37.731117486953735
0.131,sat,77.57569980621338
0.063,unsat,3073.0013468265533
0.065,timeout,3600
0.097,unsat,3377.25963807106
0.115,sat,278.7112247943878
0.099,unsat,3329.65909743309
0.107,unsat,3168.205955028534
0.10500000000000001,cancelled,3026.52326130867
0.111,sat,85.31499767303467
0.109,unsat,3427.167317390442
