epsilon,result,runtime
0.133,sat,4.251931428909302
0.265,cancelled,7.2974793910980225
0.08700000000000001,sat,4.121483325958252
0.041,unsat,3223.0177443027496
0.065,sat,14.350292682647705
0.043000000000000003,unsat,3415.206664085388
0.053000000000000005,unsat,3518.144741296768
0.059000000000000004,sat,17.424549341201782
0.057,sat,21.88158655166626
0.055,unsat,3404.9251260757446
