epsilon,result,runtime
0.265,sat,4.679848670959473
0.133,sat,6.239924192428589
0.131,sat,1.5180935859680176
0.065,unsat,3116.6761922836304
0.063,cancelled,3116.9485981464386
0.107,sat,21.916072607040405
0.08700000000000001,sat,21.981223583221436
0.085,sat,20.53372883796692
0.075,sat,46.61590909957886
0.07300000000000001,sat,106.29891848564148
0.069,unsat,3341.1868822574615
0.067,cancelled,3262.554485797882
0.07100000000000001,sat,323.6820888519287
