epsilon,result,runtime
0.133,sat,6.172895669937134
0.265,cancelled,9.220694303512573
0.265,sat,6.095561981201172
0.08700000000000001,sat,10.837835311889648
0.043000000000000003,unsat,3144.268432378769
0.041,cancelled,3133.693421125412
0.07100000000000001,sat,11.389767169952393
0.055,sat,32.68033814430237
0.057,cancelled,51.66763091087341
0.047,unsat,3089.251300573349
0.051000000000000004,sat,28.20008611679077
0.049,unsat,3138.4871966838837
