epsilon,result,runtime
0.133,sat,3.1234796047210693
0.265,cancelled,5.842361927032471
0.08700000000000001,sat,23.708916187286377
0.043000000000000003,unsat,3482.1924242973328
0.041,cancelled,3458.83677816391
0.07100000000000001,sat,34.73542809486389
0.057,unsat,3321.983717918396
0.055,cancelled,3287.4369134902954
0.065,sat,889.710765838623
0.061,unsat,3355.187919855118
0.059000000000000004,cancelled,2465.488519668579
0.063,sat,1091.1983258724213
