epsilon,result,runtime
0.265,sat,7.653752565383911
0.133,sat,9.002196788787842
0.131,sat,8.606719255447388
0.065,unsat,3263.161855697632
0.063,cancelled,3256.414468765259
0.107,sat,9.296483993530273
0.085,sat,27.523693323135376
0.08700000000000001,cancelled,44.746012926101685
0.077,sat,126.25975108146667
0.07100000000000001,sat,3148.907684803009
0.069,unsat,3328.8105566501617
0.067,cancelled,310.1063826084137
