epsilon,result,runtime
0.265,sat,4.643733263015747
0.133,sat,7.847947359085083
0.131,sat,14.112979650497437
0.063,unsat,3372.360917568207
0.065,unsat,3427.07284784317
0.099,unsat,3309.695589542389
0.097,cancelled,3353.534665584564
0.11900000000000001,unsat,3410.128479242325
0.109,cancelled,3413.6490399837494
0.125,sat,2601.2538380622864
0.123,unsat,3363.7533509731293
0.121,cancelled,762.5613741874695
