epsilon,result,runtime
0.133,sat,5.537093877792358
0.265,cancelled,8.686647653579712
0.265,sat,5.550278425216675
0.08700000000000001,sat,6.830118179321289
0.043000000000000003,unsat,3299.062048435211
0.041,cancelled,3292.442234277725
0.07100000000000001,sat,21.8130099773407
0.057,unsat,3483.8449165821075
0.055,cancelled,3462.047126531601
0.065,sat,62.514795780181885
0.061,unsat,3233.894453763962
0.059000000000000004,cancelled,3171.5121245384216
0.063,timeout,3600
