epsilon,result,runtime
0.265,sat,7.717821836471558
0.133,sat,8.934437274932861
0.131,sat,8.597980976104736
0.065,sat,8.685270071029663
0.063,sat,8.38990044593811
0.029,unsat,3249.3126397132874
0.047,sat,24.4223792552948
0.039,sat,165.5705268383026
0.031,unsat,3518.8362505435944
0.033,unsat,3145.6323504447937
0.035,unsat,3433.4765508174896
0.037000000000000005,sat,1293.2991225719452
