epsilon,result,runtime
0.265,sat,3.528006076812744
0.133,sat,4.756779193878174
0.131,sat,1.9176294803619385
0.065,sat,4.627877712249756
0.063,sat,2.9508540630340576
0.029,unsat,3369.922307252884
0.047,sat,45.37823009490967
0.031,unsat,3501.573618888855
0.039,unsat,3382.6286284923553
0.037000000000000005,cancelled,3305.0830640792847
0.041,unsat,3292.657668352127
0.043000000000000003,unsat,3299.032204389572
0.045,sat,1088.0776233673096
