epsilon,result,runtime
0.265,sat,8.57096552848816
0.133,sat,39.344987630844116
0.131,sat,38.93100452423096
0.065,unsat,3345.8560585975647
0.063,cancelled,3337.501551628113
0.107,sat,65.19867706298828
0.08700000000000001,sat,693.2129311561584
0.085,unsat,3444.621707677841
0.075,cancelled,2822.851323366165
