epsilon,result,runtime
0.265,sat,3.601008176803589
0.133,sat,4.866608381271362
0.131,sat,2.655627965927124
0.065,sat,2.6070125102996826
0.063,sat,1.891559362411499
0.031,unsat,3201.923182964325
0.029,cancelled,3201.520119905472
0.051000000000000004,sat,25.15674114227295
0.041,unsat,3307.8897697925568
0.039,cancelled,3282.783200979233
0.047,sat,34.817368507385254
0.045,sat,63.62457036972046
0.043000000000000003,sat,175.96438145637512
