epsilon,result,runtime
0.265,sat,4.626958608627319
0.133,sat,5.317474603652954
0.065,sat,3.681326389312744
0.131,cancelled,7.079163312911987
0.021,unsat,3.035996198654175
0.041,sat,3.760131597518921
0.043000000000000003,cancelled,0.7698874473571777
0.033,unsat,3356.513697862625
0.027000000000000003,cancelled,3359.4675011634827
0.037000000000000005,sat,7.474743127822876
0.035,sat,11.246474981307983
