epsilon,result,runtime
0.265,sat,6.0345799922943115
0.133,sat,7.000981330871582
0.131,sat,31.16512632369995
0.065,unsat,3246.868780851364
0.063,cancelled,3216.8649406433105
0.08700000000000001,unsat,3207.6954827308655
0.107,unsat,3408.771424770355
0.109,unsat,3452.0340933799744
0.11900000000000001,timeout,3600
0.121,sat,3096.1939318180084
0.117,unsat,3257.386751651764
0.113,cancelled,509.22522950172424
