epsilon,result,runtime
0.265,sat,3.505605697631836
0.133,sat,3.7293472290039062
0.131,sat,3.890974521636963
0.065,unsat,3270.963812351227
0.063,cancelled,3267.407584667206
0.107,sat,7.4001312255859375
0.08700000000000001,sat,798.8355157375336
0.085,unsat,3459.5816819667816
0.075,cancelled,2671.9178001880646
