epsilon,result,runtime
0.265,sat,21.81781530380249
0.133,sat,24.107245206832886
0.131,sat,45.757288694381714
0.063,unsat,3359.864826440811
0.065,unsat,3489.9429652690887
0.099,unsat,3348.1157109737396
0.097,cancelled,3433.5179307460785
0.11900000000000001,sat,210.30663418769836
0.109,unsat,3365.416126728058
0.107,cancelled,3155.324389696121
0.115,sat,331.6552438735962
0.113,sat,1880.8342533111572
0.111,unsat,3591.0203042030334
