epsilon,result,runtime
0.265,sat,7.377484321594238
0.133,sat,7.354722261428833
0.065,sat,7.358090162277222
0.131,cancelled,10.513334512710571
0.131,sat,7.373989820480347
0.021,unsat,3206.306807756424
0.041,unsat,3298.891049146652
0.053000000000000005,sat,34.13650822639465
0.047,sat,29.205037117004395
0.045,sat,909.0228319168091
0.043000000000000003,unsat,3580.1473746299744
