epsilon,result,runtime
0.265,sat,9.861411094665527
0.133,sat,15.683773279190063
0.131,sat,4.632370948791504
0.065,unsat,3470.5757036209106
0.063,cancelled,3472.1425473690033
0.107,unsat,3525.6653344631195
0.08700000000000001,cancelled,3529.5969557762146
0.121,sat,21.797667503356934
0.115,sat,46.51705312728882
0.113,sat,66.25690627098083
0.111,sat,1600.1435515880585
0.109,error,2602.789078474045
