epsilon,result,runtime
0.265,sat,3.599487543106079
0.133,sat,5.441941022872925
0.131,sat,2.2409887313842773
0.063,unsat,3298.895072698593
0.065,unsat,3444.114364862442
0.099,sat,1980.415685892105
0.097,unsat,3332.7012193202972
0.081,cancelled,1212.404721736908
