epsilon,result,runtime
0.265,sat,22.14544653892517
0.131,sat,7.270047426223755
0.133,cancelled,36.79641056060791
0.043000000000000003,unsat,3356.1192967891693
0.085,unsat,3493.154997110367
0.109,unsat,3322.312599658966
0.08700000000000001,cancelled,3462.8801629543304
0.117,sat,21.20747947692871
0.123,cancelled,24.43571949005127
0.113,sat,57.884629011154175
0.111,sat,257.33736777305603
