epsilon,result,runtime
0.265,sat,3.612229347229004
0.133,sat,4.0201239585876465
0.131,sat,2.8458147048950195
0.065,sat,5.468170166015625
0.063,sat,12.660795450210571
0.029,unsat,3399.286702632904
0.047,sat,3.88921856880188
0.031,timeout,3600
0.039,unsat,3336.0977313518524
0.037000000000000005,cancelled,3162.9339888095856
0.043000000000000003,sat,7.328836679458618
0.041,sat,201.99004650115967
