epsilon,result,runtime
0.265,sat,6.044754505157471
0.133,sat,7.142772912979126
0.131,sat,6.685967206954956
0.065,sat,11.113381624221802
0.063,sat,5.383580923080444
0.031,sat,43.35225510597229
0.013000000000000001,unsat,5.489279508590698
0.029,unsat,3324.730423927307
0.021,cancelled,3274.868432044983
