epsilon,result,runtime
0.265,sat,4.920332431793213
0.133,sat,15.0874764919281
0.131,sat,11.135181188583374
0.063,unsat,3060.5606780052185
0.065,unsat,3067.054657459259
0.097,sat,17.35842537879944
0.099,cancelled,19.00715732574463
0.075,sat,18.85369849205017
0.085,cancelled,21.91671109199524
0.07100000000000001,sat,280.32006430625916
0.069,sat,2569.251460313797
0.067,sat,2520.33798289299
