epsilon,result,runtime
0.265,sat,3.2161436080932617
0.133,sat,3.315103769302368
0.131,sat,3.496570587158203
0.065,sat,3.5240025520324707
0.063,sat,3.4182820320129395
0.031,sat,3.4952378273010254
0.029,sat,3.3768928050994873
0.013000000000000001,sat,3.6655592918395996
0.015,cancelled,0.4851069450378418
0.007,sat,7.309994220733643
0.003,unsat,12.548966646194458
0.001,cancelled,5.251031398773193
0.005,sat,0.49950098991394043
