epsilon,result,runtime
0.265,sat,3.286355972290039
0.133,sat,4.667042016983032
0.131,sat,6.002680063247681
0.063,sat,3.4865379333496094
0.065,cancelled,14.080424785614014
0.021,unsat,2.7050399780273438
0.043000000000000003,unsat,3016.516989707947
0.041,cancelled,3025.548295736313
0.049,unsat,3475.732072353363
0.055,unsat,3479.144910812378
0.059000000000000004,sat,193.0985243320465
0.057,sat,375.4067096710205
