epsilon,result,runtime
0.265,sat,4.238335132598877
0.133,sat,4.262206077575684
0.131,sat,4.29193902015686
0.065,sat,4.27532434463501
0.063,sat,4.392475128173828
0.031,unsat,3390.706386089325
0.029,cancelled,3386.3810715675354
0.051000000000000004,sat,16.661742687225342
0.041,sat,36.37286162376404
0.039,sat,81.97770023345947
0.035,unsat,3284.555552959442
0.033,cancelled,3222.543138027191
0.037000000000000005,sat,39.71240019798279
