epsilon,result,runtime
0.265,sat,6.118862628936768
0.133,sat,7.033725261688232
0.131,sat,6.8240602016448975
0.065,sat,6.783463716506958
0.063,sat,6.895064353942871
0.029,unsat,3414.4083902835846
0.031,unsat,3426.9987013339996
0.045,sat,4.578400373458862
0.047,cancelled,9.24599552154541
0.039,sat,392.91711711883545
0.035,unsat,3303.5127453804016
0.033,cancelled,2910.5733296871185
0.037000000000000005,sat,796.9097068309784
