epsilon,result,runtime
0.265,sat,5.050339460372925
0.133,sat,5.0528810024261475
0.065,sat,5.028792381286621
0.131,cancelled,7.828448534011841
0.131,sat,4.977565050125122
0.041,sat,4.97199010848999
0.021,sat,13.850433349609375
0.009000000000000001,unsat,4.597257614135742
0.013000000000000001,unsat,428.2269911766052
0.019000000000000003,sat,937.8466880321503
0.015,unsat,3078.4103968143463
0.017,unsat,3320.3172369003296
