epsilon,result,runtime
0.265,sat,3.386535167694092
0.133,sat,5.045126914978027
0.065,sat,3.5963969230651855
0.131,cancelled,7.900566339492798
0.021,unsat,3.17871356010437
0.041,sat,3.6114742755889893
0.043000000000000003,cancelled,0.4400007724761963
0.033,unsat,3259.572168111801
0.027000000000000003,cancelled,3262.4898817539215
0.037000000000000005,unsat,3500.542649269104
0.035,cancelled,3504.2759749889374
0.039,sat,23.812418460845947
