epsilon,result,runtime
0.265,sat,8.982487440109253
0.133,sat,10.527435779571533
0.131,sat,9.680185556411743
0.063,unsat,3317.824007987976
0.097,sat,21.11250329017639
0.065,unsat,3355.2878437042236
0.079,unsat,3314.1019258499146
0.081,unsat,3474.0792059898376
0.089,unsat,3440.018303871155
0.08700000000000001,cancelled,3284.993738889694
0.093,sat,1642.4914226531982
0.091,unsat,3546.987915277481
