epsilon,result,runtime
0.265,sat,4.274688243865967
0.133,sat,4.31355881690979
0.131,sat,4.496265888214111
0.065,unsat,3385.090763568878
0.063,cancelled,3380.713967323303
0.08700000000000001,sat,7.264801025390625
0.107,sat,7.316994667053223
0.107,cancelled,10.50928258895874
0.079,sat,7.280953407287598
0.07300000000000001,sat,7.234761714935303
0.07100000000000001,sat,7.17048978805542
0.067,sat,7.3173463344573975
0.069,cancelled,0.13975858688354492
