epsilon,result,runtime
0.265,sat,3.971329927444458
0.133,sat,4.053491830825806
0.131,sat,4.0974695682525635
0.065,sat,4.326503038406372
0.031,sat,3.663174867630005
0.063,cancelled,6.7318315505981445
0.009000000000000001,unsat,3.179335832595825
0.021,sat,14.5119469165802
0.019000000000000003,unsat,3205.6840579509735
0.013000000000000001,cancelled,3185.0519354343414
