epsilon,result,runtime
0.265,sat,6.173765420913696
0.133,sat,35.88951873779297
0.131,sat,78.46337270736694
0.063,unsat,3075.377870798111
0.065,unsat,3352.0916261672974
0.097,unsat,3125.6940422058105
0.099,unsat,3082.023156642914
0.115,unsat,3141.45312666893
0.113,cancelled,2965.003117799759
0.125,sat,3054.6960492134094
0.121,unsat,3263.573954343796
0.11900000000000001,cancelled,208.86504936218262
0.123,unsat,3108.2259175777435
