epsilon,result,runtime
0.133,sat,8.979567289352417
0.265,cancelled,12.711156606674194
0.265,sat,8.973230600357056
0.08700000000000001,sat,8.962336301803589
0.043000000000000003,unsat,3517.2979261875153
0.041,cancelled,3508.5718672275543
0.07100000000000001,sat,47.0104820728302
0.055,unsat,3300.498696565628
0.057,unsat,3517.1857755184174
0.065,sat,74.46012043952942
0.063,sat,3338.4955780506134
0.059000000000000004,unsat,3321.338010072708
0.061,unsat,3449.186498641968
