epsilon,result,runtime
0.265,sat,7.421367406845093
0.133,sat,7.436071872711182
0.131,sat,7.425240993499756
0.065,unsat,3221.6322543621063
0.063,cancelled,3214.081799507141
0.107,sat,21.886022090911865
0.08700000000000001,sat,29.833401918411255
0.085,sat,653.3391675949097
0.075,timeout,3600
0.07300000000000001,unsat,3560.9364817142487
0.081,sat,2656.085281610489
0.077,unsat,3402.936621904373
0.079,unsat,3579.638738155365
