epsilon,result,runtime
0.265,sat,5.055272340774536
0.133,sat,5.602532148361206
0.131,sat,15.825018644332886
0.065,sat,17.792867422103882
0.063,sat,18.605852365493774
0.031,unsat,3129.078826189041
0.029,cancelled,3113.2128942012787
0.051000000000000004,sat,16.394153833389282
0.041,sat,19.241821765899658
0.039,sat,51.53684711456299
0.035,unsat,3174.2639803886414
0.033,cancelled,3125.8200311660767
0.037000000000000005,sat,17.96626114845276
