epsilon,result,runtime
0.265,sat,5.981282949447632
0.133,sat,5.985595941543579
0.131,sat,5.912158727645874
0.065,sat,5.984823703765869
0.063,sat,6.0478479862213135
0.031,sat,8.958053588867188
0.029,sat,8.834254503250122
0.015,sat,7.435108423233032
0.013000000000000001,sat,18.74163317680359
0.005,unsat,4.097009658813477
0.007,unsat,4.304654359817505
0.011,unsat,3516.724741458893
0.009000000000000001,cancelled,3523.270387172699
