epsilon,result,runtime
0.265,sat,7.488630771636963
0.133,sat,37.01992082595825
0.131,sat,37.06002235412598
0.065,unsat,3460.7397356033325
0.063,cancelled,3452.989592552185
0.107,sat,39.281288623809814
0.08700000000000001,unsat,3425.0986964702606
0.085,cancelled,3385.866986513138
0.099,sat,83.89995527267456
0.093,sat,449.76462841033936
0.091,sat,429.2442855834961
0.089,sat,2413.8443241119385
