epsilon,result,runtime
0.265,sat,3.55955171585083
0.133,sat,4.005021333694458
0.131,sat,2.880938768386841
0.065,sat,4.9366021156311035
0.063,sat,2.4191973209381104
0.031,unsat,3296.0910229682922
0.029,cancelled,3296.564216852188
0.051000000000000004,sat,38.65334177017212
0.041,unsat,3229.621461391449
0.039,cancelled,3191.1557512283325
0.047,sat,214.25188565254211
0.045,unsat,3306.8144385814667
0.043000000000000003,cancelled,3092.731890439987
