epsilon,result,runtime
0.265,sat,3.6866202354431152
0.133,sat,5.738124132156372
0.131,sat,1.1696743965148926
0.063,unsat,3525.5875816345215
0.065,unsat,3529.3283767700195
0.097,unsat,3496.913233757019
0.099,unsat,3528.5573947429657
0.115,sat,38.69319128990173
0.113,sat,44.76259922981262
0.10500000000000001,unsat,3075.0494470596313
0.107,unsat,3201.311147212982
0.111,sat,78.33726119995117
0.109,sat,574.4729888439178
