epsilon,result,runtime
0.265,sat,13.365435600280762
0.133,sat,56.07280135154724
0.131,sat,222.06515097618103
0.065,unsat,3403.272863149643
0.063,cancelled,3224.074552297592
0.08700000000000001,unsat,3411.7838990688324
0.107,unsat,3413.2932589054108
0.109,unsat,3322.9427807331085
0.11900000000000001,unsat,3457.0923159122467
0.125,sat,184.7323887348175
0.123,sat,57.14106583595276
0.121,sat,442.7285099029541
