epsilon,result,runtime
0.265,sat,9.579295873641968
0.133,sat,28.573715448379517
0.131,sat,28.559258460998535
0.065,timeout,3600
0.063,timeout,3600
0.067,unsat,3118.749703645706
0.061,cancelled,3110.6382505893707
0.109,sat,9.05978512763977
0.089,sat,115.30996584892273
0.08700000000000001,sat,451.8465075492859
0.077,unsat,3098.1931653022766
0.075,cancelled,2753.972170352936
0.081,unsat,3566.8749537467957
0.083,timeout,3600
0.085,sat,474.2270998954773
