epsilon,result,runtime
0.265,sat,3.561990737915039
0.133,sat,3.9453790187835693
0.131,sat,3.806312084197998
0.065,unsat,3410.3006892204285
0.063,cancelled,3406.9445576667786
0.107,sat,32.265658140182495
0.085,sat,21.79107975959778
0.08700000000000001,cancelled,61.994659662246704
0.07100000000000001,sat,66.79028272628784
0.077,cancelled,71.34351205825806
0.069,sat,2504.4467182159424
0.067,unsat,2765.271894454956
