epsilon,result,runtime
0.265,sat,9.249881505966187
0.133,sat,94.6792688369751
0.131,sat,2644.717921972275
0.065,unsat,3352.9497418403625
0.063,cancelled,794.6911814212799
0.08700000000000001,unsat,3174.740481376648
0.107,unsat,3314.3131461143494
0.11900000000000001,unsat,3099.1158719062805
0.109,cancelled,3242.9627056121826
0.125,unsat,3230.440297603607
0.123,cancelled,3234.3562576770782
0.129,unsat,3189.65690946579
0.127,cancelled,3193.556684732437
