epsilon,result,runtime
0.133,sat,7.528306484222412
0.265,cancelled,11.27649450302124
0.265,sat,7.526230573654175
0.08700000000000001,sat,7.508358001708984
0.041,unsat,3262.4696016311646
0.065,sat,4.3053154945373535
0.043000000000000003,unsat,3371.9297609329224
0.053000000000000005,unsat,3273.6119887828827
0.059000000000000004,sat,21.987957000732422
0.057,sat,39.339173316955566
0.055,unsat,3253.6813926696777
