epsilon,result,runtime
0.133,sat,3.8076601028442383
0.265,cancelled,6.856682777404785
0.08700000000000001,sat,4.027126789093018
0.043000000000000003,unsat,3362.353655099869
0.041,cancelled,3358.590437412262
0.057,unsat,3274.261953830719
0.07100000000000001,unsat,3280.097585439682
0.079,sat,6.893119812011719
0.075,sat,102.13378620147705
0.07300000000000001,unsat,3564.25506567955
