epsilon,result,runtime
0.265,sat,7.681037187576294
0.133,sat,26.77949285507202
0.131,sat,19.63177227973938
0.063,unsat,3269.725841283798
0.097,sat,44.74467706680298
0.065,unsat,3503.8274796009064
0.079,unsat,3267.569439649582
0.081,unsat,3493.4038360118866
0.089,sat,2112.767243385315
0.08700000000000001,sat,3210.0118486881256
0.083,unsat,3529.856427669525
0.085,sat,2456.2688567638397
