epsilon,result,runtime
0.133,sat,4.925217390060425
0.265,cancelled,7.951959848403931
0.043000000000000003,sat,8.769350290298462
0.08700000000000001,cancelled,11.582716464996338
0.013000000000000001,unsat,3.6606943607330322
0.027000000000000003,unsat,3175.22417140007
0.029,unsat,3551.360957145691
0.035,unsat,3437.8341166973114
0.037000000000000005,unsat,3321.0187537670135
0.039,unsat,2911.8223967552185
0.041,unsat,3554.652138233185
