epsilon,result,runtime
0.265,sat,3.098353385925293
0.133,sat,3.4877712726593018
0.131,sat,6.0427405834198
0.065,sat,272.6330873966217
0.063,sat,313.5396845340729
0.031,unsat,3035.695033311844
0.029,cancelled,2989.7267668247223
0.041,unsat,3366.0381319522858
0.051000000000000004,unsat,3398.8388588428497
0.057,unsat,3314.130507707596
0.053000000000000005,cancelled,3350.4892716407776
0.061,sat,470.43849897384644
0.059000000000000004,unsat,3563.657641172409
