epsilon,result,runtime
0.265,sat,3.6498589515686035
0.133,sat,4.145715951919556
0.131,sat,3.727090358734131
0.065,sat,4.052381992340088
0.063,sat,1.8203730583190918
0.031,sat,3.6288466453552246
0.029,sat,1.1326756477355957
0.015,unsat,3295.2582261562347
0.013000000000000001,cancelled,3299.9724593162537
0.019000000000000003,sat,7.275053977966309
0.023,cancelled,10.690664768218994
0.017,sat,7.32707142829895
