epsilon,result,runtime
0.133,sat,12.965494632720947
0.265,cancelled,16.58368945121765
0.043000000000000003,unsat,3284.45054602623
0.08700000000000001,unsat,3409.7795629501343
0.111,sat,19.069721460342407
0.099,sat,18.155956745147705
0.093,sat,697.0039126873016
0.091,sat,2031.2314186096191
0.089,sat,2917.9478628635406
