epsilon,result,runtime
0.265,sat,4.297370195388794
0.133,sat,4.405925512313843
0.131,sat,4.10590124130249
0.065,sat,4.326583385467529
0.063,sat,16.632628440856934
0.031,unsat,3424.0919075012207
0.029,cancelled,3408.013990879059
0.041,unsat,3213.9745440483093
0.051000000000000004,unsat,3532.160750389099
0.053000000000000005,unsat,3211.2886250019073
0.057,unsat,3351.08082985878
0.059000000000000004,unsat,3501.574832201004
0.061,sat,3057.5725586414337
