epsilon,result,runtime
0.265,sat,3.477534294128418
0.133,sat,5.456972360610962
0.131,sat,2.0018177032470703
0.063,unsat,2366.544155359268
0.065,unsat,3466.8927879333496
0.097,unsat,3322.1984584331512
0.115,sat,29.364458560943604
0.107,sat,247.28411483764648
0.099,unsat,3435.285224676132
0.10300000000000001,sat,964.4867827892303
0.101,sat,1464.0815880298615
