epsilon,result,runtime
0.265,sat,6.607590675354004
0.133,sat,8.846982955932617
0.065,sat,5.083310127258301
0.131,cancelled,10.514819622039795
0.021,unsat,7.0592474937438965
0.041,unsat,3216.4541535377502
0.043000000000000003,unsat,3355.5359721183777
0.055,sat,54.35900688171387
0.053000000000000005,sat,314.28652572631836
0.047,unsat,3286.934412240982
0.049,unsat,3189.4189817905426
0.051000000000000004,error,948.053496837616
