epsilon,result,runtime
0.265,sat,7.531516075134277
0.133,sat,8.701558351516724
0.131,sat,8.540251731872559
0.065,sat,8.487753868103027
0.063,sat,8.35418438911438
0.031,unsat,3053.5716116428375
0.029,cancelled,3047.1370730400085
0.041,unsat,3220.832861185074
0.051000000000000004,unsat,3502.9268548488617
0.053000000000000005,unsat,3374.000013113022
0.057,unsat,3254.381991624832
0.061,sat,65.27914524078369
0.059000000000000004,timeout,3600
