epsilon,result,runtime
0.133,sat,12.867127656936646
0.265,cancelled,15.795499801635742
0.043000000000000003,unsat,3287.9493474960327
0.08700000000000001,unsat,3537.893245458603
0.111,sat,64.67443251609802
0.089,unsat,3281.0605130195618
0.099,unsat,3477.51042509079
0.10500000000000001,sat,674.827296257019
0.10300000000000001,sat,298.9025275707245
0.101,error,2368.470021724701
