epsilon,result,runtime
0.265,sat,6.4791460037231445
0.133,sat,15.04831862449646
0.131,sat,8.220836877822876
0.063,unsat,3133.55273938179
0.097,sat,17.688352584838867
0.081,sat,53.33839511871338
0.065,unsat,3215.456086397171
0.07300000000000001,unsat,3029.7790105342865
0.07100000000000001,cancelled,3032.5448179244995
0.075,unsat,3095.057755470276
0.077,unsat,3300.419977426529
0.079,unsat,3478.508277654648
