epsilon,result,runtime
0.265,sat,12.607139825820923
0.133,sat,28.29107117652893
0.131,sat,28.43494439125061
0.065,sat,154.86897230148315
0.063,sat,618.8912110328674
0.031,unsat,3397.0213689804077
0.029,cancelled,2920.848942756653
0.041,unsat,3334.5943121910095
0.051000000000000004,unsat,3460.3696477413177
0.057,unsat,3305.4551842212677
0.053000000000000005,cancelled,3434.5228731632233
0.059000000000000004,unsat,3527.788974761963
0.061,unsat,3530.6522092819214
