epsilon,result,runtime
0.133,sat,7.3238584995269775
0.265,cancelled,10.67711091041565
0.08700000000000001,sat,13.14490556716919
0.041,unsat,5.464066028594971
0.065,unsat,3209.6683478355408
0.043000000000000003,cancelled,3240.0439200401306
0.079,sat,46.02284908294678
0.07100000000000001,unsat,3195.639221429825
0.07300000000000001,unsat,3513.442884683609
0.075,unsat,3471.263026237488
0.077,unsat,3550.1432251930237
