epsilon,result,runtime
0.265,sat,3.522827386856079
0.133,sat,3.948840379714966
0.131,sat,3.4136016368865967
0.065,sat,3.7699036598205566
0.063,sat,3.6784732341766357
0.031,unsat,3297.6812212467194
0.029,cancelled,3295.1356093883514
0.051000000000000004,sat,7.431082010269165
0.039,unsat,2648.7850828170776
0.041,unsat,3288.558629512787
0.047,sat,25.919286727905273
0.045,unsat,3238.5371227264404
0.043000000000000003,cancelled,2584.4178223609924
