epsilon,result,runtime
0.133,sat,7.3403918743133545
0.265,cancelled,10.698086977005005
0.08700000000000001,sat,31.499591827392578
0.041,unsat,3191.3266525268555
0.043000000000000003,unsat,3492.305551290512
0.065,unsat,3423.526301383972
0.063,cancelled,3161.6687548160553
0.079,unsat,3294.086821079254
0.07300000000000001,cancelled,3297.7442643642426
0.083,sat,65.40793013572693
0.081,unsat,3593.295912027359
