epsilon,result,runtime
0.265,sat,3.3514955043792725
0.133,sat,3.45467209815979
0.131,sat,3.0720643997192383
0.065,sat,2.981430768966675
0.063,sat,3.640720844268799
0.031,sat,4.022020101547241
0.029,sat,3.406520366668701
0.013000000000000001,unsat,3352.3320689201355
0.021,sat,4.3284382820129395
0.015,unsat,3356.3519616127014
0.019000000000000003,sat,4.795596599578857
0.017,sat,10.823144674301147
