epsilon,result,runtime
0.133,sat,5.241011381149292
0.265,cancelled,8.578811645507812
0.08700000000000001,sat,4.3803722858428955
0.043000000000000003,unsat,3194.1585512161255
0.041,cancelled,3190.057723045349
0.07100000000000001,sat,7.411969184875488
0.057,sat,7.4860217571258545
0.055,sat,7.43770956993103
0.049,sat,48.82423377037048
0.047,unsat,3418.984151363373
0.045,cancelled,3381.2595703601837
