epsilon,result,runtime
0.265,sat,3.1543617248535156
0.133,sat,3.6015443801879883
0.131,sat,2.610222816467285
0.065,sat,2.613191843032837
0.063,sat,2.7691898345947266
0.031,unsat,3191.8730387687683
0.029,cancelled,3189.706812620163
0.051000000000000004,sat,6.021535158157349
0.041,sat,6.048720359802246
0.039,sat,5.949352979660034
0.035,sat,21.89741563796997
0.033,sat,20.808095455169678
