epsilon,result,runtime
0.265,sat,3.3505029678344727
0.133,sat,3.4280011653900146
0.131,sat,4.297785997390747
0.065,sat,4.3910322189331055
0.063,sat,3.9462013244628906
0.031,sat,4.236282587051392
0.029,sat,3.340545654296875
0.013000000000000001,unsat,3206.3561460971832
0.021,sat,54.56654167175293
0.015,unsat,3475.5430607795715
0.017,unsat,3300.4482395648956
0.019000000000000003,unsat,3579.299112558365
