epsilon,result,runtime
0.133,sat,4.220701217651367
0.265,cancelled,7.0235755443573
0.08700000000000001,sat,7.544583082199097
0.043000000000000003,unsat,3305.4343090057373
0.041,cancelled,3297.9535133838654
0.07100000000000001,sat,12.818604946136475
0.055,sat,12.871483564376831
0.057,cancelled,33.29474687576294
0.047,sat,429.18731808662415
0.049,cancelled,432.86714243888855
0.045,sat,607.1032047271729
