epsilon,result,runtime
0.133,sat,4.3726372718811035
0.265,sat,4.416804313659668
0.265,cancelled,7.175876617431641
0.08700000000000001,sat,4.231137037277222
0.041,unsat,3350.860189437866
0.043000000000000003,unsat,3360.15452504158
0.065,sat,131.44511318206787
0.063,unsat,3383.5248489379883
0.053000000000000005,cancelled,3254.288295030594
