epsilon,result,runtime
0.265,sat,3.5715737342834473
0.133,sat,41.57962131500244
0.131,sat,49.18657064437866
0.065,unsat,3315.1320090293884
0.063,cancelled,3303.8415851593018
0.107,unsat,3216.852176427841
0.08700000000000001,cancelled,3220.294199705124
0.121,sat,1765.8430185317993
0.115,unsat,3250.8740816116333
0.113,cancelled,1485.179919719696
0.117,sat,618.2741749286652
0.11900000000000001,cancelled,621.9224281311035
