epsilon,result,runtime
0.265,sat,3.564404010772705
0.133,sat,4.0284740924835205
0.131,sat,1.884817123413086
0.065,sat,3.342313289642334
0.063,sat,5.10868501663208
0.031,unsat,3359.1951355934143
0.029,cancelled,3355.9899768829346
0.051000000000000004,sat,21.80696201324463
0.041,sat,70.70056200027466
0.039,sat,217.78082156181335
0.033,unsat,3242.213578224182
0.035,unsat,3550.308832883835
0.037000000000000005,unsat,3566.604814529419
