epsilon,result,runtime
0.133,sat,9.790196657180786
0.265,cancelled,12.962554216384888
0.08700000000000001,unsat,3189.3637647628784
0.043000000000000003,cancelled,3192.391191959381
0.117,sat,92.40671849250793
0.10300000000000001,unsat,3534.3550338745117
0.101,cancelled,3442.138022661209
0.111,unsat,3356.041583776474
0.107,cancelled,3359.7838010787964
0.115,sat,154.9890661239624
0.113,sat,244.32542395591736
