epsilon,result,runtime
0.265,sat,4.119267225265503
0.133,sat,5.97791314125061
0.131,sat,4.146941661834717
0.065,sat,10.596526861190796
0.063,sat,7.943874359130859
0.031,unsat,3506.3720965385437
0.029,cancelled,3507.103264093399
0.051000000000000004,sat,78.57824492454529
0.039,unsat,3241.060831785202
0.041,unsat,3439.5608847141266
0.047,sat,184.63637828826904
0.045,unsat,3494.4713401794434
0.043000000000000003,cancelled,3195.0702929496765
