epsilon,result,runtime
0.133,sat,4.1458539962768555
0.265,cancelled,7.139807939529419
0.08700000000000001,sat,4.356754779815674
0.043000000000000003,unsat,3334.266896724701
0.041,cancelled,3330.1409447193146
0.07100000000000001,sat,12.965449094772339
0.055,unsat,3259.4358937740326
0.063,sat,7.330042123794556
0.057,unsat,3392.6027224063873
0.061,sat,6.051695108413696
0.059000000000000004,sat,211.7983536720276
