epsilon,result,runtime
0.265,sat,5.015101194381714
0.133,sat,5.052674055099487
0.131,sat,26.42451000213623
0.065,sat,83.85014510154724
0.063,sat,55.35996699333191
0.029,unsat,3163.770566225052
0.031,unsat,3447.7417607307434
0.047,unsat,3156.552651643753
0.045,cancelled,2877.938886165619
0.057,unsat,3226.310721874237
0.053000000000000005,cancelled,3230.048064470291
0.059000000000000004,unsat,3478.0316524505615
0.061,unsat,3509.720253944397
