epsilon,result,runtime
0.133,sat,4.353758811950684
0.265,cancelled,7.343263864517212
0.265,sat,4.28409481048584
0.08700000000000001,sat,4.050472736358643
0.043000000000000003,sat,123.83933544158936
0.041,unsat,3265.2803604602814
0.019000000000000003,cancelled,3148.7361178398132
