epsilon,result,runtime
0.133,sat,7.326507806777954
0.265,cancelled,10.586766481399536
0.265,sat,7.336233377456665
0.08700000000000001,sat,7.426917552947998
0.043000000000000003,unsat,3195.5325689315796
0.041,cancelled,3188.100613594055
0.057,sat,7.35072660446167
0.07100000000000001,cancelled,10.707391023635864
0.051000000000000004,sat,44.48209810256958
0.047,unsat,3305.861529111862
0.045,cancelled,3261.588886499405
0.049,sat,21.786599159240723
