epsilon,result,runtime
0.265,sat,4.46598744392395
0.133,sat,5.10060715675354
0.131,sat,8.30049443244934
0.065,sat,9.744269371032715
0.063,sat,14.833480596542358
0.031,unsat,3482.8338193893433
0.029,cancelled,3469.7751529216766
0.051000000000000004,sat,7.446508884429932
0.041,unsat,3286.589630842209
0.039,cancelled,3279.3011436462402
0.047,sat,62.16044640541077
0.045,unsat,3278.529979944229
0.043000000000000003,cancelled,3216.531985282898
