epsilon,result,runtime
0.265,sat,14.321759223937988
0.133,sat,50.86782145500183
0.131,sat,108.8313524723053
0.063,unsat,3198.1295771598816
0.065,unsat,3426.630462884903
0.097,unsat,3163.940277814865
0.099,unsat,3254.799186706543
0.115,sat,503.4910683631897
0.113,sat,532.0059151649475
0.10500000000000001,unsat,3018.236496925354
0.107,unsat,3026.54572725296
0.111,sat,111.94739985466003
0.109,sat,1422.7072625160217
