epsilon,result,runtime
0.133,sat,7.350566148757935
0.265,cancelled,10.91345739364624
0.08700000000000001,sat,36.932157039642334
0.041,unsat,3346.265456676483
0.043000000000000003,timeout,3600
0.065,unsat,3379.4400029182434
0.063,cancelled,3174.1028859615326
0.079,unsat,3358.8194818496704
0.07300000000000001,cancelled,3362.5866990089417
0.081,unsat,3374.9647719860077
0.085,sat,54.95770192146301
0.083,unsat,3436.4571783542633
