epsilon,result,runtime
0.265,sat,4.167345762252808
0.133,sat,4.18949294090271
0.131,sat,4.328573703765869
0.065,sat,5.700791120529175
0.063,sat,0.7816412448883057
0.029,unsat,3324.5641913414
0.031,unsat,3335.0997018814087
0.047,sat,113.21270966529846
0.045,sat,108.83791851997375
0.037000000000000005,unsat,3283.5639696121216
0.039,timeout,3600
0.043000000000000003,sat,806.2373564243317
0.041,sat,1254.817407131195
