epsilon,result,runtime
0.133,sat,7.36626124382019
0.265,cancelled,10.461489915847778
0.08700000000000001,sat,31.698816537857056
0.041,unsat,3232.1058444976807
0.043000000000000003,unsat,3454.6447319984436
0.065,unsat,3305.89053440094
0.063,cancelled,3123.46875667572
0.07300000000000001,unsat,3451.596872329712
0.079,unsat,3533.9690902233124
0.083,sat,60.835389375686646
0.081,unsat,3562.6854333877563
