epsilon,result,runtime
0.133,sat,4.391318321228027
0.265,cancelled,7.13778281211853
0.265,sat,4.430286407470703
0.08700000000000001,unsat,3259.4814393520355
0.043000000000000003,cancelled,3262.3752772808075
0.117,sat,63.927144289016724
0.101,unsat,3258.051358938217
0.10300000000000001,unsat,3393.777910709381
0.111,sat,284.69720935821533
0.109,unsat,3345.266909122467
0.10500000000000001,cancelled,2993.3483979701996
