epsilon,result,runtime
0.265,sat,13.912248134613037
0.133,sat,35.354042768478394
0.131,sat,21.111530542373657
0.063,unsat,3326.3336341381073
0.097,sat,40.809253215789795
0.065,unsat,3425.070589542389
0.081,unsat,3250.1061911582947
0.079,cancelled,3202.811646461487
0.091,sat,3265.7739984989166
0.08700000000000001,unsat,3307.4503333568573
0.085,cancelled,41.65837812423706
0.089,unsat,3468.2191519737244
