epsilon,result,runtime
0.265,sat,3.4971296787261963
0.133,sat,4.83359169960022
0.131,sat,0.9050099849700928
0.065,sat,1.132077932357788
0.063,sat,11.974778175354004
0.029,unsat,3414.1782324314117
0.031,timeout,3600
0.047,sat,796.1248896121979
0.045,unsat,3366.9334263801575
0.037000000000000005,cancelled,2741.212774038315
