epsilon,result,runtime
0.133,sat,4.536033391952515
0.265,cancelled,7.539415597915649
0.08700000000000001,sat,4.408400535583496
0.041,unsat,3209.6608407497406
0.065,sat,14.538405418395996
0.043000000000000003,unsat,3492.777116060257
0.053000000000000005,unsat,3246.5098819732666
0.055,unsat,3090.956181049347
0.061,sat,521.9940319061279
0.059000000000000004,unsat,3514.078861951828
0.057,cancelled,2890.0729134082794
