epsilon,result,runtime
0.265,sat,4.406940937042236
0.133,sat,29.073494911193848
0.131,sat,31.173861980438232
0.063,unsat,3479.3021318912506
0.065,timeout,3600
0.099,unsat,3407.182827234268
0.097,cancelled,3520.7222485542297
0.11900000000000001,unsat,3324.738702058792
0.109,cancelled,3328.3022050857544
0.125,sat,478.8835406303406
0.123,sat,2176.50799703598
0.121,sat,1854.940997838974
