epsilon,result,runtime
0.265,sat,4.543158054351807
0.133,unsat,3529.32350564003
0.131,cancelled,3524.909369945526
0.219,sat,6.8623902797698975
0.177,sat,9.609302759170532
0.17500000000000002,sat,19.75880217552185
0.153,unsat,3336.166195631027
0.155,unsat,3366.302992582321
0.165,sat,2215.2939438819885
0.163,unsat,3500.309634447098
0.159,cancelled,1334.912155866623
