epsilon,result,runtime
0.265,sat,4.018425464630127
0.133,sat,19.08137583732605
0.131,sat,19.325706720352173
0.063,unsat,3277.961046218872
0.097,sat,69.57407212257385
0.065,unsat,3532.6667120456696
0.081,unsat,3546.551104784012
0.079,cancelled,3376.5378313064575
0.091,sat,1708.4762978553772
0.08700000000000001,unsat,3281.8516602516174
0.085,cancelled,1573.4697663784027
0.089,sat,2821.597540140152
