epsilon,result,runtime
0.265,sat,4.819752931594849
0.133,sat,5.369747161865234
0.131,sat,5.490481853485107
0.063,unsat,3051.79403924942
0.097,sat,17.190511465072632
0.081,sat,41.35480618476868
0.065,unsat,3406.7837812900543
0.07300000000000001,unsat,3286.0601830482483
0.07100000000000001,cancelled,3009.565348148346
0.077,sat,53.150986194610596
0.075,sat,56.89615201950073
