epsilon,result,runtime
0.265,sat,3.415252685546875
0.133,sat,3.7660183906555176
0.131,sat,5.008792877197266
0.065,sat,5.760146379470825
0.063,sat,4.9857282638549805
0.029,unsat,3486.313358783722
0.031,unsat,3495.3961765766144
0.047,sat,15.397538661956787
0.045,sat,15.769201040267944
0.039,sat,31.799258947372437
0.037000000000000005,sat,35.14364266395569
0.035,sat,86.31913805007935
0.033,unsat,3578.1797013282776
