epsilon,result,runtime
0.265,sat,3.473518133163452
0.133,sat,3.956458806991577
0.131,sat,3.6706502437591553
0.065,sat,3.6934986114501953
0.063,sat,3.0477774143218994
0.031,unsat,3300.6784245967865
0.029,cancelled,3298.070911169052
0.051000000000000004,sat,63.858938694000244
0.041,unsat,3485.505557537079
0.039,cancelled,3421.721163034439
0.047,sat,133.09517884254456
0.045,sat,149.21612119674683
0.043000000000000003,sat,86.67977023124695
