epsilon,result,runtime
0.133,sat,4.468217611312866
0.265,cancelled,7.5021889209747314
0.043000000000000003,unsat,3235.7834486961365
0.08700000000000001,unsat,3327.946340560913
0.111,sat,4.296059608459473
0.099,sat,4.237237930297852
0.093,sat,68.15163779258728
0.091,sat,119.31512808799744
0.089,sat,322.0795693397522
