epsilon,result,runtime
0.133,sat,7.453648567199707
0.265,cancelled,10.960385799407959
0.08700000000000001,sat,38.50602436065674
0.041,unsat,3271.0533583164215
0.043000000000000003,unsat,3467.8348343372345
0.065,unsat,3247.227405309677
0.063,cancelled,3096.1932129859924
0.079,unsat,3282.810513973236
0.07300000000000001,cancelled,3286.539038181305
0.083,sat,1052.4680693149567
0.081,unsat,3587.8704574108124
