epsilon,result,runtime
0.133,sat,4.682693719863892
0.265,cancelled,7.646961450576782
0.08700000000000001,sat,4.259415149688721
0.041,unsat,3093.588432788849
0.065,sat,4.873181343078613
0.043000000000000003,unsat,3276.725833415985
0.053000000000000005,unsat,3252.7815861701965
0.059000000000000004,sat,23.815807104110718
0.057,sat,73.47107863426208
0.055,unsat,3587.4456474781036
