epsilon,result,runtime
0.265,sat,3.429607391357422
0.133,sat,3.8682005405426025
0.131,sat,3.168212413787842
0.065,sat,3.838688611984253
0.063,sat,1.8484351634979248
0.029,unsat,3348.6979188919067
0.047,sat,4.24610710144043
0.031,unsat,3459.632791519165
0.039,unsat,3421.7846500873566
0.037000000000000005,cancelled,3325.586253643036
0.043000000000000003,sat,49.14979934692383
0.041,error,1076.3938462734222
