epsilon,result,runtime
0.265,sat,4.343780755996704
0.133,sat,11.236106395721436
0.131,sat,15.309006452560425
0.063,unsat,3334.03341960907
0.065,unsat,3475.9021692276
0.097,unsat,3305.7063834667206
0.099,unsat,3522.953209400177
0.115,unsat,3302.034567117691
0.113,cancelled,2958.4951696395874
0.121,unsat,3462.738929748535
0.125,unsat,3475.730493068695
0.129,sat,839.253054857254
0.127,unsat,3556.968348503113
