epsilon,result,runtime
0.265,sat,4.104890584945679
0.133,sat,8.11988353729248
0.131,sat,6.547195672988892
0.065,unsat,3306.6532430648804
0.063,cancelled,3304.3663733005524
0.107,sat,31.81908106803894
0.08700000000000001,unsat,3354.872930765152
0.085,cancelled,3323.1948478221893
0.099,sat,1545.1412200927734
0.093,unsat,3335.3932235240936
0.091,cancelled,1790.3862121105194
0.097,sat,2173.6393678188324
0.095,sat,2708.8271164894104
