epsilon,result,runtime
0.265,sat,3.456972360610962
0.133,sat,5.436330080032349
0.131,sat,1.7821497917175293
0.063,unsat,3304.567893266678
0.097,sat,7.159731388092041
0.081,sat,19.67133092880249
0.065,unsat,3455.4519062042236
0.07100000000000001,unsat,3341.3307530879974
0.07300000000000001,unsat,3469.7932438850403
0.077,sat,88.24490785598755
0.075,sat,142.38780546188354
