epsilon,result,runtime
0.265,sat,3.4347481727600098
0.133,sat,6.433015823364258
0.131,sat,27.56792449951172
0.065,unsat,2328.582811832428
0.063,cancelled,2304.32692694664
0.107,sat,805.8653087615967
0.08700000000000001,unsat,3302.1848092079163
0.085,cancelled,2496.5329415798187
0.093,unsat,3243.6140201091766
0.099,unsat,3519.9076364040375
0.101,unsat,3272.794978618622
0.10300000000000001,unsat,3340.0366971492767
0.10500000000000001,sat,401.71068477630615
