epsilon,result,runtime
0.265,sat,7.15258526802063
0.133,sat,8.295307874679565
0.131,sat,8.3081374168396
0.063,unsat,3569.201786994934
0.065,timeout,3600
0.099,sat,25.649539709091187
0.097,sat,275.2379791736603
0.081,unsat,3249.552173614502
0.079,cancelled,3020.8433022499084
0.091,unsat,3312.827716112137
0.08700000000000001,cancelled,3316.69451379776
0.095,sat,336.2113723754883
0.093,unsat,3407.2830259799957
