epsilon,result,runtime
0.133,sat,4.553701162338257
0.265,cancelled,7.565674066543579
0.08700000000000001,sat,3255.673148393631
0.043000000000000003,timeout,3600
0.041,unsat,3494.3612184524536
0.045,unsat,3340.3491373062134
0.065,unsat,3438.2966310977936
0.067,unsat,3320.3465263843536
0.075,unsat,3342.4275228977203
0.077,unsat,3458.837660551071
0.081,unsat,3305.0011184215546
0.083,unsat,3498.46657037735
0.085,unsat,3551.449939250946
