epsilon,result,runtime
0.133,sat,7.763281583786011
0.265,cancelled,10.752079963684082
0.043000000000000003,sat,5.538401126861572
0.08700000000000001,cancelled,8.333710670471191
0.013000000000000001,unsat,19.032663106918335
0.029,sat,61.858214378356934
0.027000000000000003,unsat,3386.867598056793
0.019000000000000003,cancelled,3302.646738767624
