epsilon,result,runtime
0.133,sat,3.456346273422241
0.265,cancelled,6.534135341644287
0.08700000000000001,sat,3.2818756103515625
0.043000000000000003,sat,3.392404317855835
0.041,sat,3.5273637771606445
0.019000000000000003,sat,3.597069501876831
0.021,cancelled,0.13615846633911133
0.011,sat,5.911257266998291
0.005,sat,6.371472120285034
0.001,unsat,3.4555647373199463
0.003,sat,4.005521297454834
