epsilon,result,runtime
0.265,sat,3.471421957015991
0.133,sat,4.1500465869903564
0.131,sat,6.199219226837158
0.065,sat,6.109414100646973
0.063,sat,27.652657508850098
0.031,unsat,3321.3707394599915
0.029,cancelled,3294.4816541671753
0.051000000000000004,unsat,3478.526267051697
0.041,cancelled,3482.428238630295
0.055,unsat,3340.261039495468
0.057,timeout,3600
0.061,sat,112.19071745872498
0.059000000000000004,sat,436.61608695983887
