epsilon,result,runtime
0.265,sat,6.181217670440674
0.133,sat,6.619621992111206
0.131,sat,6.599424600601196
0.063,unsat,3315.6054861545563
0.065,unsat,3327.6506884098053
0.097,sat,2.01930570602417
0.099,cancelled,2.5173287391662598
0.085,sat,3271.9899179935455
0.075,unsat,3315.8737041950226
0.07300000000000001,cancelled,43.861021280288696
0.079,unsat,3297.180349111557
0.081,unsat,3533.912018060684
0.083,sat,396.3153655529022
