epsilon,result,runtime
0.265,sat,9.36712098121643
0.133,sat,16.88074541091919
0.131,sat,7.123279094696045
0.065,unsat,3343.855354309082
0.063,cancelled,3344.2437579631805
0.107,sat,57.610196113586426
0.085,unsat,3119.2721903324127
0.08700000000000001,unsat,3222.732914686203
0.097,sat,104.87586331367493
0.095,sat,503.6084084510803
0.091,timeout,3600
0.089,unsat,3189.035078525543
0.093,sat,2617.4714126586914
