epsilon,result,runtime
0.265,sat,21.94222402572632
0.133,unsat,3274.637748479843
0.131,cancelled,3252.7638823986053
0.219,sat,21.53178334236145
0.17500000000000002,sat,452.2017152309418
0.177,cancelled,480.7297945022583
0.147,unsat,3441.3054156303406
0.159,unsat,3442.8157107830048
0.167,sat,1830.389366865158
0.161,unsat,3257.4886360168457
0.163,unsat,3351.155575275421
0.165,unsat,3555.573049068451
