epsilon,result,runtime
0.265,sat,4.98248291015625
0.133,sat,15.178659200668335
0.131,sat,14.994503736495972
0.063,unsat,3396.594375371933
0.065,unsat,3416.8949966430664
0.097,unsat,3071.355084657669
0.115,sat,28.751704216003418
0.107,sat,62.87781548500061
0.099,unsat,3236.720098733902
0.10300000000000001,sat,86.8106939792633
0.101,sat,1101.6681485176086
