epsilon,result,runtime
0.133,sat,7.4983625411987305
0.265,cancelled,10.751949310302734
0.08700000000000001,unsat,3242.6140983104706
0.043000000000000003,cancelled,3246.545909643173
0.117,sat,47.22505807876587
0.10300000000000001,unsat,3342.1025636196136
0.101,cancelled,3294.978113889694
0.111,sat,253.61530327796936
0.107,sat,3013.765416622162
0.10500000000000001,unsat,3559.3628673553467
