epsilon,result,runtime
0.133,sat,3.3414580821990967
0.265,cancelled,6.398312568664551
0.08700000000000001,sat,7.69696831703186
0.043000000000000003,unsat,3472.965548992157
0.041,cancelled,3465.425169944763
0.07100000000000001,sat,12.98465609550476
0.055,sat,283.1513855457306
0.057,cancelled,303.75798201560974
0.049,unsat,3219.960087776184
0.047,cancelled,3223.4824092388153
0.053000000000000005,unsat,3388.384056329727
0.051000000000000004,cancelled,3391.975105524063
