epsilon,result,runtime
0.133,sat,16.192533254623413
0.265,cancelled,19.750869274139404
0.043000000000000003,unsat,126.4403965473175
0.08700000000000001,unsat,3594.006026506424
0.089,unsat,3465.439374446869
0.111,sat,15.002956867218018
0.109,sat,15.152509927749634
0.099,sat,51.67487597465515
0.097,sat,424.30220198631287
0.093,unsat,3439.0566453933716
0.091,cancelled,3066.9430923461914
0.095,sat,279.73755836486816
