epsilon,result,runtime
0.133,sat,6.06537652015686
0.265,cancelled,9.046538352966309
0.265,sat,6.134895086288452
0.08700000000000001,sat,10.702889919281006
0.043000000000000003,unsat,3140.035298347473
0.041,cancelled,3129.389680624008
0.07100000000000001,sat,1303.606464624405
0.057,unsat,3308.6507143974304
0.055,cancelled,2005.132170200348
0.061,unsat,3185.3782982826233
0.065,unsat,3360.624964952469
0.067,unsat,3125.801702976227
0.069,unsat,3487.319114923477
