epsilon,result,runtime
0.133,sat,6.6970603466033936
0.265,cancelled,9.737955093383789
0.08700000000000001,unsat,3458.508500099182
0.043000000000000003,cancelled,3461.467852830887
0.117,sat,7.3953635692596436
0.10300000000000001,sat,11.02222228050232
0.101,sat,14.243870496749878
0.095,sat,33.26808500289917
0.093,sat,55.42850589752197
0.091,sat,154.9100902080536
0.089,sat,232.48264718055725
