epsilon,result,runtime
0.265,sat,4.940710783004761
0.133,sat,5.592206001281738
0.131,sat,5.369909763336182
0.065,sat,5.338926315307617
0.063,sat,5.115886926651001
0.031,sat,5.099973201751709
0.029,sat,5.38106632232666
0.013000000000000001,sat,5.151551008224487
0.015,cancelled,1.0200774669647217
0.007,sat,8.207579612731934
0.001,unsat,4.658698320388794
0.005,sat,9.357098817825317
0.003,unsat,29.587404251098633
