epsilon,result,runtime
0.265,sat,6.564021825790405
0.133,sat,7.07076358795166
0.131,sat,11.917368650436401
0.063,unsat,3324.956514596939
0.065,unsat,3464.6076877117157
0.099,sat,1822.122252702713
0.097,unsat,3409.4057071208954
0.081,cancelled,1462.8244860172272
