epsilon,result,runtime
0.265,sat,4.789692640304565
0.133,sat,10.711517333984375
0.131,sat,17.882030725479126
0.065,unsat,3481.30485868454
0.063,cancelled,3469.382402420044
0.107,sat,207.71733260154724
0.08700000000000001,unsat,3292.712019443512
0.085,cancelled,3085.133754491806
0.093,unsat,3251.709289073944
0.099,unsat,3524.177663564682
0.10300000000000001,sat,2569.8268342018127
0.101,sat,2891.1593902111053
