epsilon,result,runtime
0.265,sat,11.061521053314209
0.133,sat,12.77314829826355
0.131,sat,3.145930528640747
0.063,unsat,3232.566304206848
0.065,unsat,3355.3744118213654
0.097,unsat,3346.639624595642
0.099,unsat,3312.0817120075226
0.115,unsat,3228.870033979416
0.113,cancelled,3148.4991207122803
0.125,sat,103.99420523643494
0.11900000000000001,sat,110.95636010169983
0.121,cancelled,223.0213942527771
0.117,sat,374.61361360549927
