epsilon,result,runtime
0.265,sat,3.504549264907837
0.133,sat,3.8260622024536133
0.065,sat,3.70984148979187
0.131,cancelled,6.781648874282837
0.021,unsat,3509.5600640773773
0.041,unsat,3548.750658750534
0.053000000000000005,sat,88.19168186187744
0.043000000000000003,unsat,3190.92027926445
0.047,unsat,3536.974462032318
0.049,unsat,3320.585369348526
0.051000000000000004,sat,3417.654285669327
