epsilon,result,runtime
0.265,sat,3.120710849761963
0.133,sat,4.918556213378906
0.131,sat,14.299290657043457
0.065,unsat,3315.6769123077393
0.063,cancelled,3303.396357536316
0.107,unsat,3193.5817811489105
0.08700000000000001,cancelled,3197.1715199947357
0.121,sat,348.50073862075806
0.115,unsat,3207.7558031082153
0.113,cancelled,2859.376472711563
0.117,sat,477.21232771873474
0.11900000000000001,cancelled,480.75887155532837
