epsilon,result,runtime
0.265,sat,6.053965091705322
0.133,sat,10.599744319915771
0.131,sat,13.744637966156006
0.063,unsat,3246.6169657707214
0.065,unsat,3398.894101381302
0.099,sat,54.74291658401489
0.097,sat,632.1782147884369
0.081,unsat,3323.3436439037323
0.079,cancelled,2888.9215829372406
0.091,unsat,3191.9206721782684
0.08700000000000001,cancelled,3195.592602491379
0.093,unsat,3172.8729791641235
0.095,unsat,3188.8295061588287
