epsilon,result,runtime
0.133,sat,6.473737716674805
0.265,cancelled,9.621644496917725
0.08700000000000001,sat,7.564063787460327
0.043000000000000003,unsat,3200.9740290641785
0.041,cancelled,3193.5683217048645
0.07100000000000001,sat,7.445152997970581
0.057,unsat,3195.050100326538
0.055,cancelled,3187.812367916107
0.065,unsat,3382.9547834396362
0.061,cancelled,3386.512993335724
0.069,sat,34.9422881603241
0.067,sat,49.59116291999817
