epsilon,result,runtime
0.265,sat,10.977802038192749
0.133,sat,31.62982416152954
0.131,sat,20.8814058303833
0.063,unsat,3291.075846195221
0.065,unsat,3298.668785095215
0.099,unsat,3353.6624269485474
0.097,cancelled,3360.236854314804
0.11900000000000001,sat,45.64481997489929
0.109,unsat,3200.988030910492
0.107,cancelled,3155.3796951770782
0.115,sat,60.98991417884827
0.113,sat,1997.2541184425354
0.111,unsat,3545.827953338623
