epsilon,result,runtime
0.265,sat,7.30005145072937
0.133,sat,7.287500381469727
0.131,sat,7.2699151039123535
0.063,unsat,3257.1700146198273
0.065,unsat,3461.8695690631866
0.097,unsat,3371.1618359088898
0.099,unsat,3503.24249124527
0.115,sat,787.6548116207123
0.113,unsat,3345.6458072662354
0.10500000000000001,cancelled,2884.142028093338
