epsilon,result,runtime
0.265,sat,7.382170915603638
0.133,sat,51.36034297943115
0.131,sat,232.96328353881836
0.065,unsat,3427.803905248642
0.063,cancelled,3238.50665807724
0.107,unsat,3395.6007874011993
0.08700000000000001,cancelled,3399.1710641384125
0.121,sat,2495.910138130188
0.115,unsat,3389.59526181221
0.113,cancelled,893.6648938655853
0.117,unsat,3290.347550392151
0.11900000000000001,unsat,3293.4519720077515
