epsilon,result,runtime
0.133,sat,7.349601984024048
0.265,cancelled,10.71591854095459
0.08700000000000001,sat,7.388162136077881
0.041,unsat,3375.8804018497467
0.065,sat,3.046809673309326
0.043000000000000003,timeout,3600
0.055,sat,2666.5465652942657
0.053000000000000005,unsat,3493.26033616066
0.047,cancelled,622.3087348937988
