epsilon,result,runtime
0.265,sat,7.1601550579071045
0.133,unsat,3324.2400794029236
0.131,cancelled,3317.1242656707764
0.177,sat,7.388231039047241
0.219,cancelled,10.648094415664673
0.161,sat,784.7248964309692
0.147,unsat,3049.121586561203
0.14500000000000002,cancelled,2264.482926607132
0.155,unsat,3451.2780838012695
0.151,cancelled,3455.2956523895264
0.159,sat,889.8538632392883
0.157,unsat,3589.5934479236603
