epsilon,result,runtime
0.265,sat,6.055307865142822
0.133,sat,6.516088247299194
0.131,sat,3.905099630355835
0.065,sat,3.863888740539551
0.063,sat,4.0145580768585205
0.031,unsat,3212.6215901374817
0.029,cancelled,3209.078952550888
0.051000000000000004,sat,7.491201877593994
0.041,unsat,3215.8929283618927
0.039,cancelled,3208.4878289699554
0.045,sat,7.482530355453491
0.047,cancelled,10.990724802017212
0.043000000000000003,sat,484.1808440685272
