epsilon,result,runtime
0.265,sat,4.120018720626831
0.133,sat,4.194329023361206
0.131,sat,4.338072299957275
0.065,sat,4.684159517288208
0.031,sat,4.579370498657227
0.063,cancelled,7.742448091506958
0.009000000000000001,unsat,3.175736665725708
0.019000000000000003,unsat,3117.5250453948975
0.021,unsat,3308.268748521805
0.027000000000000003,sat,3.9070229530334473
0.025,unsat,3298.4329628944397
0.023,cancelled,3097.8223049640656
