epsilon,result,runtime
0.265,sat,6.133709669113159
0.133,sat,6.121398448944092
0.065,sat,5.928137302398682
0.131,cancelled,9.413042068481445
0.131,sat,6.034215688705444
0.041,sat,5.99481987953186
0.021,sat,6.999047756195068
0.009000000000000001,unsat,5.604655027389526
0.019000000000000003,sat,6.8912599086761475
0.015,unsat,3448.524445772171
0.013000000000000001,cancelled,3451.8203971385956
0.017,sat,40.10383677482605
