epsilon,result,runtime
0.265,sat,22.027787923812866
0.131,sat,339.7303373813629
0.133,cancelled,368.97110056877136
0.043000000000000003,unsat,7.60273814201355
0.085,unsat,3300.113578081131
0.08700000000000001,timeout,3600
0.109,timeout,3600
0.107,timeout,3600
0.111,unsat,3469.9047276973724
0.10500000000000001,cancelled,3168.12393951416
0.123,unsat,3394.1117763519287
0.117,cancelled,3397.750628709793
0.125,unsat,3235.6679627895355
0.127,unsat,3488.611867904663
0.129,unsat,3571.5819063186646
