epsilon,result,runtime
0.265,sat,3.329787492752075
0.133,sat,3.405764579772949
0.131,sat,3.5473480224609375
0.065,sat,5.6136314868927
0.063,sat,29.273672819137573
0.029,unsat,3353.119742155075
0.031,unsat,3472.1401460170746
0.047,unsat,3424.8311874866486
0.045,cancelled,3339.7827932834625
0.057,sat,35.10189199447632
0.053000000000000005,unsat,3372.8098497390747
0.051000000000000004,cancelled,3337.833649158478
0.055,sat,197.58440113067627
