epsilon,result,runtime
0.265,sat,3.6050193309783936
0.133,sat,4.023651838302612
0.131,sat,11.224002361297607
0.063,unsat,3249.138556957245
0.065,timeout,3600
0.097,unsat,3357.3311100006104
0.115,sat,17.545321464538574
0.099,unsat,3296.993798494339
0.107,sat,1922.315838098526
0.10500000000000001,timeout,3600
0.101,unsat,3019.2593710422516
0.10300000000000001,unsat,3587.567093372345
