epsilon,result,runtime
0.265,sat,9.07340383529663
0.131,sat,60.9056613445282
0.133,cancelled,77.9443871974945
0.043000000000000003,unsat,8.85761046409607
0.08700000000000001,unsat,3211.5765042304993
0.085,cancelled,3229.483994960785
0.101,unsat,3041.722836971283
0.115,unsat,3079.1277515888214
0.123,sat,1039.440268278122
0.117,sat,2622.901000022888
0.11900000000000001,cancelled,1546.7988340854645
