epsilon,result,runtime
0.265,sat,3.281773090362549
0.133,sat,5.007297515869141
0.131,sat,46.0085654258728
0.065,unsat,2339.8286843299866
0.063,cancelled,2295.7693243026733
0.107,sat,223.86740279197693
0.08700000000000001,sat,352.88885593414307
0.085,unsat,3318.4292137622833
0.075,cancelled,3194.4910485744476
