epsilon,result,runtime
0.265,sat,3.3700520992279053
0.133,sat,3.44327712059021
0.131,sat,3.3121697902679443
0.065,sat,3.415846586227417
0.063,sat,3.1594748497009277
0.031,sat,3.5410537719726562
0.029,sat,4.372816801071167
0.013000000000000001,sat,4.307539463043213
0.015,cancelled,0.39110827445983887
0.003,unsat,5.499567747116089
0.009000000000000001,sat,3.3347036838531494
0.005,unsat,2.89486026763916
0.007,unsat,24.73406219482422
