epsilon,result,runtime
0.265,sat,9.490010976791382
0.133,sat,9.519063472747803
0.065,sat,7.618924379348755
0.131,cancelled,11.096721887588501
0.021,unsat,6.964484214782715
0.041,unsat,3153.2178461551666
0.043000000000000003,timeout,3600
0.055,sat,33.073758363723755
0.053000000000000005,unsat,3452.3071813583374
0.047,cancelled,2964.746958255768
