epsilon,result,runtime
0.265,sat,7.505491495132446
0.131,sat,7.31605076789856
0.133,cancelled,22.36712908744812
0.085,sat,278.47496223449707
0.043000000000000003,unsat,3210.5754556655884
0.041,cancelled,2932.0069632530212
0.069,unsat,3240.0725259780884
0.057,cancelled,3243.792776107788
0.079,sat,3020.398935317993
0.075,unsat,3213.5496637821198
0.07300000000000001,cancelled,193.10257506370544
0.077,unsat,3570.1829385757446
