epsilon,result,runtime
0.265,sat,7.122762441635132
0.133,unsat,3265.2183854579926
0.131,cancelled,3258.2761285305023
0.219,sat,7.393610954284668
0.177,sat,7.363929748535156
0.17500000000000002,sat,7.4038214683532715
0.153,sat,31.765324592590332
0.155,cancelled,24.268906116485596
0.14500000000000002,sat,1515.3288629055023
0.139,sat,3149.2650446891785
0.137,unsat,3304.2178349494934
0.135,cancelled,1673.5875368118286
