epsilon,result,runtime
0.133,sat,11.354384422302246
0.265,cancelled,14.429323434829712
0.043000000000000003,unsat,3255.8371279239655
0.08700000000000001,unsat,3531.2904772758484
0.111,sat,19.436609268188477
0.089,unsat,3460.3426563739777
0.099,unsat,3258.6573271751404
0.10500000000000001,sat,2745.270847082138
0.101,unsat,3264.619130373001
0.10300000000000001,sat,422.4338665008545
