epsilon,result,runtime
0.265,sat,7.365750312805176
0.133,sat,19.86476707458496
0.131,sat,19.525901556015015
0.065,unsat,3315.7242937088013
0.063,cancelled,3308.8181993961334
0.08700000000000001,sat,7.818455219268799
0.107,cancelled,11.147494792938232
0.079,sat,37.03294229507446
0.07100000000000001,sat,35.767789125442505
0.07300000000000001,cancelled,80.23937273025513
0.067,unsat,3216.80854678154
0.069,unsat,3329.388518333435
