epsilon,result,runtime
0.133,sat,5.953098297119141
0.265,cancelled,9.506027698516846
0.043000000000000003,sat,7.359902620315552
0.08700000000000001,cancelled,10.381304502487183
0.027000000000000003,sat,7.43441367149353
0.011,unsat,3275.2897338867188
0.019000000000000003,sat,16.3999662399292
0.013000000000000001,timeout,3600
0.017,unsat,3201.3526480197906
0.015,cancelled,3497.1842246055603
