epsilon,result,runtime
0.133,sat,3.4580414295196533
0.265,cancelled,6.438734769821167
0.08700000000000001,sat,4.911296367645264
0.043000000000000003,sat,6.458618402481079
0.041,sat,9.007654666900635
0.021,unsat,3295.740484237671
0.019000000000000003,cancelled,3309.5761153697968
0.033,sat,73.49151110649109
0.027000000000000003,unsat,3329.3889491558075
0.025,cancelled,3256.0273292064667
0.031,sat,87.91462397575378
0.029,error,1605.7436428070068
