epsilon,result,runtime
0.133,sat,4.601605415344238
0.265,cancelled,9.1820707321167
0.08700000000000001,sat,6.132720708847046
0.043000000000000003,sat,7.696277856826782
0.019000000000000003,sat,4.563295125961304
0.041,cancelled,10.744391202926636
0.005,unsat,4.114627122879028
0.011,unsat,77.54933261871338
0.015,sat,5.4136552810668945
0.013000000000000001,unsat,3444.223760843277
