epsilon,result,runtime
0.265,sat,13.224350690841675
0.133,sat,75.60329556465149
0.131,sat,71.2139630317688
0.065,unsat,3037.111748933792
0.063,cancelled,3030.852219104767
0.107,sat,63.27835202217102
0.08700000000000001,sat,82.55916452407837
0.085,sat,58.35017013549805
0.075,timeout,3600
0.07300000000000001,timeout,3600
0.077,timeout,3600
0.07100000000000001,timeout,3600
0.069,unsat,2596.042593717575
0.079,unsat,2696.681665420532
0.083,sat,129.29684948921204
0.081,timeout,3600
