epsilon,result,runtime
0.265,sat,4.826221942901611
0.133,sat,6.4693763256073
0.131,sat,5.497349500656128
0.063,sat,8.947232007980347
0.065,cancelled,19.89329767227173
0.021,unsat,2.957751750946045
0.041,unsat,3494.2104098796844
0.043000000000000003,unsat,3530.3627331256866
0.053000000000000005,sat,1367.6108543872833
0.051000000000000004,unsat,3141.3649463653564
0.047,cancelled,1816.7005558013916
