epsilon,result,runtime
0.265,sat,33.32258057594299
0.133,sat,184.9033010005951
0.131,sat,181.03046107292175
0.063,unsat,2843.8858730793
0.065,unsat,3112.1247713565826
0.097,unsat,2626.996161222458
0.115,sat,166.6474142074585
0.107,sat,279.6882405281067
0.10300000000000001,sat,201.85839867591858
0.101,sat,334.7990026473999
0.099,timeout,3600
