epsilon,result,runtime
0.265,sat,10.016506910324097
0.133,sat,17.89834499359131
0.131,sat,18.535558462142944
0.065,sat,52.792747020721436
0.063,sat,51.359437465667725
0.029,unsat,3202.594010591507
0.031,unsat,3468.762897014618
0.045,sat,331.9076886177063
0.047,cancelled,589.9146287441254
0.035,unsat,3167.8632640838623
0.041,sat,299.2594304084778
0.039,timeout,3600
0.037000000000000005,timeout,3600
