epsilon,result,runtime
0.265,sat,26.63790988922119
0.133,sat,43.54392886161804
0.131,sat,42.96756052970886
0.065,sat,298.1579420566559
0.063,sat,367.5870819091797
0.031,unsat,3416.199786901474
0.029,cancelled,3321.301510810852
0.051000000000000004,sat,327.253214597702
0.039,unsat,2405.13653588295
0.041,unsat,3029.253704071045
0.047,sat,2280.8677191734314
0.045,timeout,3600
0.043000000000000003,unsat,2531.520827293396
