epsilon,result,runtime
0.265,sat,30.244074821472168
0.133,sat,67.29471516609192
0.131,sat,67.83964467048645
0.065,unsat,2526.477507829666
0.063,cancelled,2497.5575034618378
0.107,sat,76.65192008018494
0.08700000000000001,sat,91.13871502876282
0.085,sat,118.23664474487305
0.075,sat,112.64793086051941
0.069,sat,121.63242816925049
0.07300000000000001,cancelled,136.64146494865417
0.067,sat,113.83902955055237
