epsilon,result,runtime
0.265,sat,14.624029636383057
0.133,sat,53.10476994514465
0.131,sat,67.01279497146606
0.065,sat,118.85608410835266
0.063,sat,215.62568593025208
0.029,unsat,41.461779832839966
0.031,unsat,316.000638961792
0.047,timeout,3600
0.045,timeout,3600
0.043000000000000003,unsat,2299.536257505417
0.049,timeout,3600
0.055,unsat,2176.598275899887
0.057,unsat,3419.781541824341
0.059000000000000004,timeout,3600
0.061,unsat,3121.8767924308777
