epsilon,result,runtime
0.265,sat,3.002803325653076
0.133,sat,7.0502848625183105
0.131,sat,3.8197808265686035
0.063,unsat,2855.115688085556
0.097,sat,12.737049341201782
0.081,sat,27.63021755218506
0.065,timeout,3600
0.07300000000000001,sat,1471.5543744564056
0.07100000000000001,unsat,3372.7431576251984
0.067,cancelled,2595.618307352066
