epsilon,result,runtime
0.265,sat,6.650983095169067
0.133,sat,34.12151527404785
0.131,sat,44.305723905563354
0.065,unsat,3215.6213779449463
0.063,cancelled,3198.7009201049805
0.107,sat,68.9860200881958
0.08700000000000001,unsat,3396.8760693073273
0.085,cancelled,3327.9518489837646
0.099,sat,1215.7279546260834
0.093,timeout,3600
0.091,timeout,3600
0.095,timeout,3600
0.089,unsat,3134.9996724128723
0.097,timeout,3600
