epsilon,result,runtime
0.265,sat,6.514094352722168
0.133,sat,31.493430852890015
0.131,sat,30.222641706466675
0.065,unsat,3444.225977420807
0.063,cancelled,3438.7788400650024
0.107,sat,25.957322359085083
0.08700000000000001,sat,48.10923147201538
0.085,sat,68.32028317451477
0.07300000000000001,unsat,2911.878364801407
0.075,unsat,3150.629050731659
0.079,unsat,3344.2591257095337
0.083,sat,188.76781582832336
0.081,unsat,3354.4335548877716
