epsilon,result,runtime
0.265,sat,12.844244480133057
0.133,sat,64.30557250976562
0.131,sat,70.21108293533325
0.065,timeout,3600
0.063,timeout,3600
0.061,unsat,2378.090316057205
0.099,sat,88.89401602745056
0.067,unsat,2520.437905550003
0.083,timeout,3600
0.081,timeout,3600
0.085,timeout,3600
0.079,timeout,3600
0.077,unsat,2361.5813868045807
0.08700000000000001,timeout,3600
0.093,timeout,3600
0.095,sat,143.23508143424988
0.091,unsat,2615.1835055351257
0.089,cancelled,86.37722420692444
