epsilon,result,runtime
0.265,sat,31.497081756591797
0.133,sat,178.8036172389984
0.131,sat,181.94176626205444
0.063,unsat,2848.4265882968903
0.097,sat,145.68662238121033
0.065,unsat,3283.9277703762054
0.081,timeout,3600
0.079,timeout,3600
0.083,sat,217.15295147895813
0.077,timeout,3600
0.07100000000000001,timeout,3600
0.07300000000000001,unsat,2732.8002865314484
0.069,cancelled,2750.738719701767
0.075,unsat,3084.480566740036
