epsilon,result,runtime
0.265,sat,6.657416343688965
0.133,sat,34.045687675476074
0.131,sat,29.429921865463257
0.063,unsat,3162.623683691025
0.097,sat,32.96494698524475
0.065,unsat,3355.5020871162415
0.081,unsat,3122.6977603435516
0.079,cancelled,2981.5712809562683
0.091,unsat,3227.415868997574
0.08700000000000001,cancelled,3233.145934820175
0.095,sat,47.96419310569763
0.093,unsat,3562.879944086075
