epsilon,result,runtime
0.265,sat,8.152190685272217
0.133,sat,41.15895080566406
0.131,sat,40.989068269729614
0.065,unsat,3405.0773372650146
0.063,cancelled,3397.4757952690125
0.107,sat,125.65855002403259
0.08700000000000001,unsat,3341.327372789383
0.085,cancelled,3215.6883614063263
0.093,unsat,3165.867772102356
0.101,sat,72.30096697807312
0.099,unsat,3516.0792355537415
0.095,cancelled,271.88320660591125
