epsilon,result,runtime
0.265,sat,4.581668853759766
0.133,sat,4.784397840499878
0.131,sat,4.685657262802124
0.065,sat,29.374654531478882
0.063,sat,22.556100368499756
0.031,unsat,3206.4364445209503
0.029,cancelled,3208.2591354846954
0.051000000000000004,sat,39.37379264831543
0.041,unsat,3481.725218296051
0.039,cancelled,3442.4559774398804
0.045,sat,41.52890872955322
0.047,cancelled,44.990715742111206
0.043000000000000003,unsat,3586.031758546829
