epsilon,result,runtime
0.265,sat,13.861456394195557
0.133,sat,114.15548038482666
0.131,sat,122.41221404075623
0.065,timeout,3600
0.063,timeout,3600
0.067,timeout,3600
0.061,timeout,3600
0.069,unsat,2186.959294319153
0.059000000000000004,cancelled,2167.826826810837
0.109,unsat,2899.7025003433228
0.089,cancelled,2910.764302968979
0.123,sat,150.85299444198608
0.117,sat,158.3147361278534
0.115,sat,77.99884271621704
0.113,sat,216.29159879684448
0.111,sat,2578.4321591854095
