epsilon,result,runtime
0.265,sat,16.77944278717041
0.133,sat,45.25100016593933
0.131,sat,48.24075436592102
0.065,sat,99.08807420730591
0.063,sat,167.0328140258789
0.029,unsat,2726.3828523159027
0.031,unsat,3309.532406806946
0.047,timeout,3600
0.045,timeout,3600
0.043000000000000003,unsat,2774.549635410309
0.049,unsat,3262.575731277466
0.055,unsat,2902.599794149399
0.057,timeout,3600
0.061,sat,561.8270092010498
0.059000000000000004,unsat,2683.591997861862
