epsilon,result,runtime
0.265,sat,28.904662132263184
0.133,sat,100.83358526229858
0.131,sat,114.7970643043518
0.065,timeout,3600
0.063,timeout,3600
0.067,unsat,2562.2708599567413
0.061,cancelled,2520.5687339305878
0.109,sat,60.76541042327881
0.089,timeout,3600
0.08700000000000001,timeout,3600
0.085,unsat,2905.8555846214294
0.091,unsat,2942.9320917129517
0.101,unsat,3419.9267387390137
0.099,cancelled,3540.249263525009
0.10500000000000001,sat,128.49933099746704
0.10300000000000001,timeout,3600
