epsilon,result,runtime
0.265,sat,15.005603313446045
0.133,sat,74.97415018081665
0.131,sat,76.84642052650452
0.065,unsat,3305.7995429039
0.063,cancelled,3291.5049686431885
0.08700000000000001,sat,94.15435481071472
0.107,cancelled,106.51367115974426
0.07300000000000001,sat,79.85204529762268
0.079,cancelled,92.39036989212036
0.069,sat,195.11494970321655
0.067,timeout,3600
