epsilon,result,runtime
0.265,sat,4.581566572189331
0.133,sat,4.484185457229614
0.131,sat,4.377630949020386
0.065,sat,11.119962930679321
0.031,sat,3.356229543685913
0.063,cancelled,14.142301559448242
0.009000000000000001,unsat,4.075684070587158
0.021,sat,29.57504439353943
0.013000000000000001,unsat,112.48007345199585
0.015,unsat,402.9314863681793
0.019000000000000003,unsat,3494.8250517845154
0.017,cancelled,2928.9287209510803
