epsilon,result,runtime
0.265,sat,40.72203302383423
0.133,sat,42.26055860519409
0.131,sat,42.35196113586426
0.063,unsat,3258.314252614975
0.065,unsat,3378.642375230789
0.097,unsat,3111.521134376526
0.099,unsat,3213.9015963077545
0.115,unsat,3520.2951831817627
0.113,cancelled,3353.4397025108337
0.125,sat,64.4477174282074
0.121,sat,85.30432772636414
0.11900000000000001,sat,331.1343104839325
0.117,sat,332.97070956230164
