epsilon,result,runtime
0.265,sat,28.43291163444519
0.133,sat,76.1239550113678
0.131,sat,70.97490763664246
0.065,sat,317.86730551719666
0.031,unsat,18.720970392227173
0.063,sat,419.85864782333374
0.047,timeout,3600
0.045,timeout,3600
0.043000000000000003,unsat,2962.215176343918
0.049,timeout,3600
0.057,unsat,2497.5633578300476
0.055,cancelled,3026.280298948288
0.059000000000000004,unsat,2311.669803380966
0.061,unsat,3023.6615884304047
