epsilon,result,runtime
0.265,sat,16.856800317764282
0.133,sat,142.64943838119507
0.131,sat,160.81634855270386
0.065,timeout,3600
0.063,timeout,3600
0.061,unsat,2590.6945445537567
0.099,sat,137.02427458763123
0.083,sat,94.0640275478363
0.067,unsat,2932.990892648697
0.075,sat,26.013678789138794
0.07300000000000001,sat,208.9630045890808
0.069,timeout,3600
0.07100000000000001,unsat,3387.244576692581
