epsilon,result,runtime
0.265,sat,29.43746256828308
0.131,sat,168.91654682159424
0.133,cancelled,217.41498684883118
0.085,unsat,3112.7963275909424
0.043000000000000003,cancelled,3124.5860600471497
0.101,sat,134.67565083503723
0.115,cancelled,144.3299732208252
0.091,sat,192.84797286987305
0.095,cancelled,205.69366717338562
0.089,sat,647.6484401226044
0.08700000000000001,unsat,2680.678014278412
