epsilon,result,runtime
0.265,sat,7.878834962844849
0.133,sat,39.66663074493408
0.131,sat,38.99976301193237
0.065,unsat,3302.651469230652
0.063,cancelled,3295.231432199478
0.107,sat,45.12675356864929
0.085,unsat,3513.8002891540527
0.08700000000000001,timeout,3600
0.097,sat,34.3855459690094
0.095,sat,40.96493673324585
0.091,sat,95.87083220481873
0.089,sat,87.89660120010376
