epsilon,result,runtime
0.265,sat,33.81165647506714
0.133,sat,36.86827874183655
0.131,sat,35.44208765029907
0.065,sat,76.32969570159912
0.063,sat,74.5709445476532
0.029,unsat,2726.0645406246185
0.047,sat,94.81433725357056
0.039,sat,251.56329989433289
0.031,timeout,3600
0.035,sat,521.7353737354279
0.033,unsat,2656.8956224918365
