epsilon,result,runtime
0.265,sat,13.005894422531128
0.133,sat,51.21341633796692
0.131,sat,53.037060022354126
0.065,unsat,2277.57240152359
0.063,cancelled,2265.6358726024628
0.107,sat,92.94732713699341
0.08700000000000001,sat,188.44586324691772
0.075,sat,100.17475819587708
0.085,cancelled,209.62488865852356
0.07100000000000001,unsat,2398.8820135593414
0.069,cancelled,2410.3064153194427
0.07300000000000001,sat,120.58446979522705
