epsilon,result,runtime
0.133,sat,9.274855375289917
0.265,cancelled,17.14965319633484
0.08700000000000001,unsat,3052.380283355713
0.043000000000000003,cancelled,3059.1504352092743
0.117,sat,7.760529518127441
0.10300000000000001,sat,7.84058141708374
0.101,sat,7.856621980667114
0.095,sat,116.07859992980957
0.093,sat,163.0847773551941
0.091,sat,649.6562235355377
0.089,unsat,3222.5259943008423
