epsilon,result,runtime
0.265,sat,13.571771144866943
0.133,sat,67.27286791801453
0.131,sat,66.73537588119507
0.065,timeout,3600
0.063,timeout,3600
0.067,unsat,2755.0618603229523
0.061,cancelled,2743.7321393489838
0.109,sat,149.4895145893097
0.089,sat,168.7661738395691
0.08700000000000001,sat,269.7800419330597
0.077,sat,479.6953024864197
0.075,timeout,3600
0.07100000000000001,timeout,3600
0.069,unsat,2773.6745359897614
0.07300000000000001,timeout,3600
