epsilon,result,runtime
0.265,sat,34.01526761054993
0.133,sat,164.6791594028473
0.131,sat,169.3049557209015
0.063,unsat,2811.1052277088165
0.065,timeout,3600
0.099,sat,562.9590327739716
0.097,sat,1654.5197637081146
0.081,timeout,3600
0.079,unsat,3273.789431810379
0.083,timeout,3600
0.089,timeout,3600
0.08700000000000001,unsat,2827.7969789505005
0.091,timeout,3600
0.093,timeout,3600
0.095,unsat,2895.976639032364
