epsilon,result,runtime
0.265,sat,30.06005883216858
0.133,sat,185.17445731163025
0.131,sat,172.85279059410095
0.065,unsat,3029.675150871277
0.063,cancelled,3011.435278892517
0.107,sat,211.67694520950317
0.08700000000000001,sat,212.65480065345764
0.085,sat,240.71065402030945
0.075,unsat,2644.521725654602
0.07300000000000001,cancelled,2404.029561281204
0.081,sat,723.3736324310303
0.079,unsat,2714.4788632392883
0.077,cancelled,1991.2345912456512
