epsilon,result,runtime
0.265,sat,2.880368709564209
0.133,sat,15.291337013244629
0.131,sat,12.09529447555542
0.063,unsat,3531.0093727111816
0.065,unsat,3541.3076050281525
0.097,sat,6.976105213165283
0.099,cancelled,2.3960654735565186
0.085,sat,32.01014471054077
0.07300000000000001,unsat,2725.7952194213867
0.075,unsat,2762.1626513004303
0.081,sat,24.907330989837646
0.079,sat,1920.2504937648773
0.077,sat,1910.0683937072754
