epsilon,result,runtime
0.265,sat,27.190428972244263
0.133,sat,191.9749984741211
0.131,sat,186.8597288131714
0.065,unsat,2562.1906139850616
0.063,cancelled,2550.856235265732
0.08700000000000001,sat,208.9071090221405
0.107,cancelled,222.5378589630127
0.079,sat,194.28096103668213
0.07300000000000001,timeout,3600
0.07100000000000001,timeout,3600
0.069,unsat,3493.6511528491974
0.075,timeout,3600
0.077,timeout,3600
