epsilon,result,runtime
0.265,sat,13.262656927108765
0.133,sat,96.75279521942139
0.131,sat,88.74047231674194
0.065,timeout,3600
0.063,timeout,3600
0.061,unsat,2641.8991281986237
0.099,sat,154.55212998390198
0.067,unsat,2902.5950088500977
0.083,timeout,3600
0.081,timeout,3600
0.079,unsat,3151.6555984020233
0.085,timeout,3600
0.093,sat,1655.6509137153625
0.091,timeout,3600
0.08700000000000001,unsat,2537.144957780838
0.089,timeout,3600
