epsilon,result,runtime
0.265,sat,3.305070400238037
0.133,sat,3.9782094955444336
0.131,sat,4.250465154647827
0.065,sat,22.235121250152588
0.063,sat,21.715490102767944
0.031,unsat,3108.887794494629
0.029,cancelled,3105.592188835144
0.051000000000000004,sat,89.21832275390625
0.041,unsat,3163.3383872509003
0.039,cancelled,3073.964729309082
0.047,sat,79.11468863487244
0.045,unsat,3583.895975828171
0.043000000000000003,cancelled,3504.898196697235
