epsilon,result,runtime
0.265,sat,8.393872737884521
0.131,sat,61.48671007156372
0.133,cancelled,82.95370221138
0.085,sat,42.16680121421814
0.043000000000000003,unsat,3141.231956720352
0.041,cancelled,3099.1944210529327
0.069,unsat,3428.4201271533966
0.057,cancelled,3436.0767018795013
0.079,sat,45.87926506996155
0.075,sat,46.05291938781738
0.07300000000000001,sat,33.557315826416016
0.07100000000000001,sat,2475.044012784958
