epsilon,result,runtime
0.265,sat,42.449944257736206
0.133,sat,181.10140562057495
0.131,sat,185.0066373348236
0.065,unsat,2365.038847208023
0.063,cancelled,2324.015748023987
0.107,sat,202.8568274974823
0.08700000000000001,unsat,2936.589369535446
0.085,cancelled,2733.664534807205
0.099,sat,189.86136269569397
0.093,timeout,3600
0.091,timeout,3600
0.095,sat,316.78413462638855
0.089,unsat,2790.0403809547424
