epsilon,result,runtime
0.265,sat,40.36953115463257
0.133,sat,174.72301506996155
0.131,sat,184.3799171447754
0.063,unsat,2573.383519887924
0.097,sat,148.05760312080383
0.065,timeout,3600
0.079,unsat,2597.7470440864563
0.081,unsat,3456.793538093567
0.089,sat,363.8412895202637
0.08700000000000001,sat,360.2525658607483
0.083,timeout,3600
0.085,timeout,3600
