epsilon,result,runtime
0.265,sat,19.048674821853638
0.133,sat,32.27108097076416
0.131,sat,40.09462332725525
0.065,sat,206.77865409851074
0.063,sat,314.7070081233978
0.029,unsat,2886.594324350357
0.031,unsat,3239.060667037964
0.047,unsat,2495.289534330368
0.045,cancelled,2307.0920238494873
0.053000000000000005,timeout,3600
0.057,timeout,3600
0.059000000000000004,unsat,2275.9307141304016
0.051000000000000004,cancelled,2288.3876984119415
0.061,sat,769.9136323928833
