epsilon,result,runtime
0.265,sat,7.9779372215271
0.133,sat,10.719478845596313
0.131,sat,13.152865648269653
0.065,sat,17.672684907913208
0.063,sat,18.149149179458618
0.031,sat,21.89089012145996
0.029,sat,112.5255057811737
0.013000000000000001,unsat,614.3999977111816
0.015,unsat,2610.9706444740295
0.023,sat,435.28889894485474
0.021,timeout,3600
0.017,unsat,3232.7169613838196
0.019000000000000003,timeout,3600
