epsilon,result,runtime
0.265,sat,8.394456624984741
0.133,sat,29.830580949783325
0.131,sat,29.90441632270813
0.065,unsat,3177.073005437851
0.063,cancelled,3168.7668817043304
0.107,sat,125.55960059165955
0.08700000000000001,unsat,3407.77996468544
0.085,cancelled,3282.3415927886963
0.093,unsat,2987.947017431259
0.099,unsat,3490.3077347278595
0.101,unsat,3350.2971596717834
0.10500000000000001,sat,469.54906845092773
0.10300000000000001,timeout,3600
