epsilon,result,runtime
0.265,sat,23.285221576690674
0.131,sat,137.90600204467773
0.133,cancelled,191.44391584396362
0.043000000000000003,unsat,69.03625679016113
0.085,timeout,3600
0.08700000000000001,timeout,3600
0.089,unsat,2519.8435356616974
0.083,cancelled,2453.4529147148132
0.115,sat,153.1004455089569
0.10300000000000001,sat,181.73188090324402
0.095,sat,212.1926064491272
0.101,cancelled,257.75228691101074
0.093,sat,247.5247085094452
0.091,sat,395.55410718917847
