epsilon,result,runtime
0.265,sat,14.034297227859497
0.133,sat,71.05336833000183
0.131,sat,63.319870710372925
0.065,timeout,3600
0.063,timeout,3600
0.061,unsat,3136.830319404602
0.067,timeout,3600
0.099,timeout,3600
0.097,timeout,3600
0.101,sat,667.1162424087524
0.095,unsat,3318.526751279831
0.081,cancelled,3089.8923037052155
