epsilon,result,runtime
0.265,sat,13.861590385437012
0.133,sat,77.64587616920471
0.131,sat,67.00511240959167
0.063,unsat,3118.37348484993
0.065,unsat,3130.3220207691193
0.097,sat,75.84485149383545
0.099,cancelled,86.20302891731262
0.085,sat,92.57843327522278
0.07300000000000001,unsat,2946.7444274425507
0.075,timeout,3600
0.079,unsat,2474.201486349106
0.083,sat,261.30860662460327
0.081,unsat,2420.537134170532
