epsilon,result,runtime
0.265,sat,6.118719577789307
0.133,sat,15.967926025390625
0.131,sat,16.32470464706421
0.063,unsat,3489.4536933898926
0.097,sat,32.44998836517334
0.065,timeout,3600
0.081,sat,54.36185550689697
0.079,sat,57.69686150550842
0.07100000000000001,sat,61.930344343185425
0.07300000000000001,cancelled,8.008073568344116
0.069,sat,55.08126401901245
0.067,sat,310.0240333080292
