epsilon,result,runtime
0.265,sat,4.8217244148254395
0.133,sat,23.708168506622314
0.131,sat,21.011184692382812
0.065,unsat,2899.8052504062653
0.063,cancelled,2897.7603096961975
0.107,sat,16.120241403579712
0.08700000000000001,unsat,3535.2843697071075
0.085,cancelled,3519.2345485687256
0.099,sat,30.87393808364868
0.091,sat,76.5747549533844
0.093,cancelled,114.95584392547607
0.089,sat,165.26228165626526
