epsilon,result,runtime
0.265,sat,43.06903290748596
0.133,sat,191.4360122680664
0.131,sat,173.82280564308167
0.065,timeout,3600
0.063,timeout,3600
0.061,unsat,2720.3942260742188
0.067,unsat,2888.183915376663
0.099,sat,166.95191955566406
0.097,sat,201.1751925945282
0.081,sat,201.2658224105835
0.083,cancelled,70.3028736114502
0.07100000000000001,sat,191.4201581478119
0.075,cancelled,210.87615656852722
0.069,sat,165.95905208587646
