epsilon,result,runtime
0.265,sat,19.991943836212158
0.133,sat,206.23061537742615
0.131,sat,206.78107404708862
0.063,unsat,2240.2323236465454
0.065,timeout,3600
0.097,timeout,3600
0.099,timeout,3600
0.095,timeout,3600
0.101,timeout,3600
0.093,unsat,3141.8678917884827
0.117,sat,120.29380011558533
0.109,sat,142.30497026443481
0.10500000000000001,sat,437.5070126056671
0.10300000000000001,unsat,3196.7182977199554
