epsilon,result,runtime
0.265,sat,37.09070301055908
0.133,sat,52.56971716880798
0.131,sat,59.94489645957947
0.065,sat,233.03836846351624
0.063,sat,191.88114547729492
0.029,unsat,23.34822392463684
0.031,unsat,58.03128623962402
0.047,unsat,3189.8148624897003
0.045,cancelled,3202.56440281868
0.057,unsat,3462.812378168106
0.053000000000000005,cancelled,3480.811463356018
0.061,sat,163.78792238235474
0.059000000000000004,sat,163.16648364067078
