epsilon,result,runtime
0.265,sat,41.428311347961426
0.133,sat,87.67822194099426
0.131,sat,94.02550983428955
0.065,sat,157.09978556632996
0.063,sat,157.6371304988861
0.029,unsat,3270.1865904331207
0.031,timeout,3600
0.047,sat,2373.0427029132843
0.045,timeout,3600
0.037000000000000005,unsat,2529.8248462677
0.039,timeout,3600
0.041,unsat,2551.4251067638397
0.043000000000000003,timeout,3600
