epsilon,result,runtime
0.265,sat,27.214104413986206
0.133,sat,205.8489327430725
0.131,sat,171.86192798614502
0.065,timeout,3600
0.063,timeout,3600
0.061,unsat,3476.1417331695557
0.067,timeout,3600
0.099,sat,173.1323254108429
0.097,sat,170.2171552181244
0.081,sat,146.8677589893341
0.083,cancelled,67.76039552688599
0.075,unsat,2976.752385377884
0.07100000000000001,cancelled,2994.243899345398
0.079,sat,247.20315527915955
0.077,sat,284.1240451335907
