epsilon,result,runtime
0.265,sat,54.765509843826294
0.133,sat,158.92101430892944
0.131,sat,183.74055409431458
0.065,unsat,3293.4310340881348
0.063,cancelled,3214.4214885234833
0.107,sat,268.83914613723755
0.08700000000000001,timeout,3600
0.085,timeout,3600
0.089,unsat,2606.5793268680573
0.083,cancelled,2906.763475418091
0.095,unsat,3205.419035434723
0.099,timeout,3600
0.10300000000000001,sat,174.38939833641052
0.101,unsat,2389.426115512848
0.097,cancelled,1834.4262654781342
