epsilon,result,runtime
0.265,sat,41.61820316314697
0.133,sat,148.10275888442993
0.131,sat,116.98794937133789
0.063,unsat,3464.8233428001404
0.065,timeout,3600
0.097,sat,119.43693923950195
0.099,cancelled,67.8144359588623
0.085,sat,344.5781524181366
0.075,unsat,3074.584719657898
0.07300000000000001,cancelled,2730.2509689331055
0.081,unsat,2728.3844578266144
0.079,cancelled,2750.339421749115
0.083,timeout,3600
