epsilon,result,runtime
0.265,sat,4.8932342529296875
0.133,sat,21.39266300201416
0.131,sat,22.67921257019043
0.063,unsat,3302.18088889122
0.097,sat,32.81611156463623
0.065,unsat,3356.9861867427826
0.081,sat,20.046368837356567
0.07100000000000001,sat,6.00681471824646
0.079,cancelled,32.94982624053955
0.069,sat,7.06993293762207
0.067,sat,6.950608253479004
