epsilon,result,runtime
0.265,sat,38.314008474349976
0.133,sat,166.32624530792236
0.131,sat,190.40997624397278
0.063,unsat,2606.83039021492
0.065,timeout,3600
0.099,unsat,2230.4352300167084
0.097,cancelled,3151.8701701164246
0.11900000000000001,sat,337.5986487865448
0.109,sat,474.5218577384949
0.107,sat,316.68968963623047
0.10300000000000001,sat,491.0901257991791
0.101,timeout,3600
