epsilon,result,runtime
0.265,sat,12.626209259033203
0.133,sat,74.46584463119507
0.131,sat,75.23685026168823
0.063,unsat,2609.904000520706
0.065,unsat,3141.4298684597015
0.097,timeout,3600
0.099,unsat,3372.3190817832947
0.095,cancelled,293.2278859615326
0.11900000000000001,sat,128.17472052574158
0.109,sat,301.43525218963623
0.10300000000000001,sat,154.5076675415039
0.107,cancelled,347.8216698169708
0.101,sat,147.8709442615509
