epsilon,result,runtime
0.265,sat,2.534719705581665
0.133,sat,5.5025880336761475
0.131,sat,8.921780109405518
0.065,unsat,3325.5807774066925
0.063,cancelled,3319.8300275802612
0.08700000000000001,sat,24.387673139572144
0.107,cancelled,28.136553049087524
0.079,sat,63.660391092300415
0.07300000000000001,unsat,3411.474695444107
0.07100000000000001,cancelled,3347.7809422016144
0.077,sat,47.61027145385742
0.075,unsat,3566.5292451381683
