epsilon,result,runtime
0.265,sat,33.957322120666504
0.133,sat,183.62413811683655
0.131,sat,159.1484408378601
0.065,unsat,2393.393290042877
0.063,cancelled,2383.9986340999603
0.107,sat,281.1737606525421
0.08700000000000001,timeout,3600
0.085,timeout,3600
0.083,timeout,3600
0.089,timeout,3600
0.081,unsat,2392.084973335266
0.099,sat,523.5952429771423
0.091,unsat,2645.6975491046906
0.095,timeout,3600
0.093,timeout,3600
0.097,timeout,3600
