epsilon,result,runtime
0.265,sat,13.717550277709961
0.133,sat,69.8877625465393
0.131,sat,72.17960524559021
0.063,unsat,2733.411213874817
0.097,sat,246.42889618873596
0.065,timeout,3600
0.081,timeout,3600
0.079,timeout,3600
0.083,unsat,3437.6033577919006
0.077,cancelled,2883.193594455719
0.091,sat,1983.7365515232086
0.08700000000000001,timeout,3600
0.085,timeout,3600
0.089,timeout,3600
