epsilon,result,runtime
0.265,sat,18.021235466003418
0.131,sat,96.93395447731018
0.133,cancelled,139.28788018226624
0.085,unsat,3310.0536680221558
0.043000000000000003,cancelled,3323.637771844864
0.115,sat,194.85332107543945
0.101,unsat,2976.9905834198
0.099,cancelled,2782.7968854904175
0.109,sat,3017.5282967090607
0.10500000000000001,timeout,3600
0.10300000000000001,unsat,2661.350317955017
0.107,unsat,2468.782351732254
