epsilon,result,runtime
0.265,sat,36.554985761642456
0.133,sat,101.92234826087952
0.131,sat,146.284104347229
0.065,timeout,3600
0.063,timeout,3600
0.067,unsat,2683.4931542873383
0.061,cancelled,2593.8318753242493
0.109,sat,95.10456538200378
0.089,sat,109.52154469490051
0.077,sat,111.11795353889465
0.08700000000000001,cancelled,144.03994870185852
0.07300000000000001,sat,450.0607135295868
0.07100000000000001,sat,648.2563645839691
0.069,timeout,3600
