epsilon,result,runtime
0.265,sat,11.977322816848755
0.133,sat,18.953491926193237
0.131,sat,21.069044589996338
0.065,sat,18.30837059020996
0.063,sat,16.283559799194336
0.029,unsat,183.75152897834778
0.031,unsat,660.5729649066925
0.047,unsat,2867.302479982376
0.045,cancelled,2432.8582179546356
0.057,sat,15.609957695007324
0.053000000000000005,sat,17.628899335861206
0.051000000000000004,sat,301.7060945034027
0.049,sat,348.2155225276947
