epsilon,result,runtime
0.265,sat,6.721679925918579
0.133,sat,10.354410648345947
0.131,sat,9.77267050743103
0.065,sat,11.51773452758789
0.063,sat,9.340507984161377
0.031,sat,6.6608216762542725
0.029,sat,5.664436340332031
0.013000000000000001,sat,5.35613751411438
0.015,cancelled,0.7054407596588135
0.007,unsat,6.109983444213867
0.003,cancelled,12.7550950050354
0.003,unsat,6.279093027114868
0.011,sat,4.618294954299927
0.009000000000000001,unsat,36.82759118080139
