epsilon,result,runtime
0.265,sat,10.081245183944702
0.133,sat,14.88884711265564
0.131,sat,11.157479524612427
0.065,sat,11.002230405807495
0.063,sat,13.696024894714355
0.031,unsat,7.483352184295654
0.029,cancelled,1.1250724792480469
0.051000000000000004,unsat,2337.741329908371
0.041,cancelled,2345.293030023575
0.057,sat,321.36525774002075
0.055,unsat,2447.976338148117
0.053000000000000005,cancelled,2126.506813287735
