epsilon,result,runtime
0.265,sat,6.042859315872192
0.133,sat,10.824718236923218
0.065,sat,9.17527437210083
0.131,cancelled,21.833234548568726
0.021,unsat,6.281591415405273
0.041,unsat,316.412974357605
0.053000000000000005,sat,126.23722124099731
0.043000000000000003,unsat,839.013091802597
0.047,unsat,2781.0865948200226
0.049,unsat,3543.1642005443573
0.051000000000000004,unsat,3404.47296667099
