epsilon,result,runtime
0.265,sat,11.885915279388428
0.133,sat,11.459509372711182
0.131,sat,11.802009344100952
0.065,sat,15.501256942749023
0.063,sat,14.598414421081543
0.029,unsat,275.671222448349
0.047,sat,16.159397840499878
0.039,sat,18.729434490203857
0.031,unsat,484.9647648334503
0.033,unsat,2403.879570245743
0.037000000000000005,sat,82.08481550216675
0.035,timeout,3600
