epsilon,result,runtime
0.265,sat,2.22721266746521
0.133,sat,3.3426575660705566
0.131,sat,3.0587663650512695
0.065,sat,3.0458366870880127
0.063,sat,2.983259916305542
0.029,unsat,8.646489381790161
0.047,sat,3.573448419570923
0.031,unsat,53.56224179267883
0.037000000000000005,unsat,3352.386355638504
0.043000000000000003,sat,18.448946714401245
0.039,unsat,3470.0588269233704
0.041,sat,86.50550603866577
