epsilon,result,runtime
0.265,sat,12.844973087310791
0.133,sat,20.074328660964966
0.131,sat,19.969728469848633
0.065,sat,21.58133292198181
0.031,unsat,9.046990394592285
0.063,sat,18.100194692611694
0.045,unsat,2465.794148206711
0.055,sat,14.079741954803467
0.051000000000000004,sat,12.361753225326538
0.047,timeout,3600
0.049,unsat,1214.1956520080566
