epsilon,result,runtime
0.265,sat,10.212913751602173
0.133,sat,17.168394088745117
0.131,sat,15.750137567520142
0.065,sat,15.723180770874023
0.063,sat,15.74417233467102
0.029,unsat,516.9242408275604
0.047,sat,94.30726027488708
0.031,unsat,3023.4681808948517
0.039,unsat,3439.1196377277374
0.037000000000000005,cancelled,1063.82395529747
0.043000000000000003,sat,269.34714436531067
0.041,timeout,3600
