epsilon,result,runtime
0.265,sat,9.128068685531616
0.133,sat,9.650415658950806
0.131,sat,10.322046279907227
0.065,sat,13.923441410064697
0.063,sat,18.51893639564514
0.029,unsat,625.7511899471283
0.047,sat,9.330419063568115
0.031,unsat,684.3074524402618
0.039,sat,8.232947826385498
0.037000000000000005,sat,286.4328830242157
0.033,unsat,856.4370033740997
0.035,unsat,3494.495419025421
