epsilon,result,runtime
0.265,sat,11.62287425994873
0.133,sat,17.96085548400879
0.131,sat,20.548008680343628
0.065,sat,18.16861057281494
0.063,sat,18.65045928955078
0.029,unsat,108.19634628295898
0.047,sat,10.988056182861328
0.031,unsat,419.14989495277405
0.037000000000000005,unsat,429.9755094051361
0.039,unsat,822.6052660942078
0.043000000000000003,sat,204.0660002231598
0.041,unsat,3366.981166124344
