epsilon,result,runtime
0.265,sat,4.815103769302368
0.133,sat,8.313097476959229
0.131,sat,7.437100648880005
0.065,sat,7.908181190490723
0.063,sat,7.111283540725708
0.029,unsat,1848.4072909355164
0.047,sat,6.816796541213989
0.039,sat,4.3330910205841064
0.035,sat,4.773139953613281
0.033,sat,7.984716415405273
0.031,unsat,3401.192689180374
