epsilon,result,runtime
0.265,sat,6.666479825973511
0.133,sat,13.598901510238647
0.131,sat,13.13044548034668
0.065,sat,15.512996435165405
0.063,sat,8.196019411087036
0.029,unsat,5.457051038742065
0.031,unsat,55.66065979003906
0.047,unsat,2694.759966135025
0.045,cancelled,2658.949761867523
0.057,sat,17.985995769500732
0.053000000000000005,sat,588.6184148788452
0.051000000000000004,timeout,3600
0.049,timeout,3600
