epsilon,result,runtime
0.265,sat,4.156404495239258
0.133,sat,8.77887511253357
0.131,sat,9.067071914672852
0.065,sat,9.131005764007568
0.031,unsat,5.084932804107666
0.047,unsat,406.40648770332336
0.055,unsat,2308.339450597763
0.063,unsat,3100.523672580719
0.059000000000000004,cancelled,364.5805284976959
