epsilon,result,runtime
0.265,sat,10.065554857254028
0.133,sat,15.177239179611206
0.131,sat,16.023808479309082
0.065,sat,14.225926399230957
0.063,sat,16.85011577606201
0.029,unsat,2300.9935569763184
0.047,sat,11.345840454101562
0.039,sat,6.767797470092773
0.035,sat,9.561883211135864
0.031,unsat,3101.9999563694
0.033,timeout,3600
