epsilon,result,runtime
0.133,sat,19.764569520950317
0.265,cancelled,30.491817235946655
0.043000000000000003,sat,18.933175563812256
0.08700000000000001,cancelled,24.733659982681274
0.013000000000000001,unsat,9.899190425872803
0.027000000000000003,sat,10.476460218429565
0.029,cancelled,1.4583337306976318
0.017,unsat,10.824440002441406
0.021,unsat,11.262564897537231
0.025,sat,17.26694369316101
0.023,unsat,594.7748973369598
