epsilon,result,runtime
0.265,sat,4.064905166625977
0.133,sat,5.826558589935303
0.131,sat,6.0065460205078125
0.065,sat,5.77681303024292
0.063,sat,6.233810901641846
0.029,unsat,110.61580729484558
0.047,sat,6.342573165893555
0.039,sat,3.7951083183288574
0.035,sat,3.3388023376464844
0.033,sat,6.018950939178467
0.031,unsat,231.87053775787354
