epsilon,result,runtime
0.265,sat,9.01383352279663
0.133,sat,14.136808395385742
0.131,sat,15.770461082458496
0.065,sat,17.923502683639526
0.063,sat,14.602015972137451
0.031,unsat,10.051536083221436
0.029,cancelled,1.9393153190612793
0.051000000000000004,unsat,3329.182766199112
0.041,cancelled,3337.121023416519
0.057,sat,64.13744139671326
0.055,sat,96.21439719200134
0.053000000000000005,unsat,3447.031295776367
