epsilon,result,runtime
0.265,sat,4.18632173538208
0.133,sat,6.666962385177612
0.131,sat,7.126984596252441
0.065,sat,6.3141632080078125
0.063,sat,6.41939640045166
0.029,unsat,348.5946481227875
0.047,sat,6.6784679889678955
0.039,sat,7.140984058380127
0.035,sat,3.5842220783233643
0.033,sat,3.8942930698394775
0.031,unsat,773.6444692611694
