epsilon,result,runtime
0.265,sat,3.7230985164642334
0.133,sat,5.50407338142395
0.131,sat,6.2260355949401855
0.065,sat,62.205158710479736
0.031,unsat,3.2219815254211426
0.047,unsat,189.4291341304779
0.055,unsat,3298.2388565540314
0.063,timeout,3600
0.057,unsat,3012.3559713363647
0.059000000000000004,unsat,3113.950745820999
0.061,timeout,3600
