epsilon,result,runtime
0.265,sat,6.3211870193481445
0.133,sat,9.748348236083984
0.131,sat,9.817324876785278
0.065,sat,11.384567975997925
0.063,sat,7.816357135772705
0.031,unsat,4.700228452682495
0.029,cancelled,0.713554859161377
0.041,unsat,6.597577095031738
0.053000000000000005,sat,390.36912965774536
0.045,unsat,215.40042424201965
0.051000000000000004,unsat,1060.7320792675018
0.047,cancelled,430.7515158653259
