epsilon,result,runtime
0.265,sat,7.20916748046875
0.133,sat,10.599398374557495
0.131,sat,11.40774393081665
0.065,sat,10.763686895370483
0.031,unsat,5.660236835479736
0.063,sat,10.273620843887329
0.047,sat,7.968843221664429
0.037000000000000005,unsat,775.88747215271
0.045,unsat,2660.5049901008606
0.041,cancelled,1868.386376619339
