epsilon,result,runtime
0.265,sat,5.546816825866699
0.133,sat,9.288108825683594
0.131,sat,7.500199556350708
0.065,sat,6.836910009384155
0.063,sat,7.4867002964019775
0.031,sat,4.910038471221924
0.013000000000000001,unsat,4.726143836975098
0.029,sat,5.608669281005859
0.019000000000000003,unsat,3.3257322311401367
0.021,unsat,3.195537805557251
0.023,unsat,21.970861434936523
0.027000000000000003,sat,6.595308542251587
0.025,unsat,621.0642240047455
