epsilon,result,runtime
0.265,sat,12.20056939125061
0.133,sat,18.39719820022583
0.131,sat,17.06269645690918
0.065,sat,19.93087410926819
0.063,sat,15.96886658668518
0.029,unsat,8.132617473602295
0.047,sat,16.90767240524292
0.031,unsat,103.99840331077576
0.037000000000000005,unsat,631.1482839584351
0.039,unsat,1436.9618480205536
0.041,unsat,2491.2191808223724
0.043000000000000003,unsat,3380.315755367279
0.045,sat,125.07039022445679
