epsilon,result,runtime
0.265,sat,9.030179262161255
0.133,sat,14.780639886856079
0.131,sat,12.2169029712677
0.065,sat,13.468100547790527
0.063,sat,11.781258821487427
0.031,sat,13.881280422210693
0.029,sat,11.513594150543213
0.013000000000000001,unsat,6.722883701324463
0.015,unsat,6.307135105133057
0.021,sat,5.9869561195373535
0.023,cancelled,5.473264932632446
0.019000000000000003,sat,137.49070596694946
0.017,unsat,364.3351550102234
