epsilon,result,runtime
0.265,sat,13.378296852111816
0.133,sat,20.50449824333191
0.131,sat,18.991713285446167
0.065,sat,20.582532167434692
0.031,unsat,11.354392766952515
0.063,sat,22.077142238616943
0.047,sat,20.000580072402954
0.045,sat,338.7168688774109
0.037000000000000005,unsat,476.7270452976227
0.039,unsat,2979.580641269684
0.041,unsat,3028.0655987262726
0.043000000000000003,unsat,3190.13201880455
