epsilon,result,runtime
0.265,sat,11.295116424560547
0.133,sat,15.540462493896484
0.131,sat,12.081528902053833
0.065,sat,12.605328559875488
0.063,sat,16.188857793807983
0.031,unsat,7.779328107833862
0.029,cancelled,0.8741416931152344
0.041,unsat,172.2549126148224
0.051000000000000004,unsat,3181.0900824069977
0.053000000000000005,unsat,3327.6881771087646
0.059000000000000004,sat,249.73181581497192
0.057,unsat,3304.145664215088
0.055,cancelled,2723.506157398224
