epsilon,result,runtime
0.265,sat,9.125307083129883
0.133,sat,11.346890926361084
0.131,sat,13.002976417541504
0.065,sat,13.819392204284668
0.063,sat,14.6974036693573
0.029,unsat,286.90213537216187
0.047,sat,13.168328762054443
0.039,sat,15.404112339019775
0.035,sat,57.97993540763855
0.031,unsat,883.5812335014343
0.033,unsat,3354.1590600013733
