epsilon,result,runtime
0.265,sat,7.631464242935181
0.133,sat,13.37208604812622
0.131,sat,14.85368275642395
0.065,sat,14.73375678062439
0.063,sat,10.98643159866333
0.029,unsat,1351.5043530464172
0.047,sat,147.64359068870544
0.039,sat,180.82810235023499
0.035,sat,358.427330493927
0.033,sat,493.86502385139465
0.031,unsat,3491.0580689907074
