epsilon,result,runtime
0.265,sat,8.087450981140137
0.133,sat,12.73513650894165
0.131,sat,16.760024070739746
0.065,sat,16.073840379714966
0.031,sat,10.34959077835083
0.063,cancelled,22.978487491607666
0.019000000000000003,unsat,7.644538879394531
0.009000000000000001,cancelled,16.60971164703369
0.025,sat,8.933107614517212
0.021,unsat,265.8526248931885
0.023,unsat,1117.530399799347
