epsilon,result,runtime
0.265,sat,3.944154977798462
0.133,sat,5.955760478973389
0.131,sat,5.798352479934692
0.065,sat,5.7967000007629395
0.063,sat,5.61639404296875
0.031,unsat,3.14668607711792
0.029,cancelled,0.16450929641723633
0.051000000000000004,sat,3.9575982093811035
0.039,unsat,167.1630027294159
0.041,unsat,223.92526721954346
0.047,sat,106.19538640975952
0.045,sat,182.68775296211243
0.043000000000000003,unsat,321.4495270252228
