epsilon,result,runtime
0.265,sat,7.466833829879761
0.133,sat,13.474338054656982
0.131,sat,9.323079824447632
0.065,sat,12.820488214492798
0.063,sat,10.34777569770813
0.031,unsat,3.9905917644500732
0.029,cancelled,3.4348177909851074
0.051000000000000004,sat,112.23214197158813
0.039,unsat,533.5538454055786
0.041,unsat,3539.3162450790405
0.047,sat,178.37660479545593
0.045,unsat,3074.544246673584
0.043000000000000003,cancelled,14.31363582611084
