epsilon,result,runtime
0.265,sat,10.012523889541626
0.133,sat,15.513962745666504
0.131,sat,12.560876846313477
0.065,sat,14.820888757705688
0.063,sat,11.385485410690308
0.031,unsat,8.133330583572388
0.029,cancelled,5.74338436126709
0.041,unsat,2553.22896027565
0.053000000000000005,sat,270.6196200847626
0.051000000000000004,unsat,3466.8314504623413
0.045,cancelled,629.3441667556763
