epsilon,result,runtime
0.265,sat,3.7810583114624023
0.133,sat,5.927412986755371
0.131,sat,5.666906356811523
0.065,sat,6.1527955532073975
0.063,sat,5.9823126792907715
0.029,unsat,87.9155752658844
0.031,unsat,454.06618213653564
0.047,unsat,3348.4065957069397
0.045,cancelled,2999.3903951644897
0.053000000000000005,unsat,3371.7383913993835
0.057,timeout,3600
0.059000000000000004,unsat,3281.942178249359
0.055,cancelled,3065.851795911789
0.061,sat,5.188656568527222
