epsilon,result,runtime
0.133,sat,5.021398544311523
0.265,cancelled,12.527198791503906
0.043000000000000003,sat,5.753825664520264
0.08700000000000001,cancelled,11.924674034118652
0.027000000000000003,sat,6.87476110458374
0.013000000000000001,sat,36.47526478767395
0.005,unsat,3.768674850463867
0.007,unsat,4.583497047424316
0.009000000000000001,unsat,19.52327036857605
0.011,unsat,401.4608590602875
