epsilon,result,runtime
0.265,sat,9.931455373764038
0.133,sat,17.43148159980774
0.131,sat,18.527702808380127
0.065,sat,19.07334876060486
0.031,unsat,8.453071117401123
0.063,sat,17.196864128112793
0.047,unsat,2397.4481477737427
0.045,cancelled,2402.7629947662354
0.057,sat,17.89482831954956
0.053000000000000005,sat,19.356201887130737
0.051000000000000004,sat,216.3646628856659
0.049,unsat,2598.224924325943
