epsilon,result,runtime
0.265,sat,8.64767575263977
0.133,sat,14.238098859786987
0.131,sat,16.96598792076111
0.065,sat,14.255239963531494
0.031,unsat,7.67096734046936
0.063,sat,16.513030529022217
0.045,unsat,1658.0469613075256
0.055,sat,158.47984147071838
0.047,timeout,3600
0.051000000000000004,timeout,3600
0.049,unsat,3155.490113258362
0.053000000000000005,unsat,3232.9305291175842
