epsilon,result,runtime
0.133,sat,4.89822244644165
0.265,cancelled,12.545049667358398
0.08700000000000001,sat,9.11129379272461
0.043000000000000003,sat,9.442588329315186
0.041,sat,9.359002351760864
0.019000000000000003,unsat,122.71186566352844
0.031,sat,7.353117942810059
0.021,unsat,224.32751488685608
0.027000000000000003,sat,7.692518949508667
0.023,unsat,1247.9679012298584
0.025,unsat,3323.4732625484467
