epsilon,result,runtime
0.265,sat,10.370899677276611
0.133,sat,15.718802213668823
0.131,sat,14.030411005020142
0.065,sat,16.53755497932434
0.063,sat,17.86930251121521
0.029,unsat,961.0413279533386
0.047,sat,15.770019292831421
0.039,sat,35.823641777038574
0.035,sat,1767.7909851074219
0.031,unsat,3429.0213639736176
0.033,timeout,3600
