epsilon,result,runtime
0.265,sat,4.282338619232178
0.133,sat,7.505540370941162
0.131,sat,8.44986891746521
0.065,sat,68.9047372341156
0.063,sat,63.401273012161255
0.029,unsat,40.64399242401123
0.031,unsat,102.83648204803467
0.047,unsat,1643.7899732589722
0.045,cancelled,1594.6068949699402
0.053000000000000005,unsat,2500.9760892391205
0.057,unsat,2754.499148607254
0.061,sat,59.29629969596863
0.059000000000000004,sat,2617.1842033863068
