epsilon,result,runtime
0.265,sat,4.764616250991821
0.133,sat,7.113260269165039
0.131,sat,7.650248765945435
0.065,sat,7.783603191375732
0.031,unsat,3.7392678260803223
0.063,sat,6.968338966369629
0.047,sat,7.120176076889038
0.045,sat,62.177552700042725
0.037000000000000005,unsat,412.41113471984863
0.039,unsat,2559.2933394908905
0.043000000000000003,sat,20.79196858406067
0.041,unsat,3226.5059883594513
