epsilon,result,runtime
0.265,sat,3.70223069190979
0.133,sat,6.0631186962127686
0.131,sat,6.156497240066528
0.065,sat,5.8699376583099365
0.031,unsat,3.7390594482421875
0.063,sat,6.674209117889404
0.047,sat,19.61627721786499
0.045,sat,165.8647997379303
0.037000000000000005,unsat,384.022257566452
0.039,unsat,247.90168523788452
0.041,unsat,245.0506088733673
0.043000000000000003,unsat,774.8459632396698
