epsilon,result,runtime
0.265,sat,10.260092735290527
0.133,sat,17.817935705184937
0.131,sat,15.500713109970093
0.065,sat,14.262758731842041
0.063,sat,13.985602140426636
0.031,unsat,3581.194594144821
0.029,cancelled,3575.778286218643
0.041,sat,20.68272614479065
0.051000000000000004,cancelled,25.497869968414307
0.037000000000000005,sat,19.716774225234985
0.035,sat,52.896018981933594
0.033,sat,790.0894725322723
