epsilon,result,runtime
0.265,sat,13.767979860305786
0.133,sat,21.017447233200073
0.131,sat,20.237276077270508
0.065,sat,20.168472290039062
0.063,sat,17.53226923942566
0.031,sat,19.413628578186035
0.013000000000000001,unsat,7.364757776260376
0.029,sat,18.70869255065918
0.021,sat,11.8109450340271
0.019000000000000003,sat,12.00280475616455
0.015,unsat,255.68956112861633
0.017,unsat,1648.6726405620575
