epsilon,result,runtime
0.265,sat,6.814455509185791
0.133,sat,7.081892013549805
0.131,sat,7.29961085319519
0.065,sat,13.589345932006836
0.063,sat,10.780329465866089
0.031,sat,9.862015724182129
0.029,sat,12.98090410232544
0.013000000000000001,unsat,520.3987431526184
0.021,sat,11.61899709701538
0.017,sat,67.6545979976654
0.015,unsat,1906.6989278793335
