epsilon,result,runtime
0.265,sat,8.127491235733032
0.133,sat,8.74794316291809
0.131,sat,6.777824401855469
0.065,sat,11.255040884017944
0.063,sat,14.664231777191162
0.031,sat,163.79652166366577
0.013000000000000001,unsat,7.091425895690918
0.021,unsat,9.107567071914673
0.025,unsat,315.81014347076416
0.027000000000000003,unsat,532.6198592185974
0.029,unsat,2925.6926562786102
