epsilon,result,runtime
0.265,sat,10.983640432357788
0.133,sat,17.07805824279785
0.131,sat,14.557239770889282
0.065,sat,14.87224006652832
0.063,sat,16.67179036140442
0.031,unsat,3280.2754094600677
0.029,cancelled,3272.3617084026337
0.051000000000000004,sat,257.2779095172882
0.041,sat,3011.4541294574738
0.039,timeout,3600
0.035,unsat,2978.523367166519
0.033,cancelled,2148.7364015579224
0.037000000000000005,unsat,3503.6280171871185
