epsilon,result,runtime
0.265,sat,10.88140058517456
0.133,sat,10.919264554977417
0.131,sat,9.98830533027649
0.065,sat,15.970747232437134
0.031,sat,10.593700647354126
0.063,cancelled,23.846868753433228
0.009000000000000001,unsat,8.352180004119873
0.019000000000000003,sat,10.508801221847534
0.021,cancelled,2.051118850708008
0.013000000000000001,unsat,231.5563259124756
0.017,sat,47.52321743965149
0.015,unsat,1845.63205742836
