epsilon,result,runtime
0.265,sat,8.468430757522583
0.133,sat,15.19910979270935
0.131,sat,11.70704436302185
0.065,timeout,3600
0.063,timeout,3600
0.067,sat,203.66733479499817
0.029,unsat,12.127837896347046
0.061,timeout,3600
0.045,timeout,3600
0.043000000000000003,unsat,2302.421313524246
0.047,unsat,2982.5492599010468
0.053000000000000005,unsat,3276.5253615379333
0.055,unsat,3089.491449356079
0.057,timeout,3600
0.059000000000000004,unsat,2994.406578540802
