epsilon,result,runtime
0.265,sat,5.6618452072143555
0.133,sat,9.579108238220215
0.131,sat,10.057112455368042
0.065,sat,9.579609155654907
0.063,sat,10.560996532440186
0.029,unsat,3.958273410797119
0.031,unsat,52.4048056602478
0.047,unsat,3343.4807529449463
0.045,cancelled,3318.909501552582
0.057,sat,10.07381272315979
0.053000000000000005,sat,12.004403591156006
0.051000000000000004,sat,137.01497292518616
0.049,unsat,2911.9531519412994
