epsilon,result,runtime
0.265,sat,7.210763454437256
0.133,sat,11.602721929550171
0.131,sat,10.234501600265503
0.065,sat,9.962852001190186
0.063,sat,9.766421794891357
0.029,unsat,134.76817321777344
0.047,sat,9.219123840332031
0.031,unsat,295.08846068382263
0.039,sat,191.99516940116882
0.033,unsat,900.3285942077637
0.037000000000000005,unsat,3181.8628554344177
0.035,cancelled,2218.815948009491
