epsilon,result,runtime
0.265,sat,5.194919586181641
0.133,sat,7.971802234649658
0.131,sat,8.236803531646729
0.065,sat,9.288443565368652
0.063,sat,7.736077785491943
0.031,unsat,4.560506105422974
0.029,cancelled,0.9115962982177734
0.041,unsat,46.54467749595642
0.051000000000000004,unsat,2296.4154126644135
0.053000000000000005,unsat,3187.805001974106
0.059000000000000004,sat,107.89573335647583
0.057,unsat,3097.684429883957
0.055,cancelled,2042.6324951648712
