epsilon,result,runtime
0.265,sat,13.66174864768982
0.133,sat,21.780081510543823
0.131,sat,17.572706937789917
0.065,sat,20.513590574264526
0.031,unsat,7.070160627365112
0.047,unsat,107.61508107185364
0.063,sat,230.85810565948486
0.055,unsat,3364.5789053440094
0.053000000000000005,cancelled,3287.259332180023
0.059000000000000004,sat,168.72514581680298
0.057,sat,370.90051102638245
