epsilon,result,runtime
0.265,sat,7.13210391998291
0.133,sat,12.70996880531311
0.131,sat,9.416356086730957
0.065,sat,8.924593210220337
0.063,sat,10.765040397644043
0.029,unsat,290.8178901672363
0.047,sat,21.055794715881348
0.031,unsat,1035.6976990699768
0.039,timeout,3600
0.037000000000000005,unsat,3422.277796983719
0.043000000000000003,unsat,3048.287335395813
0.041,cancelled,3588.176153421402
0.045,unsat,3338.744651079178
