epsilon,result,runtime
0.265,sat,5.98114013671875
0.133,sat,9.57249927520752
0.131,sat,7.851442813873291
0.065,sat,9.285418033599854
0.063,sat,8.319876194000244
0.029,unsat,22.86705255508423
0.031,unsat,89.91049933433533
0.047,sat,76.85230588912964
0.037000000000000005,unsat,789.4423539638519
0.045,unsat,3199.2487783432007
0.041,cancelled,2378.7372143268585
