epsilon,result,runtime
0.265,sat,10.046864986419678
0.133,sat,15.595258235931396
0.131,sat,12.403168201446533
0.065,sat,15.281055450439453
0.063,sat,16.608851194381714
0.029,unsat,125.23098230361938
0.047,sat,18.603359699249268
0.031,unsat,356.02594351768494
0.037000000000000005,unsat,3000.5982670783997
0.043000000000000003,sat,237.64751052856445
0.039,timeout,3600
0.041,timeout,3600
