epsilon,result,runtime
0.265,sat,4.337039470672607
0.133,sat,6.653972148895264
0.131,sat,10.426111221313477
0.065,sat,9.345097541809082
0.031,unsat,4.9124743938446045
0.063,sat,8.05518889427185
0.047,sat,6.7150866985321045
0.045,sat,45.908058166503906
0.039,unsat,540.2107994556427
0.037000000000000005,cancelled,590.303454875946
0.043000000000000003,sat,30.69031071662903
0.041,sat,225.12475204467773
