epsilon,result,runtime
0.265,sat,9.820581674575806
0.133,sat,16.775355577468872
0.131,sat,14.18276071548462
0.065,sat,15.279998302459717
0.063,sat,13.95713496208191
0.031,unsat,6.023385286331177
0.029,cancelled,8.522358179092407
0.041,sat,6.456722259521484
0.051000000000000004,cancelled,14.852783441543579
0.035,unsat,236.09498262405396
0.039,sat,8.772716999053955
0.037000000000000005,unsat,689.1988537311554
