epsilon,result,runtime
0.265,sat,5.592776536941528
0.133,sat,7.828695058822632
0.131,sat,9.242308616638184
0.065,sat,9.627439498901367
0.063,sat,8.953489303588867
0.031,sat,8.524698734283447
0.029,sat,7.016676425933838
0.013000000000000001,unsat,3.9926891326904297
0.015,unsat,5.209558486938477
0.023,sat,6.260348320007324
0.017,unsat,3.756359577178955
0.019000000000000003,unsat,144.81309032440186
0.021,unsat,826.1505255699158
