epsilon,result,runtime
0.265,sat,8.787548065185547
0.133,sat,10.102673530578613
0.131,sat,11.331922054290771
0.065,sat,12.130470037460327
0.063,sat,15.236253261566162
0.031,sat,14.64236831665039
0.013000000000000001,sat,5.015850305557251
0.029,cancelled,16.126853466033936
0.007,unsat,6.667744159698486
0.003,cancelled,12.443040609359741
0.009000000000000001,unsat,7.452569007873535
0.011,unsat,1134.8397119045258
