epsilon,result,runtime
0.265,sat,9.13413381576538
0.133,sat,14.753974914550781
0.131,sat,13.677154541015625
0.065,sat,14.104745149612427
0.063,sat,14.697679281234741
0.031,unsat,59.26214838027954
0.029,cancelled,44.161426067352295
0.051000000000000004,sat,17.891642332077026
0.041,unsat,2887.1790447235107
0.039,cancelled,2869.5338411331177
0.047,sat,20.94210433959961
0.045,unsat,3520.8216137886047
0.043000000000000003,cancelled,3500.2536976337433
