epsilon,result,runtime
0.265,sat,11.883831024169922
0.133,sat,15.777533769607544
0.065,sat,14.298886060714722
0.131,cancelled,24.71300959587097
0.021,unsat,7.185611963272095
0.041,sat,17.78477931022644
0.043000000000000003,cancelled,10.768752098083496
0.033,sat,12.37942361831665
0.027000000000000003,sat,210.58344268798828
0.023,unsat,391.1787841320038
0.025,unsat,1092.0210399627686
