epsilon,result,runtime
0.265,sat,6.079856634140015
0.133,sat,6.211593151092529
0.131,sat,4.627317905426025
0.065,sat,7.583181381225586
0.063,sat,7.051736116409302
0.031,sat,7.712140083312988
0.029,sat,6.736670017242432
0.013000000000000001,unsat,3.5295002460479736
0.015,unsat,4.056767225265503
0.021,unsat,18.17619299888611
0.023,unsat,213.94730257987976
0.027000000000000003,sat,3.9087209701538086
0.025,unsat,1798.7812638282776
