epsilon,result,runtime
0.265,sat,12.208021640777588
0.133,sat,15.981058597564697
0.131,sat,16.754586935043335
0.065,sat,15.154916524887085
0.063,sat,17.72215509414673
0.031,unsat,252.14536261558533
0.029,cancelled,235.1820423603058
0.051000000000000004,sat,17.978461027145386
0.041,unsat,3327.0672879219055
0.039,cancelled,3309.4799151420593
0.045,sat,136.72356414794922
0.047,cancelled,145.94306874275208
0.043000000000000003,sat,324.9581027030945
