epsilon,result,runtime
0.265,sat,4.351766347885132
0.133,sat,6.619082927703857
0.131,sat,6.562681674957275
0.065,sat,6.706030607223511
0.063,sat,6.19188666343689
0.031,unsat,3.515343427658081
0.029,cancelled,1.0261805057525635
0.051000000000000004,sat,8.982673406600952
0.039,unsat,503.6637706756592
0.041,unsat,3227.4374449253082
0.045,timeout,3600
0.047,timeout,3600
0.049,sat,6.355382204055786
0.043000000000000003,unsat,3483.9373593330383
