epsilon,result,runtime
0.265,sat,13.199742078781128
0.133,sat,20.463894367218018
0.131,sat,13.183541774749756
0.065,sat,14.516828060150146
0.063,sat,19.157867908477783
0.031,unsat,2464.2226963043213
0.029,cancelled,2451.56001830101
0.051000000000000004,sat,17.182914972305298
0.041,sat,160.56464266777039
0.039,sat,164.35498023033142
0.035,sat,1194.6105451583862
0.033,timeout,3600
