epsilon,result,runtime
0.265,sat,9.494018316268921
0.133,sat,13.14705514907837
0.131,sat,16.736297607421875
0.065,sat,16.75612783432007
0.063,sat,15.289934873580933
0.031,timeout,3600
0.029,timeout,3600
0.033,sat,388.03423023223877
0.013000000000000001,unsat,9.98669719696045
0.019000000000000003,unsat,7.988949775695801
0.023,unsat,393.76174330711365
0.025,unsat,932.7093369960785
0.027000000000000003,unsat,3179.2574026584625
