epsilon,result,runtime
0.265,sat,7.609756708145142
0.133,sat,12.67549443244934
0.131,sat,15.058071851730347
0.065,sat,13.902879476547241
0.031,unsat,5.793024301528931
0.063,sat,13.948967695236206
0.047,sat,177.2374837398529
0.037000000000000005,unsat,571.8812143802643
0.041,unsat,1506.2346122264862
0.045,unsat,3390.5882024765015
0.043000000000000003,cancelled,1121.5243318080902
