epsilon,result,runtime
0.265,sat,9.925914287567139
0.133,sat,17.002737283706665
0.131,sat,19.75438618659973
0.063,sat,15.388261795043945
0.065,cancelled,52.217918157577515
0.021,unsat,9.469543218612671
0.041,unsat,520.537602186203
0.053000000000000005,sat,543.8911480903625
0.043000000000000003,unsat,1129.9686915874481
0.047,unsat,3256.761255502701
0.049,unsat,3249.216922521591
0.051000000000000004,unsat,3053.312404870987
