epsilon,result,runtime
0.133,sat,8.317722082138062
0.265,cancelled,14.550613641738892
0.043000000000000003,sat,14.19493579864502
0.08700000000000001,cancelled,20.81423830986023
0.08700000000000001,sat,14.110629081726074
0.013000000000000001,unsat,8.39296007156372
0.027000000000000003,sat,16.08804941177368
0.029,cancelled,7.968328475952148
0.017,unsat,7.421869516372681
0.021,unsat,85.57304334640503
0.025,sat,14.551054954528809
0.023,unsat,605.5554890632629
