epsilon,result,runtime
0.265,sat,8.75465178489685
0.133,sat,12.51589584350586
0.131,sat,14.589451789855957
0.065,sat,13.651429414749146
0.063,sat,14.307743549346924
0.031,unsat,187.79357385635376
0.029,cancelled,177.64945769309998
0.051000000000000004,sat,11.666655778884888
0.041,sat,41.942819595336914
0.039,sat,36.20077323913574
0.033,unsat,224.78691577911377
0.035,unsat,368.08437156677246
0.037000000000000005,sat,891.22598528862
