epsilon,result,runtime
0.133,sat,11.367868661880493
0.265,cancelled,21.986478567123413
0.08700000000000001,sat,17.44255304336548
0.043000000000000003,sat,17.63924479484558
0.041,sat,20.703966856002808
0.019000000000000003,unsat,153.8052921295166
0.031,sat,17.706846237182617
0.021,unsat,298.63322162628174
0.025,unsat,3283.4699923992157
0.027000000000000003,unsat,3149.3232531547546
0.029,sat,13.875133991241455
