epsilon,result,runtime
0.133,sat,113.44507646560669
0.265,cancelled,127.41749978065491
0.043000000000000003,unsat,5.211212873458862
0.08700000000000001,unsat,2447.577492713928
0.089,unsat,3558.581749677658
0.111,unsat,3308.2139835357666
0.109,cancelled,2192.283174753189
0.125,sat,71.3031177520752
0.117,unsat,3362.915988445282
0.121,sat,71.23594832420349
0.11900000000000001,timeout,3600
