epsilon,result,runtime
0.265,sat,173.49121069908142
0.133,sat,332.8723735809326
0.131,sat,701.0637693405151
0.065,sat,1330.7197601795197
0.031,unsat,8.076188802719116
0.063,timeout,3600
0.047,unsat,3384.534328699112
0.045,cancelled,597.843364238739
0.057,unsat,3035.141586303711
0.053000000000000005,cancelled,3046.701104402542
0.061,timeout,3600
0.059000000000000004,timeout,3600
