epsilon,result,runtime
0.133,sat,153.83580470085144
0.265,cancelled,166.11797451972961
0.043000000000000003,unsat,741.7190644741058
0.089,sat,693.1682024002075
0.08700000000000001,unsat,2982.6661908626556
0.065,cancelled,1540.6627275943756
