epsilon,result,runtime
0.133,sat,75.89287495613098
0.265,cancelled,78.07305121421814
0.08700000000000001,sat,44.02260899543762
0.041,unsat,144.07737517356873
0.043000000000000003,unsat,216.00636291503906
0.065,sat,54.16377067565918
0.063,sat,40.72820854187012
0.051000000000000004,unsat,635.3993136882782
0.057,sat,28.50421404838562
0.055,sat,60.91271424293518
0.053000000000000005,unsat,965.3090596199036
