epsilon,result,runtime
0.265,sat,4.056005477905273
0.131,sat,80.65301370620728
0.133,cancelled,106.83468341827393
0.085,sat,119.78099060058594
0.043000000000000003,unsat,131.54336094856262
0.041,cancelled,11.63680362701416
0.069,unsat,3350.621661424637
0.057,cancelled,3359.0496759414673
0.075,sat,611.3629081249237
0.079,cancelled,622.9071524143219
0.07100000000000001,sat,511.6307520866394
0.07300000000000001,cancelled,523.8939316272736
