epsilon,result,runtime
0.265,sat,104.5522186756134
0.131,sat,130.46053385734558
0.133,cancelled,254.13043236732483
0.043000000000000003,unsat,2.9689786434173584
0.08700000000000001,unsat,3514.228183746338
0.085,cancelled,3536.876082420349
0.101,unsat,3139.8834562301636
0.115,unsat,3309.8910756111145
0.123,sat,504.50354838371277
0.11900000000000001,sat,1126.8837320804596
0.117,sat,3321.84090590477
