epsilon,result,runtime
0.133,sat,24.05070185661316
0.265,cancelled,25.5827476978302
0.08700000000000001,sat,117.88629174232483
0.043000000000000003,sat,2226.5918850898743
0.019000000000000003,unsat,6.927736282348633
0.029,unsat,503.81561064720154
0.041,sat,3219.5296788215637
0.035,unsat,3400.4092724323273
0.033,cancelled,2803.433853626251
0.037000000000000005,unsat,3366.3699159622192
0.039,unsat,3431.9361021518707
