epsilon,result,runtime
0.265,sat,329.342657327652
0.133,sat,1103.9614148139954
0.131,sat,1379.5902163982391
0.065,timeout,3600
0.063,timeout,3600
0.067,unsat,3329.509976863861
0.061,cancelled,2726.552167415619
0.089,sat,150.5986032485962
0.109,cancelled,159.6499719619751
0.081,sat,1629.3650991916656
0.075,timeout,3600
0.07300000000000001,timeout,3600
0.07100000000000001,timeout,3600
0.077,timeout,3600
0.079,sat,889.3078608512878
0.069,unsat,3191.4142055511475
