epsilon,result,runtime
0.133,sat,479.84642338752747
0.265,cancelled,487.10316228866577
0.08700000000000001,sat,965.7806346416473
0.041,unsat,1065.2992434501648
0.043000000000000003,unsat,2674.541429758072
0.065,timeout,3600
0.063,timeout,3600
0.067,sat,1481.3205683231354
0.061,timeout,3600
0.051000000000000004,unsat,3552.1874191761017
0.053000000000000005,unsat,3428.2640063762665
0.057,timeout,3600
0.055,timeout,3600
0.059000000000000004,unsat,3279.6310679912567
