epsilon,result,runtime
0.133,sat,54.02124834060669
0.265,cancelled,64.2908205986023
0.043000000000000003,unsat,3.0320701599121094
0.08700000000000001,unsat,3167.4146740436554
0.089,unsat,3314.818843126297
0.111,sat,608.1109435558319
0.109,unsat,3424.5883872509003
0.099,cancelled,2979.5850274562836
