epsilon,result,runtime
0.265,sat,28.154303789138794
0.131,sat,49.003164291381836
0.133,cancelled,80.34068179130554
0.043000000000000003,unsat,1.3825726509094238
0.085,unsat,3541.9113817214966
0.08700000000000001,unsat,3545.5596191883087
0.109,sat,279.76414942741394
0.107,sat,709.263623714447
0.095,sat,1900.0444509983063
0.097,cancelled,2339.155150413513
0.091,sat,35.343207120895386
0.089,sat,71.34069466590881
