epsilon,result,runtime
0.133,sat,42.23841309547424
0.265,cancelled,47.07929253578186
0.043000000000000003,unsat,170.98423790931702
0.08700000000000001,sat,270.025723695755
0.089,cancelled,99.11905026435852
0.07100000000000001,sat,72.17158818244934
0.055,unsat,1343.8919067382812
0.057,unsat,1973.485096693039
0.065,sat,1983.5707693099976
0.063,unsat,3424.2331454753876
0.059000000000000004,cancelled,889.5840859413147
