epsilon,result,runtime
0.133,sat,125.00784277915955
0.265,cancelled,131.31775975227356
0.08700000000000001,sat,6.849854230880737
0.043000000000000003,sat,10.524848699569702
0.041,sat,10.408710479736328
0.019000000000000003,unsat,25.163032054901123
0.021,unsat,117.3966646194458
0.031,unsat,420.13266348838806
0.029,cancelled,322.4001519680023
0.037000000000000005,sat,12.868077039718628
0.033,unsat,543.9758174419403
0.035,sat,636.0422132015228
