epsilon,result,runtime
0.133,sat,232.16387224197388
0.265,cancelled,238.71021127700806
0.08700000000000001,sat,734.8666338920593
0.043000000000000003,unsat,3023.5299463272095
0.041,cancelled,2288.7688930034637
0.07100000000000001,sat,628.0220963954926
0.057,timeout,3600
0.055,timeout,3600
0.059000000000000004,sat,655.2340545654297
0.047,unsat,3545.2903978824615
0.053000000000000005,timeout,3600
0.051000000000000004,unsat,3414.536586523056
0.049,cancelled,3438.6906478405
