epsilon,result,runtime
0.265,sat,42.84462809562683
0.131,sat,69.8163321018219
0.133,cancelled,127.87526559829712
0.085,sat,57.051311016082764
0.043000000000000003,unsat,72.67039561271667
0.041,cancelled,15.511065244674683
0.069,sat,50.03009080886841
0.057,timeout,3600
0.055,timeout,3600
0.053000000000000005,unsat,3403.356015920639
0.063,sat,214.04078722000122
0.059000000000000004,timeout,3600
0.061,sat,177.67420601844788
