epsilon,result,runtime
0.265,sat,64.53461027145386
0.133,sat,81.32285642623901
0.131,sat,78.34933614730835
0.065,sat,440.62881302833557
0.063,sat,469.9251582622528
0.029,unsat,639.1161134243011
0.031,unsat,3022.519281387329
0.047,unsat,3585.7156319618225
0.045,cancelled,1311.8586356639862
0.057,sat,1125.1054463386536
0.053000000000000005,timeout,3600
0.051000000000000004,unsat,3444.976286172867
0.049,cancelled,983.6854472160339
0.055,unsat,3274.2898256778717
