epsilon,result,runtime
0.265,sat,14.088145971298218
0.133,sat,24.950966835021973
0.131,sat,19.521820783615112
0.065,sat,115.92842531204224
0.031,unsat,0.9308247566223145
0.063,sat,303.98924446105957
0.045,unsat,734.3223969936371
0.047,unsat,1733.027403831482
0.055,unsat,3389.0939416885376
0.053000000000000005,cancelled,2588.559114933014
0.059000000000000004,unsat,3500.1839520931244
0.057,cancelled,3502.392740726471
0.061,sat,1865.659688949585
