epsilon,result,runtime
0.133,sat,330.08609199523926
0.265,cancelled,338.51225423812866
0.08700000000000001,sat,195.68651342391968
0.043000000000000003,unsat,375.88860392570496
0.041,cancelled,178.64674353599548
0.07100000000000001,sat,1126.097182750702
0.057,timeout,3600
0.055,unsat,2711.8323254585266
0.065,unsat,3037.1274631023407
0.059000000000000004,cancelled,3308.9894053936005
0.067,unsat,2478.614437818527
0.069,timeout,3600
