epsilon,result,runtime
0.265,sat,20.159775257110596
0.133,sat,56.05321288108826
0.131,sat,48.159499168395996
0.065,sat,30.69497323036194
0.031,unsat,7.500004053115845
0.063,sat,63.893049001693726
0.047,unsat,3418.566627264023
0.045,cancelled,3382.531238555908
0.057,sat,195.02693843841553
0.053000000000000005,unsat,2969.9798991680145
0.051000000000000004,cancelled,2774.950501203537
0.055,unsat,3473.52659034729
