epsilon,result,runtime
0.265,sat,68.13810706138611
0.131,sat,473.03979897499084
0.133,cancelled,555.7769384384155
0.043000000000000003,unsat,2.7414603233337402
0.08700000000000001,unsat,3386.9136049747467
0.085,cancelled,3408.3114285469055
0.115,unsat,3324.6245033740997
0.101,cancelled,3334.9770221710205
0.121,sat,2288.4482102394104
0.125,cancelled,2297.0853986740112
0.11900000000000001,sat,3202.657426595688
0.117,sat,3507.286520242691
