epsilon,result,runtime
0.133,sat,515.4755809307098
0.265,cancelled,521.0693504810333
0.043000000000000003,unsat,6.640862226486206
0.08700000000000001,unsat,3237.778443813324
0.089,timeout,3600
0.111,sat,1188.4986736774445
0.109,sat,1569.7869024276733
0.099,sat,952.0259461402893
0.093,sat,945.7735714912415
0.097,cancelled,1166.55997300148
0.091,sat,3560.2260282039642
