epsilon,result,runtime
0.133,sat,46.08833122253418
0.265,cancelled,54.05993175506592
0.08700000000000001,sat,43.43776822090149
0.041,unsat,20.201953172683716
0.043000000000000003,unsat,79.61039280891418
0.065,unsat,3080.203761577606
0.063,cancelled,3082.7156307697296
0.079,sat,248.22107911109924
0.07100000000000001,unsat,3049.9342963695526
0.07300000000000001,unsat,3535.051621198654
0.077,sat,75.04717898368835
0.075,unsat,3178.6782326698303
