epsilon,result,runtime
0.133,sat,962.5767509937286
0.265,cancelled,970.7274234294891
0.08700000000000001,sat,704.1996898651123
0.041,unsat,2198.9577457904816
0.043000000000000003,unsat,3399.652074813843
0.065,unsat,3143.104377746582
0.063,cancelled,2673.8002738952637
0.079,sat,118.46727085113525
0.07100000000000001,sat,823.614410161972
0.07300000000000001,cancelled,968.1082675457001
0.069,sat,614.9299290180206
0.067,unsat,3497.207988500595
