epsilon,result,runtime
0.265,sat,111.38201808929443
0.133,sat,301.92354345321655
0.131,sat,188.75279307365417
0.065,unsat,2860.6332478523254
0.063,cancelled,2864.440500020981
0.107,sat,157.58473753929138
0.08700000000000001,sat,263.5257956981659
0.085,sat,1763.030377626419
0.075,timeout,3600
0.07300000000000001,unsat,2709.076836824417
0.077,timeout,3600
0.081,timeout,3600
0.079,timeout,3600
0.083,unsat,3578.8047440052032
