epsilon,result,runtime
0.133,sat,328.38274693489075
0.265,cancelled,340.0454957485199
0.043000000000000003,unsat,2.8525631427764893
0.089,unsat,3430.8627066612244
0.08700000000000001,cancelled,3457.4483671188354
0.117,sat,1675.5561368465424
0.10300000000000001,sat,2005.0476620197296
0.101,sat,1084.9302883148193
0.095,unsat,3474.968340396881
0.093,cancelled,2718.649792432785
0.099,unsat,3308.4748072624207
0.097,cancelled,3319.3128819465637
