epsilon,result,runtime
0.265,sat,121.14601707458496
0.133,sat,581.260332107544
0.131,sat,731.1609659194946
0.065,timeout,3600
0.063,timeout,3600
0.067,timeout,3600
0.061,timeout,3600
0.059000000000000004,unsat,3252.1986167430878
0.069,timeout,3600
0.099,sat,885.844621181488
0.101,cancelled,834.9439597129822
0.08700000000000001,sat,3422.8549766540527
0.079,timeout,3600
0.075,unsat,3191.8215203285217
0.077,timeout,3600
0.083,sat,1555.5628442764282
0.081,timeout,3600
