epsilon,result,runtime
0.133,sat,584.6949536800385
0.265,cancelled,594.1615130901337
0.043000000000000003,unsat,662.3867974281311
0.08700000000000001,timeout,3600
0.089,timeout,3600
0.085,sat,2170.979711532593
0.091,cancelled,1516.0743741989136
0.057,unsat,2944.091945171356
0.07100000000000001,sat,172.51776242256165
0.069,timeout,3600
0.063,timeout,3600
0.061,timeout,3600
0.059000000000000004,unsat,3089.3341193199158
0.065,timeout,3600
0.067,unsat,3081.223012447357
