epsilon,result,runtime
0.133,sat,234.756032705307
0.265,cancelled,245.24705743789673
0.08700000000000001,sat,583.1713774204254
0.043000000000000003,unsat,733.411463022232
0.041,cancelled,150.42430090904236
0.07100000000000001,sat,2341.5063803195953
0.057,unsat,3219.7321560382843
0.055,cancelled,878.2525813579559
0.065,sat,864.516587972641
0.061,unsat,3165.9235558509827
0.059000000000000004,cancelled,2301.9170813560486
0.063,sat,3231.033542871475
