epsilon,result,runtime
0.265,sat,41.25455403327942
0.133,sat,273.23333859443665
0.131,sat,272.1166441440582
0.063,unsat,338.1524748802185
0.065,unsat,1102.5975506305695
0.097,unsat,3474.2226972579956
0.099,unsat,3096.1696450710297
0.115,sat,488.4624910354614
0.113,sat,341.8166449069977
0.107,sat,313.76177620887756
0.10500000000000001,timeout,3600
0.101,unsat,3256.960372209549
0.10300000000000001,unsat,3493.7210948467255
