epsilon,result,runtime
0.133,unsat,2381.3655064105988
0.265,unsat,2828.629264354706
0.333,sat,531.2503201961517
0.267,sat,1747.5523324012756
0.299,cancelled,768.201149225235
