epsilon,result,runtime
0.133,sat,111.40349078178406
0.265,cancelled,117.76556777954102
0.043000000000000003,unsat,5.092031955718994
0.089,unsat,3234.8335223197937
0.08700000000000001,cancelled,3257.2727365493774
0.117,sat,551.2370693683624
0.101,sat,1127.3755810260773
0.10300000000000001,cancelled,1702.9643132686615
0.093,timeout,3600
0.095,timeout,3600
0.097,unsat,2287.547560453415
0.091,cancelled,2294.91131401062
0.099,sat,1405.3394329547882
