epsilon,result,runtime
0.133,sat,96.36380791664124
0.265,cancelled,106.35427212715149
0.043000000000000003,unsat,66.21277260780334
0.08700000000000001,unsat,3553.8742368221283
0.089,timeout,3600
0.111,sat,240.71287393569946
0.109,sat,1117.6076030731201
0.099,unsat,3210.824394464493
0.097,cancelled,2233.870454311371
0.10500000000000001,sat,96.23175048828125
0.10300000000000001,sat,258.207631111145
0.101,sat,536.9636764526367
