epsilon,result,runtime
0.133,sat,174.57623386383057
0.265,cancelled,184.08738589286804
0.043000000000000003,unsat,85.66428709030151
0.08700000000000001,sat,506.8717694282532
0.089,cancelled,420.9876561164856
0.07100000000000001,sat,2912.448974609375
0.057,unsat,3160.07377576828
0.055,cancelled,247.6503074169159
0.065,timeout,3600
0.061,timeout,3600
0.063,unsat,3219.5757501125336
0.067,unsat,3393.4234869480133
0.069,unsat,3283.1757786273956
