epsilon,result,runtime
0.133,sat,298.6408214569092
0.265,cancelled,310.6776740550995
0.043000000000000003,unsat,57.46862244606018
0.08700000000000001,unsat,3329.4437532424927
0.089,unsat,3347.087746858597
0.111,sat,596.7980561256409
0.109,sat,653.1508762836456
0.097,sat,1209.431794166565
0.099,cancelled,1367.853863954544
0.093,timeout,3600
0.091,timeout,3600
0.095,unsat,3352.419828414917
