epsilon,result,runtime
0.265,sat,40.247753858566284
0.133,sat,213.05940413475037
0.131,sat,236.78719282150269
0.063,sat,240.08228492736816
0.065,cancelled,323.2785756587982
0.021,unsat,83.20033645629883
0.041,unsat,3281.243889093399
0.053000000000000005,sat,299.9095573425293
0.043000000000000003,timeout,3600
0.047,sat,412.2071146965027
0.049,cancelled,332.8403069972992
0.045,timeout,3600
