epsilon,result,runtime
0.265,sat,37.66501760482788
0.131,sat,46.8006374835968
0.133,cancelled,88.89902019500732
0.043000000000000003,unsat,1.7852144241333008
0.08700000000000001,unsat,3480.3117418289185
0.085,cancelled,3487.5887353420258
0.101,sat,152.6753191947937
0.115,cancelled,156.14272332191467
0.091,sat,207.0987458229065
0.095,cancelled,210.49950194358826
0.089,sat,1116.0450584888458
