epsilon,result,runtime
0.265,sat,167.94202375411987
0.133,sat,597.4674530029297
0.131,sat,914.1742284297943
0.063,unsat,586.6995413303375
0.065,unsat,1324.871367931366
0.097,unsat,3146.58282995224
0.099,unsat,3296.000977039337
0.115,sat,702.9528565406799
0.10500000000000001,sat,583.4724154472351
0.113,cancelled,916.2853350639343
0.10300000000000001,sat,1940.9873373508453
0.101,unsat,2238.0525484085083
