epsilon,result,runtime
0.265,sat,27.409114837646484
0.131,sat,22.525571584701538
0.133,cancelled,65.0077645778656
0.085,sat,67.17316603660583
0.043000000000000003,sat,3223.798843860626
0.019000000000000003,unsat,4.347225189208984
0.041,timeout,3600
0.029,unsat,524.6384468078613
0.031,unsat,1127.3554821014404
0.035,unsat,3210.88755941391
0.037000000000000005,unsat,3369.915879011154
0.039,unsat,2829.5057804584503
