epsilon,result,runtime
0.265,sat,3.9385862350463867
0.133,sat,63.390867710113525
0.065,sat,6.2596275806427
0.131,cancelled,79.96308064460754
0.021,unsat,16.182324647903442
0.041,sat,97.10687828063965
0.043000000000000003,cancelled,81.73082518577576
0.027000000000000003,unsat,200.91430687904358
0.033,unsat,449.9504380226135
0.035,unsat,648.3800847530365
0.039,sat,17.851938724517822
0.037000000000000005,unsat,1659.2378289699554
