epsilon,result,runtime
0.133,sat,420.9406769275665
0.265,cancelled,433.0634660720825
0.08700000000000001,sat,162.39465284347534
0.041,unsat,1921.1879234313965
0.065,sat,16.262829303741455
0.043000000000000003,unsat,2299.162234067917
0.055,sat,192.7892472743988
0.053000000000000005,unsat,3503.9464032649994
0.047,cancelled,3135.740432739258
