epsilon,result,runtime
0.133,sat,271.59188508987427
0.265,cancelled,280.08032631874084
0.043000000000000003,unsat,2.988492012023926
0.08700000000000001,sat,785.2847514152527
0.089,cancelled,782.963926076889
0.057,unsat,3172.2317473888397
0.07100000000000001,unsat,3277.601485967636
0.079,sat,1308.022485256195
0.07300000000000001,unsat,3521.8268501758575
0.075,sat,2712.7118384838104
0.077,cancelled,623.4663238525391
