epsilon,result,runtime
0.265,sat,196.4811511039734
0.133,sat,805.6559865474701
0.131,sat,850.7452363967896
0.063,unsat,1274.4191703796387
0.065,unsat,2170.1081500053406
0.097,timeout,3600
0.099,timeout,3600
0.095,unsat,3176.354597568512
0.101,unsat,2586.243293762207
0.115,sat,750.1867043972015
0.117,cancelled,709.5222842693329
0.109,unsat,2325.444155931473
0.10500000000000001,cancelled,2335.690644979477
0.113,unsat,2361.681385278702
0.111,cancelled,2368.9108142852783
