epsilon,result,runtime
0.133,sat,111.91856551170349
0.265,cancelled,121.83357501029968
0.043000000000000003,unsat,891.46471118927
0.089,sat,206.40854907035828
0.08700000000000001,unsat,3147.703985929489
0.065,cancelled,2034.180068731308
