epsilon,result,runtime
0.265,sat,49.77900528907776
0.133,sat,67.55731892585754
0.131,sat,61.058719635009766
0.065,unsat,149.53526139259338
0.063,cancelled,107.77396440505981
0.08700000000000001,sat,38.04861831665039
0.107,cancelled,44.67279577255249
0.079,unsat,3066.186755180359
0.07300000000000001,cancelled,3073.788238286972
0.083,unsat,3359.604543685913
0.081,cancelled,3368.9818325042725
0.085,sat,61.23351693153381
