epsilon,result,runtime
0.265,sat,20.089346170425415
0.133,sat,25.67685556411743
0.131,sat,12.745643854141235
0.063,unsat,3415.5260236263275
0.097,sat,19.358017683029175
0.081,sat,19.13422131538391
0.07300000000000001,sat,19.016531229019165
0.069,sat,21.303926467895508
0.065,unsat,3566.905515909195
0.067,unsat,3559.800216436386
