epsilon,result,runtime
0.133,sat,45.990304946899414
0.265,cancelled,53.58912920951843
0.043000000000000003,unsat,3.441331624984741
0.08700000000000001,timeout,3600
0.089,timeout,3600
0.085,unsat,3183.7117671966553
0.111,sat,108.05585098266602
0.091,unsat,3353.990245819092
0.101,sat,116.93506789207458
0.099,sat,1209.765124320984
0.095,unsat,3356.767228126526
0.093,cancelled,2210.1891832351685
0.097,unsat,3438.307204246521
