epsilon,result,runtime
0.133,sat,962.5296981334686
0.265,cancelled,968.0798978805542
0.08700000000000001,sat,2992.267409801483
0.043000000000000003,timeout,3600
0.041,timeout,3600
0.045,timeout,3600
0.039,unsat,3577.7051270008087
0.047,unsat,3198.7283668518066
0.067,sat,916.481098651886
0.065,unsat,3000.7066881656647
0.055,cancelled,2305.340735912323
