epsilon,result,runtime
0.265,sat,3.182587146759033
0.133,sat,201.27182745933533
0.131,sat,199.69756150245667
0.065,sat,235.5485701560974
0.031,unsat,2.269798755645752
0.063,sat,353.50571751594543
0.047,unsat,103.60713195800781
0.045,cancelled,0.47077059745788574
0.053000000000000005,unsat,375.19881224632263
0.057,unsat,2438.7000238895416
0.061,sat,434.9636459350586
0.059000000000000004,unsat,3575.4284331798553
