epsilon,result,runtime
0.265,sat,203.10005283355713
0.131,sat,219.98233938217163
0.133,cancelled,434.7058894634247
0.043000000000000003,unsat,38.862143754959106
0.08700000000000001,sat,418.5691111087799
0.085,sat,784.7591886520386
0.063,unsat,3305.3084845542908
0.075,sat,285.2562413215637
0.065,unsat,3435.125272512436
0.069,unsat,2723.721004486084
0.07300000000000001,sat,421.674197435379
0.07100000000000001,timeout,3600
