epsilon,result,runtime
0.133,sat,1187.1271929740906
0.265,cancelled,1197.6327393054962
0.043000000000000003,unsat,413.8716058731079
0.08700000000000001,sat,1596.305813074112
0.089,cancelled,1182.4676027297974
0.057,timeout,3600
0.07100000000000001,timeout,3600
0.063,unsat,2708.353963136673
0.065,timeout,3600
0.077,unsat,2551.5139350891113
0.075,cancelled,1685.4344186782837
0.083,timeout,3600
0.081,timeout,3600
0.085,sat,1530.9659836292267
0.079,unsat,3486.4775483608246
