epsilon,result,runtime
0.265,sat,113.1385772228241
0.133,sat,342.39252042770386
0.131,sat,837.1201603412628
0.065,unsat,3310.6078383922577
0.063,cancelled,2702.6942641735077
0.107,sat,932.743613243103
0.085,sat,1381.1406030654907
0.08700000000000001,cancelled,2343.139071702957
0.077,unsat,3181.7471680641174
0.07100000000000001,cancelled,3193.8649661540985
0.081,unsat,3373.9921209812164
0.079,cancelled,3385.0686552524567
0.083,sat,387.71622109413147
