epsilon,result,runtime
0.133,sat,79.29064679145813
0.265,cancelled,88.19895100593567
0.043000000000000003,sat,389.4209613800049
0.08700000000000001,cancelled,400.44553875923157
0.013000000000000001,unsat,4.627285480499268
0.027000000000000003,unsat,662.6624622344971
0.029,unsat,993.0211355686188
0.035,unsat,2327.2926983833313
0.037000000000000005,unsat,3151.6308948993683
0.039,unsat,3569.0801644325256
0.041,sat,3355.8294508457184
