epsilon,result,runtime
0.265,sat,191.76044082641602
0.133,sat,270.279217004776
0.131,sat,220.95048832893372
0.065,sat,598.815639257431
0.063,sat,628.6105961799622
0.031,unsat,272.8438467979431
0.029,cancelled,102.74765181541443
0.041,unsat,642.4830710887909
0.051000000000000004,unsat,2642.533788919449
0.057,sat,1039.7744739055634
0.053000000000000005,unsat,3531.252457380295
0.055,unsat,3501.2921159267426
