epsilon,result,runtime
0.133,sat,509.7669508457184
0.265,cancelled,521.8008341789246
0.043000000000000003,unsat,1637.1409599781036
0.08700000000000001,timeout,3600
0.089,unsat,3216.4033534526825
0.085,cancelled,1282.2857043743134
0.117,sat,362.9515800476074
0.101,sat,885.3317062854767
0.10300000000000001,cancelled,1269.6951489448547
0.095,sat,1907.6750009059906
0.093,unsat,3356.7269189357758
0.091,cancelled,1448.976603269577
