epsilon,result,runtime
0.265,sat,21.18178629875183
0.133,sat,147.2425935268402
0.131,sat,168.2636194229126
0.065,unsat,3397.1432638168335
0.063,cancelled,3355.676177740097
0.08700000000000001,sat,20.184065341949463
0.107,cancelled,21.967149257659912
0.07300000000000001,sat,23.508041858673096
0.079,cancelled,25.126202821731567
0.067,unsat,3364.767864704132
0.07100000000000001,sat,26.52445125579834
0.069,unsat,3394.695196866989
