epsilon,result,runtime
0.265,sat,150.06270575523376
0.133,sat,265.8528974056244
0.131,sat,168.50034999847412
0.063,unsat,707.8216338157654
0.097,sat,83.31064939498901
0.065,unsat,2106.025272130966
0.081,timeout,3600
0.079,unsat,3247.1568841934204
0.083,timeout,3600
0.089,timeout,3600
0.091,unsat,3106.3509299755096
0.08700000000000001,cancelled,2214.4622354507446
0.093,sat,78.12447237968445
0.095,cancelled,85.59472179412842
