epsilon,result,runtime
0.265,sat,74.34368777275085
0.133,sat,97.75350499153137
0.065,unsat,249.52861714363098
0.097,sat,80.53786873817444
0.131,cancelled,367.08132886886597
0.075,unsat,3244.2853615283966
0.08700000000000001,sat,47.24238657951355
0.085,unsat,3424.9565873146057
0.079,cancelled,126.07340335845947
