epsilon,result,runtime
0.265,sat,30.24332070350647
0.133,sat,50.43121361732483
0.131,sat,52.95163345336914
0.065,sat,281.5955936908722
0.031,unsat,26.489720582962036
0.063,sat,291.02607250213623
0.047,unsat,3414.4234602451324
0.045,cancelled,3401.4464960098267
0.057,sat,146.84223580360413
0.053000000000000005,unsat,3512.2609491348267
0.051000000000000004,cancelled,3365.722980260849
0.055,sat,179.99877333641052
