epsilon,result,runtime
0.133,sat,1567.1069650650024
0.265,cancelled,1578.9036831855774
0.043000000000000003,unsat,48.361183643341064
0.08700000000000001,unsat,2403.080525159836
0.089,unsat,2955.162666797638
0.111,sat,654.7267036437988
0.099,sat,99.3491702079773
0.109,cancelled,161.377268075943
0.093,sat,240.1694781780243
0.095,cancelled,251.54301238059998
0.091,timeout,3600
