epsilon,result,runtime
0.133,sat,84.23170900344849
0.265,cancelled,90.97986650466919
0.08700000000000001,sat,64.37547898292542
0.043000000000000003,unsat,163.0786852836609
0.041,cancelled,98.89420104026794
0.057,unsat,3036.810832977295
0.07100000000000001,timeout,3600
0.07300000000000001,sat,666.7517955303192
0.069,timeout,3600
0.063,unsat,3481.9467747211456
0.061,cancelled,8.725933074951172
0.065,unsat,3289.7332627773285
0.067,timeout,3600
