epsilon,result,runtime
0.133,sat,135.0644404888153
0.265,cancelled,146.48270678520203
0.08700000000000001,sat,540.1832702159882
0.043000000000000003,unsat,3191.278727054596
0.041,cancelled,2651.0742666721344
0.07100000000000001,sat,2809.792000770569
0.057,timeout,3600
0.055,unsat,3338.3032722473145
0.059000000000000004,unsat,2696.1659231185913
0.065,timeout,3600
0.063,timeout,3600
0.067,sat,1898.6475284099579
0.061,timeout,3600
