epsilon,result,runtime
0.133,sat,214.54548478126526
0.265,cancelled,219.69666242599487
0.043000000000000003,unsat,281.9226701259613
0.08700000000000001,sat,656.0314128398895
0.089,cancelled,374.1257197856903
0.057,unsat,3538.5831377506256
0.07100000000000001,unsat,3557.586099386215
0.07300000000000001,timeout,3600
0.079,timeout,3600
0.081,sat,400.103396654129
0.077,unsat,3574.2145915031433
0.075,cancelled,3190.3209688663483
