epsilon,result,runtime
0.265,sat,123.40526509284973
0.131,sat,308.90629386901855
0.133,cancelled,453.94427824020386
0.043000000000000003,unsat,224.1979501247406
0.085,sat,760.0211760997772
0.08700000000000001,cancelled,535.9271514415741
0.069,unsat,3394.2911520004272
0.057,cancelled,3407.2914085388184
0.079,unsat,3391.796181678772
0.075,cancelled,3404.6770453453064
0.083,sat,467.1185460090637
0.081,sat,1065.061541557312
