epsilon,result,runtime
0.133,sat,102.3933515548706
0.265,cancelled,114.08840847015381
0.08700000000000001,sat,3196.626979112625
0.043000000000000003,unsat,3463.967869281769
0.041,cancelled,267.34557056427
0.07100000000000001,sat,341.4587948322296
0.057,sat,2259.607342481613
0.055,unsat,3009.4568769931793
0.049,cancelled,1105.0103385448456
