epsilon,result,runtime
0.265,sat,207.4952642917633
0.133,sat,934.796537399292
0.131,sat,1086.3556401729584
0.065,timeout,3600
0.063,timeout,3600
0.067,unsat,3138.1345801353455
0.061,cancelled,2782.085279941559
0.109,sat,1630.4415183067322
0.08700000000000001,sat,350.23275804519653
0.089,cancelled,1999.1386127471924
0.079,sat,629.1529188156128
0.07300000000000001,timeout,3600
0.07100000000000001,timeout,3600
0.069,unsat,2347.1483397483826
0.075,timeout,3600
0.077,sat,1428.8198585510254
