epsilon,result,runtime
0.265,sat,153.23140287399292
0.131,sat,323.19097995758057
0.133,cancelled,498.32547783851624
0.043000000000000003,unsat,179.02302956581116
0.08700000000000001,sat,413.31266355514526
0.085,sat,898.9665591716766
0.063,unsat,3149.2487790584564
0.065,unsat,3249.6336023807526
0.07300000000000001,sat,2489.791178703308
0.075,cancelled,2893.693495988846
0.069,sat,377.935879945755
0.067,unsat,3492.3400359153748
