epsilon,result,runtime
0.133,sat,35.25300192832947
0.265,cancelled,36.63584041595459
0.08700000000000001,sat,36.210407972335815
0.043000000000000003,unsat,45.417423486709595
0.041,cancelled,9.225479364395142
0.057,unsat,421.9962818622589
0.07300000000000001,sat,86.67686414718628
0.07100000000000001,sat,1974.56103515625
0.063,unsat,1773.8467466831207
0.065,unsat,3538.982220172882
0.067,unsat,3428.048335790634
0.069,unsat,3544.5929555892944
