epsilon,result,runtime
0.133,sat,1216.6154918670654
0.265,cancelled,1218.5406806468964
0.043000000000000003,sat,23.331161499023438
0.08700000000000001,cancelled,25.11730718612671
0.013000000000000001,unsat,1.8904531002044678
0.027000000000000003,unsat,3510.7734134197235
0.029,unsat,3516.529128074646
0.035,unsat,3487.6837470531464
0.037000000000000005,unsat,3487.7594978809357
0.041,sat,55.57282495498657
0.039,unsat,3457.827982187271
