epsilon,result,runtime
0.133,sat,359.8589663505554
0.265,cancelled,365.39789390563965
0.08700000000000001,sat,199.32941222190857
0.041,unsat,853.78320479393
0.043000000000000003,unsat,2829.6177940368652
0.065,unsat,3396.375780582428
0.063,cancelled,1636.7708549499512
0.079,sat,231.25020456314087
0.07300000000000001,sat,773.5316245555878
0.07100000000000001,sat,774.8048107624054
0.067,unsat,3583.337431192398
0.069,timeout,3600
