epsilon,result,runtime
0.133,sat,20.45845317840576
0.265,cancelled,22.038105964660645
0.043000000000000003,unsat,1.4006402492523193
0.089,sat,137.68861532211304
0.08700000000000001,sat,362.61596965789795
0.063,unsat,1609.4612531661987
0.065,unsat,3439.0708498954773
0.075,unsat,3582.486077308655
0.077,unsat,3410.2707200050354
0.081,timeout,3600
0.083,unsat,3531.9181559085846
0.079,cancelled,1370.5874185562134
0.085,sat,295.91044545173645
