epsilon,result,runtime
0.265,sat,67.13421607017517
0.133,sat,153.2352614402771
0.065,sat,19.400428533554077
0.131,cancelled,120.21781301498413
0.021,unsat,205.31227135658264
0.041,sat,221.25895881652832
0.043000000000000003,cancelled,15.10368299484253
0.027000000000000003,unsat,2759.5155980587006
0.033,timeout,3600
0.035,unsat,3244.118060350418
0.031,cancelled,2425.117420911789
0.037000000000000005,sat,2129.24178647995
0.039,cancelled,2140.4005444049835
