epsilon,result,runtime
0.265,sat,58.155771017074585
0.133,sat,60.28827238082886
0.131,sat,61.273370027542114
0.065,sat,2316.2449872493744
0.031,unsat,2.69201922416687
0.047,unsat,103.59480834007263
0.055,unsat,417.7298336029053
0.063,unsat,3466.913578748703
0.059000000000000004,cancelled,665.4618606567383
