epsilon,result,runtime
0.133,sat,918.5817275047302
0.265,cancelled,926.2854580879211
0.043000000000000003,unsat,438.42109727859497
0.08700000000000001,sat,998.8203067779541
0.089,cancelled,560.3975675106049
0.057,timeout,3600
0.07100000000000001,timeout,3600
0.065,timeout,3600
0.063,timeout,3600
0.067,unsat,2510.7170357704163
0.061,cancelled,2521.2023005485535
0.079,sat,280.28181552886963
0.075,sat,676.0417647361755
0.07300000000000001,sat,1461.3512735366821
0.069,unsat,2450.1790976524353
