epsilon,result,runtime
0.133,sat,132.4510943889618
0.265,cancelled,138.81463313102722
0.08700000000000001,sat,123.57581210136414
0.041,sat,2722.761533975601
0.043000000000000003,cancelled,2860.7081804275513
0.013000000000000001,unsat,2.2411460876464844
0.025,unsat,676.6239969730377
0.027000000000000003,unsat,1710.0399305820465
0.033,unsat,2117.197437763214
0.035,unsat,3324.074715614319
0.037000000000000005,timeout,3600
0.039,timeout,3600
