epsilon,result,runtime
0.265,sat,2.7417900562286377
0.133,sat,2.767911911010742
0.131,sat,1.500927209854126
0.065,sat,148.0780153274536
0.063,sat,145.0226752758026
0.029,unsat,54.24945902824402
0.047,unsat,3317.7542140483856
0.031,cancelled,3379.3471641540527
0.053000000000000005,unsat,3389.790205001831
0.057,timeout,3600
0.055,unsat,3254.903831720352
0.059000000000000004,timeout,3600
0.061,unsat,3581.1030740737915
