epsilon,result,runtime
0.133,sat,5.576952934265137
0.265,cancelled,10.496005773544312
0.08700000000000001,sat,20.429847240447998
0.043000000000000003,unsat,3220.584623813629
0.041,cancelled,3200.3097994327545
0.057,unsat,3285.438695669174
0.07100000000000001,timeout,3600
0.069,unsat,3189.109177350998
0.079,sat,3.29518985748291
0.07300000000000001,unsat,3547.025010585785
0.075,sat,71.76343393325806
0.077,cancelled,37.07518243789673
