epsilon,result,runtime
0.133,sat,4.409832954406738
0.265,cancelled,7.447943449020386
0.08700000000000001,sat,4.566668510437012
0.043000000000000003,sat,6.7506139278411865
0.041,sat,3.3374345302581787
0.019000000000000003,sat,6.262192726135254
0.021,cancelled,5.273118257522583
0.005,unsat,2.834904432296753
0.013000000000000001,sat,4.545811653137207
0.007,unsat,2.9473443031311035
0.009000000000000001,unsat,21.647387981414795
0.011,unsat,69.44150257110596
