epsilon,result,runtime
0.133,sat,6.130683183670044
0.265,cancelled,10.61854338645935
0.08700000000000001,sat,6.1986634731292725
0.041,unsat,3344.4039072990417
0.065,sat,12.053876161575317
0.043000000000000003,unsat,3394.975397825241
0.055,sat,21.585753917694092
0.047,unsat,3121.8997440338135
0.053000000000000005,unsat,3500.9103124141693
0.049,cancelled,330.8667585849762
