epsilon,result,runtime
0.133,sat,6.150560617446899
0.265,cancelled,8.716370344161987
0.08700000000000001,sat,6.03680944442749
0.041,unsat,3121.7896766662598
0.043000000000000003,unsat,3526.8123321533203
0.065,unsat,3194.060145139694
0.063,cancelled,2802.161093235016
0.07300000000000001,unsat,3203.810317993164
0.079,timeout,3600
0.081,unsat,3084.6293535232544
0.077,cancelled,2695.971085548401
0.083,sat,55.23220109939575
0.085,cancelled,58.24756360054016
