epsilon,result,runtime
0.133,sat,2.460301637649536
0.265,cancelled,5.503305673599243
0.08700000000000001,sat,2.7258925437927246
0.041,unsat,3262.1112270355225
0.065,sat,14.456952333450317
0.043000000000000003,unsat,3378.77716255188
0.055,unsat,3390.541617870331
0.053000000000000005,cancelled,3487.033797979355
0.061,unsat,3389.545456647873
0.059000000000000004,cancelled,3393.213438510895
0.063,unsat,3591.5892214775085
