epsilon,result,runtime
0.133,sat,4.3783557415008545
0.265,cancelled,7.309868335723877
0.08700000000000001,sat,4.586190700531006
0.041,unsat,3242.3851182460785
0.043000000000000003,unsat,3254.357584953308
0.065,sat,0.758660078048706
0.063,sat,0.45506882667541504
0.053000000000000005,sat,0.9878242015838623
0.051000000000000004,sat,26.754637002944946
0.047,sat,580.1659507751465
0.045,unsat,3568.6124675273895
