epsilon,result,runtime
0.133,sat,4.505001544952393
0.265,cancelled,7.952845573425293
0.043000000000000003,timeout,3600
0.08700000000000001,timeout,3600
0.089,sat,33.49178123474121
0.041,unsat,3324.8877606391907
0.045,unsat,3398.5050609111786
0.067,unsat,2969.7173528671265
0.065,cancelled,3085.748637676239
0.07300000000000001,unsat,3168.2776927948
0.079,unsat,3310.6117210388184
0.081,timeout,3600
0.083,timeout,3600
0.085,unsat,3567.194790840149
