epsilon,result,runtime
0.133,sat,2.6136138439178467
0.265,cancelled,5.60666036605835
0.08700000000000001,sat,46.297667503356934
0.043000000000000003,unsat,3000.698329925537
0.041,cancelled,2954.347836256027
0.057,unsat,3215.3883090019226
0.07100000000000001,unsat,3438.470793247223
0.079,sat,32.615864515304565
0.075,unsat,3038.8558695316315
0.07300000000000001,cancelled,3301.0533044338226
0.077,unsat,3580.2691309452057
