epsilon,result,runtime
0.133,sat,4.493695974349976
0.265,cancelled,7.930469512939453
0.265,sat,4.5055153369903564
0.08700000000000001,sat,17.047390460968018
0.043000000000000003,unsat,3363.0266814231873
0.041,cancelled,3346.1518313884735
0.057,unsat,2837.082703113556
0.07300000000000001,sat,32.86658811569214
0.07100000000000001,timeout,3600
0.063,unsat,3221.7815799713135
0.065,unsat,3442.876058578491
0.067,unsat,2824.2995059490204
0.069,unsat,3548.73659825325
