epsilon,result,runtime
0.133,sat,5.832008600234985
0.265,cancelled,9.108809232711792
0.265,sat,5.707257986068726
0.08700000000000001,sat,5.817214488983154
0.043000000000000003,sat,7.484078407287598
0.041,sat,7.198375940322876
0.019000000000000003,sat,5.771876096725464
0.021,cancelled,0.1374354362487793
0.005,unsat,6.217747449874878
0.011,unsat,46.4332492351532
0.013000000000000001,unsat,259.60372042655945
0.015,unsat,3131.3792083263397
0.017,unsat,3101.975532770157
