epsilon,result,runtime
0.133,sat,2.549630641937256
0.265,cancelled,5.571672677993774
0.08700000000000001,sat,2.765373945236206
0.043000000000000003,unsat,2805.3070311546326
0.041,cancelled,2802.7781825065613
0.07100000000000001,sat,4.565929889678955
0.055,unsat,3257.0217006206512
0.063,sat,15.497865438461304
0.059000000000000004,sat,22.092409133911133
0.057,unsat,3320.999808549881
