epsilon,result,runtime
0.133,sat,2.620840072631836
0.265,cancelled,5.570472240447998
0.08700000000000001,sat,2.6682443618774414
0.041,unsat,3414.73419046402
0.065,sat,2.6524605751037598
0.043000000000000003,unsat,3433.141548395157
0.055,unsat,2761.3889803886414
0.053000000000000005,cancelled,2771.1594851017
0.061,sat,18.618769645690918
0.059000000000000004,unsat,2683.85311794281
0.057,cancelled,2665.271434545517
