epsilon,result,runtime
0.265,sat,4.5543739795684814
0.133,sat,4.532702922821045
0.131,sat,4.52608060836792
0.065,unsat,2982.4288742542267
0.063,cancelled,2977.959483385086
0.107,sat,4.497013807296753
0.08700000000000001,sat,4.5181896686553955
0.085,sat,5.663508653640747
0.07300000000000001,unsat,3430.1598386764526
0.075,timeout,3600
0.081,sat,33.008639335632324
0.079,sat,294.17567014694214
0.077,unsat,3567.165538072586
