epsilon,result,runtime
0.265,sat,7.761986255645752
0.133,sat,7.808156251907349
0.131,sat,7.706841945648193
0.063,unsat,3169.833826303482
0.097,sat,32.458757162094116
0.065,unsat,3297.9942033290863
0.081,unsat,3091.8850274086
0.079,cancelled,3020.766825437546
0.091,unsat,3070.018226146698
0.08700000000000001,cancelled,3075.345109939575
0.093,unsat,2998.7111699581146
0.095,unsat,3000.092399120331
