epsilon,result,runtime
0.133,sat,2.731139659881592
0.265,cancelled,5.762192487716675
0.265,sat,2.783416509628296
0.08700000000000001,sat,2.6663951873779297
0.043000000000000003,unsat,3450.159379005432
0.041,cancelled,3447.772143602371
0.07100000000000001,sat,4.564242601394653
0.057,unsat,3189.4924693107605
0.055,cancelled,3184.9493033885956
0.065,unsat,3319.2248146533966
0.061,cancelled,3322.8614242076874
0.069,sat,68.09853982925415
0.067,unsat,3564.008717775345
