epsilon,result,runtime
0.133,sat,2.665964126586914
0.265,cancelled,5.739544153213501
0.265,sat,2.677102565765381
0.08700000000000001,sat,18.159459829330444
0.041,unsat,3338.779238462448
0.043000000000000003,unsat,3546.195233821869
0.065,unsat,3433.370415687561
0.063,cancelled,3250.6790697574615
0.07300000000000001,sat,4.451208829879761
0.079,cancelled,7.879103422164917
0.069,sat,23.768067598342896
0.067,sat,460.8861162662506
