epsilon,result,runtime
0.133,sat,2.567542791366577
0.265,cancelled,5.481368541717529
0.08700000000000001,sat,2.8171768188476562
0.041,unsat,3358.8845312595367
0.043000000000000003,unsat,3493.0614035129547
0.065,unsat,2914.5610027313232
0.063,cancelled,2789.779615879059
0.079,sat,4.568591833114624
0.07300000000000001,unsat,3207.420585632324
0.07100000000000001,cancelled,3203.0924530029297
0.077,sat,4.543693542480469
0.075,unsat,3588.4120819568634
