epsilon,result,runtime
0.133,sat,4.514197587966919
0.265,cancelled,7.797011852264404
0.08700000000000001,sat,48.826801776885986
0.043000000000000003,unsat,3394.9186477661133
0.041,cancelled,3346.1125824451447
0.07100000000000001,unsat,3175.993527173996
0.057,cancelled,3179.453859090805
0.081,unsat,2926.014314889908
0.077,cancelled,2929.7715480327606
0.085,sat,839.797562122345
0.083,timeout,3600
