epsilon,result,runtime
0.133,sat,2.574524164199829
0.265,cancelled,5.545017957687378
0.265,sat,2.62603759765625
0.08700000000000001,sat,2.6744797229766846
0.041,unsat,3473.654449701309
0.065,sat,2.64807391166687
0.043000000000000003,timeout,3600
0.055,sat,11.426208257675171
0.053000000000000005,unsat,3167.2973325252533
0.047,cancelled,3042.8444027900696
