epsilon,result,runtime
0.133,sat,2.7286720275878906
0.265,sat,2.733721971511841
0.265,cancelled,5.729764223098755
0.08700000000000001,sat,2.7592692375183105
0.043000000000000003,unsat,3337.3393337726593
0.041,cancelled,3334.7040469646454
0.057,unsat,3157.9005043506622
0.07300000000000001,sat,2.586660861968994
0.07100000000000001,unsat,3207.911156654358
0.063,cancelled,43.415406942367554
