epsilon,result,runtime
0.265,sat,2.7481393814086914
0.133,sat,2.7774312496185303
0.131,sat,2.7991766929626465
0.063,unsat,3134.1078782081604
0.097,sat,2.5821332931518555
0.065,unsat,3473.1074180603027
0.079,unsat,2935.7828221321106
0.089,sat,2.6478943824768066
0.081,timeout,3600
0.083,unsat,2723.75004696846
0.085,unsat,3056.6700093746185
0.08700000000000001,sat,1.3380138874053955
