epsilon,result,runtime
0.133,sat,5.727567195892334
0.265,cancelled,7.965002059936523
0.265,sat,5.770727872848511
0.08700000000000001,sat,5.772859334945679
0.043000000000000003,unsat,3322.1266498565674
0.041,cancelled,3316.4843485355377
0.07100000000000001,unsat,3230.055491924286
0.057,cancelled,3235.037708759308
0.081,sat,55.97975015640259
0.077,sat,120.44141626358032
0.075,unsat,3399.2262394428253
0.07300000000000001,cancelled,3342.7204456329346
