epsilon,result,runtime
0.265,sat,4.430594205856323
0.133,sat,4.4421546459198
0.131,sat,4.508464097976685
0.065,sat,4.428030967712402
0.063,sat,4.488054513931274
0.029,unsat,3495.1063420772552
0.047,sat,11.624879837036133
0.031,unsat,3559.1867005825043
0.039,unsat,2773.7608547210693
0.037000000000000005,cancelled,2735.670493364334
0.043000000000000003,sat,331.0116751194
0.041,unsat,3593.055771589279
