epsilon,result,runtime
0.133,sat,2.625363349914551
0.265,cancelled,5.373103141784668
0.08700000000000001,sat,2.682882308959961
0.043000000000000003,unsat,3265.7828752994537
0.041,cancelled,3263.245799779892
0.07100000000000001,sat,2753.0563547611237
0.057,unsat,3451.1964020729065
0.055,cancelled,698.1217415332794
0.061,unsat,2792.435585975647
0.067,sat,178.76892518997192
0.065,timeout,3600
0.063,unsat,3568.100619316101
