epsilon,result,runtime
0.133,sat,2.408254384994507
0.265,cancelled,5.380804777145386
0.08700000000000001,sat,25.543234825134277
0.043000000000000003,unsat,3482.0248012542725
0.041,cancelled,3456.780443906784
0.057,unsat,2860.217250108719
0.07100000000000001,timeout,3600
0.07300000000000001,unsat,3290.584753036499
0.069,cancelled,2557.5736935138702
0.081,sat,31.83567976951599
0.075,sat,298.09820199012756
0.077,cancelled,337.06486797332764
