epsilon,result,runtime
0.265,sat,5.762585401535034
0.133,sat,5.831069231033325
0.131,sat,5.751406669616699
0.065,unsat,3167.3193752765656
0.063,cancelled,3161.777633666992
0.107,sat,7.832853555679321
0.085,unsat,3310.991942882538
0.08700000000000001,unsat,3351.573409318924
0.097,sat,62.43315029144287
0.095,sat,44.27120852470398
0.091,sat,72.49031400680542
0.089,sat,649.72722697258
