epsilon,result,runtime
0.265,sat,2.6687259674072266
0.133,sat,2.751538038253784
0.131,sat,2.5122642517089844
0.063,unsat,2931.1989195346832
0.097,sat,2.6428682804107666
0.081,sat,2.7797305583953857
0.07300000000000001,sat,2.6096532344818115
0.069,sat,16.42987060546875
0.065,unsat,2980.9454510211945
0.067,sat,15.872005701065063
