epsilon,result,runtime
0.265,sat,6.171282052993774
0.133,sat,6.255832672119141
0.131,sat,6.134082078933716
0.065,sat,21.129167079925537
0.031,unsat,3.9732799530029297
0.063,unsat,2861.5701911449432
0.047,cancelled,2842.747927427292
