epsilon,result,runtime
0.265,sat,2.6573352813720703
0.133,sat,2.7356910705566406
0.131,sat,2.2458131313323975
0.065,unsat,3310.9935019016266
0.063,cancelled,3308.9861376285553
0.08700000000000001,sat,4.481106758117676
0.107,cancelled,8.088948011398315
0.079,sat,4.4945762157440186
0.07300000000000001,sat,1599.5506918430328
0.07100000000000001,unsat,3419.7735452651978
0.067,cancelled,1828.5992262363434
