epsilon,result,runtime
0.133,sat,4.486402273178101
0.265,cancelled,7.953835964202881
0.265,sat,4.50896430015564
0.08700000000000001,sat,4.388088226318359
0.043000000000000003,unsat,2975.5370709896088
0.041,cancelled,2971.335069179535
0.057,sat,23.675284385681152
0.07100000000000001,cancelled,27.168916940689087
0.051000000000000004,unsat,2971.1713831424713
0.047,cancelled,2974.304262638092
0.055,sat,15.797617197036743
0.053000000000000005,unsat,3572.502455472946
