epsilon,result,runtime
0.133,sat,2.579545259475708
0.265,cancelled,5.430071115493774
0.08700000000000001,sat,2.724147081375122
0.043000000000000003,unsat,2661.1859259605408
0.041,cancelled,2658.517781019211
0.07100000000000001,sat,4.504392147064209
0.057,sat,320.9571785926819
0.049,unsat,2710.0599448680878
0.055,unsat,3186.7109603881836
0.051000000000000004,cancelled,159.16237807273865
