epsilon,result,runtime
0.133,sat,2.680199384689331
0.265,cancelled,5.640344619750977
0.08700000000000001,sat,2.744070529937744
0.041,unsat,3495.8053410053253
0.043000000000000003,unsat,3507.8986356258392
0.063,unsat,3472.2188782691956
0.065,timeout,3600
0.077,unsat,3049.0205833911896
0.075,cancelled,3172.398458957672
0.083,sat,45.04927396774292
0.079,sat,1460.8534870147705
0.081,cancelled,1513.7683568000793
