epsilon,result,runtime
0.265,sat,4.434379577636719
0.133,sat,4.507480144500732
0.131,sat,4.5769312381744385
0.065,unsat,3081.20845079422
0.063,cancelled,3076.867042541504
0.107,sat,4.507229328155518
0.08700000000000001,sat,4.593519926071167
0.085,sat,4.523622751235962
0.07300000000000001,unsat,2768.8575127124786
0.079,sat,2.683920383453369
0.075,timeout,3600
0.077,timeout,3600
