epsilon,result,runtime
0.265,sat,7.4088358879089355
0.133,sat,7.439306735992432
0.131,sat,7.481318950653076
0.063,unsat,3226.699598312378
0.065,unsat,3500.2456710338593
0.099,sat,80.72912287712097
0.097,sat,488.0841221809387
0.081,unsat,3215.273945569992
0.079,cancelled,3072.4559648036957
0.08700000000000001,unsat,3097.0297656059265
0.091,unsat,3351.9576320648193
0.095,sat,536.7369115352631
0.093,unsat,3006.5365755558014
