epsilon,result,runtime
0.133,sat,4.530767917633057
0.265,cancelled,7.963763236999512
0.265,sat,4.495418310165405
0.043000000000000003,unsat,3416.565289735794
0.08700000000000001,unsat,3588.348061800003
0.111,sat,2.628472089767456
0.099,sat,2.7697677612304688
0.093,sat,2.70121431350708
0.091,sat,2.7195539474487305
0.089,sat,264.15091252326965
