epsilon,result,runtime
0.265,sat,4.474684476852417
0.133,sat,4.4978227615356445
0.131,sat,4.565145969390869
0.065,unsat,2690.240383863449
0.063,cancelled,2685.611753463745
0.08700000000000001,sat,4.5327324867248535
0.107,cancelled,7.888169288635254
0.107,sat,4.505589246749878
0.079,sat,4.448220252990723
0.07300000000000001,sat,41.0055992603302
0.07100000000000001,sat,502.01741790771484
0.069,sat,311.82298374176025
0.067,sat,1541.2128930091858
