epsilon,result,runtime
0.133,sat,4.526114463806152
0.265,cancelled,7.878941059112549
0.08700000000000001,sat,4.4866180419921875
0.041,unsat,2758.454513311386
0.043000000000000003,timeout,3600
0.065,unsat,2588.612108707428
0.063,cancelled,1762.1064200401306
0.079,sat,4.4714765548706055
0.07300000000000001,sat,4.446696519851685
0.07100000000000001,sat,4.5801074504852295
0.069,sat,4.4577460289001465
0.067,sat,19.465486764907837
