epsilon,result,runtime
0.133,sat,2.67087721824646
0.265,cancelled,5.694417953491211
0.08700000000000001,sat,24.25485324859619
0.043000000000000003,unsat,2708.017382144928
0.041,cancelled,2683.645840406418
0.057,unsat,3179.18909573555
0.07100000000000001,timeout,3600
0.07300000000000001,unsat,3145.995903491974
0.069,cancelled,2732.277872800827
0.081,sat,809.6652007102966
0.077,unsat,3480.00750207901
0.075,cancelled,2670.3504445552826
0.079,unsat,3558.64417886734
