epsilon,result,runtime
0.265,sat,1.9277737140655518
0.133,sat,2.329216480255127
0.131,sat,2.1923556327819824
0.065,sat,2.473996639251709
0.063,sat,1.5629327297210693
0.029,unsat,3416.165057659149
0.031,unsat,3437.885055541992
0.047,sat,14.954690217971802
0.045,sat,94.39280033111572
0.039,unsat,3019.5805690288544
0.037000000000000005,cancelled,3119.4812483787537
0.041,timeout,3600
0.043000000000000003,timeout,3600
