epsilon,result,runtime
0.265,sat,7.367006301879883
0.133,sat,7.478313684463501
0.065,sat,7.459346055984497
0.131,cancelled,11.690968751907349
0.021,unsat,4.850952863693237
0.043000000000000003,sat,39.36016345024109
0.031,unsat,3223.756710290909
0.041,timeout,3600
0.035,unsat,3529.347770214081
0.037000000000000005,unsat,3474.1396300792694
0.039,unsat,3472.9739134311676
