epsilon,result,runtime
0.133,sat,2.653738498687744
0.265,cancelled,5.36288595199585
0.08700000000000001,sat,2.792357921600342
0.043000000000000003,unsat,3176.016937494278
0.041,cancelled,3173.253215074539
0.07100000000000001,sat,4.547033071517944
0.055,unsat,2701.1629524230957
0.057,unsat,3394.662048816681
0.063,unsat,3114.191332578659
0.065,unsat,3354.47562789917
0.069,sat,2.665297746658325
0.067,unsat,3549.3048520088196
