epsilon,result,runtime
0.133,sat,2.682823896408081
0.265,sat,2.6792185306549072
0.265,cancelled,5.6064980030059814
0.08700000000000001,unsat,3037.620785713196
0.043000000000000003,cancelled,3042.535660982132
0.117,unsat,2813.0050573349
0.10300000000000001,cancelled,2816.4186129570007
0.127,sat,4.479665279388428
0.123,sat,4.470625877380371
0.11900000000000001,sat,44.237910747528076
0.121,cancelled,47.702439069747925
