epsilon,result,runtime
0.133,sat,4.560468912124634
0.265,cancelled,7.874296188354492
0.08700000000000001,sat,4.482360601425171
0.043000000000000003,sat,1446.154014825821
0.019000000000000003,unsat,1.68052339553833
0.041,unsat,2895.303415298462
0.029,cancelled,1452.7279660701752
