epsilon,result,runtime
0.133,sat,4.503352642059326
0.265,cancelled,8.021026372909546
0.08700000000000001,sat,36.77062773704529
0.043000000000000003,unsat,3099.3250200748444
0.041,cancelled,3062.991848707199
0.07100000000000001,unsat,3052.5506072044373
0.057,cancelled,3056.296679019928
0.077,unsat,3438.663552761078
0.081,timeout,3600
0.083,sat,1234.1838324069977
0.079,unsat,3580.4966611862183
