epsilon,result,runtime
0.133,sat,4.497739315032959
0.265,cancelled,7.779045104980469
0.08700000000000001,sat,4.505993843078613
0.041,unsat,3182.9952471256256
0.043000000000000003,unsat,3521.883009672165
0.063,sat,1378.5860195159912
0.065,cancelled,1712.3905839920044
0.049,unsat,2717.7203595638275
0.055,unsat,3296.715871810913
0.057,unsat,3338.9144101142883
0.059000000000000004,unsat,3452.8987991809845
0.061,unsat,3561.9395315647125
