epsilon,result,runtime
0.133,sat,2.4936273097991943
0.265,cancelled,5.480422496795654
0.265,sat,2.5769567489624023
0.08700000000000001,sat,2.602128028869629
0.043000000000000003,unsat,3430.8651485443115
0.041,cancelled,3428.2776687145233
0.057,timeout,3600
0.07100000000000001,timeout,3600
0.065,unsat,3385.217248916626
0.063,cancelled,3390.037528038025
0.079,sat,18.013278007507324
0.07300000000000001,sat,70.63227319717407
0.067,unsat,3322.198874473572
0.069,unsat,3405.7072098255157
