epsilon,result,runtime
0.265,sat,2.5428144931793213
0.133,sat,2.5850563049316406
0.131,sat,2.6522130966186523
0.065,sat,4.0776450634002686
0.063,sat,11.769809007644653
0.031,unsat,3473.1721744537354
0.029,cancelled,3462.961641550064
0.051000000000000004,unsat,3024.6562988758087
0.041,cancelled,3028.0140838623047
0.055,sat,270.1934242248535
0.057,cancelled,273.80128812789917
0.053000000000000005,sat,724.745414018631
