epsilon,result,runtime
0.133,sat,4.56244683265686
0.265,cancelled,8.49106740951538
0.265,sat,4.570392847061157
0.043000000000000003,unsat,3366.5613610744476
0.08700000000000001,unsat,3470.7352108955383
0.111,sat,2.5857481956481934
0.099,sat,2.601658344268799
0.089,unsat,2736.300719022751
0.095,sat,28.05543565750122
0.093,unsat,3568.8157312870026
0.091,cancelled,914.5403790473938
