epsilon,result,runtime
0.265,sat,4.493345260620117
0.133,sat,4.510678291320801
0.131,sat,4.44830060005188
0.065,unsat,3212.77845954895
0.063,cancelled,3208.5559129714966
0.107,sat,7.722810506820679
0.08700000000000001,unsat,3021.146317720413
0.085,cancelled,3013.5564942359924
0.099,sat,70.83049583435059
0.091,unsat,2977.4099984169006
0.093,unsat,3250.6691126823425
0.097,sat,63.59982776641846
0.095,sat,696.8091418743134
