epsilon,result,runtime
0.133,sat,4.542507648468018
0.265,cancelled,7.945153474807739
0.265,sat,4.5398523807525635
0.08700000000000001,sat,4.473266124725342
0.043000000000000003,unsat,3391.477133989334
0.041,cancelled,3387.074816465378
0.07100000000000001,sat,23.723856449127197
0.057,unsat,3411.141235589981
0.055,cancelled,3387.528827905655
0.061,sat,1482.2815973758698
0.065,cancelled,1485.9197399616241
0.059000000000000004,unsat,3585.30380320549
