epsilon,result,runtime
0.265,sat,7.784787893295288
0.133,sat,7.764539957046509
0.131,sat,7.635303258895874
0.063,unsat,3209.869421482086
0.097,sat,6.034747362136841
0.065,unsat,3560.406918287277
0.081,unsat,3284.548999071121
0.079,cancelled,2967.381206512451
0.08700000000000001,sat,21.944713354110718
0.091,cancelled,27.572129249572754
0.085,sat,122.15762495994568
0.083,unsat,3425.2288258075714
