epsilon,result,runtime
0.265,sat,4.496798992156982
0.133,sat,4.55736231803894
0.131,sat,4.379651784896851
0.063,unsat,3366.8582847118378
0.065,timeout,3600
0.099,unsat,2966.05277299881
0.097,cancelled,3193.2348821163177
0.11900000000000001,sat,4.467300176620483
0.109,sat,42.43803024291992
0.107,sat,261.720890045166
0.10300000000000001,unsat,2716.9810433387756
0.101,cancelled,2493.310982942581
0.10500000000000001,sat,494.34527611732483
