epsilon,result,runtime
0.265,sat,7.735978603363037
0.133,sat,7.76500940322876
0.131,sat,7.8837268352508545
0.063,unsat,3047.1327373981476
0.097,sat,6.072905540466309
0.081,sat,5.976010799407959
0.065,unsat,3288.795925140381
0.07300000000000001,unsat,3074.0508346557617
0.07100000000000001,cancelled,2877.0705766677856
0.077,sat,7.5909154415130615
0.075,sat,124.46025943756104
