epsilon,result,runtime
0.265,sat,2.5417234897613525
0.133,sat,2.7206501960754395
0.131,sat,1.5825181007385254
0.065,sat,2.2448205947875977
0.063,sat,20.27078151702881
0.029,unsat,59.691145181655884
0.047,unsat,2898.1083920001984
0.031,cancelled,2986.034187078476
0.057,sat,313.22392678260803
0.051000000000000004,unsat,2689.478448152542
0.053000000000000005,unsat,3337.194827079773
0.055,unsat,3594.3209228515625
