epsilon,result,runtime
0.265,sat,2.681802272796631
0.133,sat,2.679433584213257
0.131,sat,2.662893533706665
0.063,unsat,3226.07004237175
0.097,sat,23.822014093399048
0.081,sat,5.248201370239258
0.065,unsat,3403.908814430237
0.07100000000000001,sat,5.465061664581299
0.07300000000000001,cancelled,144.7186131477356
0.067,timeout,3600
0.069,timeout,3600
