epsilon,result,runtime
0.133,sat,7.826582908630371
0.265,sat,7.816771507263184
0.265,cancelled,13.744776248931885
0.08700000000000001,sat,7.822732448577881
0.043000000000000003,unsat,3333.3520123958588
0.041,cancelled,3325.3643782138824
0.07100000000000001,unsat,3445.404726266861
0.057,cancelled,3450.0079362392426
0.077,sat,6.778053522109985
0.081,cancelled,12.14962124824524
0.07300000000000001,unsat,3168.0974028110504
0.075,timeout,3600
