epsilon,result,runtime
0.133,sat,2.7193074226379395
0.265,cancelled,5.687964916229248
0.08700000000000001,sat,2.6195292472839355
0.043000000000000003,sat,2.6903274059295654
0.019000000000000003,unsat,1.9257285594940186
0.041,sat,2.081434726715088
0.031,unsat,2712.774607181549
0.029,cancelled,2715.6760783195496
0.037000000000000005,sat,18.662595510482788
0.035,sat,87.80436062812805
0.033,unsat,3580.6319699287415
