epsilon,result,runtime
0.133,sat,2.644369125366211
0.265,cancelled,5.384423494338989
0.08700000000000001,sat,2.6760640144348145
0.043000000000000003,unsat,3406.6499783992767
0.041,cancelled,3404.1444997787476
0.07100000000000001,sat,2.6050150394439697
0.057,unsat,3465.4862768650055
0.055,cancelled,3463.0152666568756
0.065,sat,41.416741371154785
0.061,sat,49.38731026649475
0.059000000000000004,sat,116.46612358093262
