epsilon,result,runtime
0.265,sat,6.184313535690308
0.133,sat,6.257444858551025
0.131,sat,6.133451461791992
0.063,unsat,3220.901965379715
0.097,sat,6.018827438354492
0.081,sat,5.657658576965332
0.07300000000000001,sat,5.901463985443115
0.065,unsat,3315.3476173877716
0.069,sat,94.09650158882141
0.067,timeout,3600
