epsilon,result,runtime
0.133,sat,4.176337718963623
0.265,cancelled,7.325927257537842
0.265,sat,4.1533825397491455
0.08700000000000001,sat,4.024761438369751
0.043000000000000003,unsat,2724.9051575660706
0.041,cancelled,2721.0470690727234
0.07100000000000001,sat,4.529063940048218
0.057,unsat,3340.4010593891144
0.055,cancelled,3335.8679616451263
0.065,sat,4.508644342422485
0.061,sat,37.42648220062256
0.059000000000000004,unsat,3577.0085480213165
