epsilon,result,runtime
0.265,sat,5.790499925613403
0.133,sat,5.891194105148315
0.131,sat,5.648151159286499
0.063,unsat,3491.8736703395844
0.065,unsat,3503.0769970417023
0.097,sat,4.0814220905303955
0.099,cancelled,6.748327732086182
0.075,unsat,2834.1624524593353
0.08700000000000001,sat,129.2317759990692
0.085,timeout,3600
0.079,timeout,3600
0.081,unsat,3076.6165401935577
0.077,cancelled,110.08664155006409
0.083,timeout,3600
