epsilon,result,runtime
0.265,sat,2.382206678390503
0.133,sat,2.591719627380371
0.131,sat,2.742344617843628
0.065,unsat,3486.252104282379
0.063,cancelled,3483.8113107681274
0.107,sat,4.500149488449097
0.08700000000000001,sat,4.5560221672058105
0.085,sat,4.536255836486816
0.075,sat,105.10669016838074
0.07300000000000001,sat,429.13021993637085
0.067,unsat,2640.868191242218
0.07100000000000001,sat,342.5037899017334
0.069,unsat,3356.5370059013367
