epsilon,result,runtime
0.265,sat,5.796434164047241
0.133,sat,5.836011171340942
0.131,sat,5.656226634979248
0.065,sat,5.812893390655518
0.063,sat,5.624262809753418
0.031,unsat,3305.9690091609955
0.029,cancelled,3300.5273838043213
0.051000000000000004,sat,7.849748849868774
0.041,sat,46.4964599609375
0.039,sat,678.8664548397064
0.035,timeout,3600
0.033,timeout,3600
0.037000000000000005,unsat,3436.490843772888
