epsilon,result,runtime
0.265,sat,6.075952053070068
0.133,sat,6.108630657196045
0.065,sat,6.090217590332031
0.131,cancelled,8.133090734481812
0.131,sat,6.140944480895996
0.021,unsat,3.9658288955688477
0.041,timeout,3600
0.043000000000000003,timeout,3600
0.039,unsat,3317.4404978752136
0.055,sat,5.7208898067474365
0.045,timeout,3600
0.051000000000000004,sat,755.2817478179932
0.049,unsat,3031.4155189990997
0.047,cancelled,2016.3692145347595
