epsilon,result,runtime
0.265,sat,2.383953094482422
0.133,sat,2.6335885524749756
0.131,sat,2.354491710662842
0.065,sat,2.4733030796051025
0.063,sat,4.150220155715942
0.031,unsat,4.129938364028931
0.029,cancelled,0.3434300422668457
0.051000000000000004,unsat,3324.0943949222565
0.041,cancelled,3328.618120908737
0.057,unsat,3138.9680337905884
0.055,cancelled,3142.34414434433
0.059000000000000004,unsat,3041.1768345832825
0.061,unsat,3059.4180030822754
