epsilon,result,runtime
0.265,sat,1.9831268787384033
0.133,sat,2.3438282012939453
0.131,sat,1.1801037788391113
0.065,sat,1.7138562202453613
0.063,sat,0.5865895748138428
0.031,sat,1.0043120384216309
0.029,sat,0.3735494613647461
0.013000000000000001,unsat,3348.3412437438965
0.021,sat,1.9969019889831543
0.017,sat,2.528562307357788
0.015,timeout,3600
