epsilon,result,runtime
0.265,sat,2.723200798034668
0.133,sat,3.154365301132202
0.065,sat,2.115053176879883
0.131,cancelled,5.258455038070679
0.041,sat,2.7362802028656006
0.019000000000000003,unsat,71.80647826194763
0.031,sat,20.07779026031494
0.025,sat,21.71504855155945
0.021,unsat,271.6366229057312
0.023,unsat,3268.0300872325897
