epsilon,result,runtime
0.133,sat,6.300846099853516
0.265,cancelled,10.47658371925354
0.08700000000000001,sat,6.1778881549835205
0.041,unsat,3151.508818626404
0.065,sat,5.645841360092163
0.043000000000000003,unsat,3364.1218259334564
0.053000000000000005,unsat,3268.0511236190796
0.055,unsat,3232.94317650795
0.061,sat,10.787893533706665
0.059000000000000004,unsat,3362.563826560974
0.057,cancelled,3196.1521894931793
