epsilon,result,runtime
0.265,sat,2.706794261932373
0.133,sat,2.7089288234710693
0.065,sat,2.552833080291748
0.131,cancelled,5.2454564571380615
0.041,sat,180.70204305648804
0.021,unsat,2793.0894451141357
0.019000000000000003,cancelled,2612.3900063037872
0.027000000000000003,unsat,2915.2761533260345
0.033,unsat,3340.277735710144
0.035,unsat,3295.9856073856354
0.039,sat,289.41007947921753
0.037000000000000005,unsat,3171.51118516922
