epsilon,result,runtime
0.133,sat,0.5149080753326416
0.265,cancelled,3.56327748298645
0.043000000000000003,sat,0.5693325996398926
0.08700000000000001,cancelled,3.6802725791931152
0.08700000000000001,sat,0.614248514175415
0.013000000000000001,sat,0.47879648208618164
0.027000000000000003,cancelled,3.513397693634033
0.003,unsat,0.4671163558959961
0.007,unsat,0.5009810924530029
0.009000000000000001,unsat,0.3764472007751465
0.011,unsat,21.00328826904297
