epsilon,result,runtime
0.265,sat,0.6320095062255859
0.133,sat,0.6944501399993896
0.131,sat,0.5588533878326416
0.065,sat,14.200577974319458
0.031,unsat,16.309040069580078
0.063,sat,32.46159052848816
0.047,unsat,210.5853841304779
0.045,cancelled,211.72591757774353
0.057,sat,147.44195079803467
0.051000000000000004,unsat,931.4650359153748
0.053000000000000005,unsat,2011.9737389087677
0.055,unsat,1346.4942111968994
