epsilon,result,runtime
0.133,sat,0.6633119583129883
0.265,cancelled,4.158287763595581
0.265,sat,0.6534950733184814
0.08700000000000001,sat,0.5721063613891602
0.043000000000000003,sat,16.818201780319214
0.041,sat,17.22273898124695
0.019000000000000003,unsat,16.007591247558594
0.021,unsat,20.077208518981934
0.029,unsat,562.6033012866974
0.031,unsat,673.9389383792877
0.035,unsat,3521.3696541786194
0.037000000000000005,unsat,3580.2335526943207
0.039,sat,164.92342877388
