epsilon,result,runtime
0.133,sat,0.38730859756469727
0.265,cancelled,3.301623821258545
0.08700000000000001,sat,0.4431617259979248
0.043000000000000003,sat,0.3928227424621582
0.041,sat,0.4322845935821533
0.019000000000000003,unsat,1.5725939273834229
0.031,sat,0.510549783706665
0.021,unsat,2.750709056854248
0.025,unsat,49.1555233001709
0.029,sat,5.318368911743164
0.027000000000000003,unsat,58.76251029968262
