epsilon,result,runtime
0.133,sat,0.3608686923980713
0.265,cancelled,3.35636043548584
0.08700000000000001,sat,0.3108837604522705
0.043000000000000003,sat,0.3974628448486328
0.041,sat,0.33344435691833496
0.019000000000000003,unsat,18.20611596107483
0.031,sat,3.122013807296753
0.021,unsat,24.79252314567566
0.025,sat,0.5670421123504639
0.027000000000000003,cancelled,0.7754576206207275
0.023,sat,2.299428939819336
