epsilon,result,runtime
0.133,sat,0.278794527053833
0.265,cancelled,3.288374185562134
0.08700000000000001,sat,0.9225723743438721
0.043000000000000003,sat,2.4493701457977295
0.041,sat,0.4083127975463867
0.019000000000000003,unsat,0.18368864059448242
0.021,unsat,0.5511581897735596
0.029,unsat,137.20691394805908
0.031,unsat,182.5165891647339
0.035,unsat,247.1831715106964
0.039,sat,16.96055006980896
0.037000000000000005,sat,227.9693307876587
