epsilon,result,runtime
0.265,sat,0.38474082946777344
0.133,sat,0.6891241073608398
0.131,sat,0.673804759979248
0.065,unsat,101.87335920333862
0.063,cancelled,101.4836277961731
0.107,sat,3.2099506855010986
0.08700000000000001,sat,4.447585105895996
0.085,sat,0.9991934299468994
0.075,sat,363.98224425315857
0.069,unsat,424.0711920261383
0.07100000000000001,unsat,956.2500927448273
0.07300000000000001,unsat,1854.529732465744
