epsilon,result,runtime
0.265,sat,0.3677854537963867
0.133,sat,0.6868572235107422
0.131,sat,0.49037647247314453
0.065,sat,0.6750447750091553
0.031,unsat,2.506974935531616
0.063,sat,2.9504153728485107
0.045,unsat,38.19312763214111
0.055,sat,10.423196792602539
0.051000000000000004,sat,34.796953201293945
0.047,unsat,158.54562425613403
0.049,unsat,66.4949836730957
