epsilon,result,runtime
0.133,sat,0.3766787052154541
0.265,sat,0.37705516815185547
0.265,cancelled,3.2537970542907715
0.08700000000000001,sat,0.360628604888916
0.043000000000000003,sat,48.57468056678772
0.019000000000000003,unsat,0.36594390869140625
0.029,unsat,26.034523487091064
0.035,unsat,198.96503472328186
0.037000000000000005,unsat,407.8878138065338
0.041,sat,1006.8815066814423
0.039,unsat,322.09669184684753
