epsilon,result,runtime
0.265,sat,0.3779027462005615
0.133,sat,0.35572171211242676
0.131,sat,0.3876535892486572
0.065,sat,0.6990110874176025
0.031,sat,0.4620521068572998
0.063,cancelled,3.5498108863830566
0.063,sat,0.6349983215332031
0.009000000000000001,unsat,0.3069326877593994
0.021,sat,0.5001118183135986
0.013000000000000001,unsat,0.39009571075439453
0.019000000000000003,unsat,10.097581148147583
0.015,cancelled,2.256030321121216
