epsilon,result,runtime
0.265,sat,0.3315870761871338
0.133,sat,0.3504161834716797
0.131,sat,0.360933780670166
0.065,sat,0.7915623188018799
0.063,sat,10.301891088485718
0.031,unsat,13.012419939041138
0.029,cancelled,2.725598096847534
0.051000000000000004,sat,15.850931406021118
0.041,sat,44.107648611068726
0.035,unsat,69.77561688423157
0.039,unsat,279.4153025150299
0.037000000000000005,cancelled,181.64537978172302
