epsilon,result,runtime
0.265,sat,0.6839902400970459
0.133,sat,2.269355535507202
0.131,sat,1.1566383838653564
0.065,sat,0.332996129989624
0.063,sat,0.28092527389526367
0.031,unsat,2.3953752517700195
0.029,cancelled,2.9577159881591797
0.051000000000000004,sat,5.295714378356934
0.039,unsat,72.2150137424469
0.045,sat,28.758318424224854
0.041,unsat,147.0732021331787
0.043000000000000003,unsat,46.125338315963745
