epsilon,result,runtime
0.265,sat,0.36736059188842773
0.133,sat,0.3545072078704834
0.131,sat,0.19759368896484375
0.065,sat,0.4708080291748047
0.063,sat,0.30318307876586914
0.031,sat,0.542872428894043
0.029,sat,0.2168734073638916
0.015,sat,4.874814033508301
0.005,unsat,0.3758425712585449
0.013000000000000001,unsat,13.992124080657959
0.009000000000000001,cancelled,2.895026922225952
