epsilon,result,runtime
0.265,sat,0.3833956718444824
0.133,sat,0.6699671745300293
0.131,sat,0.685260534286499
0.063,unsat,1002.7688024044037
0.097,sat,9.354929447174072
0.065,unsat,1583.2300007343292
0.081,unsat,3573.538456916809
0.079,cancelled,3011.9387028217316
0.091,sat,22.26671290397644
0.08700000000000001,sat,31.158894062042236
0.085,sat,926.8809971809387
0.083,error,1076.8181502819061
