epsilon,result,runtime
0.265,sat,0.34633779525756836
0.133,sat,0.3219633102416992
0.131,sat,0.34645676612854004
0.065,sat,0.6855847835540771
0.063,sat,0.5716731548309326
0.029,unsat,21.899883031845093
0.031,unsat,25.422561645507812
0.047,unsat,3584.1751968860626
0.045,cancelled,3586.7191500663757
0.057,sat,0.5862665176391602
0.053000000000000005,sat,5.3587141036987305
0.051000000000000004,sat,3.8569514751434326
0.049,sat,15.902379989624023
