epsilon,result,runtime
0.265,sat,0.23730087280273438
0.133,sat,0.534203052520752
0.131,sat,0.2759120464324951
0.065,sat,1.2815849781036377
0.063,sat,0.4058187007904053
0.031,sat,0.1796731948852539
0.029,sat,0.15862607955932617
0.013000000000000001,unsat,0.17087817192077637
0.015,unsat,0.12531161308288574
0.021,unsat,2.0242557525634766
0.023,unsat,9.91965627670288
0.027000000000000003,sat,0.3748595714569092
0.025,unsat,13.696213722229004
