epsilon,result,runtime
0.265,sat,0.29688405990600586
0.133,sat,0.32810354232788086
0.065,sat,0.3484516143798828
0.131,cancelled,3.16650652885437
0.131,sat,0.35485339164733887
0.021,unsat,0.30246710777282715
0.043000000000000003,sat,8.980663537979126
0.031,unsat,20.333879709243774
0.035,unsat,301.2627339363098
0.037000000000000005,unsat,391.46097564697266
0.039,unsat,1076.804667711258
0.041,unsat,1832.3579578399658
