epsilon,result,runtime
0.133,sat,0.3425636291503906
0.265,cancelled,3.015122890472412
0.265,sat,0.33940887451171875
0.08700000000000001,sat,0.36426377296447754
0.041,unsat,965.132358789444
0.065,sat,12.624603986740112
0.043000000000000003,unsat,2947.237553358078
0.053000000000000005,unsat,3584.4456956386566
0.059000000000000004,sat,309.37371492385864
0.057,sat,571.9701383113861
0.055,error,2588.820370197296
