epsilon,result,runtime
0.133,sat,0.64394211769104
0.265,cancelled,4.052668571472168
0.265,sat,0.6273765563964844
0.08700000000000001,sat,0.6828789710998535
0.043000000000000003,sat,9.084148645401001
0.041,sat,11.187407970428467
0.019000000000000003,unsat,14.25864553451538
0.021,unsat,14.334243535995483
0.029,unsat,271.4166011810303
0.031,unsat,493.98913860321045
0.037000000000000005,sat,47.63325262069702
0.035,unsat,3589.072970867157
0.033,cancelled,3325.4476883411407
