epsilon,result,runtime
0.265,sat,0.27498579025268555
0.133,sat,0.6571855545043945
0.131,sat,0.308180570602417
0.065,sat,2.608327865600586
0.031,unsat,4.728845596313477
0.063,sat,7.879979848861694
0.045,unsat,46.64482140541077
0.047,unsat,49.95544791221619
0.055,sat,57.107450008392334
0.053000000000000005,sat,146.69734048843384
0.049,unsat,90.95375537872314
0.051000000000000004,unsat,7.802955150604248
