epsilon,result,runtime
0.265,sat,0.32085371017456055
0.133,sat,0.6036291122436523
0.131,sat,0.4462862014770508
0.065,unsat,110.19549059867859
0.063,cancelled,110.22656631469727
0.107,sat,13.421825647354126
0.08700000000000001,unsat,3503.971411705017
0.085,cancelled,3490.773200035095
0.099,sat,21.303781032562256
0.093,sat,31.31219506263733
0.091,sat,330.67009377479553
0.089,sat,339.3489866256714
