epsilon,result,runtime
0.265,sat,0.37871885299682617
0.133,sat,0.7300822734832764
0.131,sat,0.5294668674468994
0.063,unsat,136.45065212249756
0.065,unsat,142.02436304092407
0.099,sat,598.002384185791
0.081,unsat,2517.1278607845306
0.097,unsat,3523.682440519333
0.089,cancelled,403.2652814388275
