epsilon,result,runtime
0.265,sat,0.23819684982299805
0.133,sat,0.5739541053771973
0.131,sat,0.6945960521697998
0.065,sat,1.2397511005401611
0.063,sat,3.114304542541504
0.031,unsat,20.754794120788574
0.029,cancelled,18.260163068771362
0.041,sat,0.8138542175292969
0.051000000000000004,cancelled,4.017645359039307
0.035,unsat,152.049658536911
0.037000000000000005,sat,154.03729009628296
0.039,cancelled,2.0531606674194336
