epsilon,result,runtime
0.265,sat,0.33650827407836914
0.133,sat,0.6770663261413574
0.131,sat,0.6189708709716797
0.065,sat,1.2391693592071533
0.063,sat,10.329297304153442
0.031,unsat,9.697475671768188
0.029,cancelled,0.3272666931152344
0.041,unsat,39.11622095108032
0.051000000000000004,unsat,165.36033082008362
0.053000000000000005,unsat,245.79043126106262
0.057,unsat,799.7403814792633
0.061,sat,42.68058705329895
0.059000000000000004,unsat,1075.9600851535797
