epsilon,result,runtime
0.265,sat,0.36437559127807617
0.133,sat,0.6421387195587158
0.065,sat,0.39568424224853516
0.131,cancelled,3.389450788497925
0.131,sat,0.6175532341003418
0.041,sat,0.3436472415924072
0.021,unsat,3.429011344909668
0.019000000000000003,cancelled,3.088322162628174
0.033,sat,7.518069267272949
0.025,unsat,38.25704050064087
0.027000000000000003,unsat,74.7738983631134
0.031,sat,9.790841102600098
0.029,sat,36.46814203262329
