epsilon,result,runtime
0.265,sat,0.3266894817352295
0.133,sat,0.34284424781799316
0.131,sat,0.6317682266235352
0.065,sat,0.7939510345458984
0.063,sat,0.6261091232299805
0.031,unsat,2.9632325172424316
0.029,cancelled,2.5246894359588623
0.041,unsat,40.858025312423706
0.053000000000000005,sat,36.943642377853394
0.045,unsat,55.11512804031372
0.051000000000000004,unsat,182.13095593452454
0.047,cancelled,43.07392430305481
