epsilon,result,runtime
0.265,sat,0.3547091484069824
0.133,sat,0.6112339496612549
0.131,sat,0.5192282199859619
0.065,sat,1.7991127967834473
0.063,sat,0.3695719242095947
0.031,unsat,41.66994547843933
0.029,cancelled,42.821391344070435
0.051000000000000004,sat,8.049082517623901
0.041,sat,8.450114011764526
0.039,sat,8.476829290390015
0.035,sat,10.062421083450317
0.033,unsat,5.137068033218384
