epsilon,result,runtime
0.265,sat,0.8136045932769775
0.133,sat,2.4153802394866943
0.131,sat,5.447035074234009
0.065,unsat,60.05909872055054
0.063,cancelled,56.22150230407715
0.107,unsat,3515.7015187740326
0.08700000000000001,cancelled,3518.7271065711975
0.121,sat,262.32900619506836
0.113,error,3167.972151994705
0.115,unsat,3558.177975654602
0.111,cancelled,128.07181763648987
0.11900000000000001,sat,321.04708528518677
0.117,sat,516.0256295204163
