epsilon,result,runtime
0.133,sat,0.3391745090484619
0.265,cancelled,3.271587610244751
0.08700000000000001,sat,0.886826753616333
0.043000000000000003,unsat,6.878479242324829
0.041,cancelled,5.934916257858276
0.07100000000000001,sat,9.133224725723267
0.057,unsat,52.3943727016449
0.055,cancelled,43.242873191833496
0.061,unsat,161.67092037200928
0.067,sat,32.46866178512573
0.065,unsat,417.259215593338
0.063,cancelled,219.4047122001648
