epsilon,result,runtime
0.133,sat,0.23637962341308594
0.265,cancelled,2.9932518005371094
0.08700000000000001,sat,0.33002257347106934
0.043000000000000003,sat,0.34311652183532715
0.041,sat,0.3208928108215332
0.019000000000000003,sat,0.33941006660461426
0.021,cancelled,0.0444188117980957
0.011,sat,0.42712926864624023
0.005,sat,0.4374539852142334
0.001,sat,0.2285151481628418
0.003,cancelled,2.911637783050537
