epsilon,result,runtime
0.133,sat,0.3936123847961426
0.265,cancelled,3.390991449356079
0.08700000000000001,sat,0.35489463806152344
0.043000000000000003,sat,6.958202362060547
0.019000000000000003,unsat,2.0522119998931885
0.029,unsat,28.155252933502197
0.035,unsat,143.48578596115112
0.037000000000000005,unsat,325.5952208042145
0.041,unsat,3520.3320894241333
0.039,cancelled,3004.5818617343903
