epsilon,result,runtime
0.133,sat,0.5937776565551758
0.265,cancelled,3.905670404434204
0.08700000000000001,sat,0.4873380661010742
0.043000000000000003,sat,0.5120806694030762
0.019000000000000003,sat,0.5317521095275879
0.041,cancelled,3.554307699203491
0.005,unsat,0.36049795150756836
0.011,unsat,19.368428707122803
0.015,sat,0.5862767696380615
0.013000000000000001,unsat,38.944690465927124
