epsilon,result,runtime
0.133,sat,0.2983722686767578
0.265,cancelled,3.2987372875213623
0.08700000000000001,sat,0.33382582664489746
0.043000000000000003,sat,0.6606779098510742
0.041,sat,3.9731788635253906
0.019000000000000003,unsat,7.283697843551636
0.021,unsat,14.627575159072876
0.031,sat,389.5173101425171
0.025,unsat,254.7174677848816
0.027000000000000003,unsat,1318.1561694145203
0.029,unsat,2156.097427368164
