epsilon,result,runtime
0.133,sat,0.6073956489562988
0.265,cancelled,4.079901933670044
0.043000000000000003,sat,0.5588445663452148
0.08700000000000001,cancelled,3.5747199058532715
0.027000000000000003,sat,0.536142110824585
0.013000000000000001,sat,0.5601122379302979
0.011,sat,0.40770506858825684
0.005,unsat,0.38367795944213867
0.003,cancelled,0.3494229316711426
0.009000000000000001,sat,0.6189985275268555
0.007,sat,1.170809030532837
