epsilon,result,runtime
0.133,sat,0.2830386161804199
0.265,cancelled,3.0222959518432617
0.08700000000000001,sat,0.9171695709228516
0.041,unsat,30.27377700805664
0.065,sat,0.4087793827056885
0.043000000000000003,unsat,39.932013750076294
0.053000000000000005,sat,1.402494192123413
0.055,cancelled,2.452735185623169
0.049,sat,189.97705149650574
0.045,unsat,102.4452965259552
0.047,unsat,298.54045939445496
