epsilon,result,runtime
0.133,sat,0.35111379623413086
0.265,cancelled,3.2362489700317383
0.08700000000000001,sat,0.3223733901977539
0.041,unsat,22.891068935394287
0.065,sat,3.3475518226623535
0.043000000000000003,unsat,35.3568959236145
0.053000000000000005,sat,5.205473899841309
0.055,cancelled,5.392195701599121
0.047,unsat,112.40481328964233
0.049,unsat,145.63570046424866
0.051000000000000004,sat,30.842438220977783
