epsilon,result,runtime
0.265,sat,0.3680844306945801
0.133,sat,0.689124584197998
0.131,sat,0.777076244354248
0.063,unsat,83.19962549209595
0.065,unsat,88.85233807563782
0.097,sat,1.130985975265503
0.099,cancelled,2.1820333003997803
0.075,unsat,1481.6980006694794
0.085,error,3489.9384665489197
0.08700000000000001,error,3250.6045022010803
0.083,unsat,3547.3357582092285
0.093,sat,17.696088314056396
0.091,sat,96.28182768821716
0.089,error,2471.1772446632385
