epsilon,result,runtime
0.133,sat,0.47324562072753906
0.265,cancelled,3.8545703887939453
0.265,sat,0.4857618808746338
0.043000000000000003,unsat,72.67165565490723
0.08700000000000001,sat,473.7498836517334
0.089,cancelled,401.236159324646
0.07100000000000001,unsat,3471.8573858737946
0.057,cancelled,3477.4659667015076
0.077,unsat,3583.613421678543
0.081,unsat,3586.5405123233795
0.085,sat,807.3898661136627
0.083,sat,1193.9573504924774
