epsilon,result,runtime
0.265,sat,0.27539753913879395
0.133,sat,0.3103911876678467
0.131,sat,0.2962064743041992
0.063,sat,11.493463277816772
0.065,cancelled,17.347715139389038
0.021,unsat,3.774290084838867
0.041,unsat,575.0211913585663
0.053000000000000005,sat,28.607195615768433
0.043000000000000003,unsat,1362.5289154052734
0.049,sat,49.5564444065094
0.047,sat,961.3127436637878
0.045,unsat,359.76525139808655
