epsilon,result,runtime
0.265,sat,0.6190533638000488
0.133,sat,0.6514387130737305
0.131,sat,0.6222901344299316
0.065,sat,1.1500227451324463
0.063,sat,1.0906877517700195
0.029,unsat,7.3085997104644775
0.031,unsat,11.966322898864746
0.047,sat,1.0949046611785889
0.045,sat,1.0832345485687256
0.037000000000000005,unsat,85.4676558971405
0.039,unsat,180.88638377189636
0.043000000000000003,sat,143.16149139404297
0.041,unsat,238.86845469474792
