epsilon,result,runtime
0.265,sat,0.899116039276123
0.133,sat,7.969833850860596
0.131,sat,11.016851902008057
0.065,unsat,26.87183713912964
0.063,cancelled,23.19602084159851
0.08700000000000001,unsat,1168.2648651599884
0.107,unsat,3489.5479016304016
0.109,unsat,3588.1631882190704
0.11900000000000001,sat,1382.8189804553986
0.121,cancelled,115.94812369346619
0.115,unsat,3499.3573756217957
0.113,cancelled,3502.4359657764435
0.117,error,229.16946506500244
