epsilon,result,runtime
0.265,sat,0.43412160873413086
0.133,sat,0.3825039863586426
0.131,sat,0.3475067615509033
0.065,sat,1.8369865417480469
0.063,sat,0.43370580673217773
0.031,unsat,10.640004634857178
0.029,cancelled,11.646438598632812
0.041,unsat,203.15276741981506
0.053000000000000005,sat,115.10933089256287
0.045,unsat,374.876074552536
0.047,unsat,732.8660821914673
0.049,unsat,2048.8341040611267
0.051000000000000004,timeout,3600
