epsilon,result,runtime
0.133,sat,0.6555283069610596
0.265,cancelled,4.270081281661987
0.265,sat,0.6824324131011963
0.08700000000000001,sat,1.4679887294769287
0.043000000000000003,sat,23.044123888015747
0.019000000000000003,unsat,3.5206029415130615
0.041,sat,58.930197954177856
0.029,unsat,72.63060545921326
0.031,unsat,183.32077074050903
0.035,unsat,684.4002819061279
0.039,sat,55.20353960990906
0.037000000000000005,unsat,617.3084607124329
