epsilon,result,runtime
0.265,sat,0.39687275886535645
0.133,sat,0.6876049041748047
0.131,sat,0.60015869140625
0.065,sat,1.6551496982574463
0.063,sat,0.9361686706542969
0.031,unsat,15.356401920318604
0.029,cancelled,15.885128259658813
0.051000000000000004,sat,9.530786514282227
0.041,sat,11.41455864906311
0.035,unsat,61.56832671165466
0.039,sat,64.8656861782074
0.037000000000000005,unsat,6.753119945526123
