epsilon,result,runtime
0.265,sat,0.36935973167419434
0.133,sat,0.6871349811553955
0.131,sat,0.5845930576324463
0.063,unsat,281.7989459037781
0.097,sat,25.867795944213867
0.065,unsat,417.7566261291504
0.081,sat,911.227795124054
0.07100000000000001,unsat,2119.7662332057953
0.079,unsat,3510.7414214611053
0.075,cancelled,580.8457882404327
