epsilon,result,runtime
0.133,sat,0.40166139602661133
0.265,cancelled,3.3418068885803223
0.265,sat,0.3804020881652832
0.08700000000000001,sat,0.8371813297271729
0.041,unsat,271.76995730400085
0.065,sat,3.3190624713897705
0.053000000000000005,sat,18.50367784500122
0.043000000000000003,unsat,305.4404969215393
0.049,sat,835.3473415374756
0.047,unsat,1359.8967201709747
0.045,cancelled,523.4474728107452
