epsilon,result,runtime
0.265,sat,0.5499296188354492
0.133,sat,0.5848193168640137
0.131,sat,0.2016739845275879
0.065,sat,2528.624588727951
0.031,unsat,10.510288953781128
0.047,unsat,232.1496992111206
0.063,error,3377.814702987671
0.053000000000000005,unsat,2231.905437231064
0.055,unsat,3561.2612171173096
0.059000000000000004,unsat,3496.547262430191
0.057,cancelled,2770.6738481521606
0.061,error,724.7808403968811
