epsilon,result,runtime
0.133,sat,0.24016880989074707
0.265,cancelled,3.235116958618164
0.08700000000000001,sat,0.3614652156829834
0.043000000000000003,sat,0.36892247200012207
0.041,sat,0.20363116264343262
0.019000000000000003,sat,0.2834029197692871
0.021,cancelled,0.08075809478759766
0.011,sat,0.44493722915649414
0.005,sat,0.49324917793273926
0.001,unsat,0.28611326217651367
0.003,sat,0.3392808437347412
