epsilon,result,runtime
0.133,sat,0.44086384773254395
0.265,cancelled,3.401750326156616
0.08700000000000001,sat,0.886286735534668
0.041,unsat,38.46601986885071
0.043000000000000003,unsat,45.75331711769104
0.065,sat,0.6775960922241211
0.063,sat,0.9172267913818359
0.051000000000000004,unsat,283.3925952911377
0.057,sat,12.736735105514526
0.053000000000000005,unsat,325.9418671131134
0.055,sat,22.877625703811646
