epsilon,result,runtime
0.265,sat,0.5692923069000244
0.133,sat,0.6096131801605225
0.131,sat,0.5359680652618408
0.065,sat,15.868987798690796
0.031,unsat,3.935633420944214
0.047,unsat,45.858394622802734
0.055,unsat,208.89383244514465
0.059000000000000004,unsat,397.61049008369446
0.063,unsat,1067.495786190033
0.061,cancelled,382.92747163772583
