epsilon,result,runtime
0.265,sat,0.3811678886413574
0.133,sat,0.43413829803466797
0.131,sat,0.4263279438018799
0.065,sat,0.4261608123779297
0.063,sat,0.3700234889984131
0.029,unsat,147.27439713478088
0.047,sat,2.5773801803588867
0.039,sat,32.64685320854187
0.031,unsat,523.1997838020325
0.033,unsat,2460.662994861603
0.035,unsat,3577.6419715881348
0.037000000000000005,error,1115.3809292316437
