epsilon,result,runtime
0.265,sat,0.7478494644165039
0.133,sat,1.478356122970581
0.131,sat,1.4708735942840576
0.063,unsat,139.53701782226562
0.065,unsat,163.2071852684021
0.097,sat,1013.3591666221619
0.099,cancelled,999.7956902980804
0.075,unsat,1603.1689882278442
0.085,unsat,3535.019926071167
0.08700000000000001,unsat,3495.0157811641693
0.093,sat,1658.2859604358673
0.091,unsat,3577.0550770759583
0.089,cancelled,349.65611457824707
