epsilon,result,runtime
0.265,sat,0.36000609397888184
0.133,sat,0.678292989730835
0.131,sat,0.6277494430541992
0.065,sat,1.9791884422302246
0.063,sat,3.660066843032837
0.031,unsat,5.893616437911987
0.029,cancelled,3.1911580562591553
0.041,unsat,144.11530470848083
0.053000000000000005,sat,28.27090287208557
0.045,unsat,441.5800344944
0.047,unsat,1841.3215277194977
0.051000000000000004,unsat,3493.702689886093
0.049,cancelled,1029.2077400684357
