epsilon,result,runtime
0.133,sat,0.3500826358795166
0.265,cancelled,3.268674612045288
0.08700000000000001,sat,0.2771575450897217
0.043000000000000003,unsat,461.7445819377899
0.041,cancelled,461.6017153263092
0.07100000000000001,sat,1.4572150707244873
0.057,sat,18.27044701576233
0.055,sat,65.3340711593628
0.047,unsat,2729.5490260124207
0.049,unsat,3565.8685755729675
0.053000000000000005,sat,1898.711796283722
0.051000000000000004,error,2830.2073192596436
