epsilon,result,runtime
0.133,sat,0.3389620780944824
0.265,cancelled,3.31252121925354
0.265,sat,0.3218238353729248
0.08700000000000001,sat,0.9238922595977783
0.043000000000000003,unsat,22.91874623298645
0.041,cancelled,21.943148612976074
0.07100000000000001,sat,14.024228811264038
0.055,unsat,473.37742805480957
0.063,sat,111.82705903053284
0.057,unsat,924.6937553882599
0.059000000000000004,unsat,2383.388856649399
0.061,unsat,2134.1956145763397
