epsilon,result,runtime
0.265,sat,0.6566011905670166
0.133,sat,1.1961231231689453
0.131,sat,1.0694360733032227
0.065,sat,8.66702389717102
0.063,sat,19.286476612091064
0.031,unsat,27.96073293685913
0.029,cancelled,17.128086805343628
0.041,unsat,302.1930441856384
0.051000000000000004,unsat,3489.418002843857
0.057,sat,58.544682264328
0.053000000000000005,unsat,3564.2354974746704
0.055,sat,318.0453417301178
