epsilon,result,runtime
0.265,sat,0.4255180358886719
0.133,sat,0.9381544589996338
0.131,sat,2.331507444381714
0.063,unsat,54.09070110321045
0.065,unsat,59.78988862037659
0.099,sat,8.528443574905396
0.097,sat,9.150152206420898
0.079,unsat,3429.6431996822357
0.089,sat,47.74819231033325
0.081,timeout,3600
0.085,unsat,3514.678956270218
0.083,cancelled,3401.686150789261
0.08700000000000001,error,352.5962917804718
