epsilon,result,runtime
0.265,sat,0.3496716022491455
0.133,sat,0.6694767475128174
0.131,sat,0.717094898223877
0.065,sat,61.72223949432373
0.063,sat,62.13561272621155
0.029,unsat,10.345009565353394
0.031,unsat,15.134313106536865
0.045,unsat,317.9981806278229
0.047,unsat,375.28188824653625
0.053000000000000005,unsat,3070.9292435646057
0.055,unsat,3497.4701941013336
0.059000000000000004,unsat,3565.526842355728
0.057,cancelled,3197.5596165657043
0.061,sat,179.19524312019348
