epsilon,result,runtime
0.265,sat,0.33727383613586426
0.133,sat,0.3438296318054199
0.131,sat,0.35800886154174805
0.065,sat,0.6550817489624023
0.063,sat,0.1511368751525879
0.031,unsat,2.2259819507598877
0.029,cancelled,2.426518678665161
0.051000000000000004,sat,21.540465831756592
0.039,unsat,100.24558162689209
0.041,unsat,147.27194690704346
0.045,unsat,373.4266109466553
0.047,unsat,802.6176736354828
0.049,unsat,547.3890960216522
