epsilon,result,runtime
0.265,sat,0.3473470211029053
0.133,error,3049.9330174922943
0.131,unsat,3557.7301177978516
0.129,cancelled,514.2909691333771
0.219,sat,1.4625606536865234
0.177,sat,1.4311468601226807
0.17500000000000002,sat,15.756335973739624
0.153,sat,17.133673667907715
0.155,cancelled,1.4581685066223145
0.14500000000000002,sat,43.412956953048706
0.137,error,3339.2206089496613
0.139,error,3417.786244869232
0.14100000000000001,sat,378.50406432151794
0.135,error,514.3823120594025
