epsilon,result,runtime
0.133,sat,0.6316397190093994
0.265,cancelled,3.7646663188934326
0.08700000000000001,sat,0.6585004329681396
0.043000000000000003,sat,10.038558959960938
0.041,sat,5.610597610473633
0.019000000000000003,unsat,0.2895853519439697
0.021,unsat,1.3582961559295654
0.029,unsat,35.79556155204773
0.031,unsat,58.48306679725647
0.035,unsat,233.17822360992432
0.039,sat,62.90763878822327
0.037000000000000005,unsat,282.1825604438782
