epsilon,result,runtime
0.265,sat,0.3713998794555664
0.133,sat,0.6805989742279053
0.131,sat,0.57955002784729
0.065,unsat,5.385661840438843
0.063,cancelled,5.026769399642944
0.08700000000000001,unsat,165.42815589904785
0.107,unsat,3580.513655424118
0.11900000000000001,sat,0.9488685131072998
0.113,sat,105.60738325119019
0.109,unsat,3533.3347148895264
0.111,error,257.4277195930481
