epsilon,result,runtime
0.265,sat,0.38394737243652344
0.133,sat,0.7016453742980957
0.131,sat,0.6205058097839355
0.065,sat,0.770946741104126
0.063,sat,0.16810178756713867
0.031,unsat,1.4219732284545898
0.029,cancelled,1.6115000247955322
0.041,unsat,51.33158588409424
0.051000000000000004,unsat,527.0205850601196
0.057,sat,3.246983289718628
0.055,sat,131.77586674690247
0.053000000000000005,unsat,617.0520403385162
