epsilon,result,runtime
0.265,sat,0.641660213470459
0.133,sat,0.6051387786865234
0.131,sat,0.6357326507568359
0.065,sat,2143.752469778061
0.031,unsat,6.67126989364624
0.047,unsat,86.2052550315857
0.055,unsat,671.5655138492584
0.063,unsat,3578.0373039245605
0.059000000000000004,cancelled,664.9492831230164
