epsilon,result,runtime
0.133,sat,0.3301403522491455
0.265,cancelled,3.252981185913086
0.08700000000000001,sat,0.36402392387390137
0.043000000000000003,sat,1.2067711353302002
0.041,sat,0.8850631713867188
0.019000000000000003,unsat,0.14103364944458008
0.021,unsat,1.2103652954101562
0.031,unsat,21.261887550354004
0.029,cancelled,20.33260679244995
0.035,unsat,131.22087955474854
0.037000000000000005,unsat,278.5579342842102
0.039,unsat,167.98345708847046
