epsilon,result,runtime
0.265,sat,0.3495142459869385
0.133,sat,0.3474600315093994
0.131,sat,0.6173548698425293
0.065,sat,0.772599458694458
0.063,sat,0.4943511486053467
0.031,sat,1.5144813060760498
0.029,sat,0.5318524837493896
0.013000000000000001,unsat,0.16705870628356934
0.015,unsat,0.19362235069274902
0.021,unsat,4.764737606048584
0.023,unsat,19.469191074371338
0.025,unsat,21.553744077682495
0.027000000000000003,unsat,11.623414516448975
