epsilon,result,runtime
0.265,sat,0.3954322338104248
0.133,sat,0.72648024559021
0.131,sat,0.5549752712249756
0.065,sat,0.36946868896484375
0.063,sat,0.33666014671325684
0.031,sat,0.372455358505249
0.029,sat,0.3373551368713379
0.013000000000000001,unsat,0.3089315891265869
0.015,unsat,0.352341890335083
0.021,unsat,5.307296991348267
0.025,sat,1.426506519317627
0.023,unsat,7.028346061706543
