epsilon,result,runtime
0.265,sat,0.32007837295532227
0.133,sat,0.6158719062805176
0.131,sat,0.40639543533325195
0.063,unsat,125.70958948135376
0.097,sat,14.355918407440186
0.065,unsat,287.5485899448395
0.081,error,3304.3002469539642
0.079,unsat,3567.4979803562164
0.089,sat,210.0176386833191
0.083,error,2952.595182657242
0.08700000000000001,sat,699.1154797077179
0.085,error,3043.333617925644
