epsilon,result,runtime
0.133,sat,0.36016011238098145
0.265,cancelled,3.412630558013916
0.265,sat,0.40896105766296387
0.043000000000000003,unsat,11.778666734695435
0.089,sat,357.739440202713
0.065,unsat,168.6245059967041
0.08700000000000001,unsat,3563.002243041992
0.075,cancelled,3018.647945165634
