epsilon,result,runtime
0.265,sat,0.4276595115661621
0.133,sat,8.978777170181274
0.065,unsat,15.786405801773071
0.097,unsat,364.4390823841095
0.131,sat,528.8291902542114
0.113,unsat,3565.711092233658
0.115,error,3461.961969614029
0.121,error,3103.687856912613
0.123,unsat,3567.663092136383
0.125,unsat,3504.670573949814
0.127,error,3156.126267194748
0.129,sat,208.8257598876953
