epsilon,result,runtime
0.265,sat,0.5929508209228516
0.133,sat,1.1984846591949463
0.131,sat,1.1176962852478027
0.065,sat,1.0168943405151367
0.063,sat,1.0475976467132568
0.029,unsat,146.4511513710022
0.031,unsat,184.98954558372498
0.047,unsat,3529.099353313446
0.045,cancelled,3499.1288759708405
0.057,sat,14.24132490158081
0.053000000000000005,sat,21.87180519104004
0.051000000000000004,sat,42.540321350097656
0.049,sat,45.347286224365234
