epsilon,result,runtime
0.133,sat,0.35245537757873535
0.265,cancelled,3.2199525833129883
0.043000000000000003,sat,0.26184821128845215
0.08700000000000001,cancelled,3.0435802936553955
0.013000000000000001,sat,0.2119898796081543
0.027000000000000003,cancelled,2.852879285812378
0.003,sat,0.24040889739990234
0.007,cancelled,3.035205364227295
0.007,sat,0.3236217498779297
0.001,sat,0.10616374015808105
