epsilon,result,runtime
0.265,sat,0.3888406753540039
0.133,sat,0.7314636707305908
0.131,sat,0.38234925270080566
0.065,sat,3.3381731510162354
0.063,sat,11.776650190353394
0.031,unsat,9.012680292129517
0.029,cancelled,0.37818193435668945
0.041,unsat,65.62180876731873
0.051000000000000004,unsat,767.9988179206848
0.057,sat,262.87989950180054
0.053000000000000005,unsat,1609.082576751709
0.055,unsat,1101.0409166812897
