epsilon,result,runtime
0.265,sat,0.6826436519622803
0.133,sat,0.6861281394958496
0.131,sat,0.4844677448272705
0.065,sat,1.0922894477844238
0.063,sat,0.47773170471191406
0.029,unsat,38.71686124801636
0.031,unsat,66.24422836303711
0.047,sat,21.503302097320557
0.045,sat,447.7733347415924
0.037000000000000005,unsat,693.787118434906
0.039,unsat,2131.935985326767
0.041,unsat,3562.977705001831
0.043000000000000003,error,1975.200067281723
