epsilon,result,runtime
0.265,sat,0.6372036933898926
0.133,sat,1.146883249282837
0.131,sat,1.2657146453857422
0.065,sat,1.3133823871612549
0.063,sat,1.0591492652893066
0.029,unsat,19.405253648757935
0.031,unsat,31.853095531463623
0.047,sat,4.742051124572754
0.045,sat,5.214705944061279
0.039,sat,98.69175982475281
0.033,unsat,78.08377599716187
0.037000000000000005,unsat,319.03044986724854
0.035,cancelled,128.22147464752197
