epsilon,result,runtime
0.133,sat,0.558424711227417
0.265,cancelled,3.923820972442627
0.265,sat,0.5954082012176514
0.08700000000000001,sat,0.6035187244415283
0.041,unsat,296.3805100917816
0.065,sat,0.6561293601989746
0.053000000000000005,sat,1.446767807006836
0.047,sat,23.09731411933899
0.043000000000000003,unsat,478.52957582473755
0.045,sat,183.59612202644348
