epsilon,result,runtime
0.265,sat,0.3139016628265381
0.133,sat,0.333906888961792
0.131,sat,0.17963218688964844
0.065,sat,0.28226613998413086
0.063,sat,0.25806427001953125
0.031,sat,0.307525634765625
0.029,sat,0.6256093978881836
0.013000000000000001,unsat,5.12106728553772
0.021,sat,0.9194612503051758
0.017,sat,1.021350383758545
0.015,unsat,17.244556188583374
