epsilon,result,runtime
0.265,sat,0.3474314212799072
0.133,sat,0.6950688362121582
0.131,sat,0.653505802154541
0.065,sat,0.7860045433044434
0.063,sat,0.6953074932098389
0.031,unsat,9.01996660232544
0.029,cancelled,8.4962899684906
0.051000000000000004,sat,3.382612466812134
0.039,unsat,111.55706191062927
0.041,unsat,119.67049145698547
0.047,sat,3.021719217300415
0.045,sat,185.60514664649963
0.043000000000000003,unsat,182.00908064842224
