epsilon,result,runtime
0.265,sat,0.3943631649017334
0.133,sat,0.7121047973632812
0.131,sat,0.5398406982421875
0.065,unsat,11.589148044586182
0.063,cancelled,11.287877321243286
0.08700000000000001,unsat,162.10629868507385
0.107,unsat,3574.2095766067505
0.109,unsat,3523.9427280426025
0.121,sat,23.46587038040161
0.11900000000000001,sat,155.38526964187622
0.113,unsat,3586.4580569267273
0.115,error,3574.991420507431
0.117,sat,31.35195255279541
