epsilon,result,runtime
0.265,sat,0.35454249382019043
0.133,sat,0.6426088809967041
0.065,sat,0.35405397415161133
0.131,cancelled,3.2440860271453857
0.021,unsat,0.26143789291381836
0.041,sat,1.587820053100586
0.043000000000000003,cancelled,1.4168548583984375
0.027000000000000003,unsat,12.38104248046875
0.035,unsat,212.6520755290985
0.033,cancelled,230.77233719825745
0.039,sat,15.542614698410034
0.037000000000000005,unsat,85.91535449028015
