epsilon,result,runtime
0.133,sat,0.48768067359924316
0.265,cancelled,3.272670030593872
0.08700000000000001,sat,1.5495600700378418
0.041,unsat,721.2769103050232
0.065,sat,3.0865371227264404
0.053000000000000005,sat,13.109658479690552
0.043000000000000003,unsat,1177.713713645935
0.047,unsat,3578.2497651576996
0.051000000000000004,sat,40.43746876716614
0.049,unsat,3595.8757514953613
