epsilon,result,runtime
0.265,sat,0.3433239459991455
0.133,sat,0.3532602787017822
0.131,sat,0.18342375755310059
0.065,sat,59.34008526802063
0.031,unsat,14.761332035064697
0.063,sat,725.0237641334534
0.047,unsat,920.1873579025269
0.045,cancelled,273.62693667411804
0.053000000000000005,unsat,3559.0195186138153
0.057,unsat,3560.9782621860504
0.061,sat,420.2280361652374
0.059000000000000004,sat,454.1472804546356
