epsilon,result,runtime
0.265,sat,0.2824997901916504
0.133,sat,0.34538817405700684
0.131,sat,0.21078133583068848
0.065,sat,0.29346752166748047
0.063,sat,0.19608235359191895
0.031,sat,0.421860933303833
0.029,sat,0.33748459815979004
0.013000000000000001,sat,1.2912302017211914
0.015,cancelled,1.2577757835388184
0.007,unsat,0.30107998847961426
0.003,cancelled,3.2418973445892334
0.003,unsat,0.31009650230407715
0.009000000000000001,unsat,9.613679647445679
0.011,unsat,10.893235445022583
