epsilon,result,runtime
0.265,sat,0.8200156688690186
0.133,sat,46.90164089202881
0.065,unsat,12.630861759185791
0.131,sat,207.57866024971008
0.097,unsat,215.6604082584381
0.099,unsat,287.4344449043274
0.115,unsat,3575.942791223526
0.113,cancelled,3359.2267591953278
0.121,unsat,3515.0500824451447
0.125,unsat,3571.3630046844482
0.129,sat,538.2759127616882
0.127,sat,623.107255935669
