epsilon,result,runtime
0.265,sat,0.40901899337768555
0.133,sat,0.7174177169799805
0.131,sat,0.6486480236053467
0.063,unsat,97.2863142490387
0.065,unsat,119.88259410858154
0.097,sat,16.433064699172974
0.099,cancelled,0.37563395500183105
0.085,sat,0.6143279075622559
0.075,unsat,3477.3428704738617
0.07300000000000001,cancelled,3476.8772053718567
0.081,sat,28.57126784324646
0.079,sat,675.8414978981018
0.077,unsat,3506.3279798030853
