epsilon,result,runtime
0.265,sat,0.3433098793029785
0.133,sat,0.6509804725646973
0.131,sat,0.27522754669189453
0.063,unsat,50.248424768447876
0.097,sat,15.788126468658447
0.065,unsat,89.72079825401306
0.079,unsat,3082.052351474762
0.081,unsat,3568.084043741226
0.089,unsat,3576.480707883835
0.08700000000000001,cancelled,3110.7816290855408
0.093,sat,51.79945373535156
0.091,sat,53.28180813789368
