epsilon,result,runtime
0.133,sat,0.3334157466888428
0.265,cancelled,3.4601118564605713
0.265,sat,0.3428051471710205
0.08700000000000001,sat,9.784822463989258
0.043000000000000003,unsat,22.678553581237793
0.041,cancelled,12.902137994766235
0.057,unsat,283.22852420806885
0.07100000000000001,sat,562.6438474655151
0.07300000000000001,cancelled,279.25207471847534
0.061,unsat,1007.3035416603088
0.065,unsat,3538.5704262256622
0.069,sat,915.6293540000916
0.067,timeout,3600
