epsilon,result,runtime
0.265,sat,0.7750086784362793
0.133,sat,0.8329801559448242
0.131,sat,0.6572754383087158
0.063,unsat,127.27709197998047
0.097,sat,13.055662393569946
0.065,unsat,214.8238127231598
0.081,unsat,3524.3272576332092
0.079,cancelled,3460.0856428146362
0.091,sat,137.78492283821106
0.08700000000000001,sat,312.4366645812988
0.085,sat,461.1622724533081
0.083,error,500.9688329696655
