epsilon,result,runtime
0.265,sat,0.2992839813232422
0.133,sat,0.34578657150268555
0.065,sat,0.36809849739074707
0.131,cancelled,3.2311654090881348
0.131,sat,0.3517272472381592
0.021,unsat,6.268041133880615
0.041,sat,6.745788335800171
0.043000000000000003,cancelled,0.45529794692993164
0.033,sat,8.872207403182983
0.027000000000000003,unsat,42.18710422515869
0.025,cancelled,33.453195333480835
0.031,sat,9.840941429138184
0.029,sat,10.36286997795105
