epsilon,result,runtime
0.265,sat,0.6147477626800537
0.133,sat,0.6434948444366455
0.131,sat,0.5350513458251953
0.065,sat,0.5700564384460449
0.063,sat,0.5325453281402588
0.029,unsat,14.358330011367798
0.031,unsat,21.488064765930176
0.047,sat,0.9778480529785156
0.045,sat,1.0986218452453613
0.039,sat,23.088965892791748
0.037000000000000005,sat,60.4508101940155
0.033,unsat,33.526134729385376
0.035,unsat,22.761727333068848
