epsilon,result,runtime
0.265,sat,0.6766221523284912
0.133,sat,1.1315016746520996
0.131,sat,1.4096496105194092
0.065,error,3502.6894493103027
0.063,unsat,3522.223389148712
0.099,sat,0.47515416145324707
0.083,sat,1.0017890930175781
0.075,sat,3.2029004096984863
0.07100000000000001,sat,17.91567611694336
0.069,sat,380.5833206176758
0.067,error,614.7332401275635
