epsilon,result,runtime
0.265,sat,0.4057350158691406
0.133,sat,0.3934495449066162
0.131,sat,0.341289758682251
0.065,sat,0.3870391845703125
0.063,sat,0.33849382400512695
0.031,sat,0.37971043586730957
0.029,sat,0.38719773292541504
0.013000000000000001,unsat,0.33249878883361816
0.015,unsat,2.325566291809082
0.021,unsat,7.701600074768066
0.023,sat,2.366230010986328
0.025,cancelled,0.3944277763366699
