epsilon,result,runtime
0.265,sat,0.42981433868408203
0.133,sat,0.712738037109375
0.131,sat,0.6544394493103027
0.065,unsat,3499.6835153102875
0.063,cancelled,3499.4582755565643
0.107,sat,1.4470582008361816
0.08700000000000001,sat,301.8395664691925
0.085,sat,705.9943764209747
0.075,unsat,3535.0706198215485
0.07300000000000001,cancelled,3129.2453985214233
0.081,unsat,3574.931760787964
0.079,cancelled,3578.3684079647064
0.083,error,236.16525673866272
