epsilon,result,runtime
0.133,sat,0.36376142501831055
0.265,cancelled,3.319101333618164
0.08700000000000001,sat,10.80351972579956
0.043000000000000003,unsat,30.349074840545654
0.041,cancelled,19.498029947280884
0.057,sat,20.945884227752686
0.07100000000000001,cancelled,24.447561025619507
0.047,unsat,177.19033217430115
0.051000000000000004,unsat,309.96753764152527
0.055,sat,126.53840374946594
0.053000000000000005,sat,1191.9610164165497
