epsilon,result,runtime
0.265,sat,0.38916683197021484
0.133,sat,0.6613118648529053
0.131,sat,0.6828210353851318
0.065,sat,0.7585721015930176
0.063,sat,5.460004806518555
0.031,unsat,7.9390950202941895
0.029,cancelled,2.7089715003967285
0.051000000000000004,sat,86.05263185501099
0.041,unsat,156.5480556488037
0.039,cancelled,70.3101794719696
0.045,unsat,699.7250654697418
0.047,unsat,2365.820366859436
0.049,unsat,1968.4475183486938
