epsilon,result,runtime
0.265,sat,0.331043004989624
0.133,sat,0.64302659034729
0.131,sat,0.40697741508483887
0.063,unsat,271.1239788532257
0.097,sat,0.9874329566955566
0.081,sat,3.1734931468963623
0.065,unsat,287.0647671222687
0.07300000000000001,sat,3.728318929672241
0.067,unsat,767.1755447387695
0.07100000000000001,sat,805.7957787513733
0.069,unsat,95.0747938156128
