epsilon,result,runtime
0.265,sat,0.30577611923217773
0.133,sat,0.38328099250793457
0.131,sat,0.28209733963012695
0.063,unsat,229.5728154182434
0.097,sat,0.45920443534851074
0.081,sat,28.960932731628418
0.065,unsat,411.4697678089142
0.07300000000000001,sat,2354.1587312221527
0.07100000000000001,unsat,2732.6900565624237
0.067,cancelled,521.0618782043457
