epsilon,result,runtime
0.133,sat,0.3529355525970459
0.265,cancelled,3.0730276107788086
0.08700000000000001,sat,0.24563336372375488
0.043000000000000003,sat,0.4785947799682617
0.041,sat,0.3209517002105713
0.019000000000000003,unsat,2.6774237155914307
0.021,unsat,9.358659029006958
0.029,unsat,145.45035004615784
0.031,unsat,302.65068888664246
0.037000000000000005,sat,278.197154045105
0.033,unsat,1349.8838913440704
0.035,unsat,1915.9827830791473
