epsilon,result,runtime
0.265,sat,0.3190290927886963
0.133,sat,0.34365010261535645
0.131,sat,0.29555630683898926
0.065,sat,1.7122297286987305
0.063,sat,0.3880805969238281
0.031,unsat,3.973099708557129
0.029,cancelled,5.025412321090698
0.051000000000000004,sat,56.49529695510864
0.041,unsat,59.07153010368347
0.039,cancelled,2.5566341876983643
0.045,unsat,158.83191061019897
0.047,sat,180.62675070762634
0.049,cancelled,21.675146341323853
