epsilon,result,runtime
0.265,sat,0.6851606369018555
0.133,sat,1.2542388439178467
0.131,sat,1.1503136157989502
0.063,unsat,350.0777220726013
0.097,sat,0.6649930477142334
0.065,unsat,441.9915416240692
0.081,unsat,3586.0859088897705
0.079,cancelled,3507.158130168915
0.091,sat,0.6579256057739258
0.08700000000000001,sat,19.217079639434814
0.085,sat,23.434628009796143
0.083,sat,31.22670078277588
