epsilon,result,runtime
0.133,sat,0.3417549133300781
0.265,cancelled,3.2928733825683594
0.08700000000000001,sat,0.30729150772094727
0.041,unsat,33.357428789138794
0.043000000000000003,unsat,38.63293790817261
0.065,sat,0.5828771591186523
0.063,sat,4.078659534454346
0.051000000000000004,unsat,635.0876791477203
0.057,sat,232.76151061058044
0.053000000000000005,unsat,2432.6025907993317
0.055,unsat,1785.0111582279205
