epsilon,result,runtime
0.265,sat,0.4255537986755371
0.133,sat,0.7824807167053223
0.131,sat,0.4694974422454834
0.065,sat,31.21164107322693
0.031,unsat,2.008666753768921
0.047,unsat,40.882789850234985
0.055,unsat,117.92913055419922
0.059000000000000004,unsat,345.8110263347626
0.063,unsat,918.4786608219147
0.061,cancelled,371.2208161354065
