epsilon,result,runtime
0.133,sat,0.355241060256958
0.265,cancelled,3.217489719390869
0.265,sat,0.3246283531188965
0.08700000000000001,sat,0.8966538906097412
0.043000000000000003,unsat,19.04843807220459
0.041,cancelled,17.97217583656311
0.07100000000000001,sat,10.548454284667969
0.055,unsat,249.34923911094666
0.063,sat,116.71682548522949
0.057,unsat,449.4131371974945
0.059000000000000004,unsat,723.7478179931641
0.061,unsat,704.7464389801025
