epsilon,result,runtime
0.265,sat,0.5983633995056152
0.133,sat,0.593726634979248
0.131,sat,0.5240781307220459
0.065,sat,0.5517024993896484
0.063,sat,0.5506653785705566
0.029,unsat,67.70855975151062
0.047,sat,0.6428580284118652
0.039,sat,24.54025149345398
0.031,unsat,219.67207407951355
0.033,unsat,411.15871810913086
0.035,unsat,735.3003726005554
0.037000000000000005,unsat,235.30186343193054
