epsilon,result,runtime
0.133,sat,0.34235334396362305
0.265,cancelled,3.271711587905884
0.265,sat,0.3519442081451416
0.08700000000000001,sat,0.320955753326416
0.041,unsat,383.4620521068573
0.065,sat,3.077366828918457
0.053000000000000005,sat,11.442950010299683
0.047,sat,44.91898465156555
0.045,sat,79.75950527191162
0.043000000000000003,unsat,617.9675807952881
