epsilon,result,runtime
0.265,sat,0.3568387031555176
0.133,sat,0.7030980587005615
0.131,sat,0.6492071151733398
0.065,sat,19.182990550994873
0.063,sat,16.532573223114014
0.031,unsat,3.0472071170806885
0.029,cancelled,5.025332689285278
0.041,unsat,90.98767733573914
0.051000000000000004,unsat,934.9124579429626
0.053000000000000005,unsat,2083.9255244731903
0.059000000000000004,sat,284.6637177467346
0.057,unsat,3542.78019118309
0.055,cancelled,2014.8126380443573
