epsilon,result,runtime
0.265,sat,0.3936178684234619
0.133,sat,0.41707396507263184
0.131,sat,0.3496532440185547
0.065,sat,0.37989306449890137
0.063,sat,0.3898625373840332
0.031,unsat,9.20046067237854
0.029,cancelled,8.746461391448975
0.041,unsat,293.8394367694855
0.053000000000000005,sat,15.581682682037354
0.045,unsat,1486.4574418067932
0.051000000000000004,unsat,3552.363536834717
0.047,cancelled,1750.3630921840668
