epsilon,result,runtime
0.265,sat,1.4335174560546875
0.133,sat,1.4648542404174805
0.131,sat,1.4352238178253174
0.065,sat,112.1358072757721
0.031,unsat,11.614597797393799
0.047,unsat,409.3557593822479
0.063,sat,693.1908638477325
0.053000000000000005,unsat,2433.516049385071
0.055,unsat,3528.1065979003906
0.059000000000000004,unsat,3580.127276659012
0.057,cancelled,2644.0661957263947
0.061,sat,173.42894649505615
