epsilon,result,runtime
0.265,sat,1.4968807697296143
0.133,sat,1.5097689628601074
0.065,sat,0.7442464828491211
0.131,cancelled,3.951856851577759
0.131,sat,0.8405327796936035
0.021,unsat,0.34491801261901855
0.041,unsat,764.0428154468536
0.053000000000000005,sat,2.67999267578125
0.047,sat,23.831212520599365
0.043000000000000003,unsat,1757.3446173667908
0.045,sat,963.797728061676
