epsilon,result,runtime
0.133,sat,0.4080471992492676
0.265,cancelled,3.176961898803711
0.265,sat,0.36806249618530273
0.08700000000000001,sat,0.37779951095581055
0.043000000000000003,sat,0.818335771560669
0.019000000000000003,unsat,0.46549010276794434
0.041,sat,1.5041494369506836
0.029,sat,1.2462918758392334
0.031,cancelled,3.6028051376342773
0.023,unsat,19.73932647705078
0.025,unsat,21.851691007614136
0.027000000000000003,unsat,258.64619159698486
