epsilon,result,runtime
0.133,sat,0.30252885818481445
0.265,cancelled,3.286282777786255
0.08700000000000001,sat,13.280296087265015
0.041,unsat,88.20422649383545
0.043000000000000003,unsat,106.48937320709229
0.065,sat,42.24515223503113
0.063,sat,66.8114984035492
0.051000000000000004,unsat,1461.5615186691284
0.057,sat,347.64730858802795
0.053000000000000005,unsat,2394.706701040268
0.055,unsat,876.7361662387848
