epsilon,result,runtime
0.265,sat,0.3622403144836426
0.133,sat,0.6835520267486572
0.131,sat,0.5098376274108887
0.063,unsat,470.9394438266754
0.097,sat,9.544484615325928
0.081,sat,27.2908616065979
0.065,unsat,1043.335196018219
0.07300000000000001,unsat,3583.9612035751343
0.07100000000000001,cancelled,3060.9923491477966
0.077,sat,665.4053359031677
0.075,error,896.2683219909668
