epsilon,result,runtime
0.133,sat,0.25449419021606445
0.265,cancelled,3.106511116027832
0.043000000000000003,unsat,12.343249320983887
0.089,unsat,3515.332907676697
0.08700000000000001,cancelled,3533.2675955295563
0.117,sat,0.6361825466156006
0.10300000000000001,sat,3.64973521232605
0.101,sat,3.4061784744262695
0.095,sat,18.08774471282959
0.093,sat,67.92191433906555
0.091,sat,104.59374332427979
