epsilon,result,runtime
0.133,sat,0.3331425189971924
0.265,cancelled,2.981186866760254
0.043000000000000003,sat,0.3968372344970703
0.08700000000000001,cancelled,3.1816422939300537
0.013000000000000001,unsat,0.2902202606201172
0.027000000000000003,unsat,93.36901473999023
0.035,sat,0.4911835193634033
0.031,sat,1.0177454948425293
0.029,unsat,109.9050726890564
