epsilon,result,runtime
0.265,sat,0.38094663619995117
0.133,sat,0.6486923694610596
0.131,sat,0.6218013763427734
0.063,unsat,1529.22478556633
0.097,sat,10.252625703811646
0.081,sat,441.3538043498993
0.065,unsat,3538.161284685135
0.07300000000000001,unsat,3520.4017865657806
0.07100000000000001,cancelled,1975.9439535140991
0.075,unsat,3501.711098909378
0.077,unsat,3547.097825050354
0.079,error,259.50058698654175
