epsilon,result,runtime
0.265,sat,0.6193828582763672
0.133,sat,1.2088990211486816
0.131,sat,1.0769178867340088
0.065,unsat,3540.7751870155334
0.063,cancelled,3540.706868171692
0.107,sat,5.204989433288574
0.08700000000000001,sat,83.14411067962646
0.085,sat,1000.2296452522278
0.075,unsat,3523.6461803913116
0.07300000000000001,cancelled,2601.869029045105
0.079,unsat,3547.316333055496
0.081,unsat,3578.5648164749146
0.083,error,248.37803721427917
