epsilon,result,runtime
0.265,sat,0.22303509712219238
0.133,sat,0.296175479888916
0.131,sat,0.36602306365966797
0.065,sat,65.68651270866394
0.031,unsat,10.448199033737183
0.047,unsat,125.53393125534058
0.063,sat,838.8414475917816
0.053000000000000005,unsat,1395.6879937648773
0.055,unsat,3496.256185054779
0.059000000000000004,unsat,3483.5026466846466
0.057,cancelled,2020.3274595737457
0.061,error,619.514240026474
