epsilon,result,runtime
0.265,sat,0.3856942653656006
0.133,sat,0.6724445819854736
0.131,sat,0.2890293598175049
0.065,sat,0.546891450881958
0.063,sat,0.2744102478027344
0.029,unsat,104.4248788356781
0.047,sat,0.9174938201904297
0.039,sat,0.6429979801177979
0.035,sat,11.652377128601074
0.031,unsat,152.74918389320374
0.033,unsat,46.357375383377075
