epsilon,result,runtime
0.133,sat,0.328747034072876
0.265,cancelled,3.0630016326904297
0.265,sat,0.36375951766967773
0.043000000000000003,unsat,9.295660257339478
0.08700000000000001,unsat,3503.412531375885
0.089,unsat,3493.1113324165344
0.111,sat,41.48642158508301
0.109,sat,42.53053426742554
0.097,error,3528.667184829712
0.099,unsat,3562.927651166916
0.101,error,3166.965391397476
0.10500000000000001,error,3515.0614397525787
0.107,sat,445.7607488632202
0.10300000000000001,error,968.4622235298157
