epsilon,result,runtime
0.265,sat,0.6858305931091309
0.133,sat,1.200718641281128
0.131,sat,1.3297832012176514
0.063,unsat,1010.4317190647125
0.097,sat,7.992036819458008
0.081,sat,22.00565004348755
0.065,unsat,1752.2273597717285
0.07300000000000001,unsat,3545.508755683899
0.07100000000000001,cancelled,2847.7630202770233
0.077,sat,781.1839501857758
0.075,unsat,3585.269495010376
