epsilon,result,runtime
0.133,sat,0.22324442863464355
0.265,cancelled,2.936621904373169
0.08700000000000001,sat,0.33977580070495605
0.041,unsat,254.34641575813293
0.065,sat,0.38629865646362305
0.053000000000000005,sat,7.039306640625
0.047,sat,7.686203718185425
0.045,sat,58.485071420669556
0.043000000000000003,unsat,500.1100015640259
