epsilon,result,runtime
0.133,sat,0.4249594211578369
0.265,cancelled,3.3547966480255127
0.08700000000000001,sat,0.8909196853637695
0.043000000000000003,unsat,2.12375807762146
0.041,cancelled,1.2959063053131104
0.057,unsat,30.232585668563843
0.07300000000000001,sat,16.1452579498291
0.063,unsat,81.50406646728516
0.07100000000000001,sat,230.38622498512268
0.067,unsat,123.63118195533752
0.065,cancelled,31.746809005737305
0.069,unsat,9.587318181991577
