epsilon,result,runtime
0.265,sat,0.3597700595855713
0.133,sat,0.6675975322723389
0.131,sat,0.639796257019043
0.063,unsat,937.285872220993
0.097,sat,5.537980318069458
0.065,unsat,1733.3253710269928
0.081,sat,1147.5949363708496
0.079,unsat,3569.7371106147766
0.07100000000000001,cancelled,3206.1488189697266
