epsilon,result,runtime
0.265,sat,0.34664392471313477
0.133,sat,0.6859207153320312
0.131,sat,0.6712517738342285
0.063,unsat,51.784364461898804
0.065,unsat,57.87010192871094
0.097,sat,1.1223962306976318
0.099,cancelled,1.7980310916900635
0.085,sat,2.6637766361236572
0.07300000000000001,unsat,1052.7049446105957
0.079,sat,32.22158980369568
0.077,sat,32.367220878601074
0.075,unsat,1381.5850734710693
