epsilon,result,runtime
0.265,sat,0.3215045928955078
0.133,sat,0.4011392593383789
0.131,sat,0.2008066177368164
0.065,sat,23.013298749923706
0.031,unsat,4.148236274719238
0.047,unsat,123.15694403648376
0.055,unsat,1106.1199178695679
0.063,unsat,3578.6006593704224
0.059000000000000004,cancelled,2315.1002666950226
