epsilon,result,runtime
0.265,sat,0.47301268577575684
0.133,sat,0.7201371192932129
0.131,sat,0.3243546485900879
0.065,sat,0.5065357685089111
0.063,sat,9.433606386184692
0.031,unsat,16.692440271377563
0.029,cancelled,7.712933540344238
0.051000000000000004,sat,13.545503616333008
0.041,sat,448.5112862586975
0.039,unsat,522.7487041950226
0.035,cancelled,91.64831948280334
