epsilon,result,runtime
0.133,sat,0.5621798038482666
0.265,cancelled,3.9549198150634766
0.265,sat,0.5796961784362793
0.08700000000000001,sat,0.46359777450561523
0.041,unsat,3480.515964984894
0.065,sat,0.39462804794311523
0.053000000000000005,sat,0.9108166694641113
0.047,sat,16.835836172103882
0.043000000000000003,timeout,3600
0.045,sat,112.84832692146301
