epsilon,result,runtime
0.265,sat,0.3438742160797119
0.133,sat,0.30226683616638184
0.131,sat,0.28738927841186523
0.065,sat,0.34505438804626465
0.063,sat,0.3594493865966797
0.031,unsat,3.0230751037597656
0.029,cancelled,2.6596953868865967
0.051000000000000004,sat,0.5949850082397461
0.041,sat,1.2069642543792725
0.035,unsat,33.29724645614624
0.039,unsat,78.08754134178162
0.037000000000000005,cancelled,44.48131489753723
