epsilon,result,runtime
0.265,sat,0.8358709812164307
0.133,sat,2.430424213409424
0.131,sat,1.2084589004516602
0.063,unsat,40.286510705947876
0.065,unsat,44.813809394836426
0.099,sat,27.38379716873169
0.097,sat,395.87704253196716
0.079,unsat,763.1176919937134
0.081,unsat,1681.182856798172
0.089,unsat,3535.0588991642
0.08700000000000001,cancelled,2987.2408730983734
0.093,error,3063.5369923114777
0.091,error,3348.863312482834
0.095,sat,312.9907441139221
