epsilon,result,runtime
0.265,sat,0.37564635276794434
0.133,sat,0.7018704414367676
0.131,sat,0.6697046756744385
0.065,sat,0.401108980178833
0.063,sat,0.8765435218811035
0.031,unsat,6.1341540813446045
0.029,cancelled,5.224931001663208
0.051000000000000004,sat,0.4482877254486084
0.039,unsat,171.21406960487366
0.045,sat,180.37972950935364
0.041,unsat,464.30797934532166
0.043000000000000003,unsat,145.78606867790222
