epsilon,result,runtime
0.265,sat,0.35658740997314453
0.133,sat,0.35329627990722656
0.131,sat,0.33010172843933105
0.065,sat,0.3300454616546631
0.031,sat,0.34046292304992676
0.063,cancelled,2.977651357650757
0.063,sat,0.3550136089324951
0.009000000000000001,unsat,0.24512791633605957
0.019000000000000003,unsat,28.06769299507141
0.021,unsat,148.9402928352356
0.027000000000000003,sat,8.576191425323486
0.025,sat,170.92036843299866
0.023,unsat,44.21970343589783
