epsilon,result,runtime
0.133,sat,0.3616828918457031
0.265,cancelled,3.3345303535461426
0.08700000000000001,sat,0.3172922134399414
0.043000000000000003,sat,0.32701873779296875
0.041,sat,0.34007930755615234
0.019000000000000003,unsat,39.20184063911438
0.021,unsat,37.30122685432434
0.031,sat,0.1483144760131836
0.029,sat,0.3860914707183838
0.025,sat,12.927295446395874
0.023,unsat,17.93750500679016
