epsilon,result,runtime
0.265,sat,0.2826108932495117
0.133,sat,0.324326753616333
0.131,sat,0.2884681224822998
0.065,sat,0.5418305397033691
0.063,sat,0.6558072566986084
0.031,unsat,2.7280795574188232
0.029,cancelled,2.293600082397461
0.041,unsat,53.9930624961853
0.053000000000000005,sat,66.61872458457947
0.051000000000000004,unsat,208.00979733467102
0.045,cancelled,83.515380859375
