epsilon,result,runtime
0.265,sat,0.35659313201904297
0.133,sat,0.6879913806915283
0.131,sat,0.5582170486450195
0.065,sat,0.6349339485168457
0.063,sat,0.6390178203582764
0.029,unsat,120.17430973052979
0.047,sat,0.9493026733398438
0.039,sat,0.4254157543182373
0.035,sat,30.168336391448975
0.031,unsat,224.17281365394592
0.033,unsat,85.14319133758545
