epsilon,result,runtime
0.265,sat,0.3597264289855957
0.133,sat,0.6902098655700684
0.131,sat,0.28856587409973145
0.065,sat,3.1982131004333496
0.031,unsat,6.93299126625061
0.063,sat,10.342412948608398
0.045,unsat,73.78603792190552
0.047,unsat,88.10481381416321
0.053000000000000005,unsat,264.34055352211
0.059000000000000004,sat,18.249059915542603
0.057,sat,51.86653232574463
0.055,unsat,360.6134400367737
