epsilon,result,runtime
0.265,sat,0.5967967510223389
0.133,sat,0.5954537391662598
0.131,sat,0.40692901611328125
0.065,sat,0.8505802154541016
0.063,sat,7.161016464233398
0.029,unsat,49.398011207580566
0.031,unsat,75.66026377677917
0.047,sat,56.66019344329834
0.037000000000000005,unsat,285.54818391799927
0.041,unsat,1899.514634847641
0.045,unsat,3557.287764072418
0.043000000000000003,cancelled,1323.2117257118225
