epsilon,result,runtime
0.265,sat,0.40653467178344727
0.133,sat,0.38751649856567383
0.131,sat,0.5982544422149658
0.065,sat,1.1056914329528809
0.063,sat,1.167314052581787
0.029,unsat,35.40348148345947
0.031,unsat,40.42473769187927
0.047,sat,8.277500629425049
0.045,sat,8.93008542060852
0.039,sat,20.93160057067871
0.033,unsat,115.65742897987366
0.037000000000000005,sat,144.0451683998108
0.035,unsat,5.374231576919556
