epsilon,result,runtime
0.133,sat,0.26909375190734863
0.265,cancelled,3.163288116455078
0.08700000000000001,sat,0.3673064708709717
0.043000000000000003,sat,0.6604835987091064
0.041,sat,0.24098992347717285
0.021,sat,11.300745487213135
0.009000000000000001,unsat,0.3408958911895752
0.013000000000000001,unsat,2.3620011806488037
0.015,unsat,22.906375408172607
0.019000000000000003,unsat,52.85594630241394
0.017,cancelled,3.009939193725586
