epsilon,result,runtime
0.133,sat,0.5088975429534912
0.265,cancelled,3.504650831222534
0.08700000000000001,sat,15.153497457504272
0.041,unsat,249.42230677604675
0.065,sat,13.49663758277893
0.043000000000000003,unsat,521.7714388370514
0.055,sat,129.79314923286438
0.047,unsat,1017.3394238948822
0.053000000000000005,sat,1413.7170453071594
0.049,unsat,3127.263542175293
0.051000000000000004,unsat,3574.6929721832275
