epsilon,result,runtime
0.265,sat,0.37397289276123047
0.133,sat,0.4270155429840088
0.065,sat,0.32715559005737305
0.131,cancelled,3.1290435791015625
0.041,sat,0.35088610649108887
0.021,sat,2.6673927307128906
0.009000000000000001,unsat,0.30234837532043457
0.013000000000000001,unsat,0.34752798080444336
0.019000000000000003,unsat,6.445222616195679
0.015,cancelled,0.43653106689453125
