epsilon,result,runtime
0.265,sat,0.42084693908691406
0.133,sat,0.39850854873657227
0.131,sat,0.381145715713501
0.065,sat,0.7210366725921631
0.063,sat,2.3423304557800293
0.029,unsat,25.308195114135742
0.031,unsat,30.41892695426941
0.047,sat,2.3786206245422363
0.045,sat,4.038313150405884
0.037000000000000005,sat,3.4289968013763428
0.039,cancelled,4.417947292327881
0.033,unsat,79.24801516532898
0.035,sat,80.79527044296265
