epsilon,result,runtime
0.265,sat,0.37700819969177246
0.133,sat,0.7422747611999512
0.131,sat,0.46527862548828125
0.065,sat,1.1220424175262451
0.063,sat,1.1214075088500977
0.031,unsat,7.887333393096924
0.029,cancelled,8.338788986206055
0.051000000000000004,sat,7.2208356857299805
0.041,unsat,89.44192671775818
0.039,cancelled,82.11551022529602
0.047,sat,136.62743377685547
0.045,unsat,293.3528690338135
0.043000000000000003,cancelled,156.7717411518097
