epsilon,result,runtime
0.265,sat,0.34047865867614746
0.133,sat,0.3536803722381592
0.131,sat,0.348665714263916
0.065,sat,2.4493930339813232
0.063,sat,1.7582697868347168
0.031,unsat,0.710221529006958
0.029,cancelled,1.0876996517181396
0.041,unsat,45.11577081680298
0.051000000000000004,unsat,2549.447812318802
0.053000000000000005,unsat,3583.267730474472
0.059000000000000004,sat,10.463558197021484
0.057,unsat,3504.1703379154205
0.055,cancelled,2411.896756887436
