epsilon,result,runtime
0.265,sat,0.4509568214416504
0.133,sat,0.6958882808685303
0.131,sat,0.837244987487793
0.063,unsat,3489.1485459804535
0.097,sat,15.136028051376343
0.065,unsat,3555.129249572754
0.079,sat,1915.2367858886719
0.081,cancelled,1962.2424991130829
0.069,unsat,3488.0179467201233
0.07300000000000001,unsat,3573.0354664325714
0.075,unsat,3533.6696450710297
0.077,error,3485.676468372345
