epsilon,result,runtime
0.265,sat,0.608837366104126
0.133,sat,0.632347583770752
0.131,sat,0.47536659240722656
0.065,sat,1.0012249946594238
0.063,sat,1.2193920612335205
0.031,sat,5.4640655517578125
0.013000000000000001,unsat,0.5878772735595703
0.029,sat,19.93359684944153
0.019000000000000003,unsat,7.278162956237793
0.021,unsat,23.199665784835815
0.023,unsat,38.30172419548035
0.025,unsat,95.60833668708801
0.027000000000000003,unsat,147.0563530921936
