epsilon,result,runtime
0.265,sat,0.5820906162261963
0.133,sat,0.6199920177459717
0.131,sat,0.6021497249603271
0.065,sat,1.1576716899871826
0.063,sat,1.132312536239624
0.031,sat,0.6451511383056641
0.029,sat,0.48672914505004883
0.013000000000000001,unsat,2.792628288269043
0.015,unsat,10.083027601242065
0.021,sat,9.038013219833374
0.023,cancelled,1.538057804107666
0.017,unsat,21.37093687057495
0.019000000000000003,unsat,28.203587293624878
