epsilon,result,runtime
0.265,sat,0.6464793682098389
0.133,sat,0.6547145843505859
0.131,sat,0.68210768699646
0.065,sat,500.90847396850586
0.031,unsat,10.62139630317688
0.063,sat,552.9688050746918
0.045,unsat,362.0762538909912
0.047,unsat,1084.974496603012
0.055,unsat,3568.299576282501
0.053000000000000005,cancelled,2890.974165201187
0.059000000000000004,error,3440.975348711014
0.057,unsat,3511.5257198810577
0.061,error,267.59140634536743
