epsilon,result,runtime
0.265,sat,0.6698474884033203
0.133,sat,1.0226430892944336
0.131,sat,0.4831705093383789
0.063,unsat,903.1462543010712
0.097,sat,0.9620983600616455
0.081,sat,8.79603099822998
0.07300000000000001,sat,101.25246596336365
0.065,unsat,2485.2200067043304
0.069,unsat,3487.1735990047455
0.067,cancelled,2031.8900277614594
0.07100000000000001,sat,141.4195113182068
