epsilon,result,runtime
0.265,sat,0.44959473609924316
0.133,sat,0.7044367790222168
0.131,sat,0.648374080657959
0.065,unsat,3559.3070044517517
0.063,cancelled,3558.9841496944427
0.107,sat,1.471472978591919
0.08700000000000001,sat,19.315075159072876
0.085,sat,15.197468757629395
0.075,sat,395.69048953056335
0.07300000000000001,sat,3318.5245385169983
0.069,unsat,3580.210930585861
0.067,cancelled,658.7501702308655
0.07100000000000001,error,635.9747848510742
