epsilon,result,runtime
0.265,sat,0.42101049423217773
0.133,sat,0.39433932304382324
0.131,sat,0.341402530670166
0.065,sat,1.8104400634765625
0.063,sat,0.329587459564209
0.029,unsat,742.3600852489471
0.047,sat,7.506571531295776
0.039,sat,8.695225477218628
0.035,sat,15.08306074142456
0.033,sat,19.477617263793945
0.031,unsat,969.3722472190857
