epsilon,result,runtime
0.265,sat,0.34537339210510254
0.133,sat,0.3411068916320801
0.131,sat,0.3471355438232422
0.065,sat,0.7105681896209717
0.063,sat,0.30617260932922363
0.029,unsat,242.96053671836853
0.047,sat,0.44474291801452637
0.039,sat,0.28091955184936523
0.035,sat,0.9235372543334961
0.031,unsat,257.78684306144714
0.033,sat,0.26536989212036133
