epsilon,result,runtime
0.265,sat,0.42682838439941406
0.133,sat,0.6825435161590576
0.131,sat,0.6772902011871338
0.065,sat,3.1444666385650635
0.031,unsat,4.683046579360962
0.063,sat,35.17580437660217
0.045,unsat,47.80640959739685
0.047,unsat,78.19619011878967
0.053000000000000005,unsat,412.7521948814392
0.055,unsat,958.8226568698883
0.059000000000000004,sat,1427.1486155986786
0.057,unsat,934.8131783008575
