epsilon,result,runtime
0.265,sat,0.34270501136779785
0.133,sat,0.6798224449157715
0.131,sat,0.26202893257141113
0.065,sat,0.6339375972747803
0.063,sat,0.5815112590789795
0.031,unsat,1.771955966949463
0.029,cancelled,1.955681562423706
0.041,unsat,105.0746681690216
0.051000000000000004,unsat,3158.834316253662
0.057,sat,29.265533208847046
0.053000000000000005,unsat,3367.083310842514
0.055,unsat,3504.401023387909
