epsilon,result,runtime
0.265,sat,0.34203100204467773
0.133,sat,0.3619379997253418
0.131,sat,0.3085029125213623
0.065,sat,2.839555263519287
0.063,sat,7.254517555236816
0.031,unsat,6.572865724563599
0.029,cancelled,1.930093765258789
0.041,unsat,48.11945104598999
0.051000000000000004,unsat,364.68088459968567
0.053000000000000005,unsat,781.4404137134552
0.059000000000000004,sat,78.54166269302368
0.057,sat,1613.6790931224823
0.055,unsat,1175.670848608017
