epsilon,result,runtime
0.265,sat,0.6742424964904785
0.133,sat,3.707965850830078
0.131,sat,3.7974822521209717
0.065,unsat,104.33439326286316
0.063,cancelled,103.78961181640625
0.107,sat,21.26778817176819
0.08700000000000001,sat,52.884979486465454
0.075,unsat,912.1391220092773
0.085,unsat,3511.387088060379
0.079,cancelled,2568.351026535034
