epsilon,result,runtime
0.265,sat,0.806527853012085
0.133,sat,0.9144039154052734
0.131,sat,0.9539451599121094
0.065,unsat,3516.146797657013
0.063,cancelled,3515.307397842407
0.107,sat,8.976030111312866
0.08700000000000001,sat,19.98181676864624
0.085,sat,18.32746458053589
0.075,sat,119.97763395309448
0.07300000000000001,unsat,3581.959216594696
0.069,cancelled,3473.228830575943
