epsilon,result,runtime
0.265,sat,0.380504846572876
0.133,sat,0.36208081245422363
0.131,sat,0.3381688594818115
0.065,sat,1.7537541389465332
0.063,sat,4.877100229263306
0.031,unsat,22.444822549819946
0.029,cancelled,18.827696323394775
0.051000000000000004,sat,52.03952479362488
0.039,unsat,644.2423460483551
0.041,unsat,3066.5314078330994
0.045,unsat,3498.13862657547
0.049,sat,1063.9353806972504
0.047,error,2276.847173690796
