epsilon,result,runtime
0.265,sat,0.33428454399108887
0.133,sat,0.3437657356262207
0.131,sat,0.23327112197875977
0.065,sat,0.2685842514038086
0.063,sat,0.2673525810241699
0.031,sat,0.312640905380249
0.029,sat,0.29760313034057617
0.013000000000000001,sat,0.32412242889404297
0.015,cancelled,0.030765295028686523
0.007,sat,0.485522985458374
0.003,sat,0.4990701675415039
0.001,sat,0.12043261528015137
