epsilon,result,runtime
0.133,sat,0.40346384048461914
0.265,cancelled,3.25264048576355
0.08700000000000001,sat,0.40726375579833984
0.043000000000000003,sat,9.00796389579773
0.019000000000000003,unsat,0.37521934509277344
0.029,unsat,2.5254766941070557
0.035,unsat,23.453614950180054
0.041,unsat,53.27182984352112
0.037000000000000005,cancelled,12.031641721725464
