epsilon,result,runtime
0.133,sat,0.37017083168029785
0.265,cancelled,3.0715837478637695
0.08700000000000001,sat,0.7881879806518555
0.043000000000000003,sat,0.8217933177947998
0.041,sat,0.1870274543762207
0.019000000000000003,sat,0.27342891693115234
0.021,cancelled,0.10709118843078613
0.011,unsat,0.38827085494995117
0.005,cancelled,3.2011914253234863
0.013000000000000001,unsat,0.3154623508453369
0.015,unsat,1.840630292892456
0.017,unsat,0.6603002548217773
