epsilon,result,runtime
0.265,sat,0.3481917381286621
0.133,sat,0.3424539566040039
0.131,sat,0.16972756385803223
0.065,sat,1.3669793605804443
0.063,sat,1.0196712017059326
0.031,unsat,9.844180345535278
0.029,cancelled,9.99644684791565
0.051000000000000004,sat,39.645262241363525
0.041,unsat,63.407819747924805
0.039,cancelled,23.868284940719604
0.047,sat,37.42928910255432
0.043000000000000003,unsat,124.44945693016052
0.045,unsat,174.10052728652954
