epsilon,result,runtime
0.133,sat,0.3475496768951416
0.265,cancelled,3.3055763244628906
0.08700000000000001,sat,0.349393367767334
0.043000000000000003,unsat,18.14527654647827
0.041,cancelled,17.817336559295654
0.07100000000000001,sat,0.6395175457000732
0.055,unsat,2808.6709673404694
0.063,sat,3.2010273933410645
0.059000000000000004,sat,132.2159562110901
0.057,unsat,3109.1763129234314
