epsilon,result,runtime
0.133,sat,0.348402738571167
0.265,cancelled,3.322847843170166
0.265,sat,0.3430171012878418
0.08700000000000001,sat,0.8721923828125
0.041,unsat,197.05161142349243
0.065,sat,8.538739442825317
0.043000000000000003,unsat,450.47994017601013
0.053000000000000005,unsat,3490.7605106830597
0.055,error,3356.840880393982
0.061,sat,61.12254619598389
0.059000000000000004,sat,755.9483776092529
0.057,error,768.0178263187408
