epsilon,result,runtime
0.265,sat,0.3614788055419922
0.133,sat,1.2369072437286377
0.131,sat,0.4808921813964844
0.065,sat,136.32153344154358
0.031,unsat,11.786890506744385
0.047,unsat,149.37207961082458
0.063,sat,1473.561458826065
0.055,unsat,3556.572027206421
0.053000000000000005,cancelled,2387.5971751213074
0.057,unsat,3513.4042553901672
0.059000000000000004,unsat,3519.4234437942505
0.061,error,223.0727243423462
