epsilon,result,runtime
0.265,sat,0.37703967094421387
0.133,sat,0.3902003765106201
0.131,sat,0.3797464370727539
0.065,sat,0.6966228485107422
0.063,sat,0.6919033527374268
0.031,unsat,3.028986930847168
0.029,cancelled,2.578073740005493
0.051000000000000004,sat,11.252676725387573
0.039,unsat,66.00615549087524
0.041,unsat,89.2455735206604
0.045,unsat,261.82762598991394
0.047,sat,294.53203105926514
0.049,cancelled,41.6403911113739
