epsilon,result,runtime
0.265,sat,0.41989827156066895
0.133,sat,0.7115747928619385
0.131,sat,0.5415956974029541
0.065,sat,1.7024946212768555
0.063,sat,1.4531941413879395
0.031,unsat,2.2513701915740967
0.029,cancelled,2.432826519012451
0.041,unsat,34.62706804275513
0.051000000000000004,unsat,161.796936750412
0.053000000000000005,unsat,389.2279374599457
0.059000000000000004,sat,11.689121007919312
0.055,unsat,1133.584624528885
0.057,unsat,1976.4149205684662
