epsilon,result,runtime
0.265,sat,0.3642582893371582
0.133,sat,0.3959016799926758
0.131,sat,0.3325488567352295
0.065,sat,0.35744738578796387
0.063,sat,0.2665891647338867
0.031,unsat,15.131638765335083
0.029,cancelled,14.96176815032959
0.051000000000000004,sat,10.351693391799927
0.041,unsat,294.7054343223572
0.039,cancelled,284.34116291999817
0.047,sat,69.4271035194397
0.045,sat,80.74094700813293
0.043000000000000003,unsat,42.92292666435242
