epsilon,result,runtime
0.265,sat,0.8561785221099854
0.133,sat,2.413508415222168
0.131,sat,1.4690628051757812
0.065,unsat,21.741058111190796
0.063,cancelled,21.78570008277893
0.107,sat,11.968462467193604
0.085,unsat,146.90632510185242
0.08700000000000001,unsat,204.68877005577087
0.097,sat,190.92665314674377
0.091,unsat,502.27570366859436
0.093,unsat,780.6239478588104
0.095,unsat,1461.1447262763977
