epsilon,result,runtime
0.265,sat,0.250380277633667
0.133,sat,0.4610743522644043
0.131,sat,0.7057547569274902
0.065,unsat,2.5103931427001953
0.063,cancelled,2.082963705062866
0.08700000000000001,unsat,104.1290991306305
0.107,unsat,3510.6188945770264
0.109,unsat,3565.2629885673523
0.121,sat,843.9656851291656
0.11900000000000001,error,3278.6855351924896
0.113,unsat,3567.1874012947083
0.115,error,3525.8332731723785
0.117,error,2285.241328239441
