epsilon,result,runtime
0.265,sat,0.3329026699066162
0.133,sat,0.35953497886657715
0.131,sat,0.32985973358154297
0.065,sat,0.336453914642334
0.063,sat,0.19583868980407715
0.031,sat,0.2728269100189209
0.029,sat,0.29181838035583496
0.013000000000000001,sat,0.2781553268432617
0.015,cancelled,0.18099689483642578
0.003,sat,0.34795689582824707
0.007,cancelled,3.105419158935547
0.001,sat,0.10787558555603027
