epsilon,result,runtime
0.265,sat,0.2934746742248535
0.133,sat,0.3784012794494629
0.131,sat,0.35855722427368164
0.065,sat,0.5919954776763916
0.063,sat,4.120519638061523
0.029,unsat,141.8600890636444
0.031,unsat,152.38175415992737
0.047,sat,1.0029163360595703
0.045,sat,1.0841879844665527
0.037000000000000005,unsat,2729.5928831100464
0.041,sat,30.021767139434814
0.039,unsat,3087.8855242729187
