epsilon,result,runtime
0.265,sat,0.51997971534729
0.133,sat,0.5188148021697998
0.131,sat,0.5009574890136719
0.065,sat,19.70908260345459
0.063,sat,25.630529642105103
0.031,unsat,7.753106355667114
0.029,cancelled,2.218827247619629
0.041,unsat,186.82406663894653
0.051000000000000004,unsat,1341.3800702095032
0.057,sat,61.70995020866394
0.053000000000000005,sat,1233.0168335437775
0.055,cancelled,18.036998987197876
