epsilon,result,runtime
0.265,sat,0.42733311653137207
0.133,sat,0.7172365188598633
0.131,sat,0.7240052223205566
0.065,sat,0.45271825790405273
0.063,sat,3.244480609893799
0.029,unsat,89.06137704849243
0.047,sat,17.582467794418335
0.031,unsat,119.10292840003967
0.039,sat,2.2591774463653564
0.037000000000000005,sat,15.616735458374023
0.033,unsat,314.3061263561249
0.035,unsat,317.5422546863556
