epsilon,result,runtime
0.133,sat,0.34523916244506836
0.265,cancelled,3.2518391609191895
0.265,sat,0.33539414405822754
0.08700000000000001,sat,0.7801821231842041
0.043000000000000003,sat,0.8113346099853516
0.041,sat,0.5178816318511963
0.019000000000000003,unsat,2.166351079940796
0.021,unsat,9.36691403388977
0.031,sat,8.123584985733032
0.025,unsat,48.21354293823242
0.027000000000000003,unsat,148.1959092617035
0.029,unsat,232.13417410850525
