epsilon,result,runtime
0.265,sat,0.34259986877441406
0.133,sat,0.7414147853851318
0.131,sat,0.6137866973876953
0.065,sat,0.6056475639343262
0.063,sat,0.6727399826049805
0.029,unsat,19.88787531852722
0.031,unsat,24.76179051399231
0.047,sat,1.3011410236358643
0.045,sat,22.963464736938477
0.037000000000000005,unsat,337.5750734806061
0.039,unsat,435.54084825515747
0.041,unsat,911.6901702880859
0.043000000000000003,unsat,887.0897035598755
