epsilon,result,runtime
0.265,sat,0.8769943714141846
0.133,sat,3.013061761856079
0.065,unsat,20.93943500518799
0.131,sat,36.683157205581665
0.097,unsat,3525.8531930446625
0.099,unsat,3515.1979491710663
0.113,unsat,3532.4617099761963
0.115,unsat,3536.4070925712585
0.121,error,3451.152987718582
0.123,error,3578.075445175171
0.125,sat,1264.9603960514069
0.11900000000000001,unsat,3554.3375821113586
0.117,cancelled,2414.330017566681
