epsilon,result,runtime
0.265,sat,0.3770110607147217
0.133,sat,0.4234333038330078
0.131,sat,0.37094831466674805
0.065,sat,0.40350985527038574
0.063,sat,0.33763694763183594
0.029,unsat,301.9742126464844
0.047,sat,0.978435754776001
0.039,sat,13.04119086265564
0.035,sat,62.5311119556427
0.033,sat,48.549622535705566
0.031,unsat,3527.4913704395294
