epsilon,result,runtime
0.265,sat,0.6063296794891357
0.133,sat,1.1864516735076904
0.131,sat,1.0502023696899414
0.065,sat,3.540862560272217
0.063,sat,3.246020555496216
0.029,unsat,41.69367003440857
0.031,unsat,69.87144875526428
0.047,sat,66.42792105674744
0.045,sat,47.38564682006836
0.037000000000000005,unsat,82.71554803848267
0.039,unsat,144.64901423454285
0.041,unsat,241.36468386650085
0.043000000000000003,sat,176.95968580245972
