epsilon,result,runtime
0.265,sat,0.6923027038574219
0.133,sat,31.829167127609253
0.131,sat,29.249672889709473
0.065,unsat,59.579877614974976
0.063,cancelled,61.026413917541504
0.08700000000000001,unsat,1846.434832572937
0.107,unsat,3520.987916946411
0.11900000000000001,sat,1022.3380453586578
0.109,unsat,3562.22164106369
0.113,unsat,3513.680745601654
0.115,unsat,3496.22349357605
0.117,error,1018.2410573959351
