epsilon,result,runtime
0.265,sat,0.3572986125946045
0.133,sat,0.6650063991546631
0.131,sat,0.26663684844970703
0.065,sat,0.3359498977661133
0.063,sat,0.4600496292114258
0.029,unsat,27.253070831298828
0.031,unsat,30.732094287872314
0.047,sat,0.40708422660827637
0.045,sat,0.6144180297851562
0.039,sat,47.169288635253906
0.033,unsat,110.46616911888123
0.035,unsat,215.57032704353333
0.037000000000000005,unsat,386.21825766563416
