epsilon,result,runtime
0.133,sat,0.333266019821167
0.265,cancelled,3.21468186378479
0.265,sat,0.32444071769714355
0.08700000000000001,sat,0.9067137241363525
0.041,unsat,47.749929904937744
0.065,sat,24.89505386352539
0.043000000000000003,unsat,81.75153660774231
0.055,unsat,3549.7193422317505
0.053000000000000005,cancelled,3554.7586555480957
0.061,sat,24.97082495689392
0.059000000000000004,sat,50.98812651634216
0.057,sat,72.6622326374054
