epsilon,result,runtime
0.133,sat,0.4345276355743408
0.265,cancelled,3.3855278491973877
0.043000000000000003,sat,0.412402868270874
0.08700000000000001,cancelled,3.129939079284668
0.08700000000000001,sat,0.39084768295288086
0.027000000000000003,sat,0.4071357250213623
0.013000000000000001,sat,0.38321399688720703
0.005,unsat,0.3562352657318115
0.011,sat,0.4188666343688965
0.007,unsat,2.559570074081421
0.009000000000000001,unsat,4.9372594356536865
