epsilon,result,runtime
0.265,sat,0.33799314498901367
0.133,sat,0.6898219585418701
0.131,sat,0.5767178535461426
0.065,sat,0.3891313076019287
0.063,sat,0.28784656524658203
0.031,sat,0.34197330474853516
0.029,sat,0.290114164352417
0.013000000000000001,sat,0.3398149013519287
0.015,cancelled,0.10642647743225098
0.003,sat,0.4726078510284424
0.007,cancelled,3.2412846088409424
0.007,sat,0.4881002902984619
0.001,unsat,0.10236239433288574
