epsilon,result,runtime
0.265,sat,0.4036285877227783
0.133,sat,0.37332630157470703
0.065,sat,0.3096492290496826
0.131,cancelled,3.053532600402832
0.021,unsat,10.011909484863281
0.041,sat,10.428032398223877
0.043000000000000003,cancelled,0.42346644401550293
0.027000000000000003,unsat,38.37648797035217
0.033,unsat,401.6203770637512
0.035,unsat,1564.0854210853577
0.037000000000000005,unsat,3554.965083837509
0.039,error,2510.3481175899506
