epsilon,result,runtime
0.133,sat,0.3725600242614746
0.265,cancelled,3.2338149547576904
0.08700000000000001,sat,0.8096969127655029
0.043000000000000003,unsat,11.231013536453247
0.041,cancelled,10.415545225143433
0.07100000000000001,sat,0.4009056091308594
0.055,unsat,163.06758093833923
0.063,sat,10.925950765609741
0.057,unsat,187.16257405281067
0.061,sat,12.095588445663452
0.059000000000000004,sat,20.021162033081055
