epsilon,result,runtime
0.265,sat,0.3205721378326416
0.133,sat,0.6392216682434082
0.131,sat,0.6463162899017334
0.065,unsat,3557.156487941742
0.063,cancelled,3556.841991186142
0.08700000000000001,sat,5.189889192581177
0.107,cancelled,8.50191068649292
0.079,sat,16.224857091903687
0.07300000000000001,sat,19.186404705047607
0.07100000000000001,sat,30.200496673583984
0.069,sat,477.03717708587646
0.067,error,737.0698056221008
