epsilon,result,runtime
0.265,sat,0.3380699157714844
0.133,sat,0.35242581367492676
0.131,sat,0.20888590812683105
0.065,sat,58.59145641326904
0.031,unsat,10.523463487625122
0.047,unsat,126.63375949859619
0.055,unsat,1946.2602772712708
0.063,unsat,3495.687374353409
0.059000000000000004,cancelled,1347.0876033306122
