epsilon,result,runtime
0.265,sat,0.6275572776794434
0.133,sat,5.13211727142334
0.131,sat,5.357512474060059
0.065,unsat,3513.5118556022644
0.063,cancelled,3512.856509923935
0.107,sat,17.559231758117676
0.08700000000000001,sat,17.86465811729431
0.085,sat,16.09285068511963
0.075,sat,38.6531023979187
0.07300000000000001,sat,1730.667888879776
0.069,unsat,3522.7983684539795
0.067,cancelled,1815.7335243225098
0.07100000000000001,error,558.9566617012024
