epsilon,result,runtime
0.133,sat,0.571448802947998
0.265,cancelled,3.791192054748535
0.08700000000000001,sat,0.41220593452453613
0.043000000000000003,sat,19.868327856063843
0.019000000000000003,unsat,0.5759701728820801
0.029,unsat,6.522963762283325
0.041,sat,31.985817193984985
0.033,unsat,44.00372910499573
0.035,unsat,61.29784417152405
0.037000000000000005,unsat,108.04190373420715
0.039,unsat,192.17627024650574
