epsilon,result,runtime
0.265,sat,0.5631442070007324
0.133,sat,0.5767955780029297
0.131,sat,0.3959841728210449
0.065,sat,0.7172174453735352
0.063,sat,0.6347231864929199
0.029,unsat,6.082855939865112
0.031,unsat,9.223308324813843
0.045,unsat,281.56411838531494
0.055,sat,16.031148195266724
0.047,unsat,433.5451629161835
0.051000000000000004,sat,130.13040709495544
0.049,unsat,43.97006297111511
