epsilon,result,runtime
0.265,sat,0.3607649803161621
0.133,sat,0.6811404228210449
0.131,sat,0.3748154640197754
0.063,unsat,1494.9289433956146
0.097,sat,0.8504033088684082
0.081,sat,0.8773789405822754
0.07300000000000001,sat,9.539084911346436
0.069,sat,7.72068977355957
0.067,sat,345.2051646709442
0.065,unsat,2147.713041305542
