epsilon,result,runtime
0.133,sat,0.3374454975128174
0.265,cancelled,2.9749701023101807
0.265,sat,0.337932825088501
0.08700000000000001,sat,0.3507883548736572
0.041,unsat,24.587011098861694
0.043000000000000003,unsat,29.51171612739563
0.065,sat,0.4728505611419678
0.063,sat,0.49145984649658203
0.053000000000000005,sat,0.4072093963623047
0.051000000000000004,sat,0.2932569980621338
0.047,sat,0.44855237007141113
0.045,sat,1.1929705142974854
