epsilon,result,runtime
0.133,sat,0.34488844871520996
0.265,cancelled,3.101616859436035
0.043000000000000003,sat,0.31671786308288574
0.08700000000000001,cancelled,3.074617624282837
0.013000000000000001,unsat,0.2672696113586426
0.029,sat,0.3481004238128662
0.019000000000000003,unsat,0.3850827217102051
0.027000000000000003,unsat,8.88431715965271
0.023,cancelled,2.0501935482025146
