epsilon,result,runtime
0.265,sat,0.395618200302124
0.133,sat,0.7694597244262695
0.131,sat,0.6544625759124756
0.065,sat,1.5160439014434814
0.063,sat,0.4199249744415283
0.031,unsat,15.83904767036438
0.029,cancelled,16.855713844299316
0.051000000000000004,sat,10.13310956954956
0.041,sat,11.147493600845337
0.039,sat,16.373052835464478
0.035,unsat,59.26890420913696
0.033,cancelled,43.90315389633179
0.037000000000000005,sat,1.3450515270233154
