epsilon,result,runtime
0.265,sat,0.32636570930480957
0.133,sat,0.34237170219421387
0.131,sat,0.3502323627471924
0.065,sat,0.3507096767425537
0.063,sat,0.34664249420166016
0.029,unsat,65.13846588134766
0.031,unsat,71.32298946380615
0.045,unsat,3512.587716817856
0.055,sat,10.062304735183716
0.047,unsat,3530.384958744049
0.051000000000000004,sat,127.16741418838501
0.049,error,344.0125472545624
