epsilon,result,runtime
0.265,sat,0.36554932594299316
0.133,sat,0.6529388427734375
0.131,sat,0.46177077293395996
0.065,sat,0.3402414321899414
0.063,sat,0.21858000755310059
0.031,sat,0.24865007400512695
0.029,sat,0.17328715324401855
0.013000000000000001,sat,0.2140638828277588
0.015,cancelled,0.24999427795410156
0.007,sat,0.319868803024292
0.003,sat,0.3369479179382324
0.001,sat,0.08986353874206543
