epsilon,result,runtime
0.265,sat,0.37468767166137695
0.133,sat,0.7379317283630371
0.131,sat,0.5403718948364258
0.065,sat,0.6067080497741699
0.063,sat,0.3755199909210205
0.031,sat,2.9629478454589844
0.013000000000000001,unsat,0.36905932426452637
0.021,unsat,3.9147543907165527
0.025,unsat,14.639197587966919
0.029,unsat,30.40564250946045
0.027000000000000003,cancelled,2.694852113723755
