epsilon,result,runtime
0.133,sat,0.33486080169677734
0.265,cancelled,3.3139548301696777
0.265,sat,0.3453686237335205
0.08700000000000001,sat,0.2604551315307617
0.041,unsat,139.74635076522827
0.065,sat,14.366913557052612
0.043000000000000003,unsat,168.33325028419495
0.055,unsat,3526.4555127620697
0.053000000000000005,cancelled,3537.5960071086884
0.059000000000000004,sat,19.826940536499023
0.061,cancelled,23.056543111801147
0.057,sat,30.053004503250122
