epsilon,result,runtime
0.133,sat,0.40554380416870117
0.265,cancelled,3.2633907794952393
0.08700000000000001,sat,0.36848998069763184
0.043000000000000003,unsat,2.4661178588867188
0.041,cancelled,2.139002799987793
0.07100000000000001,sat,0.8743560314178467
0.055,unsat,47.8118417263031
0.057,unsat,77.8885223865509
0.063,unsat,435.8352098464966
0.067,sat,14.992877960205078
0.065,unsat,471.03146481513977
