epsilon,result,runtime
0.133,sat,0.35875511169433594
0.265,cancelled,3.22744083404541
0.265,sat,0.3515183925628662
0.08700000000000001,sat,0.3598358631134033
0.041,unsat,131.69245409965515
0.065,sat,0.4144275188446045
0.053000000000000005,sat,0.9298810958862305
0.047,sat,0.7671201229095459
0.045,sat,7.4461939334869385
0.043000000000000003,unsat,180.99164533615112
