epsilon,result,runtime
0.133,sat,0.650559663772583
0.265,cancelled,4.497652530670166
0.043000000000000003,sat,0.6864304542541504
0.08700000000000001,cancelled,3.888218402862549
0.027000000000000003,sat,0.7050139904022217
0.013000000000000001,sat,0.6364362239837646
0.005,unsat,0.5682344436645508
0.011,sat,0.6675128936767578
0.007,unsat,0.5362038612365723
0.009000000000000001,unsat,0.5859670639038086
