epsilon,result,runtime
0.265,sat,0.21343731880187988
0.133,sat,0.5297317504882812
0.131,sat,0.23012900352478027
0.065,sat,6.449830055236816
0.031,unsat,15.136155843734741
0.063,sat,23.791439533233643
0.045,unsat,710.0140986442566
0.047,unsat,1012.4551992416382
0.055,error,3546.111338853836
0.053000000000000005,unsat,3488.922191143036
0.059000000000000004,sat,884.491110086441
0.057,error,1257.527018547058
