epsilon,result,runtime
0.265,sat,0.5242745876312256
0.133,sat,2.1760051250457764
0.131,sat,0.5781762599945068
0.065,unsat,65.58078217506409
0.063,cancelled,66.71057271957397
0.107,sat,8.24495792388916
0.085,unsat,650.36554646492
0.097,sat,75.06325888633728
0.08700000000000001,unsat,1202.0087668895721
0.091,unsat,3212.820337295532
0.093,unsat,3571.814181804657
0.095,unsat,1150.9865517616272
