epsilon,result,runtime
0.265,sat,0.38923001289367676
0.133,sat,0.6809322834014893
0.131,sat,0.3364739418029785
0.065,sat,0.4146616458892822
0.063,sat,0.6234209537506104
0.029,unsat,42.359320878982544
0.031,unsat,49.08844542503357
0.047,sat,1.5499110221862793
0.045,sat,0.7147164344787598
0.039,sat,186.84068179130554
0.033,unsat,146.2944176197052
0.035,unsat,277.53928804397583
0.037000000000000005,unsat,624.2713646888733
