epsilon,result,runtime
0.133,sat,0.614121675491333
0.265,cancelled,3.9975953102111816
0.08700000000000001,sat,1.4231843948364258
0.043000000000000003,unsat,3522.506590604782
0.041,cancelled,3521.2246837615967
0.07100000000000001,sat,1.4529755115509033
0.057,sat,42.12302207946777
0.055,sat,184.2222385406494
0.049,unsat,3578.582632303238
0.047,cancelled,3434.9853649139404
0.053000000000000005,sat,179.5868272781372
0.051000000000000004,sat,252.1460247039795
