epsilon,result,runtime
0.265,sat,0.5569312572479248
0.133,sat,0.6031601428985596
0.131,sat,0.5707244873046875
0.065,sat,3.798170328140259
0.063,sat,1.193816900253296
0.031,unsat,25.95158290863037
0.029,cancelled,27.735708475112915
0.051000000000000004,sat,12.973220825195312
0.039,unsat,166.83386063575745
0.041,unsat,186.5052945613861
0.047,sat,391.91478157043457
0.043000000000000003,unsat,539.9417698383331
0.045,unsat,948.9843018054962
