epsilon,result,runtime
0.265,sat,0.8815209865570068
0.133,sat,0.9122529029846191
0.131,sat,0.8773641586303711
0.063,unsat,103.01303458213806
0.065,unsat,109.41047477722168
0.097,sat,1.8392529487609863
0.099,cancelled,2.9416236877441406
0.075,unsat,1696.9926643371582
0.08700000000000001,sat,231.6769323348999
0.085,unsat,3494.5850496292114
0.079,cancelled,1562.2877213954926
