epsilon,result,runtime
0.265,sat,0.3811461925506592
0.133,sat,0.38039731979370117
0.131,sat,0.37206172943115234
0.065,sat,2.175394296646118
0.063,sat,2.337874412536621
0.031,unsat,5.635051965713501
0.029,cancelled,4.93506646156311
0.041,unsat,56.14493989944458
0.051000000000000004,sat,57.51951885223389
0.053000000000000005,cancelled,1.4411213397979736
0.045,unsat,187.99450755119324
0.047,unsat,217.054838180542
0.049,unsat,37.68957495689392
