epsilon,result,runtime
0.133,sat,0.3626258373260498
0.265,cancelled,3.3264636993408203
0.265,sat,0.3868441581726074
0.08700000000000001,sat,0.9770994186401367
0.041,unsat,108.5825834274292
0.065,sat,11.234259605407715
0.043000000000000003,unsat,136.51968431472778
0.055,sat,28.849767446517944
0.047,unsat,522.203117609024
0.049,unsat,814.6404373645782
0.051000000000000004,unsat,1961.240962266922
0.053000000000000005,unsat,3413.965489625931
