epsilon,result,runtime
0.133,sat,0.32797670364379883
0.265,cancelled,3.2938544750213623
0.08700000000000001,sat,0.2997763156890869
0.041,unsat,80.8886935710907
0.043000000000000003,unsat,86.17681431770325
0.065,sat,0.7510776519775391
0.063,sat,1.4380619525909424
0.051000000000000004,unsat,1040.050379037857
0.053000000000000005,unsat,2456.945556640625
0.059000000000000004,sat,36.659481048583984
0.057,unsat,3543.9825990200043
0.055,cancelled,2093.1555802822113
