epsilon,result,runtime
0.265,sat,0.6290497779846191
0.133,sat,0.6507053375244141
0.131,sat,0.5349438190460205
0.065,unsat,3511.758582353592
0.063,cancelled,3511.4358122348785
0.107,sat,1.4990160465240479
0.085,error,3220.12114238739
0.08700000000000001,error,3356.1489295959473
0.083,error,3403.763399362564
0.089,error,3344.941495656967
0.091,sat,2365.950684785843
0.081,unsat,3528.056934595108
0.07300000000000001,cancelled,1089.865698814392
