epsilon,result,runtime
0.265,sat,0.3216979503631592
0.133,sat,0.35111498832702637
0.131,sat,0.2410726547241211
0.065,sat,0.31619977951049805
0.063,sat,0.1802363395690918
0.031,sat,0.2792332172393799
0.029,sat,0.23109078407287598
0.013000000000000001,sat,0.256915807723999
0.015,cancelled,0.19249534606933594
0.003,unsat,0.32957029342651367
0.007,unsat,1.5252087116241455
0.009000000000000001,sat,0.14557552337646484
0.011,cancelled,1.8604023456573486
