epsilon,result,runtime
0.265,sat,0.6369109153747559
0.133,sat,0.6427452564239502
0.065,sat,0.6348221302032471
0.131,cancelled,3.676893472671509
0.131,sat,0.6303908824920654
0.041,sat,0.6548478603363037
0.019000000000000003,unsat,22.492770195007324
0.031,sat,0.699927568435669
0.021,unsat,49.05454921722412
0.025,sat,14.102420568466187
0.027000000000000003,cancelled,1.225123405456543
0.023,unsat,112.38876485824585
