epsilon,result,runtime
0.133,sat,0.29001379013061523
0.265,cancelled,2.9972338676452637
0.08700000000000001,sat,2.9295849800109863
0.043000000000000003,unsat,20.37163019180298
0.041,cancelled,17.474690675735474
0.07100000000000001,sat,55.10558485984802
0.055,unsat,495.2229263782501
0.057,unsat,950.6348986625671
0.063,unsat,3493.4662647247314
0.065,unsat,3517.5498411655426
0.069,sat,734.0612046718597
0.067,error,1399.926290512085
