epsilon,result,runtime
0.265,sat,0.5983583927154541
0.133,sat,12.388574361801147
0.131,sat,12.082462310791016
0.063,unsat,218.46852707862854
0.065,unsat,387.9203772544861
0.097,unsat,3532.8235976696014
0.099,unsat,3527.120803117752
0.115,unsat,3559.920536994934
0.113,cancelled,3403.5233438014984
0.125,sat,21.41874408721924
0.121,sat,34.129910707473755
0.117,sat,54.42781043052673
0.11900000000000001,cancelled,71.09453988075256
