epsilon,result,runtime
0.265,sat,0.3153560161590576
0.133,sat,0.3414340019226074
0.131,sat,0.2467639446258545
0.065,sat,0.557121992111206
0.063,sat,0.16803669929504395
0.031,unsat,6.893532037734985
0.029,cancelled,7.050628423690796
0.051000000000000004,sat,0.7842700481414795
0.041,sat,1.2168989181518555
0.039,sat,5.169524192810059
0.035,unsat,34.141061305999756
0.033,cancelled,29.4204421043396
0.037000000000000005,unsat,3.2403130531311035
