epsilon,result,runtime
0.133,sat,0.4805793762207031
0.265,cancelled,3.539355754852295
0.265,sat,0.48264622688293457
0.08700000000000001,sat,0.6026184558868408
0.043000000000000003,sat,17.812655687332153
0.019000000000000003,unsat,4.056381464004517
0.041,sat,45.87475562095642
0.029,unsat,23.60251498222351
0.031,unsat,44.09500765800476
0.035,unsat,165.15852522850037
0.039,sat,54.48595070838928
0.037000000000000005,unsat,183.95580053329468
