epsilon,result,runtime
0.265,sat,0.3508949279785156
0.133,sat,0.6345272064208984
0.131,sat,0.6175882816314697
0.065,sat,3.3501508235931396
0.031,unsat,2.039670705795288
0.063,sat,11.410298109054565
0.045,unsat,37.686824321746826
0.047,unsat,118.80916690826416
0.055,unsat,86.48891091346741
0.053000000000000005,cancelled,14.724008083343506
0.057,unsat,216.37438988685608
0.059000000000000004,unsat,521.433394908905
0.061,unsat,990.8909254074097
