epsilon,result,runtime
0.265,sat,0.7461869716644287
0.133,sat,0.7784476280212402
0.131,sat,0.3814826011657715
0.065,sat,0.3968052864074707
0.063,sat,0.3883512020111084
0.031,sat,98.12916302680969
0.013000000000000001,unsat,0.48481011390686035
0.021,unsat,20.828548192977905
0.025,unsat,153.31923413276672
0.027000000000000003,unsat,299.6149618625641
0.029,unsat,613.9072444438934
