epsilon,result,runtime
0.265,sat,0.42696309089660645
0.133,sat,0.37840890884399414
0.131,sat,0.4610452651977539
0.065,sat,2.6017141342163086
0.063,sat,2.224618673324585
0.031,unsat,2.9522366523742676
0.029,cancelled,2.934352397918701
0.041,unsat,85.66811442375183
0.051000000000000004,unsat,832.8236176967621
0.053000000000000005,unsat,2311.5158054828644
0.059000000000000004,sat,479.561900138855
0.057,unsat,3483.8954820632935
0.055,cancelled,1436.3647015094757
