epsilon,result,runtime
0.265,sat,0.5420022010803223
0.133,sat,1.1412622928619385
0.131,sat,0.8458049297332764
0.065,sat,0.5221655368804932
0.063,sat,0.4379756450653076
0.031,sat,1.2825846672058105
0.029,sat,0.6653287410736084
0.013000000000000001,unsat,0.20118165016174316
0.015,unsat,0.12616276741027832
0.021,unsat,1.692911148071289
0.023,unsat,12.92000699043274
0.027000000000000003,sat,10.441885709762573
0.025,unsat,25.970170259475708
