epsilon,result,runtime
0.133,sat,0.6387953758239746
0.265,cancelled,4.097517967224121
0.08700000000000001,sat,1.0853588581085205
0.041,unsat,1067.817932844162
0.065,sat,0.9200406074523926
0.053000000000000005,sat,9.53462529182434
0.043000000000000003,unsat,2651.4433419704437
0.047,unsat,3483.870228290558
0.051000000000000004,sat,82.68140316009521
0.049,error,3520.473508834839
