epsilon,result,runtime
0.265,sat,0.33435988426208496
0.133,sat,0.40535426139831543
0.131,sat,0.3385298252105713
0.065,sat,0.3879060745239258
0.063,sat,0.30666208267211914
0.031,sat,0.35303807258605957
0.029,sat,0.25768566131591797
0.013000000000000001,unsat,0.23669123649597168
0.015,unsat,2.412980556488037
0.021,sat,3.8788001537323
0.023,cancelled,1.605076551437378
0.017,unsat,3.322632074356079
0.019000000000000003,unsat,3.9825022220611572
