epsilon,result,runtime
0.265,sat,0.4555389881134033
0.133,sat,0.71750807762146
0.131,sat,0.6791009902954102
0.065,sat,1.2793660163879395
0.031,unsat,14.779653787612915
0.063,sat,289.4499409198761
0.045,unsat,785.112984418869
0.047,unsat,3368.3690042495728
0.055,unsat,3572.459062099457
0.053000000000000005,cancelled,1266.4527106285095
0.059000000000000004,unsat,3510.648770570755
0.057,cancelled,3514.1064779758453
0.061,sat,120.1309564113617
