epsilon,result,runtime
0.265,sat,0.3238027095794678
0.133,sat,0.3625621795654297
0.131,sat,0.19057273864746094
0.065,sat,0.4833860397338867
0.063,sat,0.4156956672668457
0.029,unsat,53.35542321205139
0.047,sat,0.9568936824798584
0.031,unsat,67.33449363708496
0.039,sat,4.802021503448486
0.037000000000000005,sat,0.6916582584381104
0.035,sat,7.004096508026123
0.033,sat,9.376262426376343
