epsilon,result,runtime
0.133,sat,0.3847939968109131
0.265,cancelled,3.0540647506713867
0.08700000000000001,sat,0.8078818321228027
0.041,unsat,120.83448457717896
0.065,sat,5.594590902328491
0.053000000000000005,sat,18.55697464942932
0.043000000000000003,unsat,155.46929240226746
0.049,sat,38.50249767303467
0.045,unsat,360.5802836418152
0.047,unsat,432.2812421321869
