epsilon,result,runtime
0.265,sat,0.35849833488464355
0.133,sat,0.39870429039001465
0.131,sat,0.31150317192077637
0.065,sat,2.3120195865631104
0.063,sat,1.3679242134094238
0.029,unsat,3.425875663757324
0.031,unsat,6.727407217025757
0.045,unsat,140.76980686187744
0.055,sat,18.762824296951294
0.047,unsat,233.80629706382751
0.049,unsat,453.08508253097534
0.053000000000000005,sat,112.05174541473389
0.051000000000000004,unsat,659.8447251319885
