epsilon,result,runtime
0.133,sat,0.6506295204162598
0.265,sat,0.6289396286010742
0.265,cancelled,3.6697170734405518
0.08700000000000001,sat,0.6559412479400635
0.043000000000000003,sat,1.2581510543823242
0.041,sat,1.0962512493133545
0.019000000000000003,unsat,44.245774269104004
0.031,sat,1.501033067703247
0.025,sat,0.6585814952850342
0.023,sat,1.5755031108856201
0.021,unsat,145.9012906551361
