epsilon,result,runtime
0.265,sat,0.8745405673980713
0.133,sat,0.8644556999206543
0.131,sat,0.8120782375335693
0.063,unsat,112.75177478790283
0.065,unsat,165.91950702667236
0.099,sat,89.06606316566467
0.097,unsat,3533.6050221920013
0.081,cancelled,3395.513258934021
