epsilon,result,runtime
0.265,sat,0.33612680435180664
0.133,sat,0.40237951278686523
0.131,sat,0.35668182373046875
0.065,sat,0.39281606674194336
0.063,sat,0.28512024879455566
0.031,sat,0.2997877597808838
0.029,sat,0.26372766494750977
0.013000000000000001,sat,0.3023035526275635
0.015,cancelled,0.20632529258728027
0.007,unsat,0.3803062438964844
0.003,cancelled,3.221987009048462
0.009000000000000001,unsat,0.38622617721557617
0.011,unsat,1.4421422481536865
