epsilon,result,runtime
0.265,sat,0.3463022708892822
0.133,sat,0.6662998199462891
0.131,sat,0.2453603744506836
0.065,sat,0.2487795352935791
0.063,sat,0.31753087043762207
0.031,sat,0.35029149055480957
0.013000000000000001,unsat,0.31266236305236816
0.029,sat,0.3313469886779785
0.021,sat,0.2525327205657959
0.019000000000000003,sat,0.31122398376464844
0.017,sat,0.2919149398803711
0.015,unsat,1.0715742111206055
