epsilon,result,runtime
0.265,sat,0.28621459007263184
0.133,sat,0.34693360328674316
0.131,sat,0.32498931884765625
0.065,sat,1.9472229480743408
0.063,sat,1.208491563796997
0.029,unsat,4.88711953163147
0.031,unsat,7.468042612075806
0.045,unsat,131.93150186538696
0.047,unsat,212.49510788917542
0.055,sat,1697.1696887016296
0.049,unsat,300.37511825561523
0.051000000000000004,unsat,796.3529298305511
0.053000000000000005,unsat,2731.421135902405
