epsilon,result,runtime
0.265,sat,0.3673734664916992
0.133,sat,1.8912672996520996
0.131,sat,1.3168740272521973
0.063,unsat,33.750283002853394
0.065,unsat,36.70162391662598
0.099,error,3289.8300335407257
0.097,unsat,3571.0660116672516
0.095,cancelled,283.8925504684448
0.11900000000000001,sat,15.41464638710022
0.107,sat,19.174248695373535
0.109,cancelled,41.98515462875366
0.10300000000000001,sat,643.2339401245117
0.101,error,837.5079853534698
