epsilon,result,runtime
0.133,sat,0.5918803215026855
0.265,cancelled,4.0180439949035645
0.265,sat,0.5834264755249023
0.08700000000000001,sat,1.2060673236846924
0.041,unsat,366.95022439956665
0.065,sat,26.18966054916382
0.043000000000000003,unsat,729.3573544025421
0.055,sat,7.9241437911987305
0.053000000000000005,sat,1387.6967487335205
0.047,unsat,3511.2458543777466
0.049,unsat,3563.7820858955383
0.051000000000000004,error,1313.113620042801
