epsilon,result,runtime
0.265,sat,0.32405853271484375
0.133,sat,0.3571469783782959
0.131,sat,0.2812769412994385
0.063,unsat,3485.5387139320374
0.065,unsat,3491.9853518009186
0.097,sat,1.2202675342559814
0.099,cancelled,0.9781639575958252
0.085,sat,15.8795006275177
0.075,sat,16.57821488380432
0.07300000000000001,sat,38.3100962638855
0.069,sat,38.958845376968384
0.067,sat,36.990737438201904
