epsilon,result,runtime
0.133,sat,0.421252965927124
0.265,cancelled,3.4845540523529053
0.08700000000000001,sat,0.30689549446105957
0.043000000000000003,sat,0.3790416717529297
0.041,sat,0.25722432136535645
0.019000000000000003,sat,0.3009307384490967
0.021,cancelled,0.21028542518615723
0.011,sat,0.4965825080871582
0.005,sat,0.476698637008667
0.001,unsat,0.2544593811035156
0.003,sat,0.4029531478881836
