epsilon,result,runtime
0.133,sat,0.36041998863220215
0.265,cancelled,3.3321895599365234
0.08700000000000001,sat,0.2565884590148926
0.041,unsat,134.05617022514343
0.065,sat,0.9211196899414062
0.043000000000000003,unsat,251.61250257492065
0.055,sat,310.72165966033936
0.053000000000000005,unsat,3573.243620634079
0.047,cancelled,3152.3896741867065
