epsilon,result,runtime
0.265,sat,0.579730749130249
0.133,sat,0.632683515548706
0.131,sat,0.6424481868743896
0.063,unsat,259.1028244495392
0.097,sat,0.41277241706848145
0.065,unsat,662.4708874225616
0.081,unsat,3574.970264196396
0.079,cancelled,3182.7390003204346
0.091,sat,1.4435255527496338
0.08700000000000001,sat,404.6588189601898
0.085,sat,841.6564149856567
0.083,error,635.7689011096954
