epsilon,result,runtime
0.133,sat,0.33902955055236816
0.265,cancelled,3.3039796352386475
0.043000000000000003,sat,0.24780702590942383
0.08700000000000001,cancelled,2.9917492866516113
0.027000000000000003,sat,0.37002086639404297
0.013000000000000001,unsat,5.344711065292358
0.011,cancelled,4.970041275024414
0.021,sat,0.30734801292419434
0.017,sat,0.3140571117401123
0.015,sat,0.1721630096435547
