epsilon,result,runtime
0.265,sat,0.35266780853271484
0.133,sat,2.796541452407837
0.131,sat,1.5831387042999268
0.063,unsat,97.4974615573883
0.097,sat,36.05044078826904
0.065,unsat,139.60692977905273
0.079,error,3334.323804616928
0.081,error,3546.2800602912903
0.083,error,3404.3195662498474
0.077,error,3567.7371923923492
0.085,error,3508.9496858119965
0.075,unsat,3555.4732160568237
0.091,sat,178.47996354103088
0.089,sat,649.0551061630249
0.08700000000000001,error,1375.250611782074
