epsilon,result,runtime
0.265,sat,0.3198435306549072
0.133,sat,0.3403909206390381
0.131,sat,0.3209824562072754
0.065,sat,0.6032805442810059
0.063,sat,0.6042978763580322
0.029,unsat,11.86150050163269
0.031,unsat,15.447808980941772
0.045,unsat,2182.60897064209
0.055,sat,8.154393672943115
0.051000000000000004,sat,314.9649221897125
0.047,unsat,3515.963888168335
0.049,unsat,3570.546908378601
