epsilon,result,runtime
0.265,sat,0.6587696075439453
0.133,sat,1.2087159156799316
0.131,sat,9.325830936431885
0.063,unsat,569.8746540546417
0.097,sat,7.808977365493774
0.081,sat,54.23041534423828
0.065,unsat,1144.348789691925
0.07300000000000001,unsat,3501.4607779979706
0.07100000000000001,cancelled,3011.1440856456757
0.075,unsat,3544.2552778720856
0.077,unsat,3546.3864617347717
0.079,sat,53.27031207084656
