epsilon,result,runtime
0.265,sat,0.606654167175293
0.133,sat,1.1869733333587646
0.131,sat,1.326805591583252
0.063,unsat,322.76996088027954
0.097,sat,3.13002610206604
0.081,sat,7.9272613525390625
0.065,unsat,994.9769520759583
0.07300000000000001,unsat,3527.2590205669403
0.07100000000000001,cancelled,2880.9473917484283
0.077,sat,18.727524280548096
0.075,sat,56.86384439468384
