epsilon,result,runtime
0.265,sat,0.3650796413421631
0.133,sat,0.4030494689941406
0.065,sat,0.28218841552734375
0.131,cancelled,2.9516043663024902
0.021,sat,0.3628108501434326
0.041,cancelled,3.0279197692871094
0.007,unsat,0.36214733123779297
0.015,sat,3.9483537673950195
0.013000000000000001,unsat,8.990357637405396
0.009000000000000001,cancelled,1.8039660453796387
