epsilon,result,runtime
0.265,sat,0.39698171615600586
0.133,sat,0.7587895393371582
0.131,sat,0.6225652694702148
0.063,unsat,2888.44540643692
0.097,sat,7.702489137649536
0.081,sat,8.046111106872559
0.065,unsat,3544.438632965088
0.07300000000000001,unsat,3494.8258550167084
0.07100000000000001,cancelled,2867.807623386383
0.077,sat,180.93512892723083
0.075,error,430.790180683136
