epsilon,result,runtime
0.265,sat,0.3937854766845703
0.133,sat,0.4259324073791504
0.131,sat,0.3808763027191162
0.063,unsat,432.56684589385986
0.097,sat,13.775912046432495
0.065,unsat,1467.2817358970642
0.081,unsat,3531.2873702049255
0.079,cancelled,2520.2372982501984
0.091,sat,27.684677124023438
0.08700000000000001,sat,89.96386051177979
0.085,sat,161.55337262153625
0.083,sat,172.09881734848022
