epsilon,result,runtime
0.265,sat,0.3762645721435547
0.133,sat,0.37166452407836914
0.065,sat,0.3736228942871094
0.131,cancelled,3.1288938522338867
0.131,sat,0.3735311031341553
0.041,sat,0.9046313762664795
0.021,unsat,6.626993179321289
0.019000000000000003,cancelled,5.709295749664307
0.027000000000000003,unsat,158.12924599647522
0.035,sat,22.916219472885132
0.029,unsat,173.4344596862793
0.033,unsat,655.4386646747589
0.031,cancelled,293.92923378944397
