epsilon,result,runtime
0.265,sat,0.3219113349914551
0.133,sat,0.5890436172485352
0.131,sat,0.564903736114502
0.063,unsat,370.6904776096344
0.097,sat,0.884681224822998
0.081,sat,15.72646427154541
0.065,unsat,562.4512481689453
0.07300000000000001,unsat,3573.9824225902557
0.07100000000000001,cancelled,3411.04105758667
0.077,sat,71.3957736492157
0.075,sat,104.59275650978088
