epsilon,result,runtime
0.265,sat,0.3703646659851074
0.133,sat,0.7084672451019287
0.131,sat,0.3570516109466553
0.065,sat,2.2991206645965576
0.063,sat,3.5188069343566895
0.031,unsat,2.3628149032592773
0.029,cancelled,1.1883773803710938
0.041,unsat,41.955482959747314
0.051000000000000004,unsat,171.51638507843018
0.053000000000000005,unsat,242.84114336967468
0.057,unsat,1038.2165999412537
0.059000000000000004,unsat,3461.7719283103943
0.061,unsat,2666.4204025268555
