epsilon,result,runtime
0.265,sat,0.3395521640777588
0.133,sat,0.35188841819763184
0.131,sat,0.3330953121185303
0.065,sat,0.3153960704803467
0.063,sat,0.3422276973724365
0.031,sat,0.3567211627960205
0.029,sat,0.2807581424713135
0.013000000000000001,sat,0.30902886390686035
0.015,cancelled,0.0035822391510009766
0.003,sat,0.5213229656219482
0.007,cancelled,3.257488965988159
0.001,sat,0.10412836074829102
