epsilon,result,runtime
0.265,sat,0.5762755870819092
0.133,sat,0.5791656970977783
0.131,sat,0.5525481700897217
0.065,sat,1.0893828868865967
0.063,sat,7.07853102684021
0.029,unsat,15.494270086288452
0.047,sat,5.231950998306274
0.031,unsat,46.00927519798279
0.037000000000000005,unsat,99.58888244628906
0.043000000000000003,sat,5.17407488822937
0.041,sat,26.838874340057373
0.039,unsat,281.11815118789673
