epsilon,result,runtime
0.133,sat,0.3856923580169678
0.265,cancelled,3.3239922523498535
0.265,sat,0.3785669803619385
0.08700000000000001,sat,0.7950894832611084
0.041,unsat,3475.7492260932922
0.065,sat,0.8632636070251465
0.053000000000000005,sat,7.517125844955444
0.047,sat,7.573038101196289
0.043000000000000003,unsat,3515.1862273216248
0.045,sat,9.755217552185059
