epsilon,result,runtime
0.265,sat,0.3696579933166504
0.133,sat,0.37056779861450195
0.131,sat,0.37850451469421387
0.065,sat,0.37146759033203125
0.063,sat,0.3007500171661377
0.029,unsat,198.03014397621155
0.047,sat,0.4159672260284424
0.039,sat,10.52482295036316
0.031,unsat,350.0843870639801
0.033,unsat,1227.569739818573
0.037000000000000005,sat,19.105809450149536
0.035,unsat,1412.98575091362
