epsilon,result,runtime
0.265,sat,0.36284637451171875
0.133,sat,0.3550586700439453
0.131,sat,0.21260499954223633
0.065,sat,0.2778322696685791
0.063,sat,0.24079298973083496
0.029,unsat,3094.807755947113
0.047,sat,6.82962965965271
0.039,sat,19.385639190673828
0.031,unsat,3523.249319791794
0.035,unsat,3524.070410966873
0.033,cancelled,3134.157744884491
0.037000000000000005,sat,58.32078313827515
