epsilon,result,runtime
0.133,sat,0.3964567184448242
0.265,cancelled,3.3896284103393555
0.08700000000000001,sat,0.35526490211486816
0.043000000000000003,sat,0.661867618560791
0.041,sat,0.6382725238800049
0.019000000000000003,unsat,3.7103936672210693
0.031,sat,6.933954954147339
0.021,unsat,11.949479103088379
0.025,unsat,117.97646284103394
0.027000000000000003,unsat,244.1189751625061
0.029,unsat,150.9164640903473
