epsilon,result,runtime
0.133,sat,0.3455033302307129
0.265,cancelled,3.0011680126190186
0.08700000000000001,sat,0.8552532196044922
0.041,unsat,283.2857766151428
0.065,sat,0.9683668613433838
0.053000000000000005,sat,9.847300052642822
0.047,sat,25.631476879119873
0.043000000000000003,unsat,410.56882786750793
0.045,sat,80.26394367218018
