epsilon,result,runtime
0.133,sat,0.36797642707824707
0.265,cancelled,3.327303171157837
0.265,sat,0.4299352169036865
0.043000000000000003,sat,0.3420233726501465
0.08700000000000001,cancelled,3.1408939361572266
0.08700000000000001,sat,0.3922874927520752
0.013000000000000001,unsat,0.27722716331481934
0.029,sat,23.192697763442993
0.019000000000000003,unsat,11.303871870040894
0.023,unsat,52.607351779937744
0.027000000000000003,unsat,163.13787698745728
0.025,cancelled,66.4892349243164
