epsilon,result,runtime
0.265,sat,0.3655581474304199
0.133,sat,0.6752870082855225
0.131,sat,0.7789123058319092
0.065,sat,1.5284757614135742
0.063,sat,1.7861220836639404
0.031,unsat,12.408440351486206
0.029,cancelled,11.403953313827515
0.051000000000000004,sat,14.56150770187378
0.039,unsat,199.57829546928406
0.041,unsat,296.731525182724
0.045,unsat,324.55786514282227
0.049,sat,42.89008593559265
0.047,unsat,344.9658102989197
