epsilon,result,runtime
0.265,sat,0.7745230197906494
0.133,sat,0.8565356731414795
0.131,sat,0.6785614490509033
0.063,unsat,89.60452508926392
0.097,sat,8.748786211013794
0.065,unsat,192.71339344978333
0.079,unsat,2652.140276193619
0.089,sat,8.710651159286499
0.085,sat,19.528077840805054
0.083,sat,96.06031608581543
0.081,unsat,3511.0399630069733
