epsilon,result,runtime
0.265,sat,0.34772634506225586
0.133,sat,0.6643943786621094
0.131,sat,0.5749812126159668
0.065,sat,0.613689661026001
0.063,sat,0.6878249645233154
0.029,unsat,80.97037148475647
0.047,sat,14.699620008468628
0.031,unsat,108.21011471748352
0.037000000000000005,unsat,1571.356297492981
0.043000000000000003,sat,87.05777668952942
0.041,sat,541.1941187381744
0.039,unsat,2216.2048950195312
