epsilon,result,runtime
0.265,sat,0.4092586040496826
0.133,sat,0.3885047435760498
0.131,sat,0.3152425289154053
0.063,unsat,621.4014773368835
0.097,sat,0.8962736129760742
0.081,sat,157.79702258110046
0.065,unsat,3211.6095888614655
0.07300000000000001,unsat,3512.4322879314423
0.07100000000000001,cancelled,1093.350434064865
0.077,sat,1269.4478566646576
0.075,error,1407.1100811958313
