epsilon,result,runtime
0.265,sat,0.6089975833892822
0.133,sat,0.5897538661956787
0.131,sat,0.5251913070678711
0.065,sat,0.5922808647155762
0.063,sat,0.5358209609985352
0.031,sat,1.0776565074920654
0.029,sat,1.0037696361541748
0.013000000000000001,unsat,0.3658452033996582
0.015,unsat,3.5059359073638916
0.021,unsat,27.98245882987976
0.023,unsat,70.75798225402832
0.025,sat,47.26548528671265
0.027000000000000003,cancelled,1.7505013942718506
