epsilon,result,runtime
0.265,sat,0.37122488021850586
0.133,sat,0.6697330474853516
0.131,sat,0.2469160556793213
0.065,sat,2.920854091644287
0.031,unsat,7.230924367904663
0.063,sat,11.845653533935547
0.045,unsat,66.27894806861877
0.047,unsat,70.09702444076538
0.053000000000000005,unsat,244.3531470298767
0.055,unsat,373.75885796546936
0.059000000000000004,sat,344.39552187919617
0.057,unsat,241.32590007781982
