epsilon,result,runtime
0.265,sat,0.5309333801269531
0.133,sat,0.8829531669616699
0.131,sat,1.4228804111480713
0.065,unsat,3536.4669222831726
0.063,cancelled,3535.2741043567657
0.107,sat,1.5046544075012207
0.08700000000000001,sat,29.987860441207886
0.085,sat,39.894314765930176
0.07300000000000001,unsat,3515.4951934814453
0.075,unsat,3531.9160058498383
0.081,unsat,3535.1497116088867
0.079,cancelled,3540.133811235428
0.083,sat,100.48699426651001
