epsilon,result,runtime
0.133,sat,0.30407214164733887
0.265,cancelled,3.3172528743743896
0.265,sat,0.34105467796325684
0.08700000000000001,sat,4.510609149932861
0.041,unsat,497.09900307655334
0.065,sat,14.767069578170776
0.053000000000000005,sat,34.09234428405762
0.043000000000000003,unsat,746.2311496734619
0.047,sat,243.3866527080536
0.049,cancelled,61.05587315559387
0.045,unsat,364.2268681526184
