epsilon,result,runtime
0.265,sat,0.38960719108581543
0.133,sat,0.3858604431152344
0.131,sat,0.29227614402770996
0.065,sat,0.6372592449188232
0.063,sat,0.4958808422088623
0.029,unsat,31.575352907180786
0.047,sat,10.218016624450684
0.031,unsat,47.88060140609741
0.037000000000000005,unsat,731.8052537441254
0.043000000000000003,sat,12.299710512161255
0.041,sat,329.6765606403351
0.039,unsat,1133.0871472358704
