epsilon,result,runtime
0.265,sat,0.38767147064208984
0.133,sat,0.4205141067504883
0.131,sat,0.4031834602355957
0.063,unsat,571.3673405647278
0.065,unsat,1428.8612267971039
0.099,sat,652.001690864563
0.097,error,3462.1798272132874
0.081,error,3075.406466960907
0.079,error,3538.6246888637543
0.083,unsat,3483.9721281528473
0.077,cancelled,1072.1156747341156
0.08700000000000001,error,3385.4348282814026
0.091,unsat,3528.437500476837
0.089,cancelled,146.5879008769989
