epsilon,result,runtime
0.265,sat,0.30309128761291504
0.133,sat,0.38553690910339355
0.131,sat,0.3155252933502197
0.065,sat,0.38479089736938477
0.063,sat,0.24804115295410156
0.029,unsat,244.49640822410583
0.047,sat,0.5333294868469238
0.039,sat,7.65185022354126
0.035,sat,10.972450494766235
0.031,unsat,330.36712646484375
0.033,unsat,427.3113627433777
