epsilon,result,runtime
0.133,sat,0.33087754249572754
0.265,cancelled,3.097407102584839
0.265,sat,0.34716224670410156
0.08700000000000001,sat,0.38031458854675293
0.043000000000000003,sat,0.6799817085266113
0.041,sat,0.7244555950164795
0.019000000000000003,unsat,27.210482835769653
0.031,sat,0.9944422245025635
0.021,unsat,30.2911274433136
0.027000000000000003,sat,200.4776406288147
0.025,unsat,226.52864623069763
0.023,cancelled,23.37953281402588
