epsilon,result,runtime
0.265,sat,0.4379618167877197
0.133,sat,0.70658278465271
0.131,sat,12.439760446548462
0.063,unsat,597.4954438209534
0.097,sat,7.6441590785980225
0.081,sat,11.26188850402832
0.065,unsat,839.7717161178589
0.07300000000000001,unsat,3499.854177713394
0.07100000000000001,cancelled,3302.3624601364136
0.077,sat,77.5761330127716
0.075,sat,209.16832327842712
