epsilon,result,runtime
0.133,sat,0.5950202941894531
0.265,cancelled,3.9216487407684326
0.265,sat,0.5999808311462402
0.08700000000000001,sat,0.5685124397277832
0.043000000000000003,sat,0.5956287384033203
0.019000000000000003,unsat,0.5117058753967285
0.041,sat,0.5798478126525879
0.029,unsat,27.547306299209595
0.035,sat,0.3723156452178955
0.031,unsat,34.04186987876892
0.033,sat,0.3076608180999756
