epsilon,result,runtime
0.265,sat,0.30151987075805664
0.133,sat,0.3871774673461914
0.131,sat,0.3933713436126709
0.063,unsat,3538.0979704856873
0.097,sat,0.9366576671600342
0.065,unsat,3547.078722000122
0.081,sat,3.0230448246002197
0.079,sat,4.437431573867798
0.07100000000000001,sat,1.6896283626556396
0.07300000000000001,cancelled,1.9130847454071045
0.069,sat,12.140248775482178
0.067,sat,12.584407567977905
