epsilon,result,runtime
0.265,sat,0.3762528896331787
0.133,sat,0.3640937805175781
0.131,sat,0.18239402770996094
0.065,sat,1.5483033657073975
0.063,sat,2.115907907485962
0.031,unsat,2.4493415355682373
0.029,cancelled,1.8682878017425537
0.051000000000000004,sat,106.68065690994263
0.041,unsat,224.47620820999146
0.039,cancelled,117.75325679779053
0.047,sat,130.57060551643372
0.043000000000000003,unsat,202.3434600830078
0.045,unsat,341.53596234321594
