epsilon,result,runtime
0.265,sat,0.3235208988189697
0.133,sat,0.5947861671447754
0.131,sat,0.17411279678344727
0.063,unsat,28.92728090286255
0.065,unsat,32.72099685668945
0.097,sat,3.9632489681243896
0.099,cancelled,5.550151586532593
0.075,unsat,173.39631271362305
0.085,unsat,3596.2196192741394
0.08700000000000001,unsat,3493.4995584487915
0.093,sat,7.672677755355835
0.091,unsat,3545.237032175064
0.089,cancelled,3464.004051923752
