epsilon,result,runtime
0.265,sat,0.29830288887023926
0.133,sat,0.39794039726257324
0.131,sat,0.34232354164123535
0.063,sat,10.64924168586731
0.065,cancelled,16.64561128616333
0.021,unsat,0.26987123489379883
0.041,unsat,55.7412691116333
0.043000000000000003,unsat,67.10797691345215
0.051000000000000004,unsat,430.184273481369
0.053000000000000005,unsat,719.0650188922882
0.059000000000000004,sat,157.84705471992493
0.057,sat,508.9347484111786
0.055,unsat,142.8021321296692
