epsilon,result,runtime
0.133,sat,0.33902740478515625
0.265,cancelled,3.309640884399414
0.08700000000000001,sat,0.422119140625
0.041,unsat,718.9156424999237
0.065,sat,0.48177480697631836
0.053000000000000005,sat,11.590883016586304
0.047,sat,211.64907932281494
0.043000000000000003,unsat,1106.769305229187
0.045,unsat,1400.4469377994537
