epsilon,result,runtime
0.133,sat,0.6193435192108154
0.265,cancelled,3.952875852584839
0.265,sat,0.6375796794891357
0.043000000000000003,sat,0.589496374130249
0.08700000000000001,cancelled,3.645620107650757
0.013000000000000001,unsat,0.4896581172943115
0.027000000000000003,unsat,11.281284093856812
0.029,unsat,17.076135873794556
0.037000000000000005,sat,139.14114713668823
0.031,unsat,44.986281394958496
0.033,unsat,61.385228395462036
0.035,unsat,270.8884971141815
