epsilon,result,runtime
0.133,sat,0.3906714916229248
0.265,cancelled,3.3988349437713623
0.08700000000000001,sat,0.31404566764831543
0.043000000000000003,sat,0.6429011821746826
0.041,sat,1.902892827987671
0.019000000000000003,unsat,1.8623225688934326
0.021,unsat,3.77451491355896
0.029,unsat,81.53914737701416
0.031,unsat,191.93248009681702
0.035,unsat,573.2997059822083
0.039,sat,10.911648988723755
0.037000000000000005,unsat,511.2303829193115
