epsilon,result,runtime
0.133,sat,0.3646996021270752
0.265,cancelled,3.354748010635376
0.08700000000000001,sat,0.4359135627746582
0.043000000000000003,sat,8.215337038040161
0.019000000000000003,unsat,2.509512424468994
0.029,unsat,51.48490381240845
0.035,unsat,245.83109307289124
0.037000000000000005,unsat,450.65257120132446
0.039,unsat,895.4005923271179
0.041,unsat,1733.5811371803284
