epsilon,result,runtime
0.265,sat,0.582144021987915
0.133,sat,0.5984432697296143
0.131,sat,0.5139081478118896
0.065,sat,3.554896116256714
0.063,sat,3.505061388015747
0.029,unsat,11.139846324920654
0.031,unsat,15.62824296951294
0.045,unsat,91.05609917640686
0.047,unsat,138.84793519973755
0.053000000000000005,unsat,968.7746033668518
0.059000000000000004,sat,26.491577863693237
0.055,unsat,1624.3076541423798
0.057,sat,646.8541634082794
