epsilon,result,runtime
0.133,sat,0.3722388744354248
0.265,cancelled,3.297710418701172
0.08700000000000001,sat,5.952785968780518
0.041,unsat,36.955525398254395
0.043000000000000003,unsat,46.22596859931946
0.065,sat,7.593904256820679
0.063,sat,9.292004585266113
0.051000000000000004,unsat,213.0288906097412
0.053000000000000005,unsat,226.39299535751343
0.057,unsat,523.266932964325
0.061,sat,312.73568844795227
0.059000000000000004,unsat,881.3015699386597
