epsilon,result,runtime
0.133,sat,0.24284052848815918
0.265,cancelled,2.8923091888427734
0.043000000000000003,sat,0.2566666603088379
0.08700000000000001,cancelled,2.9647185802459717
0.027000000000000003,sat,0.3030216693878174
0.013000000000000001,unsat,0.29021668434143066
0.011,cancelled,0.008281946182250977
0.017,unsat,19.501471519470215
0.023,sat,0.9904735088348389
0.019000000000000003,unsat,40.42456269264221
0.021,unsat,72.2209005355835
