epsilon,result,runtime
0.265,sat,0.44988417625427246
0.133,sat,3.3746440410614014
0.131,sat,1.970113754272461
0.065,unsat,11.809605598449707
0.063,cancelled,12.779016017913818
0.08700000000000001,unsat,3485.8082830905914
0.107,unsat,3559.504667520523
0.11900000000000001,sat,15.644919395446777
0.113,sat,308.2313861846924
0.111,sat,1534.008796930313
0.109,error,2050.061023235321
