epsilon,result,runtime
0.133,sat,0.29589223861694336
0.265,cancelled,3.274411678314209
0.08700000000000001,sat,0.4662597179412842
0.043000000000000003,sat,0.705214262008667
0.041,sat,0.7761192321777344
0.019000000000000003,unsat,1.5619983673095703
0.021,unsat,7.443863153457642
0.031,sat,8.239012479782104
0.025,unsat,37.58752727508545
0.027000000000000003,unsat,103.23938369750977
0.029,unsat,153.13675904273987
