epsilon,result,runtime
0.265,sat,0.31908631324768066
0.133,sat,0.34688758850097656
0.131,sat,0.28009915351867676
0.065,sat,0.31562209129333496
0.063,sat,0.22957444190979004
0.031,sat,0.2485494613647461
0.029,sat,0.2174081802368164
0.013000000000000001,unsat,0.4089505672454834
0.021,sat,4.484347581863403
0.015,unsat,6.407831430435181
0.019000000000000003,sat,25.56107521057129
0.017,unsat,27.596274375915527
