epsilon,result,runtime
0.265,sat,0.35392117500305176
0.133,sat,0.6750936508178711
0.131,sat,0.541945219039917
0.065,sat,1.8000588417053223
0.063,sat,13.151473999023438
0.031,unsat,13.078630208969116
0.029,cancelled,1.5411872863769531
0.041,unsat,148.2680242061615
0.053000000000000005,sat,522.9813833236694
0.045,unsat,626.893848657608
0.047,unsat,1784.5900926589966
0.051000000000000004,unsat,3529.588367700577
0.049,cancelled,436.7297012805939
