epsilon,result,runtime
0.265,sat,0.31429243087768555
0.133,sat,0.3506908416748047
0.131,sat,0.27808547019958496
0.063,unsat,84.44176316261292
0.065,unsat,97.3869264125824
0.099,sat,43.418415784835815
0.097,unsat,3498.5594005584717
0.081,cancelled,3445.705283164978
