epsilon,result,runtime
0.133,sat,0.338167667388916
0.265,cancelled,3.027982473373413
0.265,sat,0.3447444438934326
0.08700000000000001,sat,0.35381126403808594
0.041,unsat,395.59285283088684
0.065,sat,0.8850889205932617
0.053000000000000005,sat,10.982970476150513
0.043000000000000003,unsat,1240.8855838775635
0.049,sat,72.390869140625
0.047,unsat,3585.5177121162415
0.045,cancelled,2688.8403191566467
