epsilon,result,runtime
0.265,sat,0.5796897411346436
0.133,sat,0.8339052200317383
0.131,sat,0.5805656909942627
0.065,unsat,17.48056674003601
0.063,cancelled,17.204152584075928
0.107,sat,0.8748371601104736
0.085,unsat,187.18320894241333
0.08700000000000001,unsat,193.61545252799988
0.097,sat,9.098506212234497
0.095,sat,11.065852880477905
0.089,unsat,246.01314449310303
0.093,sat,49.596943616867065
0.091,sat,318.59051847457886
