epsilon,result,runtime
0.265,sat,0.3549928665161133
0.133,sat,0.3269171714782715
0.131,sat,0.1752612590789795
0.065,sat,0.24576473236083984
0.063,sat,1.8973972797393799
0.031,unsat,3.130725145339966
0.029,cancelled,1.4998879432678223
0.041,unsat,76.8081123828888
0.051000000000000004,unsat,736.1791071891785
0.057,sat,42.810835123062134
0.053000000000000005,unsat,2317.025057554245
0.055,unsat,1793.2139279842377
