epsilon,result,runtime
0.133,sat,0.6847612857818604
0.265,cancelled,3.977503776550293
0.08700000000000001,sat,0.7001383304595947
0.041,sat,15.956671476364136
0.043000000000000003,cancelled,23.727885961532593
0.013000000000000001,unsat,0.4537367820739746
0.025,unsat,5.1004979610443115
0.027000000000000003,unsat,12.42194390296936
0.033,unsat,71.84595394134521
0.035,unsat,97.28878331184387
0.039,sat,87.83975577354431
0.037000000000000005,unsat,125.30795359611511
