epsilon,result,runtime
0.265,sat,0.4134409427642822
0.133,sat,0.6986117362976074
0.131,sat,0.6803271770477295
0.065,sat,7.5412070751190186
0.063,sat,5.996601581573486
0.031,unsat,1.372896671295166
0.029,cancelled,2.287163734436035
0.041,unsat,35.062755823135376
0.051000000000000004,unsat,162.32735300064087
0.053000000000000005,unsat,441.2956621646881
0.059000000000000004,sat,273.9851944446564
0.057,unsat,775.6167705059052
0.055,cancelled,183.8721809387207
