epsilon,result,runtime
0.265,sat,0.436352014541626
0.133,sat,0.42543554306030273
0.131,sat,0.25029730796813965
0.063,unsat,1406.4145438671112
0.097,sat,0.9863615036010742
0.081,sat,252.99310207366943
0.065,unsat,2978.0440950393677
0.07300000000000001,unsat,3538.1704347133636
0.07100000000000001,cancelled,2233.2398388385773
0.075,unsat,3562.5589509010315
0.077,unsat,3578.3680803775787
0.079,error,241.36983394622803
