epsilon,result,runtime
0.265,sat,0.2874891757965088
0.133,sat,0.379514217376709
0.131,sat,0.426314115524292
0.065,sat,20.65250515937805
0.031,unsat,10.422584772109985
0.063,sat,88.12105393409729
0.047,unsat,57.62157106399536
0.045,cancelled,3.820152759552002
0.053000000000000005,unsat,572.9579727649689
0.057,timeout,3600
0.059000000000000004,unsat,3499.1747670173645
0.055,cancelled,478.32727789878845
0.061,sat,128.4477241039276
