epsilon,result,runtime
0.265,sat,0.6237177848815918
0.133,sat,0.6741597652435303
0.131,sat,0.5634527206420898
0.065,sat,8.153940677642822
0.063,sat,20.70772886276245
0.031,unsat,22.93905258178711
0.029,cancelled,10.19324517250061
0.041,unsat,175.83050084114075
0.051000000000000004,unsat,882.2117166519165
0.057,sat,63.525004148483276
0.053000000000000005,unsat,1592.0677163600922
0.055,unsat,969.0752041339874
