epsilon,result,runtime
0.265,sat,0.39388275146484375
0.133,sat,0.6885566711425781
0.131,sat,0.4986872673034668
0.065,unsat,3565.434176683426
0.063,cancelled,3565.5223162174225
0.107,sat,1.5224404335021973
0.08700000000000001,sat,18.417927026748657
0.085,sat,16.395869970321655
0.075,sat,152.7127869129181
0.07300000000000001,sat,702.3395199775696
0.069,unsat,3485.6851799488068
0.067,cancelled,2936.780189037323
0.07100000000000001,error,213.46444702148438
