epsilon,result,runtime
0.265,sat,9.24970817565918
0.133,sat,9.716740608215332
0.065,sat,9.701246500015259
0.131,cancelled,16.755335807800293
0.021,sat,9.555245161056519
0.041,cancelled,15.115325927734375
0.013000000000000001,sat,9.415321588516235
0.005,unsat,7.0617756843566895
0.007,unsat,32.177757263183594
0.011,sat,10.585829496383667
0.009000000000000001,unsat,250.3331425189972
