epsilon,result,runtime
0.265,sat,11.565929174423218
0.133,sat,17.835938453674316
0.131,sat,19.076652765274048
0.065,sat,13.379480123519897
0.063,sat,17.41595458984375
0.029,unsat,9.752097129821777
0.031,unsat,44.27499198913574
0.047,unsat,2628.733256816864
0.045,cancelled,2630.377951860428
0.053000000000000005,sat,19.445982694625854
0.057,cancelled,31.17149257659912
0.051000000000000004,unsat,3381.7890396118164
0.049,cancelled,3391.8488466739655
