epsilon,result,runtime
0.265,sat,16.191707849502563
0.133,sat,17.343608140945435
0.065,sat,14.36321210861206
0.131,cancelled,21.452902793884277
0.021,sat,8.782237529754639
0.041,cancelled,16.71799898147583
0.007,unsat,6.061735153198242
0.013000000000000001,unsat,5.962600469589233
0.015,unsat,59.755042552948
0.019000000000000003,sat,96.90392994880676
0.017,unsat,308.4790961742401
