epsilon,result,runtime
0.265,sat,7.6154468059539795
0.133,sat,11.216445207595825
0.131,sat,9.613478899002075
0.065,sat,10.234244346618652
0.031,unsat,7.6542885303497314
0.063,sat,12.825220108032227
0.045,sat,10.530063390731812
0.047,cancelled,19.941407680511475
0.035,unsat,149.19233298301697
0.039,unsat,664.089545249939
0.043000000000000003,unsat,2381.8538856506348
0.041,cancelled,2905.3547542095184
