epsilon,result,runtime
0.265,sat,12.368901014328003
0.133,sat,19.24582839012146
0.131,sat,16.82540488243103
0.065,sat,15.764080286026001
0.063,sat,18.71422004699707
0.029,unsat,306.82624864578247
0.047,sat,16.62093448638916
0.031,unsat,547.7736732959747
0.039,sat,295.44660091400146
0.037000000000000005,sat,212.38498902320862
0.035,sat,173.7051649093628
0.033,unsat,992.6953625679016
