epsilon,result,runtime
0.265,sat,9.013188123703003
0.133,sat,14.070895195007324
0.131,sat,10.139652490615845
0.065,sat,13.005794048309326
0.063,sat,12.419729232788086
0.031,unsat,3248.2513439655304
0.029,cancelled,3245.2771859169006
0.051000000000000004,sat,19.175819396972656
0.041,sat,19.32940435409546
0.039,sat,15.557496070861816
0.035,sat,19.274071216583252
0.033,sat,17.665269374847412
