epsilon,result,runtime
0.265,sat,7.96045994758606
0.133,sat,13.307261228561401
0.131,sat,12.605707168579102
0.065,sat,10.454352855682373
0.031,unsat,7.47770881652832
0.063,sat,35.85586142539978
0.045,unsat,338.0021002292633
0.055,sat,50.23506832122803
0.047,unsat,479.0522530078888
0.049,unsat,841.0895788669586
0.053000000000000005,sat,52.434085845947266
0.051000000000000004,unsat,3188.148313522339
