epsilon,result,runtime
0.265,sat,9.929535388946533
0.133,sat,15.146373748779297
0.131,sat,15.310295581817627
0.065,sat,19.714362621307373
0.063,sat,21.74644374847412
0.029,unsat,1631.342842578888
0.047,sat,19.409377336502075
0.039,sat,10.230977773666382
0.031,unsat,3326.267188310623
0.035,timeout,3600
0.037000000000000005,sat,104.64167332649231
0.033,timeout,3600
