epsilon,result,runtime
0.265,sat,6.537700414657593
0.133,sat,12.882605075836182
0.131,sat,14.02904200553894
0.065,sat,172.55451273918152
0.063,sat,164.55248093605042
0.029,unsat,297.92222571372986
0.047,sat,19.273940801620483
0.031,unsat,341.99660754203796
0.037000000000000005,unsat,3227.2969460487366
0.039,unsat,3370.4795818328857
0.043000000000000003,sat,176.95103573799133
0.041,unsat,3432.6187868118286
