epsilon,result,runtime
0.265,sat,10.751950740814209
0.133,sat,16.317928314208984
0.131,sat,15.927085638046265
0.065,sat,22.000606298446655
0.063,sat,20.144047737121582
0.029,unsat,2984.8887701034546
0.047,sat,10.208766222000122
0.039,sat,19.005632162094116
0.035,sat,101.75888919830322
0.031,unsat,3383.334539413452
0.033,sat,1091.20565700531
