epsilon,result,runtime
0.265,sat,8.11978816986084
0.133,sat,15.651336908340454
0.131,sat,11.124510526657104
0.065,sat,12.656165361404419
0.063,sat,10.107824802398682
0.029,unsat,8.039894819259644
0.047,sat,14.081191301345825
0.031,unsat,177.15496850013733
0.039,sat,139.22915172576904
0.033,unsat,307.9207377433777
0.035,unsat,1588.5947399139404
0.037000000000000005,unsat,3193.505699157715
