epsilon,result,runtime
0.265,sat,6.011047601699829
0.133,sat,13.471071004867554
0.131,sat,14.710478782653809
0.065,sat,12.919131517410278
0.063,sat,13.46722960472107
0.029,unsat,341.51126980781555
0.047,sat,10.304454803466797
0.031,unsat,456.63418102264404
0.039,unsat,2462.249531030655
0.037000000000000005,cancelled,2394.9964022636414
0.043000000000000003,sat,54.73412609100342
0.041,sat,147.02804589271545
