epsilon,result,runtime
0.265,sat,10.704697608947754
0.133,sat,18.35183048248291
0.065,sat,14.589521169662476
0.131,cancelled,33.18576788902283
0.041,sat,10.40610408782959
0.019000000000000003,unsat,198.1020905971527
0.021,unsat,346.66762590408325
0.031,sat,292.18600964546204
0.025,unsat,2709.9149448871613
0.029,unsat,3051.6850430965424
0.027000000000000003,cancelled,157.98548817634583
