epsilon,result,runtime
0.265,sat,10.82012939453125
0.133,sat,17.469553470611572
0.131,sat,17.770357370376587
0.065,sat,14.712809801101685
0.063,sat,18.01881170272827
0.031,unsat,38.368478775024414
0.029,cancelled,21.883376598358154
0.051000000000000004,sat,16.322830200195312
0.039,unsat,3405.225692510605
0.045,sat,15.40388035774231
0.041,unsat,3491.6706354618073
0.043000000000000003,sat,216.97037744522095
