epsilon,result,runtime
0.265,sat,10.963473796844482
0.133,sat,15.73145604133606
0.131,sat,11.37452244758606
0.065,sat,11.233997344970703
0.063,sat,13.628222942352295
0.029,unsat,374.80369234085083
0.047,sat,17.15525245666504
0.031,unsat,2245.814843416214
0.039,timeout,3600
0.041,sat,42.248212814331055
0.037000000000000005,unsat,3234.636864423752
0.033,cancelled,1411.664080619812
