epsilon,result,runtime
0.133,sat,14.222647428512573
0.265,cancelled,22.835047721862793
0.08700000000000001,sat,19.382594108581543
0.041,unsat,69.08548188209534
0.065,sat,43.898350954055786
0.043000000000000003,unsat,233.71485900878906
0.055,sat,8.911161184310913
0.053000000000000005,sat,1216.233769416809
0.049,unsat,507.5014007091522
0.047,cancelled,1653.9921536445618
0.051000000000000004,unsat,2752.8383762836456
