epsilon,result,runtime
0.265,sat,11.014436483383179
0.133,sat,17.343005180358887
0.131,sat,18.876801252365112
0.065,sat,20.528889179229736
0.063,sat,18.750229120254517
0.029,unsat,7.912759065628052
0.047,sat,19.506901264190674
0.031,unsat,159.26149797439575
0.039,sat,140.42485809326172
0.033,unsat,483.7528657913208
0.035,unsat,2333.6365299224854
0.037000000000000005,unsat,3222.680671930313
