epsilon,result,runtime
0.265,sat,6.453393936157227
0.133,sat,10.240327835083008
0.131,sat,11.32269024848938
0.065,sat,42.51502847671509
0.063,sat,40.56525206565857
0.029,unsat,184.92905116081238
0.047,sat,97.23818778991699
0.039,sat,6.490885972976685
0.031,unsat,628.5570242404938
0.033,unsat,2310.163298845291
0.035,timeout,3600
0.037000000000000005,unsat,3413.0361111164093
