epsilon,result,runtime
0.265,sat,6.691173791885376
0.133,sat,10.622570514678955
0.131,sat,11.11758017539978
0.065,sat,11.192384481430054
0.031,sat,6.164684295654297
0.063,cancelled,14.912785530090332
0.009000000000000001,unsat,6.278010129928589
0.021,sat,60.002116441726685
0.013000000000000001,unsat,6.351778745651245
0.015,unsat,6.970560312271118
0.019000000000000003,sat,121.60749197006226
0.017,unsat,98.85233998298645
