epsilon,result,runtime
0.265,sat,11.962256669998169
0.133,sat,19.59843683242798
0.065,sat,13.639149904251099
0.131,cancelled,29.588693618774414
0.021,unsat,10.819584369659424
0.041,unsat,781.3087949752808
0.053000000000000005,sat,13.081961631774902
0.043000000000000003,unsat,3471.3140029907227
0.049,sat,12.40815281867981
0.047,timeout,3600
0.045,unsat,3022.569898366928
