epsilon,result,runtime
0.265,sat,12.638810396194458
0.133,sat,27.132289171218872
0.065,sat,15.02205777168274
0.131,cancelled,35.773409605026245
0.021,unsat,12.573561191558838
0.041,unsat,277.9831280708313
0.043000000000000003,unsat,386.14022397994995
0.053000000000000005,unsat,2775.834446668625
0.059000000000000004,sat,9.13947081565857
0.057,sat,139.3799705505371
0.055,unsat,3071.9616498947144
