epsilon,result,runtime
0.265,sat,11.357768774032593
0.133,sat,14.23863410949707
0.131,sat,18.780741214752197
0.065,sat,19.848544120788574
0.063,sat,17.308873176574707
0.029,unsat,3486.1579842567444
0.047,sat,16.986900091171265
0.039,sat,17.041972160339355
0.031,timeout,3600
0.035,sat,18.664472103118896
0.033,sat,17.342747449874878
