epsilon,result,runtime
0.265,sat,10.592309713363647
0.133,sat,19.047880172729492
0.131,sat,20.14022397994995
0.065,sat,16.84367084503174
0.063,sat,19.646512508392334
0.029,unsat,7.492559194564819
0.047,sat,18.252147912979126
0.031,unsat,167.8282172679901
0.039,unsat,2235.703823328018
0.037000000000000005,cancelled,2152.5412061214447
0.041,sat,21.173962831497192
0.043000000000000003,cancelled,36.81754946708679
