epsilon,result,runtime
0.265,sat,12.457101345062256
0.133,sat,20.143309593200684
0.065,sat,17.095027923583984
0.131,cancelled,39.18203020095825
0.021,unsat,10.11260986328125
0.041,sat,20.174705028533936
0.043000000000000003,cancelled,9.515194416046143
0.033,sat,18.8948872089386
0.025,unsat,377.02793860435486
0.027000000000000003,unsat,1300.0459158420563
0.031,sat,39.02968454360962
0.029,unsat,3581.58020734787
