epsilon,result,runtime
0.265,sat,9.5245201587677
0.133,sat,14.063586473464966
0.131,sat,17.004723072052002
0.065,sat,16.932918787002563
0.031,unsat,10.273087978363037
0.063,sat,54.81078314781189
0.045,unsat,2900.8851630687714
0.055,sat,18.34129524230957
0.047,timeout,3600
0.051000000000000004,timeout,3600
0.053000000000000005,sat,21.415485858917236
0.049,unsat,3452.995810031891
