epsilon,result,runtime
0.265,sat,5.44131326675415
0.133,sat,10.283427476882935
0.131,sat,13.315928220748901
0.065,sat,10.877120971679688
0.063,sat,12.84807276725769
0.029,unsat,6.101463556289673
0.047,sat,11.62571120262146
0.031,unsat,82.82984375953674
0.039,sat,107.75020432472229
0.033,unsat,205.19069743156433
0.035,unsat,643.1142354011536
0.037000000000000005,unsat,2988.993489742279
