epsilon,result,runtime
0.265,sat,6.213082790374756
0.133,sat,12.23871636390686
0.131,sat,14.509905338287354
0.065,sat,15.284368753433228
0.063,sat,12.377834796905518
0.031,sat,11.555112600326538
0.029,sat,7.793778419494629
0.013000000000000001,unsat,7.868894338607788
0.015,unsat,8.570419549942017
0.021,unsat,6.3043787479400635
0.023,unsat,36.56838321685791
0.025,unsat,233.909010887146
0.027000000000000003,unsat,1649.9675204753876
