epsilon,result,runtime
0.265,sat,12.805355787277222
0.133,sat,19.75026035308838
0.131,sat,15.694942474365234
0.065,sat,15.464273452758789
0.063,sat,16.428738832473755
0.031,sat,10.208168506622314
0.013000000000000001,unsat,7.488552093505859
0.029,sat,9.709941864013672
0.019000000000000003,unsat,9.484434843063354
0.025,sat,11.184813261032104
0.023,sat,11.478986978530884
0.021,unsat,256.1600937843323
