epsilon,result,runtime
0.265,sat,7.747058629989624
0.133,sat,8.963095426559448
0.131,sat,6.860388994216919
0.065,sat,12.046692848205566
0.063,sat,13.929198980331421
0.031,sat,280.5449743270874
0.013000000000000001,unsat,4.930447101593018
0.021,unsat,5.6467156410217285
0.025,unsat,25.81278944015503
0.027000000000000003,unsat,148.29187059402466
0.029,unsat,843.4969477653503
