epsilon,result,runtime
0.265,sat,8.933815479278564
0.133,sat,14.319089889526367
0.131,sat,15.4977867603302
0.065,sat,12.658591032028198
0.031,unsat,7.524238348007202
0.063,sat,14.314405679702759
0.045,unsat,96.10268235206604
0.047,unsat,214.85574889183044
0.055,sat,251.60231161117554
0.049,unsat,628.5665543079376
0.053000000000000005,unsat,2714.1724174022675
0.051000000000000004,cancelled,1937.6462225914001
