epsilon,result,runtime
0.265,sat,11.237796068191528
0.133,sat,14.703257083892822
0.131,sat,17.833386659622192
0.065,sat,18.100752115249634
0.063,sat,18.8557345867157
0.031,sat,1882.1891210079193
0.013000000000000001,unsat,36.35877966880798
0.021,unsat,900.6176183223724
0.029,timeout,3600
0.025,unsat,2500.7145953178406
0.023,cancelled,1736.747728586197
0.027000000000000003,unsat,3383.938711166382
