epsilon,result,runtime
0.265,sat,11.452661037445068
0.133,sat,18.65105652809143
0.131,sat,20.042604446411133
0.065,sat,21.221784830093384
0.063,sat,20.01732850074768
0.029,unsat,10.67658543586731
0.031,unsat,48.35426330566406
0.047,sat,16.515334844589233
0.045,sat,15.018253326416016
0.039,unsat,3207.0662252902985
0.037000000000000005,cancelled,3223.726549386978
0.041,unsat,2872.3241469860077
0.043000000000000003,timeout,3600
