epsilon,result,runtime
0.265,sat,8.630553722381592
0.133,sat,8.777323722839355
0.131,sat,8.422991752624512
0.065,sat,11.597909688949585
0.063,sat,14.165919542312622
0.029,unsat,995.5517823696136
0.047,sat,13.507322549819946
0.039,sat,17.695133924484253
0.035,sat,13.942610740661621
0.033,sat,139.2876455783844
0.031,unsat,3343.959026813507
