epsilon,result,runtime
0.265,sat,9.500712394714355
0.133,sat,19.37365484237671
0.131,sat,21.175928592681885
0.065,sat,17.875832080841064
0.031,unsat,9.843532800674438
0.063,sat,51.66031360626221
0.045,unsat,568.7918260097504
0.047,unsat,2322.7616419792175
0.055,unsat,2649.083913087845
0.053000000000000005,cancelled,935.3834989070892
0.059000000000000004,unsat,3311.9609973430634
0.057,cancelled,3323.0941927433014
0.061,unsat,3186.5619163513184
