epsilon,result,runtime
0.265,sat,12.496971130371094
0.133,sat,12.84419560432434
0.131,sat,10.159878253936768
0.065,sat,15.366128921508789
0.063,sat,18.776664972305298
0.031,sat,14.300739049911499
0.013000000000000001,unsat,10.574894189834595
0.029,sat,13.601292610168457
0.019000000000000003,unsat,6.1150593757629395
0.021,unsat,98.67884397506714
0.023,unsat,332.5616991519928
0.025,unsat,1008.0592541694641
0.027000000000000003,timeout,3600
