epsilon,result,runtime
0.265,sat,11.23877501487732
0.133,sat,17.047213077545166
0.131,sat,16.61072540283203
0.065,sat,18.3862247467041
0.063,sat,16.37303590774536
0.029,unsat,849.4856684207916
0.047,sat,20.64816403388977
0.039,sat,19.654696702957153
0.035,sat,73.23360013961792
0.031,unsat,3287.0583262443542
0.033,unsat,3133.078871011734
