epsilon,result,runtime
0.265,sat,12.823484659194946
0.133,sat,19.88639545440674
0.131,sat,19.661685943603516
0.063,sat,17.021369457244873
0.065,cancelled,51.31355309486389
0.021,sat,11.633876323699951
0.041,cancelled,22.072691679000854
0.013000000000000001,unsat,10.840074300765991
0.007,cancelled,21.52920174598694
0.015,unsat,51.48882842063904
0.017,unsat,316.81506180763245
0.019000000000000003,unsat,928.237902879715
