epsilon,result,runtime
0.265,sat,8.1765878200531
0.133,sat,8.297436237335205
0.131,sat,8.085700273513794
0.065,sat,12.689430475234985
0.063,sat,12.187040090560913
0.031,sat,13.186986207962036
0.029,sat,10.713588953018188
0.013000000000000001,unsat,210.68202185630798
0.021,sat,10.8438138961792
0.017,sat,9.226706504821777
0.015,unsat,772.3440437316895
