epsilon,result,runtime
0.265,sat,13.489121198654175
0.133,sat,14.063967943191528
0.131,sat,15.639841794967651
0.065,sat,23.968695402145386
0.031,sat,13.983651638031006
0.063,cancelled,26.669904470443726
0.019000000000000003,unsat,10.392325639724731
0.009000000000000001,cancelled,26.886003255844116
0.023,unsat,12.380825281143188
0.025,unsat,108.6692898273468
0.027000000000000003,unsat,248.90352392196655
0.029,unsat,880.739244222641
