epsilon,result,runtime
0.133,sat,14.925516366958618
0.265,cancelled,27.240971565246582
0.043000000000000003,sat,13.810534000396729
0.08700000000000001,cancelled,22.828060626983643
0.013000000000000001,unsat,8.08371114730835
0.027000000000000003,sat,10.482555389404297
0.029,cancelled,2.7967276573181152
0.017,unsat,7.77545690536499
0.023,sat,9.453932285308838
0.019000000000000003,unsat,42.2316255569458
0.021,unsat,260.0562198162079
