epsilon,result,runtime
0.265,sat,9.819858312606812
0.133,sat,10.327224016189575
0.131,sat,9.322203636169434
0.065,sat,12.04847764968872
0.063,sat,11.74362325668335
0.029,unsat,323.49406003952026
0.047,sat,8.770010709762573
0.039,sat,12.118921041488647
0.035,sat,4.884307146072388
0.033,sat,7.5454981327056885
0.031,unsat,709.7495005130768
