epsilon,result,runtime
0.265,sat,7.195624589920044
0.133,sat,12.13145136833191
0.131,sat,16.004817962646484
0.065,sat,15.203683853149414
0.063,sat,16.47123622894287
0.031,sat,14.893091678619385
0.013000000000000001,unsat,7.3999738693237305
0.029,sat,14.272030115127563
0.019000000000000003,unsat,6.036632537841797
0.021,unsat,67.4523138999939
0.023,unsat,452.3879454135895
0.025,unsat,3331.871040582657
0.027000000000000003,unsat,3271.8696961402893
