epsilon,result,runtime
0.265,sat,8.551669836044312
0.133,sat,14.93379259109497
0.131,sat,16.331235647201538
0.065,sat,16.387085914611816
0.063,sat,14.15419340133667
0.031,sat,102.8344132900238
0.013000000000000001,unsat,7.4219794273376465
0.029,sat,103.24784851074219
0.021,unsat,129.802561044693
0.019000000000000003,cancelled,134.8126609325409
0.023,unsat,647.3635113239288
0.027000000000000003,sat,17.77932834625244
0.025,unsat,1539.5579228401184
