epsilon,result,runtime
0.265,sat,9.279872417449951
0.133,sat,12.37472915649414
0.131,sat,9.150715112686157
0.065,sat,10.925670623779297
0.063,sat,9.405167818069458
0.031,unsat,6.575003147125244
0.029,cancelled,3.1346065998077393
0.041,sat,5.880577802658081
0.051000000000000004,cancelled,12.765905618667603
0.035,unsat,125.46539950370789
0.037000000000000005,unsat,347.76403522491455
0.039,unsat,2785.6223361492157
