epsilon,result,runtime
0.265,sat,6.95796275138855
0.133,sat,9.68588924407959
0.131,sat,10.495065212249756
0.065,sat,9.815770149230957
0.063,sat,35.98292899131775
0.029,unsat,113.69955635070801
0.047,sat,6.730113744735718
0.039,sat,11.147660732269287
0.031,unsat,310.8893358707428
0.033,unsat,316.68402647972107
0.037000000000000005,sat,8.648747682571411
0.035,unsat,2436.146114587784
