epsilon,result,runtime
0.265,sat,10.262357234954834
0.133,sat,16.59746527671814
0.131,sat,20.715543031692505
0.065,sat,21.880921363830566
0.063,sat,22.170909881591797
0.029,unsat,110.11478400230408
0.047,sat,19.085936307907104
0.039,sat,10.346266269683838
0.031,unsat,399.6097857952118
0.035,sat,367.7563235759735
0.033,unsat,996.4349200725555
