epsilon,result,runtime
0.265,sat,7.2884016036987305
0.133,sat,12.139030456542969
0.131,sat,13.069840669631958
0.065,sat,29.53854537010193
0.031,unsat,8.447686433792114
0.063,sat,37.22110080718994
0.047,unsat,3025.8630731105804
0.045,cancelled,3030.659264087677
0.057,sat,7.064054250717163
0.053000000000000005,sat,10.016133069992065
0.051000000000000004,sat,6.2752461433410645
0.049,sat,125.33914971351624
