epsilon,result,runtime
0.265,sat,10.51004409790039
0.133,sat,17.52821969985962
0.131,sat,14.925323009490967
0.065,sat,16.61162829399109
0.063,sat,17.311690092086792
0.029,unsat,370.1257412433624
0.047,sat,16.05386209487915
0.039,sat,15.837472438812256
0.031,unsat,754.7701907157898
0.033,unsat,2592.874643802643
0.037000000000000005,sat,10.396219253540039
0.035,unsat,3399.939465045929
