epsilon,result,runtime
0.133,sat,8.478399515151978
0.265,cancelled,17.792110443115234
0.043000000000000003,sat,14.383464097976685
0.08700000000000001,cancelled,21.541237592697144
0.013000000000000001,unsat,7.270751237869263
0.027000000000000003,sat,16.75743293762207
0.029,cancelled,10.17026162147522
0.017,unsat,8.432674884796143
0.023,sat,7.7505247592926025
0.019000000000000003,unsat,65.32039785385132
0.021,unsat,659.2379486560822
