epsilon,result,runtime
0.133,sat,13.367671728134155
0.265,cancelled,20.212629079818726
0.08700000000000001,sat,20.581697940826416
0.043000000000000003,sat,20.761072158813477
0.019000000000000003,unsat,10.190147399902344
0.041,sat,17.600812911987305
0.031,sat,11.136693000793457
0.029,sat,21.95584225654602
0.023,unsat,8.921113014221191
0.025,unsat,117.15468692779541
0.027000000000000003,unsat,1335.448881149292
