epsilon,result,runtime
0.265,sat,10.86181354522705
0.133,sat,16.582802534103394
0.131,sat,19.476399183273315
0.065,sat,20.82143473625183
0.063,sat,17.905285358428955
0.031,sat,20.479504585266113
0.029,sat,18.94289779663086
0.013000000000000001,unsat,116.25704288482666
0.021,sat,107.92547416687012
0.015,unsat,274.76157546043396
0.017,unsat,1471.3200099468231
0.019000000000000003,unsat,3475.0072951316833
