epsilon,result,runtime
0.265,sat,12.48161792755127
0.133,sat,13.030662059783936
0.131,sat,18.041648149490356
0.065,sat,18.237489700317383
0.063,sat,18.992008686065674
0.029,unsat,3158.543184518814
0.047,sat,12.255606412887573
0.039,sat,60.70331907272339
0.031,timeout,3600
0.035,unsat,3337.384132862091
0.033,cancelled,3039.3931620121
0.037000000000000005,sat,12.499365329742432
