epsilon,result,runtime
0.265,sat,7.001327753067017
0.133,sat,14.99302887916565
0.131,sat,13.171676874160767
0.065,sat,15.537176847457886
0.063,sat,13.592530488967896
0.031,sat,45.39790391921997
0.013000000000000001,unsat,6.942619323730469
0.021,unsat,29.405829191207886
0.029,sat,163.2732799053192
0.025,sat,62.00275135040283
0.023,unsat,205.0618040561676
