epsilon,result,runtime
0.265,sat,9.827715396881104
0.133,sat,14.412355899810791
0.131,sat,16.15010118484497
0.065,sat,15.473412275314331
0.063,sat,13.173853397369385
0.031,sat,309.17361545562744
0.013000000000000001,unsat,6.375805854797363
0.021,unsat,234.75305843353271
0.025,unsat,694.1040332317352
0.029,sat,2113.472416162491
0.027000000000000003,unsat,3215.888803243637
