epsilon,result,runtime
0.265,sat,10.699985980987549
0.133,sat,15.569918394088745
0.131,sat,20.615745782852173
0.065,sat,20.147600650787354
0.063,sat,15.614628076553345
0.031,unsat,3058.838758468628
0.029,cancelled,3051.055293083191
0.051000000000000004,sat,10.509852409362793
0.041,sat,47.55740928649902
0.039,unsat,3208.6830072402954
0.035,cancelled,3183.3314974308014
