epsilon,result,runtime
0.265,sat,9.07945990562439
0.133,sat,15.184677124023438
0.131,sat,15.525326013565063
0.065,sat,14.247406959533691
0.063,sat,15.032833576202393
0.031,unsat,191.78902316093445
0.029,cancelled,180.98728013038635
0.051000000000000004,sat,85.45285749435425
0.039,unsat,3480.115303039551
0.041,timeout,3600
0.045,timeout,3600
0.047,timeout,3600
0.043000000000000003,unsat,3279.0107367038727
0.049,timeout,3600
