epsilon,result,runtime
0.133,sat,10.25810718536377
0.265,sat,10.164885997772217
0.265,cancelled,21.615232706069946
0.08700000000000001,sat,21.20975089073181
0.041,sat,55.03420352935791
0.043000000000000003,cancelled,96.62502098083496
0.013000000000000001,unsat,7.674860239028931
0.025,unsat,294.0703513622284
0.027000000000000003,unsat,290.2411708831787
0.035,sat,10.594508647918701
0.029,unsat,514.5817608833313
0.031,unsat,1083.6046278476715
0.033,unsat,2707.4143164157867
