epsilon,result,runtime
0.265,sat,9.677958011627197
0.133,sat,16.076709270477295
0.131,sat,14.628299713134766
0.065,sat,16.523200035095215
0.063,sat,14.887697458267212
0.031,sat,9.78699517250061
0.029,sat,10.559276819229126
0.013000000000000001,unsat,8.20606017112732
0.021,sat,8.769167423248291
0.015,unsat,38.694544553756714
0.019000000000000003,sat,107.55914855003357
0.017,unsat,358.9023892879486
