epsilon,result,runtime
0.265,sat,10.290031433105469
0.133,sat,13.938955307006836
0.131,sat,13.341147422790527
0.065,sat,12.195579767227173
0.063,sat,16.56481647491455
0.031,unsat,8.988297939300537
0.029,cancelled,1.4943628311157227
0.051000000000000004,sat,74.68576240539551
0.039,unsat,1694.2982351779938
0.041,unsat,2901.6368181705475
0.045,unsat,2989.6969594955444
0.049,sat,218.25825095176697
0.047,timeout,3600
