epsilon,result,runtime
0.265,sat,10.676432847976685
0.133,sat,12.132382154464722
0.065,sat,13.55710506439209
0.131,cancelled,23.267918586730957
0.021,sat,8.687605381011963
0.041,cancelled,16.14252018928528
0.007,unsat,6.968287467956543
0.013000000000000001,unsat,7.280021667480469
0.015,unsat,7.636658430099487
0.017,unsat,35.70686888694763
0.019000000000000003,unsat,396.0747835636139
