epsilon,result,runtime
0.265,sat,7.838054656982422
0.133,sat,9.46144723892212
0.131,sat,7.2611308097839355
0.065,sat,11.848469734191895
0.063,sat,13.622061014175415
0.031,sat,9.06606125831604
0.013000000000000001,unsat,6.8455047607421875
0.021,unsat,5.854547739028931
0.025,unsat,88.20864391326904
0.027000000000000003,unsat,1237.375309228897
0.029,unsat,1723.0112142562866
