epsilon,result,runtime
0.133,sat,11.447311639785767
0.265,cancelled,21.080384016036987
0.08700000000000001,sat,15.219352960586548
0.043000000000000003,sat,19.990525007247925
0.019000000000000003,unsat,9.15993046760559
0.041,sat,18.001075744628906
0.031,sat,18.61598300933838
0.023,unsat,162.30581212043762
0.025,unsat,721.2286529541016
0.029,timeout,3600
0.027000000000000003,unsat,3343.4564731121063
