epsilon,result,runtime
0.133,sat,8.72325348854065
0.265,cancelled,19.151984214782715
0.08700000000000001,sat,13.98238205909729
0.043000000000000003,sat,13.990741729736328
0.019000000000000003,unsat,8.425956010818481
0.041,sat,16.034090757369995
0.031,unsat,2464.3789603710175
0.029,cancelled,2482.061593770981
0.037000000000000005,sat,17.36022186279297
0.035,sat,17.705233573913574
0.033,sat,80.05057001113892
