epsilon,result,runtime
0.265,sat,8.628268957138062
0.133,sat,13.616004705429077
0.131,sat,12.94564175605774
0.065,sat,12.214674472808838
0.031,unsat,7.434515476226807
0.063,sat,14.20958924293518
0.045,sat,14.81735348701477
0.047,cancelled,24.426644802093506
0.035,unsat,29.74172306060791
0.041,sat,7.788526773452759
0.037000000000000005,unsat,304.3653447628021
0.039,unsat,1147.6694662570953
