epsilon,result,runtime
0.133,sat,14.990496397018433
0.265,cancelled,25.045595407485962
0.08700000000000001,sat,11.059842586517334
0.043000000000000003,sat,18.036839962005615
0.041,sat,15.593772411346436
0.019000000000000003,sat,7.234913110733032
0.021,cancelled,3.139103412628174
0.005,unsat,7.363490581512451
0.011,unsat,7.00055456161499
0.013000000000000001,unsat,115.5557234287262
0.015,unsat,528.7130815982819
0.017,sat,439.2539179325104
