epsilon,result,runtime
0.265,sat,9.645251989364624
0.133,sat,13.545504331588745
0.131,sat,12.957512378692627
0.065,unsat,3120.898884534836
0.063,cancelled,3113.1814529895782
0.107,sat,95.1417486667633
0.08700000000000001,unsat,3274.233551502228
0.085,cancelled,3179.242076396942
0.093,unsat,3085.481768131256
0.099,unsat,3316.1909725666046
0.10300000000000001,sat,878.397114276886
0.101,unsat,3336.227882385254
