epsilon,result,runtime
0.133,sat,20.651118755340576
0.265,cancelled,28.754802942276
0.08700000000000001,sat,25.351064205169678
0.043000000000000003,sat,247.67612743377686
0.019000000000000003,unsat,19.30095362663269
0.041,sat,2032.8048372268677
0.029,timeout,3600
0.031,unsat,2244.2990255355835
0.027000000000000003,cancelled,451.5360143184662
0.037000000000000005,timeout,3600
0.035,timeout,3600
0.039,unsat,2386.6167771816254
0.033,cancelled,2399.0970754623413
