epsilon,result,runtime
0.265,sat,28.59210181236267
0.133,sat,39.91422414779663
0.131,sat,37.04238724708557
0.063,unsat,2695.7702169418335
0.065,timeout,3600
0.097,unsat,2628.077055454254
0.115,sat,136.53848481178284
0.107,sat,314.5484974384308
0.099,timeout,3600
0.10300000000000001,sat,1367.231286764145
0.101,timeout,3600
