epsilon,result,runtime
0.265,sat,10.25877833366394
0.133,sat,13.759070873260498
0.131,sat,11.635536670684814
0.063,unsat,2707.8962161540985
0.097,sat,10.8221595287323
0.081,sat,220.3899531364441
0.07300000000000001,sat,269.959153175354
0.065,timeout,3600
0.069,timeout,3600
0.067,timeout,3600
0.07100000000000001,timeout,3600
