epsilon,result,runtime
0.265,sat,4.498013973236084
0.133,sat,5.71167516708374
0.131,sat,5.781182765960693
0.065,timeout,3600
0.063,timeout,3600
0.061,unsat,3268.7689843177795
0.067,unsat,3581.6872251033783
0.099,unsat,3526.1461544036865
0.097,cancelled,3228.7951023578644
0.11900000000000001,sat,7.830843925476074
0.109,sat,63.23177886009216
0.107,sat,59.847270011901855
0.101,unsat,3208.5310266017914
0.10500000000000001,sat,36.04249167442322
0.10300000000000001,unsat,3360.6910359859467
