epsilon,result,runtime
0.265,sat,14.95290756225586
0.133,sat,19.82292079925537
0.131,sat,16.65860676765442
0.065,sat,20.775165796279907
0.063,sat,18.15903067588806
0.031,sat,14.776941537857056
0.029,sat,16.941190004348755
0.013000000000000001,unsat,186.82339310646057
0.021,unsat,2608.7293696403503
0.015,cancelled,2805.83380818367
0.025,sat,61.445796489715576
0.023,sat,81.09150004386902
