epsilon,result,runtime
0.265,sat,6.814842224121094
0.133,sat,8.549303770065308
0.131,sat,8.796074151992798
0.065,unsat,2942.570709466934
0.063,cancelled,2935.66960978508
0.107,sat,25.381285667419434
0.08700000000000001,sat,47.58990240097046
0.085,sat,38.77957892417908
0.075,sat,63.56054759025574
0.07300000000000001,sat,63.34130334854126
0.069,sat,77.48596024513245
0.067,sat,2043.1265287399292
