epsilon,result,runtime
0.265,sat,7.093443393707275
0.133,sat,7.007479667663574
0.131,sat,6.993347644805908
0.065,timeout,3600
0.063,timeout,3600
0.067,timeout,3600
0.061,timeout,3600
0.069,unsat,3345.405864715576
0.059000000000000004,cancelled,3343.9523282051086
0.109,sat,9.208549737930298
0.089,sat,45.47492218017578
0.08700000000000001,sat,58.34758901596069
0.079,sat,819.7046291828156
0.077,timeout,3600
0.07300000000000001,timeout,3600
0.07100000000000001,timeout,3600
0.075,timeout,3600
