epsilon,result,runtime
0.265,sat,23.861636877059937
0.133,sat,26.98747229576111
0.131,sat,22.90902066230774
0.065,sat,111.20033955574036
0.063,sat,117.71181011199951
0.031,unsat,2700.9723932743073
0.029,cancelled,2677.5795481204987
0.051000000000000004,sat,612.4430484771729
0.039,sat,362.489453792572
0.041,cancelled,998.1776325702667
0.035,timeout,3600
0.033,timeout,3600
0.037000000000000005,sat,3202.0188183784485
