epsilon,result,runtime
0.265,sat,21.53038191795349
0.133,sat,102.22324538230896
0.131,sat,97.34840226173401
0.063,unsat,2272.1713149547577
0.065,unsat,3221.5369889736176
0.097,unsat,2788.2119760513306
0.115,sat,128.95612263679504
0.107,sat,248.58848094940186
0.099,unsat,3449.579144716263
0.10300000000000001,sat,2191.28658080101
0.101,timeout,3600
