epsilon,result,runtime
0.265,sat,24.449941873550415
0.133,sat,201.1772186756134
0.131,sat,218.27688097953796
0.065,sat,117.84089660644531
0.063,sat,130.71600890159607
0.031,sat,187.86076045036316
0.013000000000000001,unsat,23.210630416870117
0.021,unsat,636.2057936191559
0.029,unsat,2976.647779226303
0.025,cancelled,2170.0050745010376
