epsilon,result,runtime
0.133,sat,20.836857080459595
0.265,cancelled,34.67731952667236
0.08700000000000001,sat,28.5686252117157
0.041,unsat,3324.6501228809357
0.065,sat,29.12387776374817
0.043000000000000003,timeout,3600
0.055,sat,371.00347876548767
0.053000000000000005,sat,646.3163223266602
0.047,unsat,2505.6429607868195
0.049,unsat,3152.628979206085
0.051000000000000004,unsat,3402.822224855423
