epsilon,result,runtime
0.265,sat,10.148356199264526
0.133,sat,10.54070496559143
0.131,sat,15.273774862289429
0.065,unsat,3274.444033384323
0.063,cancelled,3258.8520634174347
0.107,sat,14.757051706314087
0.08700000000000001,sat,93.30948042869568
0.085,sat,110.58272767066956
0.07300000000000001,unsat,2614.755773305893
0.075,timeout,3600
0.079,unsat,2931.688503265381
0.083,sat,410.1984522342682
0.081,timeout,3600
