epsilon,result,runtime
0.265,sat,22.491331100463867
0.133,sat,114.10472559928894
0.131,sat,88.84598636627197
0.063,unsat,2542.8068141937256
0.065,unsat,2583.7315907478333
0.097,sat,140.37352919578552
0.099,cancelled,130.3356487751007
0.085,sat,154.76564812660217
0.075,sat,336.13499307632446
0.069,unsat,3275.047037124634
0.07300000000000001,unsat,3483.188798427582
0.07100000000000001,cancelled,34.384135246276855
