epsilon,result,runtime
0.265,sat,10.948365449905396
0.133,sat,13.35361361503601
0.131,sat,15.2926185131073
0.063,unsat,3301.4743418693542
0.065,timeout,3600
0.099,sat,296.6070325374603
0.097,unsat,2888.3318724632263
0.081,cancelled,2326.299540042877
