epsilon,result,runtime
0.133,sat,14.758239269256592
0.265,cancelled,26.249835729599
0.043000000000000003,sat,12.64933729171753
0.08700000000000001,cancelled,23.844806909561157
0.013000000000000001,unsat,9.570674180984497
0.027000000000000003,sat,14.845731019973755
0.029,cancelled,4.781317710876465
0.017,unsat,28.032251834869385
0.023,unsat,2902.659137248993
0.021,cancelled,2950.7385382652283
0.025,timeout,3600
