epsilon,result,runtime
0.265,sat,11.986872911453247
0.133,sat,23.157888889312744
0.131,sat,12.474061250686646
0.063,unsat,2566.7900030612946
0.097,sat,88.71794986724854
0.065,unsat,3064.275718688965
0.079,unsat,2482.5369114875793
0.081,timeout,3600
0.089,unsat,3399.886675596237
0.08700000000000001,cancelled,2693.1762261390686
0.093,sat,224.62398648262024
0.091,unsat,3575.127640247345
