epsilon,result,runtime
0.265,sat,4.2674314975738525
0.133,sat,13.373345136642456
0.131,sat,13.817292213439941
0.065,unsat,3421.2198650836945
0.063,cancelled,3416.373457431793
0.08700000000000001,sat,7.286474943161011
0.107,cancelled,12.537156105041504
0.079,sat,26.021183967590332
0.07300000000000001,sat,307.6003062725067
0.07100000000000001,unsat,3214.282024860382
0.067,cancelled,2937.7417590618134
