epsilon,result,runtime
0.265,sat,7.97128438949585
0.133,sat,8.033133745193481
0.131,sat,8.374375581741333
0.063,sat,21.288864135742188
0.065,cancelled,45.30770421028137
0.021,unsat,8.144438743591309
0.041,sat,23.057841300964355
0.043000000000000003,cancelled,14.981924533843994
0.027000000000000003,unsat,1632.936228275299
0.033,timeout,3600
0.035,unsat,2461.7372686862946
0.031,cancelled,515.4987199306488
0.039,sat,778.3775763511658
0.037000000000000005,timeout,3600
