epsilon,result,runtime
0.133,sat,10.992989540100098
0.265,cancelled,19.938655138015747
0.043000000000000003,unsat,3309.876657962799
0.08700000000000001,timeout,3600
0.089,timeout,3600
0.085,timeout,3600
0.091,unsat,2738.802889585495
0.083,cancelled,2470.358786344528
0.117,sat,184.61970257759094
0.10300000000000001,sat,1178.571845293045
0.10500000000000001,cancelled,1389.514961719513
0.095,unsat,2627.103985309601
0.097,unsat,2944.5393285751343
0.099,unsat,2699.864107131958
0.101,timeout,3600
