epsilon,result,runtime
0.265,sat,11.186978578567505
0.133,sat,157.57925581932068
0.131,sat,151.84517574310303
0.065,unsat,2504.6442997455597
0.063,cancelled,2501.6107099056244
0.107,timeout,3600
0.08700000000000001,timeout,3600
0.099,timeout,3600
0.097,timeout,3600
0.101,unsat,2356.0008947849274
0.095,cancelled,2367.382805109024
0.121,sat,135.65278148651123
0.113,sat,635.5678095817566
0.10500000000000001,unsat,2450.1069581508636
0.111,timeout,3600
0.109,timeout,3600
