epsilon,result,runtime
0.265,sat,28.449235677719116
0.133,sat,38.59103083610535
0.131,sat,38.23621201515198
0.063,unsat,3039.1684622764587
0.097,sat,181.1012477874756
0.081,sat,214.24124479293823
0.065,timeout,3600
0.07100000000000001,sat,2107.378365278244
0.07300000000000001,cancelled,2178.3281445503235
0.067,sat,2004.4641075134277
0.069,cancelled,2027.5435364246368
