epsilon,result,runtime
0.265,sat,8.341237545013428
0.133,sat,27.390917778015137
0.131,sat,24.751675367355347
0.063,unsat,2304.6520602703094
0.065,unsat,3468.5893774032593
0.099,sat,1908.3650252819061
0.097,timeout,3600
0.081,unsat,3181.177013158798
0.079,cancelled,2666.5243163108826
0.08700000000000001,unsat,2907.1226828098297
0.091,timeout,3600
0.093,unsat,2870.7882833480835
0.089,cancelled,2200.8908376693726
0.095,unsat,3222.7159984111786
