epsilon,result,runtime
0.133,sat,23.2954421043396
0.265,cancelled,42.444454193115234
0.08700000000000001,sat,272.8944845199585
0.043000000000000003,timeout,3600
0.041,timeout,3600
0.045,unsat,3519.0423328876495
0.039,cancelled,3247.765072584152
0.07100000000000001,unsat,3538.4615952968597
0.059000000000000004,cancelled,3555.766783952713
0.081,sat,430.3681848049164
0.077,unsat,2553.854949951172
0.075,cancelled,2123.336758852005
0.079,unsat,3057.733092546463
