epsilon,result,runtime
0.265,sat,17.592050552368164
0.133,sat,115.28876495361328
0.131,sat,165.36969327926636
0.063,unsat,3088.742078065872
0.065,timeout,3600
0.097,unsat,2723.8907010555267
0.099,unsat,2905.294828891754
0.115,timeout,3600
0.113,timeout,3600
0.117,timeout,3600
0.111,timeout,3600
0.11900000000000001,unsat,2879.5982954502106
0.109,cancelled,2296.318400621414
0.125,unsat,2668.0954921245575
0.123,cancelled,2683.212063550949
0.129,sat,405.45938515663147
0.127,sat,2409.596834897995
