epsilon,result,runtime
0.265,sat,5.707799911499023
0.133,sat,7.3019537925720215
0.131,sat,7.262584209442139
0.065,unsat,3016.8006134033203
0.063,cancelled,3011.4739785194397
0.08700000000000001,sat,7.7105255126953125
0.107,cancelled,13.572939157485962
0.107,sat,7.709144830703735
0.07300000000000001,unsat,3271.7935922145844
0.079,unsat,3329.183445453644
0.083,sat,74.92551326751709
0.081,unsat,3065.2753999233246
