epsilon,result,runtime
0.265,sat,19.117918729782104
0.133,sat,20.11421227455139
0.131,sat,25.014587879180908
0.063,unsat,2314.9156415462494
0.097,sat,271.4011673927307
0.065,unsat,2989.4870460033417
0.081,unsat,2858.399563550949
0.079,cancelled,2554.4749228954315
0.08700000000000001,sat,186.25313234329224
0.091,cancelled,205.11055541038513
0.085,timeout,3600
0.083,timeout,3600
