epsilon,result,runtime
0.265,sat,21.94342803955078
0.133,sat,26.6954607963562
0.131,sat,26.29485535621643
0.063,unsat,3523.4567289352417
0.065,timeout,3600
0.097,sat,277.1886992454529
0.099,cancelled,286.074866771698
0.085,sat,189.3737473487854
0.07300000000000001,unsat,2733.8178424835205
0.075,unsat,2959.0426218509674
0.081,sat,280.45758628845215
0.079,sat,428.8458616733551
0.077,timeout,3600
