epsilon,result,runtime
0.133,sat,8.787103652954102
0.265,cancelled,16.413729667663574
0.08700000000000001,unsat,3344.4315173625946
0.043000000000000003,cancelled,3350.7887949943542
0.117,sat,7.771885871887207
0.10300000000000001,sat,43.59301257133484
0.101,sat,34.87422013282776
0.095,sat,53.340537548065186
0.093,sat,66.17062544822693
0.091,sat,305.0009329319
0.089,sat,312.70839285850525
