epsilon,result,runtime
0.265,sat,23.683019638061523
0.133,sat,28.08981227874756
0.131,sat,30.93998646736145
0.065,sat,31.335801362991333
0.063,sat,26.453165769577026
0.029,unsat,3280.485980987549
0.047,sat,81.88377404212952
0.031,timeout,3600
0.039,sat,410.4179675579071
0.037000000000000005,sat,633.7006905078888
0.033,timeout,3600
0.035,timeout,3600
