epsilon,result,runtime
0.265,sat,11.164850234985352
0.133,sat,23.830223321914673
0.131,sat,13.03830361366272
0.063,sat,90.27929401397705
0.065,cancelled,113.68083119392395
0.021,unsat,12.356550455093384
0.041,unsat,2941.7809805870056
0.043000000000000003,unsat,3106.1234760284424
0.051000000000000004,unsat,2804.3952779769897
0.053000000000000005,timeout,3600
0.057,unsat,3067.4897980690002
0.061,sat,166.9124698638916
0.059000000000000004,unsat,2891.816107273102
