epsilon,result,runtime
0.265,sat,5.33277702331543
0.133,sat,5.318727493286133
0.131,sat,5.242136716842651
0.063,unsat,2952.7561180591583
0.097,sat,5.268306016921997
0.065,unsat,2995.4641602039337
0.081,sat,38.156795024871826
0.079,sat,38.22523760795593
0.07300000000000001,sat,57.329086780548096
0.07100000000000001,timeout,3600
0.067,timeout,3600
0.069,unsat,3294.536022424698
