epsilon,result,runtime
0.265,sat,5.514819622039795
0.133,sat,19.649232864379883
0.131,sat,7.473870754241943
0.065,timeout,3600
0.063,timeout,3600
0.067,unsat,3001.6316044330597
0.061,cancelled,3008.9162340164185
0.109,sat,7.787502765655518
0.08700000000000001,sat,7.784122467041016
0.089,cancelled,28.160336017608643
0.079,sat,7.519826173782349
0.07300000000000001,sat,116.65197443962097
0.069,sat,130.96197938919067
0.07100000000000001,cancelled,249.06497859954834
