epsilon,result,runtime
0.133,sat,6.584187746047974
0.265,cancelled,14.00774073600769
0.043000000000000003,unsat,3288.1050798892975
0.08700000000000001,timeout,3600
0.089,unsat,3468.016079902649
0.085,cancelled,3172.5715680122375
0.10300000000000001,sat,82.21159768104553
0.117,cancelled,94.67877578735352
0.097,sat,701.9759049415588
0.093,unsat,2879.259265899658
0.091,cancelled,2177.5441052913666
0.095,sat,433.3161070346832
