epsilon,result,runtime
0.265,sat,20.56172800064087
0.133,sat,21.910070419311523
0.131,sat,28.196389198303223
0.065,sat,191.30029726028442
0.063,sat,400.1586322784424
0.029,unsat,2624.1320836544037
0.031,timeout,3600
0.045,unsat,2666.527633190155
0.047,timeout,3600
0.055,unsat,2736.1474962234497
0.053000000000000005,cancelled,2535.0641379356384
0.057,unsat,2810.9546427726746
0.061,sat,445.18666982650757
0.059000000000000004,timeout,3600
