epsilon,result,runtime
0.265,sat,15.458130598068237
0.133,sat,22.2943172454834
0.131,sat,21.210862398147583
0.065,sat,103.41503238677979
0.063,sat,102.42305207252502
0.031,timeout,3600
0.029,timeout,3600
0.027000000000000003,unsat,3076.5637612342834
0.033,timeout,3600
0.047,unsat,3189.8938596248627
0.049,unsat,2964.50248670578
0.057,sat,272.08933329582214
0.055,unsat,3225.601895570755
0.051000000000000004,cancelled,2692.236531496048
