epsilon,result,runtime
0.265,sat,35.360487937927246
0.133,sat,43.096426010131836
0.131,sat,39.71781301498413
0.065,sat,45.72789239883423
0.063,sat,42.06197261810303
0.031,unsat,2766.557633161545
0.029,cancelled,2754.3899400234222
0.051000000000000004,sat,36.86754274368286
0.041,sat,37.507664918899536
0.039,sat,75.9611406326294
0.033,unsat,2238.8434720039368
0.037000000000000005,sat,460.71599555015564
0.035,unsat,2947.983363389969
