epsilon,result,runtime
0.265,sat,52.72945284843445
0.133,sat,63.65500020980835
0.131,sat,63.242384910583496
0.065,timeout,3600
0.063,timeout,3600
0.061,unsat,2251.138845205307
0.067,unsat,2699.4289860725403
0.097,unsat,2267.0679893493652
0.115,sat,202.4877209663391
0.099,unsat,3247.9716029167175
0.107,timeout,3600
0.10500000000000001,timeout,3600
0.10300000000000001,unsat,2695.569478034973
0.109,timeout,3600
0.113,sat,1497.901255607605
0.111,unsat,3323.6730165481567
