epsilon,result,runtime
0.265,sat,29.372062921524048
0.133,sat,32.44205594062805
0.131,sat,33.572026014328
0.065,sat,30.52746343612671
0.063,sat,216.16256165504456
0.031,unsat,3187.8492250442505
0.029,cancelled,2971.666918039322
0.051000000000000004,unsat,2311.6358947753906
0.041,cancelled,2324.165751218796
0.057,unsat,2573.3143565654755
0.055,cancelled,2580.935655593872
0.059000000000000004,sat,185.8765618801117
0.061,cancelled,197.27816557884216
