epsilon,result,runtime
0.265,sat,4.272526741027832
0.133,sat,5.455201864242554
0.131,sat,5.206253290176392
0.065,sat,13.803028106689453
0.063,sat,6.513601064682007
0.029,unsat,3216.309048652649
0.047,sat,39.11928367614746
0.031,timeout,3600
0.039,sat,1025.5449523925781
0.037000000000000005,unsat,3006.2464039325714
0.033,cancelled,2317.1280529499054
