epsilon,result,runtime
0.133,sat,33.50415372848511
0.265,cancelled,55.1550407409668
0.08700000000000001,sat,196.7372272014618
0.043000000000000003,timeout,3600
0.041,timeout,3600
0.039,unsat,2644.190815448761
0.045,timeout,3600
0.065,unsat,2895.812985897064
0.067,unsat,2977.181859254837
0.077,unsat,2794.9769241809845
0.075,cancelled,2026.0603029727936
0.083,sat,442.59130215644836
0.081,sat,2985.7297756671906
0.079,unsat,2868.6259393692017
