epsilon,result,runtime
0.265,sat,35.12201285362244
0.133,sat,73.39905166625977
0.131,sat,62.970008850097656
0.065,unsat,2681.1918666362762
0.063,cancelled,2663.028423309326
0.107,sat,415.00249314308167
0.08700000000000001,unsat,3067.5765511989594
0.085,cancelled,2652.8403227329254
0.093,unsat,2566.1631462574005
0.099,unsat,2828.9664640426636
0.101,sat,466.18870639801025
0.10300000000000001,cancelled,225.65830421447754
