epsilon,result,runtime
0.265,sat,10.04022216796875
0.133,sat,13.974008321762085
0.131,sat,13.323689460754395
0.065,sat,205.83941531181335
0.063,unsat,3085.6653802394867
0.031,cancelled,2901.248244047165
