epsilon,result,runtime
0.265,sat,19.593166828155518
0.133,sat,61.97426462173462
0.131,sat,67.79590702056885
0.065,sat,177.8787064552307
0.063,unsat,3319.837723970413
0.031,cancelled,3183.350405693054
