epsilon,result,runtime
0.265,sat,25.011256456375122
0.133,sat,30.351614713668823
0.131,sat,27.92783284187317
0.065,sat,212.88046073913574
0.063,sat,366.51543855667114
0.031,unsat,3539.675763130188
0.029,cancelled,3365.581400156021
0.041,unsat,2477.9986534118652
0.051000000000000004,unsat,2938.9274847507477
0.057,sat,581.8822889328003
0.053000000000000005,unsat,3458.7470891475677
0.055,timeout,3600
