epsilon,result,runtime
0.265,sat,26.47248148918152
0.133,sat,30.601491928100586
0.131,sat,31.41271209716797
0.065,unsat,2778.8496918678284
0.063,cancelled,2752.870502471924
0.107,sat,34.235257387161255
0.08700000000000001,sat,141.64746809005737
0.085,sat,348.0610246658325
0.075,unsat,2332.2967116832733
0.07300000000000001,cancelled,2090.064375400543
0.081,sat,302.788437128067
0.079,sat,2679.8763675689697
0.077,unsat,3033.1316163539886
