epsilon,result,runtime
0.265,sat,24.610978841781616
0.133,sat,30.53176522254944
0.131,sat,31.4743971824646
0.065,sat,34.32526254653931
0.031,sat,21.7028489112854
0.063,cancelled,40.29797029495239
0.009000000000000001,sat,24.04962706565857
0.019000000000000003,cancelled,34.88679504394531
0.005,sat,19.89825677871704
0.003,unsat,21.851835250854492
0.001,cancelled,1.8295764923095703
