epsilon,result,runtime
0.265,sat,30.69808602333069
0.133,sat,31.19735622406006
0.131,sat,28.620052099227905
0.065,unsat,3041.97136259079
0.063,cancelled,3012.506741285324
0.08700000000000001,sat,215.04376029968262
0.107,cancelled,243.1052975654602
0.07300000000000001,unsat,2928.729523420334
0.081,sat,161.63423538208008
0.079,unsat,3408.1280965805054
0.075,cancelled,289.68374586105347
