epsilon,result,runtime
0.265,sat,16.62062954902649
0.133,sat,17.85826587677002
0.131,sat,26.73395347595215
0.063,sat,173.07235288619995
0.065,cancelled,218.02300834655762
0.021,unsat,21.600558280944824
0.041,unsat,2566.423599243164
0.043000000000000003,timeout,3600
0.053000000000000005,unsat,2705.2789409160614
0.051000000000000004,cancelled,1664.078132390976
0.059000000000000004,sat,592.5154457092285
0.055,sat,1690.2068982124329
0.057,cancelled,2304.1128075122833
