epsilon,result,runtime
0.265,sat,5.693382501602173
0.133,sat,5.718270301818848
0.131,sat,74.70426154136658
0.065,unsat,3253.0507481098175
0.063,cancelled,3178.513453245163
0.107,sat,38.53786373138428
0.08700000000000001,sat,64.17372941970825
0.085,sat,58.453290939331055
0.07300000000000001,unsat,3034.893360376358
0.075,unsat,3567.7145812511444
0.081,sat,70.4248960018158
0.079,unsat,3555.177656888962
0.077,cancelled,2989.973215818405
