epsilon,result,runtime
0.265,sat,5.839149236679077
0.133,sat,39.03575277328491
0.131,sat,38.51597189903259
0.063,unsat,3257.9517138004303
0.065,unsat,3528.7536704540253
0.099,unsat,3002.6529808044434
0.097,cancelled,3270.613122701645
0.11900000000000001,sat,7.716285705566406
0.107,sat,60.48623609542847
0.109,cancelled,81.69444727897644
0.10300000000000001,sat,111.49058365821838
0.101,unsat,3262.040186405182
