epsilon,result,runtime
0.265,sat,6.135394811630249
0.133,sat,10.87626838684082
0.131,sat,10.839083194732666
0.065,unsat,3176.761410713196
0.063,cancelled,3170.463016271591
0.107,sat,40.568915605545044
0.08700000000000001,sat,83.99973583221436
0.085,sat,62.99220681190491
0.075,unsat,3228.617091655731
0.07300000000000001,cancelled,3207.9159004688263
0.079,sat,42.53174901008606
0.081,cancelled,48.13528656959534
0.077,sat,92.02293109893799
