epsilon,result,runtime
0.133,sat,25.45072627067566
0.265,cancelled,33.91558003425598
0.08700000000000001,sat,30.11577272415161
0.043000000000000003,sat,34.02711057662964
0.041,sat,35.99219822883606
0.019000000000000003,unsat,2069.7758405208588
0.021,unsat,2737.466915369034
0.029,sat,1943.263313293457
0.031,cancelled,2668.022447824478
0.023,unsat,3257.4705753326416
0.025,timeout,3600
0.027000000000000003,unsat,3513.7859683036804
