epsilon,result,runtime
0.265,sat,7.450247764587402
0.133,sat,7.672560930252075
0.131,sat,5.688223600387573
0.065,sat,97.45043540000916
0.063,sat,91.59713292121887
0.029,unsat,3127.5947592258453
0.031,unsat,3589.2309005260468
0.047,unsat,3231.4299750328064
0.045,cancelled,2778.988250732422
0.057,unsat,3219.4726610183716
0.053000000000000005,cancelled,3225.2140860557556
0.061,sat,104.18141150474548
0.059000000000000004,timeout,3600
