epsilon,result,runtime
0.133,sat,11.418331861495972
0.265,cancelled,22.64559769630432
0.08700000000000001,sat,73.45330834388733
0.043000000000000003,timeout,3600
0.041,timeout,3600
0.039,unsat,2706.4744970798492
0.045,timeout,3600
0.065,timeout,3600
0.067,timeout,3600
0.063,unsat,2940.480390548706
0.069,unsat,3120.633296251297
0.077,unsat,2760.469879388809
0.083,sat,106.21157431602478
0.079,unsat,2783.008681535721
0.081,sat,1120.9237875938416
