epsilon,result,runtime
0.265,sat,7.8613951206207275
0.133,sat,7.998352766036987
0.131,sat,7.82728910446167
0.065,sat,7.799684762954712
0.063,sat,7.686602830886841
0.031,sat,10.045876026153564
0.029,sat,10.131117582321167
0.013000000000000001,unsat,750.9480481147766
0.021,sat,7.5643086433410645
0.017,sat,10.49412751197815
0.015,unsat,3480.2097582817078
