epsilon,result,runtime
0.265,sat,21.421540021896362
0.133,sat,21.29049777984619
0.131,sat,23.08509087562561
0.063,unsat,3318.0295741558075
0.065,timeout,3600
0.099,unsat,2516.990818500519
0.097,cancelled,2775.118670463562
0.109,sat,36.86493515968323
0.11900000000000001,cancelled,57.78970384597778
0.11900000000000001,sat,36.87020397186279
0.10500000000000001,sat,341.8081476688385
0.10300000000000001,sat,415.8603091239929
0.101,timeout,3600
