epsilon,result,runtime
0.265,sat,4.5788586139678955
0.133,sat,5.751889228820801
0.131,sat,5.435779571533203
0.063,sat,307.5434219837189
0.065,cancelled,321.2423839569092
0.021,unsat,12.776774406433105
0.043000000000000003,unsat,3222.3551292419434
0.041,cancelled,3247.0443363189697
0.055,unsat,3272.5014328956604
0.049,cancelled,3278.4332337379456
0.059000000000000004,sat,2911.724991083145
0.057,unsat,3461.2142572402954
