epsilon,result,runtime
0.265,sat,9.115701675415039
0.133,sat,11.834872007369995
0.131,sat,14.281615734100342
0.065,unsat,2965.9599623680115
0.063,cancelled,2956.3785803318024
0.107,sat,115.4364652633667
0.08700000000000001,sat,329.5442147254944
0.075,unsat,2188.9400515556335
0.085,unsat,2973.723466157913
0.079,cancelled,569.8173279762268
