epsilon,result,runtime
0.133,sat,4.522350072860718
0.265,cancelled,8.599647998809814
0.08700000000000001,sat,76.16746592521667
0.043000000000000003,unsat,3375.800727367401
0.041,cancelled,3299.720198392868
0.07100000000000001,unsat,2867.705591917038
0.057,cancelled,2873.719753742218
0.077,sat,49.009209394454956
0.081,cancelled,57.3449432849884
0.07300000000000001,timeout,3600
0.075,timeout,3600
