epsilon,result,runtime
0.265,sat,24.2631516456604
0.133,sat,155.34507775306702
0.131,sat,165.7820587158203
0.063,unsat,2549.374865293503
0.065,timeout,3600
0.097,unsat,3046.0240375995636
0.115,sat,468.2509608268738
0.099,timeout,3600
0.107,unsat,2952.713347196579
0.10500000000000001,cancelled,1923.2599649429321
0.111,unsat,2787.9753320217133
0.109,cancelled,2803.145527601242
0.113,sat,584.0093603134155
