epsilon,result,runtime
0.265,sat,25.786280870437622
0.133,sat,39.90855693817139
0.131,sat,40.41396927833557
0.065,sat,40.60952854156494
0.063,sat,37.52976989746094
0.031,sat,37.27088928222656
0.013000000000000001,unsat,28.199059009552002
0.029,sat,43.91801190376282
0.019000000000000003,unsat,1006.9776751995087
0.021,timeout,3600
0.025,timeout,3600
0.027000000000000003,sat,39.5484561920166
0.023,timeout,3600
