epsilon,result,runtime
0.265,sat,0.8540456295013428
0.133,sat,0.8645584583282471
0.131,sat,0.8001458644866943
0.065,sat,1.0624072551727295
0.063,sat,1.237344741821289
0.031,sat,5.164515018463135
0.013000000000000001,unsat,0.716120719909668
0.021,unsat,0.756004810333252
0.025,unsat,4.6942527294158936
0.029,unsat,16.69967770576477
0.027000000000000003,cancelled,0.5008361339569092
