epsilon,result,runtime
0.265,sat,0.8844170570373535
0.133,sat,1.2065510749816895
0.131,sat,0.9365639686584473
0.065,sat,1.8002984523773193
0.063,sat,12.951218366622925
0.031,sat,38.60241961479187
0.013000000000000001,unsat,0.7628035545349121
0.029,unsat,31.017160415649414
0.021,cancelled,3.168060779571533
