epsilon,result,runtime
0.265,sat,1.3519642353057861
0.133,sat,1.4080946445465088
0.131,sat,1.32218599319458
0.065,sat,1.3656275272369385
0.031,unsat,0.7508096694946289
0.063,sat,0.9850988388061523
0.047,unsat,68.49627637863159
0.045,cancelled,71.13835048675537
0.053000000000000005,sat,1.374952793121338
0.057,cancelled,4.479016304016113
0.057,sat,1.4317824840545654
0.049,unsat,248.34177803993225
0.051000000000000004,unsat,335.5354177951813
