epsilon,result,runtime
0.133,sat,0.5758600234985352
0.265,cancelled,3.2422730922698975
0.043000000000000003,sat,1.3493962287902832
0.08700000000000001,cancelled,4.04418420791626
0.08700000000000001,sat,1.346043348312378
0.013000000000000001,unsat,0.7335968017578125
0.029,sat,11.111290454864502
0.019000000000000003,unsat,5.58762788772583
0.023,unsat,39.47152924537659
0.025,unsat,198.58070158958435
0.027000000000000003,unsat,313.9365711212158
