epsilon,result,runtime
0.265,sat,0.879525899887085
0.133,sat,1.231076717376709
0.131,sat,0.9803221225738525
0.065,sat,1.2253670692443848
0.063,sat,1.317417860031128
0.031,unsat,5.1822028160095215
0.029,cancelled,4.040982246398926
0.051000000000000004,sat,1.4214816093444824
0.041,sat,1.413475751876831
0.039,sat,1.4660861492156982
0.033,unsat,25.817506313323975
0.037000000000000005,sat,20.28147554397583
0.035,unsat,59.23852610588074
