epsilon,result,runtime
0.133,sat,0.610039234161377
0.265,cancelled,3.574920892715454
0.043000000000000003,sat,0.7685866355895996
0.08700000000000001,cancelled,3.42172908782959
0.013000000000000001,unsat,0.8051340579986572
0.029,unsat,38.5085654258728
0.027000000000000003,cancelled,45.18848252296448
0.037000000000000005,sat,1.37799072265625
0.033,sat,3.0419557094573975
0.031,unsat,8.625618696212769
