epsilon,result,runtime
0.265,sat,1.4131958484649658
0.133,sat,1.4534862041473389
0.131,sat,1.3920457363128662
0.065,sat,1.3825922012329102
0.063,sat,1.355079174041748
0.029,unsat,6.41237735748291
0.047,sat,1.4772882461547852
0.031,unsat,16.56553888320923
0.039,sat,0.4712693691253662
0.037000000000000005,sat,0.57025146484375
0.035,sat,62.42472004890442
0.033,unsat,69.67260384559631
