epsilon,result,runtime
0.133,sat,0.988107442855835
0.265,cancelled,3.775937795639038
0.043000000000000003,sat,1.4094021320343018
0.08700000000000001,cancelled,4.235648155212402
0.013000000000000001,unsat,0.7434771060943604
0.027000000000000003,sat,2.0276601314544678
0.029,cancelled,1.2867813110351562
0.017,unsat,1.0967392921447754
0.021,unsat,9.362587213516235
0.023,unsat,18.480222940444946
0.025,sat,12.313486576080322
