epsilon,result,runtime
0.265,sat,1.4259657859802246
0.133,sat,1.4105291366577148
0.131,sat,1.2208826541900635
0.065,sat,1.2955970764160156
0.031,sat,0.764348030090332
0.063,cancelled,3.6541810035705566
0.009000000000000001,unsat,0.5924055576324463
0.019000000000000003,unsat,0.6944689750671387
0.021,unsat,0.6548483371734619
0.025,unsat,5.618483066558838
0.027000000000000003,sat,3.3535315990448
0.029,cancelled,1.1906464099884033
