epsilon,result,runtime
0.265,sat,0.8508577346801758
0.133,sat,1.2193472385406494
0.131,sat,0.9678304195404053
0.065,sat,1.0621743202209473
0.063,sat,0.43215513229370117
0.031,unsat,0.46555304527282715
0.029,cancelled,0.32485032081604004
0.041,unsat,848.614316701889
0.053000000000000005,sat,1.5184283256530762
0.051000000000000004,unsat,3514.5390996932983
0.045,cancelled,2661.4952149391174
