epsilon,result,runtime
0.265,sat,0.8879964351654053
0.133,sat,1.2515976428985596
0.131,sat,1.0458710193634033
0.065,sat,1.1211857795715332
0.063,sat,0.9659609794616699
0.029,unsat,13.295335531234741
0.047,sat,3.5566086769104004
0.031,unsat,30.17716336250305
0.037000000000000005,unsat,2503.417201280594
0.043000000000000003,sat,5.888305425643921
0.039,unsat,3513.492735147476
0.041,unsat,1374.700965166092
