epsilon,result,runtime
0.265,sat,0.8016841411590576
0.133,sat,1.0804429054260254
0.131,sat,0.4514162540435791
0.065,sat,0.7880611419677734
0.063,sat,0.4022088050842285
0.029,unsat,49.36678671836853
0.047,sat,1.4727516174316406
0.039,sat,1.3825538158416748
0.031,unsat,93.90469813346863
0.033,unsat,1112.29656291008
0.037000000000000005,sat,7.408672571182251
0.035,unsat,1297.1738321781158
