epsilon,result,runtime
0.265,sat,0.8824613094329834
0.133,sat,1.2286982536315918
0.131,sat,0.7324028015136719
0.065,sat,0.8001947402954102
0.063,sat,0.9118585586547852
0.031,sat,10.677051067352295
0.013000000000000001,unsat,0.7270917892456055
0.021,unsat,0.6952409744262695
0.025,unsat,20.668169736862183
0.029,unsat,39.11585307121277
0.027000000000000003,cancelled,0.4855482578277588
