epsilon,result,runtime
0.265,sat,0.8344564437866211
0.133,sat,1.1492018699645996
0.131,sat,0.8223390579223633
0.065,sat,1.0991060733795166
0.063,sat,0.37655091285705566
0.031,unsat,0.5368890762329102
0.029,cancelled,0.807344913482666
0.051000000000000004,sat,1.354252576828003
0.041,sat,3.009136438369751
0.035,unsat,34.4920551776886
0.037000000000000005,unsat,42.28881096839905
0.039,unsat,85.70664668083191
