epsilon,result,runtime
0.133,sat,0.5402736663818359
0.265,cancelled,3.209611415863037
0.043000000000000003,sat,1.4740567207336426
0.08700000000000001,cancelled,4.279666423797607
0.08700000000000001,sat,1.4754273891448975
0.013000000000000001,unsat,0.7448029518127441
0.027000000000000003,unsat,3.510854482650757
0.035,sat,1.5482585430145264
0.029,unsat,7.44281530380249
0.033,sat,0.9068589210510254
0.031,unsat,8.677667140960693
