epsilon,result,runtime
0.133,sat,1.3516080379486084
0.265,cancelled,4.36426568031311
0.265,sat,1.3958513736724854
0.08700000000000001,sat,1.4552607536315918
0.043000000000000003,sat,4.153683185577393
0.019000000000000003,unsat,0.7401132583618164
0.029,unsat,0.6744034290313721
0.035,unsat,54.772061586380005
0.037000000000000005,unsat,74.38342022895813
0.041,unsat,174.987051486969
0.039,cancelled,32.640207052230835
