epsilon,result,runtime
0.133,sat,0.8481462001800537
0.265,cancelled,3.8975613117218018
0.043000000000000003,sat,1.2466249465942383
0.08700000000000001,cancelled,3.9716286659240723
0.027000000000000003,unsat,0.6450681686401367
0.013000000000000001,cancelled,3.455183267593384
0.013000000000000001,unsat,0.6544642448425293
0.033,sat,0.8419129848480225
0.037000000000000005,cancelled,3.6812093257904053
0.031,sat,0.8853678703308105
0.029,unsat,4.480223894119263
