epsilon,result,runtime
0.133,sat,2.2944774627685547
0.265,cancelled,5.143085718154907
0.265,sat,2.2969727516174316
0.043000000000000003,unsat,0.555917501449585
0.08700000000000001,sat,0.6799294948577881
0.089,cancelled,0.04464149475097656
0.057,unsat,26.877612352371216
0.07100000000000001,unsat,3573.441292285919
0.07300000000000001,unsat,3544.054623365402
0.081,sat,0.8205466270446777
0.079,sat,3.28022837638855
0.075,sat,22.31220054626465
0.077,cancelled,22.978610515594482
