epsilon,result,runtime
0.265,sat,0.7628161907196045
0.133,sat,0.7923014163970947
0.131,sat,0.8339672088623047
0.065,sat,1.1775527000427246
0.063,sat,1.0739221572875977
0.031,unsat,0.7737960815429688
0.029,cancelled,0.01098322868347168
0.051000000000000004,sat,1.82664155960083
0.039,unsat,40.45068860054016
0.045,sat,3.4208405017852783
0.043000000000000003,sat,16.71142554283142
0.041,unsat,73.8163492679596
