epsilon,result,runtime
0.265,sat,0.91593337059021
0.133,sat,1.0795142650604248
0.065,sat,1.4465587139129639
0.131,sat,1.421778917312622
0.131,cancelled,4.239139556884766
0.021,sat,0.8308141231536865
0.041,cancelled,3.6129984855651855
0.007,unsat,0.6126551628112793
0.013000000000000001,unsat,1.0442767143249512
0.017,sat,4.793598890304565
0.015,unsat,6.1247475147247314
