epsilon,result,runtime
0.133,sat,1.8256056308746338
0.265,cancelled,4.84381628036499
0.08700000000000001,sat,1.6064598560333252
0.043000000000000003,sat,1.665968894958496
0.041,sat,1.656114101409912
0.021,unsat,9.093461513519287
0.019000000000000003,cancelled,17.012118339538574
0.027000000000000003,sat,1.7290315628051758
0.033,cancelled,5.364228010177612
0.025,sat,1.0383615493774414
0.023,sat,5.785202264785767
