epsilon,result,runtime
0.265,sat,1.3794622421264648
0.133,sat,1.4647979736328125
0.131,sat,0.9485752582550049
0.065,sat,19.8098406791687
0.063,sat,17.88467526435852
0.031,unsat,0.30238795280456543
0.029,cancelled,1.3455815315246582
0.051000000000000004,sat,1.406146764755249
0.039,unsat,34.91188669204712
0.041,unsat,41.891133546829224
0.045,unsat,55.49072813987732
0.049,sat,51.107261657714844
0.047,unsat,110.16997742652893
