epsilon,result,runtime
0.133,sat,0.8193070888519287
0.265,cancelled,3.4838624000549316
0.265,sat,0.789592981338501
0.043000000000000003,sat,1.253920078277588
0.08700000000000001,cancelled,4.002728700637817
0.013000000000000001,unsat,0.7156791687011719
0.027000000000000003,unsat,33.46094512939453
0.029,unsat,100.55965614318848
0.037000000000000005,sat,20.843528985977173
0.035,sat,137.3630816936493
0.031,unsat,219.96647930145264
0.033,unsat,249.82979369163513
