epsilon,result,runtime
0.133,sat,0.8630657196044922
0.265,cancelled,3.873047113418579
0.08700000000000001,sat,1.4074409008026123
0.041,unsat,96.9724280834198
0.065,sat,1.4211838245391846
0.053000000000000005,sat,0.8867723941802979
0.047,sat,4.758101463317871
0.045,sat,51.28719449043274
0.043000000000000003,unsat,173.9988512992859
