epsilon,result,runtime
0.265,sat,0.6922805309295654
0.133,sat,0.803184986114502
0.131,sat,0.7635674476623535
0.065,sat,1.1854875087738037
0.063,sat,0.8059816360473633
0.029,unsat,117.50260925292969
0.047,sat,5.233453273773193
0.039,sat,0.9322383403778076
0.035,sat,2.387327194213867
0.033,sat,0.9596991539001465
0.031,unsat,154.56815648078918
