epsilon,result,runtime
0.265,sat,0.8257832527160645
0.133,sat,1.202009677886963
0.131,sat,0.8650486469268799
0.065,sat,1.018996238708496
0.031,unsat,0.5206153392791748
0.063,sat,4.846081733703613
0.047,unsat,3.406156539916992
0.045,cancelled,2.565112590789795
0.053000000000000005,unsat,91.89262700080872
0.057,unsat,538.1128478050232
0.061,sat,1.4976451396942139
0.059000000000000004,sat,451.2445683479309
