epsilon,result,runtime
0.265,sat,0.8534033298492432
0.133,sat,1.2327823638916016
0.131,sat,1.2053782939910889
0.065,sat,1.2753801345825195
0.063,sat,1.0774810314178467
0.029,unsat,68.24559783935547
0.047,sat,1.4080085754394531
0.039,sat,1.4093482494354248
0.035,sat,1.4103007316589355
0.033,sat,4.7114174365997314
0.031,unsat,94.71861457824707
