epsilon,result,runtime
0.265,sat,1.3745582103729248
0.133,sat,1.986999750137329
0.131,sat,2.0053093433380127
0.065,sat,2.0076615810394287
0.031,unsat,1.1692442893981934
0.063,sat,2.00011944770813
0.045,unsat,64.31255984306335
0.055,sat,47.307714223861694
0.047,unsat,143.48511624336243
0.049,unsat,347.79687213897705
0.051000000000000004,unsat,2498.2570123672485
0.053000000000000005,unsat,2274.6328268051147
