epsilon,result,runtime
0.265,sat,14.526145458221436
0.133,sat,72.47283005714417
0.131,sat,64.24464750289917
0.065,sat,228.2011682987213
0.031,unsat,53.29407858848572
0.047,unsat,605.7974252700806
0.063,unsat,3518.305758714676
0.055,cancelled,2634.9274451732635
