epsilon,result,runtime
0.265,sat,0.8072092533111572
0.133,sat,1.1473884582519531
0.131,sat,1.2074644565582275
0.065,sat,1.2342514991760254
0.063,sat,1.2828118801116943
0.031,sat,3.275963544845581
0.029,sat,1.9775524139404297
0.013000000000000001,unsat,0.48228883743286133
0.015,unsat,0.3177652359008789
0.021,unsat,31.259042263031006
0.023,unsat,90.37738966941833
0.027000000000000003,sat,32.96271538734436
0.025,unsat,103.69826412200928
