epsilon,result,runtime
0.133,sat,1.4471991062164307
0.265,cancelled,4.1099817752838135
0.08700000000000001,sat,1.2689852714538574
0.043000000000000003,sat,1.4101612567901611
0.019000000000000003,unsat,0.775174617767334
0.041,sat,1.1242530345916748
0.029,sat,0.6819391250610352
0.031,cancelled,3.1568684577941895
0.025,unsat,24.48071599006653
0.023,cancelled,27.20652937889099
0.027000000000000003,sat,0.4480154514312744
