epsilon,result,runtime
0.133,sat,5.636822938919067
0.265,cancelled,8.310544967651367
0.08700000000000001,sat,28.8365478515625
0.041,unsat,400.7103736400604
0.043000000000000003,unsat,1309.8081963062286
0.065,unsat,3482.8961861133575
0.063,cancelled,2610.9347240924835
0.079,sat,193.09231781959534
0.07300000000000001,unsat,3473.437614440918
0.07100000000000001,cancelled,3280.4000129699707
0.077,sat,369.17138624191284
0.075,sat,373.46814799308777
