epsilon,result,runtime
0.265,sat,1.4230334758758545
0.133,sat,1.4314262866973877
0.131,sat,1.0017476081848145
0.065,sat,1.2079882621765137
0.063,sat,0.9119491577148438
0.031,sat,15.347429275512695
0.013000000000000001,unsat,0.7449259757995605
0.021,unsat,0.7425765991210938
0.029,unsat,22.564260959625244
0.025,cancelled,3.144902229309082
