epsilon,result,runtime
0.133,sat,1.3387072086334229
0.265,cancelled,4.012670993804932
0.043000000000000003,unsat,0.6964166164398193
0.089,sat,161.53864526748657
0.065,unsat,0.8006951808929443
0.075,unsat,18.368430852890015
0.081,unsat,253.66848373413086
0.083,unsat,1312.3450796604156
0.08700000000000001,unsat,3579.556366920471
0.085,cancelled,1817.2228379249573
