epsilon,result,runtime
0.133,sat,0.857581615447998
0.265,cancelled,3.898481845855713
0.043000000000000003,sat,1.4042894840240479
0.08700000000000001,cancelled,4.1695027351379395
0.08700000000000001,sat,1.421384572982788
0.013000000000000001,unsat,0.6647214889526367
0.027000000000000003,unsat,13.982343196868896
0.035,sat,0.9024581909179688
0.029,unsat,27.885693788528442
0.033,sat,1.306370735168457
0.031,unsat,29.64257287979126
