epsilon,result,runtime
0.265,sat,0.8812432289123535
0.133,sat,1.201430082321167
0.131,sat,1.2062902450561523
0.065,sat,0.9490857124328613
0.031,unsat,0.7090466022491455
0.063,sat,0.8170099258422852
0.045,unsat,47.27328610420227
0.055,sat,0.9677836894989014
0.051000000000000004,sat,9.835111618041992
0.047,unsat,71.3541259765625
0.049,sat,7.966953754425049
