epsilon,result,runtime
0.133,sat,0.8490378856658936
0.265,cancelled,3.7871365547180176
0.265,sat,0.8500511646270752
0.08700000000000001,sat,1.4606294631958008
0.043000000000000003,sat,1.4511585235595703
0.019000000000000003,unsat,0.722393274307251
0.041,sat,1.1121509075164795
0.029,unsat,0.28695058822631836
0.031,unsat,0.4939713478088379
0.037000000000000005,sat,28.303295850753784
0.033,unsat,19.148422956466675
0.035,unsat,51.93372440338135
