epsilon,result,runtime
0.265,sat,0.8844938278198242
0.133,sat,1.2422568798065186
0.131,sat,1.369924783706665
0.065,sat,1.3478178977966309
0.063,sat,0.9352579116821289
0.031,sat,0.8173892498016357
0.029,sat,0.6529152393341064
0.013000000000000001,unsat,0.6958823204040527
0.015,unsat,0.6902050971984863
0.023,sat,26.681111097335815
0.021,unsat,33.59760928153992
0.017,cancelled,3.229264736175537
