epsilon,result,runtime
0.265,sat,0.8758482933044434
0.133,sat,1.2720727920532227
0.131,sat,1.2258265018463135
0.065,sat,1.299858808517456
0.063,sat,0.9145152568817139
0.031,sat,0.8086490631103516
0.029,sat,0.5555059909820557
0.013000000000000001,unsat,0.6225619316101074
0.015,unsat,0.46146154403686523
0.023,sat,0.8517193794250488
0.017,unsat,2.503278970718384
0.019000000000000003,unsat,27.481608152389526
0.021,unsat,40.68353271484375
