epsilon,result,runtime
0.265,sat,0.9178762435913086
0.133,sat,1.2641305923461914
0.131,sat,1.0405223369598389
0.065,sat,1.1653032302856445
0.063,sat,1.24772310256958
0.031,sat,1.361867904663086
0.029,sat,0.4792485237121582
0.013000000000000001,unsat,1.3759605884552002
0.015,unsat,18.074331521987915
0.023,sat,0.9042956829071045
0.017,unsat,79.245778799057
0.019000000000000003,unsat,89.40724587440491
0.021,unsat,202.41132354736328
