epsilon,result,runtime
0.265,sat,0.8700947761535645
0.133,sat,1.2255043983459473
0.131,sat,0.9440743923187256
0.065,sat,3.485614538192749
0.063,sat,2.4025416374206543
0.031,unsat,0.47621607780456543
0.029,cancelled,1.1270475387573242
0.041,unsat,9.653701543807983
0.053000000000000005,unsat,229.50060653686523
0.051000000000000004,cancelled,244.86249446868896
0.057,unsat,1585.677607536316
0.059000000000000004,unsat,2967.60147356987
0.061,unsat,1722.8983500003815
