epsilon,result,runtime
0.265,sat,0.8997619152069092
0.133,sat,1.2142016887664795
0.131,sat,1.2805581092834473
0.065,sat,1.2815744876861572
0.031,unsat,0.7837123870849609
0.063,sat,1.764352560043335
0.045,unsat,17.32829713821411
0.055,sat,0.9899430274963379
0.047,unsat,24.798046112060547
0.051000000000000004,sat,51.78542160987854
0.049,unsat,51.73172354698181
