epsilon,result,runtime
0.265,sat,0.8399958610534668
0.133,sat,1.1610631942749023
0.131,sat,1.0584533214569092
0.065,sat,1.1186370849609375
0.063,sat,0.7036633491516113
0.031,unsat,0.5885207653045654
0.029,cancelled,0.2913482189178467
0.051000000000000004,sat,8.287208557128906
0.041,unsat,41.40817308425903
0.039,cancelled,33.1848406791687
0.047,sat,25.919952869415283
0.043000000000000003,unsat,144.82354474067688
0.045,unsat,251.79237604141235
