epsilon,result,runtime
0.133,sat,0.829815149307251
0.265,cancelled,3.6003150939941406
0.043000000000000003,sat,0.8746259212493896
0.08700000000000001,cancelled,3.6130661964416504
0.013000000000000001,unsat,0.6800472736358643
0.027000000000000003,sat,0.8226563930511475
0.029,cancelled,0.20602679252624512
0.021,sat,1.2583746910095215
0.017,sat,1.2792670726776123
0.015,unsat,0.3289952278137207
