epsilon,result,runtime
0.265,sat,0.8964207172393799
0.133,sat,1.2392022609710693
0.131,sat,0.854191780090332
0.065,sat,4.183755159378052
0.031,unsat,0.7121975421905518
0.047,unsat,13.754498958587646
0.055,unsat,68.43721556663513
0.059000000000000004,unsat,944.4981880187988
0.061,unsat,1690.6103036403656
0.063,unsat,2907.8863751888275
