epsilon,result,runtime
0.265,sat,2.222170114517212
0.133,sat,2.308084726333618
0.065,sat,2.241953134536743
0.131,cancelled,5.4628379344940186
0.131,sat,2.3159077167510986
0.021,unsat,1.133629560470581
0.041,unsat,62.25514316558838
0.043000000000000003,unsat,72.68494319915771
0.053000000000000005,sat,12.332083463668823
0.055,cancelled,1.3721842765808105
0.049,sat,52.881144762039185
0.045,unsat,206.94021463394165
0.047,unsat,539.270982503891
