epsilon,result,runtime
0.133,sat,1.4236724376678467
0.265,cancelled,4.4046807289123535
0.043000000000000003,sat,1.3759937286376953
0.08700000000000001,cancelled,4.142944097518921
0.08700000000000001,sat,1.394463300704956
0.013000000000000001,unsat,0.7357749938964844
0.027000000000000003,unsat,15.567621231079102
0.035,sat,0.8107128143310547
0.031,sat,20.158727645874023
0.029,unsat,39.365511655807495
