epsilon,result,runtime
0.133,sat,0.8378009796142578
0.265,cancelled,3.62557053565979
0.043000000000000003,sat,0.8725688457489014
0.08700000000000001,cancelled,3.6743195056915283
0.013000000000000001,unsat,0.6028544902801514
0.027000000000000003,sat,0.9868524074554443
0.029,cancelled,0.31801319122314453
0.017,unsat,11.10797667503357
0.023,sat,0.8111844062805176
0.019000000000000003,unsat,27.359503984451294
0.021,unsat,46.52276682853699
