epsilon,result,runtime
0.133,sat,1.383800983428955
0.265,cancelled,4.065742254257202
0.08700000000000001,sat,1.4653723239898682
0.043000000000000003,sat,24.473138093948364
0.019000000000000003,unsat,0.7437515258789062
0.041,unsat,51.23546600341797
0.029,cancelled,27.47117304801941
