epsilon,result,runtime
0.265,sat,1.3762760162353516
0.133,sat,1.9116504192352295
0.131,sat,1.956902265548706
0.065,sat,1.9719161987304688
0.063,sat,1.9160661697387695
0.031,unsat,1.1605098247528076
0.029,cancelled,0.011992692947387695
0.041,unsat,26.75719165802002
0.053000000000000005,sat,16.515248775482178
0.045,unsat,198.09863996505737
0.047,unsat,1816.1065092086792
0.051000000000000004,unsat,3470.748593568802
0.049,cancelled,1403.0125050544739
