epsilon,result,runtime
0.265,sat,1.2915165424346924
0.133,sat,1.3640334606170654
0.131,sat,1.325545310974121
0.063,unsat,3467.061069250107
0.097,sat,1.4415264129638672
0.081,sat,1.417956829071045
0.07300000000000001,sat,17.794512510299683
0.069,sat,25.760270833969116
0.065,unsat,3532.50480055809
0.067,sat,8.692854404449463
