epsilon,result,runtime
0.265,sat,0.8174245357513428
0.133,sat,1.1490228176116943
0.131,sat,1.1487648487091064
0.065,sat,1.1430022716522217
0.063,sat,0.7666487693786621
0.029,unsat,52.45890140533447
0.047,sat,1.3827385902404785
0.039,sat,1.409210443496704
0.035,sat,1.4041025638580322
0.033,sat,24.378209829330444
0.031,unsat,103.02169346809387
