epsilon,result,runtime
0.265,sat,0.8690707683563232
0.133,sat,1.218310832977295
0.131,sat,0.33065223693847656
0.065,sat,0.473008394241333
0.063,sat,0.9722030162811279
0.031,sat,2.218736171722412
0.029,sat,0.34911298751831055
0.013000000000000001,unsat,0.2955820560455322
0.015,unsat,0.26284027099609375
0.021,unsat,0.4662024974822998
0.023,unsat,0.48613595962524414
0.025,unsat,0.3421285152435303
0.027000000000000003,unsat,3.0537211894989014
