epsilon,result,runtime
0.265,sat,2.3133461475372314
0.133,sat,2.279167890548706
0.131,sat,2.209573745727539
0.065,sat,120.80298089981079
0.031,unsat,1.1306521892547607
0.047,unsat,1.1415033340454102
0.055,unsat,1.1090710163116455
0.063,unsat,188.84663891792297
0.059000000000000004,cancelled,57.89823794364929
