epsilon,result,runtime
0.133,sat,1.4592795372009277
0.265,cancelled,4.429923057556152
0.265,sat,1.458406686782837
0.043000000000000003,unsat,0.4032609462738037
0.08700000000000001,unsat,19.16546630859375
0.089,unsat,19.002304077148438
0.111,sat,3.4846303462982178
0.109,sat,64.45750594139099
0.097,unsat,1087.7341232299805
0.099,unsat,1790.1185321807861
0.10300000000000001,unsat,3554.8131742477417
0.10500000000000001,unsat,3521.15913939476
0.107,unsat,1501.4648597240448
