epsilon,result,runtime
0.265,sat,0.8015182018280029
0.133,sat,1.1635313034057617
0.131,sat,0.4920351505279541
0.065,sat,0.44258832931518555
0.063,sat,0.4542245864868164
0.031,unsat,0.39757299423217773
0.029,cancelled,0.35844993591308594
0.041,unsat,0.9009523391723633
0.051000000000000004,sat,0.9548256397247314
0.053000000000000005,cancelled,0.1727440357208252
0.045,unsat,3.0762903690338135
0.049,sat,0.8703305721282959
0.047,unsat,9.731671810150146
