epsilon,result,runtime
0.133,sat,1.2964069843292236
0.265,cancelled,4.289025545120239
0.08700000000000001,sat,1.3860483169555664
0.043000000000000003,sat,1.3791086673736572
0.041,sat,1.3572494983673096
0.019000000000000003,unsat,42.85452580451965
0.021,unsat,41.35175013542175
0.031,sat,0.7308344841003418
0.029,sat,0.5339334011077881
0.025,sat,0.8878138065338135
0.023,sat,0.21755504608154297
