epsilon,result,runtime
0.265,sat,0.9131994247436523
0.133,sat,1.27095365524292
0.131,sat,0.9796085357666016
0.065,sat,1.0472586154937744
0.063,sat,0.33438968658447266
0.031,unsat,0.4368734359741211
0.029,cancelled,0.5830473899841309
0.051000000000000004,sat,1.54451584815979
0.039,unsat,4.394053936004639
0.041,unsat,20.42241597175598
0.045,sat,8.20756459236145
0.047,cancelled,0.05187201499938965
0.043000000000000003,unsat,13.786624431610107
