epsilon,result,runtime
0.265,sat,1.2895758152008057
0.133,sat,1.3152987957000732
0.131,sat,1.3317675590515137
0.065,sat,1.898254632949829
0.063,sat,2.002121925354004
0.031,unsat,24.14285659790039
0.029,cancelled,22.700316190719604
0.041,unsat,100.31548190116882
0.053000000000000005,sat,92.46203374862671
0.045,unsat,2086.128525495529
0.051000000000000004,unsat,3572.8265023231506
0.047,cancelled,1284.7552802562714
