epsilon,result,runtime
0.265,sat,1.424337387084961
0.133,sat,1.4331903457641602
0.131,sat,1.4269380569458008
0.063,unsat,40.49226927757263
0.065,sat,47.73877739906311
0.097,cancelled,2.9076080322265625
