epsilon,result,runtime
0.133,sat,1.8673982620239258
0.265,cancelled,5.538017511367798
0.265,sat,1.8950798511505127
0.08700000000000001,sat,3.029935836791992
0.043000000000000003,sat,3.054535150527954
0.019000000000000003,sat,1.3851544857025146
0.041,cancelled,4.9485766887664795
0.005,unsat,1.1384375095367432
0.011,sat,1.304870843887329
0.013000000000000001,cancelled,0.19119834899902344
0.009000000000000001,sat,1.74092698097229
0.007,unsat,55.05163073539734
