epsilon,result,runtime
0.133,sat,1.3331081867218018
0.265,cancelled,4.057173252105713
0.043000000000000003,unsat,0.749763011932373
0.08700000000000001,sat,1.1167793273925781
0.089,cancelled,0.3624739646911621
0.057,sat,1.3086345195770264
0.07100000000000001,cancelled,4.091485977172852
0.051000000000000004,sat,0.812727689743042
0.045,unsat,4.6010308265686035
0.047,unsat,8.777217149734497
0.049,unsat,6.699826002120972
