epsilon,result,runtime
0.265,sat,13.446325302124023
0.133,sat,14.492309331893921
0.131,sat,9.357835054397583
0.065,unsat,3458.3777565956116
0.063,cancelled,3450.5036420822144
0.08700000000000001,sat,9.300534725189209
0.107,cancelled,12.530410766601562
0.079,sat,204.25855159759521
0.07300000000000001,unsat,3517.5745351314545
0.07100000000000001,cancelled,3313.657678127289
0.075,unsat,3458.3061304092407
0.077,timeout,3600
