epsilon,result,runtime
0.265,sat,1.353039264678955
0.133,sat,1.9328796863555908
0.131,sat,1.920473575592041
0.065,sat,1.9550552368164062
0.063,sat,5.69141411781311
0.029,unsat,4.359223365783691
0.031,unsat,14.322539329528809
0.045,unsat,1481.2347946166992
0.055,sat,22.2920138835907
0.051000000000000004,sat,30.79158639907837
0.047,unsat,1913.6420230865479
0.049,unsat,603.791595697403
