epsilon,result,runtime
0.265,sat,0.793980598449707
0.133,sat,1.1760952472686768
0.131,sat,1.1199214458465576
0.065,sat,1.040053129196167
0.063,sat,1.0361995697021484
0.031,sat,1.2226004600524902
0.029,sat,0.48402953147888184
0.013000000000000001,unsat,0.47652554512023926
0.021,sat,0.9058535099029541
0.015,unsat,2.4407851696014404
0.017,unsat,16.781684398651123
0.019000000000000003,unsat,19.133109092712402
