epsilon,result,runtime
0.265,sat,0.8276863098144531
0.133,sat,1.1324553489685059
0.131,sat,0.7384061813354492
0.065,sat,0.9062416553497314
0.063,sat,0.9062995910644531
0.031,sat,0.7631926536560059
0.013000000000000001,unsat,0.8199613094329834
0.021,unsat,0.7865724563598633
0.025,unsat,2.4949512481689453
0.027000000000000003,unsat,21.56492590904236
0.029,unsat,35.89448642730713
