epsilon,result,runtime
0.265,sat,0.8722798824310303
0.133,sat,1.2624528408050537
0.131,sat,1.150726318359375
0.065,sat,0.8369851112365723
0.031,sat,0.8534555435180664
0.063,cancelled,3.62711763381958
0.009000000000000001,unsat,0.7377297878265381
0.019000000000000003,sat,0.8139076232910156
0.021,cancelled,0.08482551574707031
0.013000000000000001,unsat,1.1010558605194092
0.015,unsat,14.502102851867676
0.017,unsat,25.868005752563477
