epsilon,result,runtime
0.265,sat,0.8708984851837158
0.133,sat,1.207970142364502
0.131,sat,1.012507438659668
0.065,sat,1.1779026985168457
0.063,sat,1.0635075569152832
0.031,unsat,0.6924901008605957
0.029,cancelled,0.06956720352172852
0.041,unsat,23.87524437904358
0.053000000000000005,sat,50.21603989601135
0.045,unsat,86.6162314414978
0.047,unsat,260.4779415130615
0.049,unsat,483.695707321167
0.051000000000000004,unsat,946.6727039813995
