epsilon,result,runtime
0.265,sat,0.8450303077697754
0.133,sat,0.8619716167449951
0.131,sat,0.7310576438903809
0.065,sat,1.0127971172332764
0.063,sat,0.6173801422119141
0.031,sat,0.7680976390838623
0.013000000000000001,unsat,0.5579037666320801
0.029,sat,1.1409416198730469
0.021,sat,9.96731162071228
0.015,unsat,6.595263957977295
0.017,unsat,47.18604803085327
0.019000000000000003,unsat,73.6738338470459
