epsilon,result,runtime
0.265,sat,0.8922977447509766
0.133,sat,1.2035598754882812
0.065,sat,0.8885366916656494
0.131,cancelled,4.0012054443359375
0.021,unsat,0.6397593021392822
0.041,unsat,3.2780966758728027
0.053000000000000005,sat,11.330307722091675
0.043000000000000003,unsat,16.316596746444702
0.047,unsat,44.22133803367615
0.049,unsat,82.66945195198059
0.051000000000000004,sat,44.203341484069824
