epsilon,result,runtime
0.133,sat,13.5468909740448
0.265,cancelled,16.47130036354065
0.043000000000000003,unsat,11.532885074615479
0.08700000000000001,sat,14.467788934707642
0.089,cancelled,3.121774196624756
0.07100000000000001,sat,19.067955255508423
0.057,unsat,46.81607675552368
0.055,cancelled,27.53258967399597
0.061,unsat,236.18708395957947
0.067,sat,20.873162984848022
0.063,unsat,400.44783115386963
0.065,unsat,665.7434320449829
