epsilon,result,runtime
0.265,sat,1.4009966850280762
0.133,sat,1.4257862567901611
0.131,sat,1.3796412944793701
0.065,sat,1.9275870323181152
0.063,sat,2.0297534465789795
0.031,sat,5.906736135482788
0.013000000000000001,unsat,1.1462063789367676
0.021,unsat,1.1018285751342773
0.025,unsat,1.1200294494628906
0.027000000000000003,unsat,43.1111421585083
0.029,unsat,87.59136152267456
