epsilon,result,runtime
0.265,sat,0.753497838973999
0.133,sat,1.0810456275939941
0.131,sat,0.9098203182220459
0.065,sat,0.9668633937835693
0.063,sat,1.1429436206817627
0.031,sat,1.1900296211242676
0.029,sat,1.0128886699676514
0.013000000000000001,unsat,21.328200340270996
0.015,unsat,20.556394815444946
0.023,sat,5.913696050643921
0.021,sat,12.079394340515137
0.017,unsat,54.08640432357788
0.019000000000000003,unsat,53.531742811203
