epsilon,result,runtime
0.265,sat,0.9293177127838135
0.133,sat,1.2382478713989258
0.131,sat,1.1726484298706055
0.065,sat,1.2972829341888428
0.063,sat,1.0576269626617432
0.029,unsat,87.87462830543518
0.047,sat,1.4096810817718506
0.039,sat,1.37591552734375
0.035,sat,15.556533575057983
0.033,sat,32.375065088272095
0.031,unsat,216.27621936798096
