epsilon,result,runtime
0.265,sat,0.8148248195648193
0.133,sat,0.8744404315948486
0.131,sat,0.9172396659851074
0.065,sat,1.0493862628936768
0.063,sat,1.0135211944580078
0.031,sat,1.1821281909942627
0.029,sat,0.7637369632720947
0.013000000000000001,sat,0.7185370922088623
0.015,cancelled,0.339113712310791
0.003,unsat,0.926079511642456
0.007,sat,1.0338895320892334
0.009000000000000001,cancelled,0.08400917053222656
0.005,sat,0.6844618320465088
