epsilon,result,runtime
0.133,sat,1.3784782886505127
0.265,cancelled,4.8817033767700195
0.08700000000000001,sat,2.041299819946289
0.041,unsat,171.07094979286194
0.065,sat,2.2521166801452637
0.053000000000000005,sat,1.4022135734558105
0.047,sat,21.367909908294678
0.045,sat,210.75349712371826
0.043000000000000003,unsat,465.7950117588043
