epsilon,result,runtime
0.265,sat,0.8701488971710205
0.133,sat,0.8914515972137451
0.131,sat,0.835355281829834
0.065,sat,1.1699414253234863
0.063,sat,1.224341869354248
0.031,unsat,2.0771052837371826
0.029,cancelled,1.1270902156829834
0.051000000000000004,sat,4.174756050109863
0.041,sat,4.9339025020599365
0.039,sat,0.6441307067871094
0.033,unsat,12.231353044509888
0.035,unsat,17.152435541152954
0.037000000000000005,unsat,8.19247031211853
