epsilon,result,runtime
0.265,sat,0.8373637199401855
0.133,sat,1.1932077407836914
0.131,sat,0.6503043174743652
0.065,sat,1.000277042388916
0.063,sat,0.500983476638794
0.031,unsat,0.4720134735107422
0.029,cancelled,0.7295355796813965
0.051000000000000004,sat,3.659536123275757
0.041,unsat,72.24549078941345
0.039,cancelled,68.54023742675781
0.047,sat,24.032451152801514
0.043000000000000003,unsat,187.22033643722534
0.045,sat,241.0706717967987
