epsilon,result,runtime
0.133,sat,0.8241269588470459
0.265,cancelled,3.861868143081665
0.043000000000000003,sat,0.897014856338501
0.08700000000000001,cancelled,3.7169220447540283
0.027000000000000003,sat,1.0609099864959717
0.013000000000000001,unsat,2.980081558227539
0.011,cancelled,2.0345425605773926
0.017,sat,0.8112704753875732
0.021,cancelled,3.735286235809326
0.015,sat,0.19478416442871094
