epsilon,result,runtime
0.265,sat,0.9083282947540283
0.133,sat,0.9779863357543945
0.131,sat,1.3549106121063232
0.065,sat,1.3374741077423096
0.063,sat,1.3041729927062988
0.029,unsat,80.03864622116089
0.047,sat,0.9160587787628174
0.039,sat,0.9192259311676025
0.035,sat,5.0729687213897705
0.033,sat,24.794400691986084
0.031,unsat,135.47333788871765
