epsilon,result,runtime
0.265,sat,0.8273446559906006
0.133,sat,1.2470486164093018
0.131,sat,1.3108751773834229
0.065,sat,1.2885797023773193
0.063,sat,0.9226179122924805
0.031,sat,0.8024804592132568
0.029,sat,0.7938356399536133
0.013000000000000001,unsat,0.6544559001922607
0.015,unsat,0.6750092506408691
0.021,unsat,3.1314101219177246
0.025,sat,27.962536334991455
0.023,unsat,31.845319509506226
