epsilon,result,runtime
0.133,sat,0.8953869342803955
0.265,cancelled,3.8185906410217285
0.265,sat,0.9084343910217285
0.08700000000000001,sat,1.4296326637268066
0.041,unsat,1085.8158502578735
0.065,sat,8.260180711746216
0.053000000000000005,sat,0.921501636505127
0.047,sat,5.163695812225342
0.045,sat,24.651429176330566
0.043000000000000003,unsat,1233.0061297416687
