epsilon,result,runtime
0.265,sat,0.8496706485748291
0.133,sat,0.8476994037628174
0.131,sat,0.8146569728851318
0.065,sat,1.1973774433135986
0.063,sat,0.6788372993469238
0.031,sat,0.7633070945739746
0.029,sat,0.3985624313354492
0.013000000000000001,unsat,1.8285713195800781
0.015,unsat,18.965246200561523
0.021,sat,19.236016035079956
0.023,cancelled,1.9446170330047607
0.017,unsat,72.32001686096191
0.019000000000000003,unsat,78.95497870445251
