epsilon,result,runtime
0.133,sat,1.404414176940918
0.265,cancelled,4.886706113815308
0.08700000000000001,sat,1.3662502765655518
0.043000000000000003,sat,2.0060360431671143
0.041,sat,1.948608636856079
0.019000000000000003,unsat,16.492590188980103
0.031,sat,2.243594169616699
0.025,sat,1.376908302307129
0.023,sat,1.3734679222106934
0.021,unsat,36.894182443618774
