epsilon,result,runtime
0.265,sat,0.8587865829467773
0.133,sat,0.8875644207000732
0.131,sat,0.8776953220367432
0.065,sat,1.2145016193389893
0.063,sat,1.1742324829101562
0.031,sat,0.8560423851013184
0.029,sat,0.8085858821868896
0.013000000000000001,unsat,0.7102136611938477
0.015,unsat,0.6679224967956543
0.021,unsat,58.24107909202576
0.025,sat,0.8848369121551514
0.023,unsat,75.96469044685364
