epsilon,result,runtime
0.265,sat,0.8565011024475098
0.133,sat,1.1688916683197021
0.131,sat,1.1818459033966064
0.065,sat,1.2257628440856934
0.063,sat,0.7011969089508057
0.029,unsat,7.70589804649353
0.031,unsat,13.242785692214966
0.047,sat,0.44324707984924316
0.045,sat,0.4138777256011963
0.037000000000000005,unsat,1964.8182520866394
0.041,sat,25.5090389251709
0.039,unsat,2926.045323610306
