epsilon,result,runtime
0.265,sat,1.3697926998138428
0.133,sat,1.9497284889221191
0.131,sat,2.018139123916626
0.065,sat,2.042768716812134
0.063,sat,2.004932403564453
0.029,unsat,23.931249856948853
0.031,unsat,62.03655672073364
0.045,unsat,3506.691481113434
0.055,sat,1.3754246234893799
0.047,unsat,3547.371959924698
0.051000000000000004,sat,0.6770370006561279
0.049,unsat,3596.140597343445
