epsilon,result,runtime
0.265,sat,1.2834994792938232
0.133,sat,1.304574966430664
0.065,sat,1.4579381942749023
0.131,cancelled,4.38039493560791
0.131,sat,1.4659481048583984
0.021,unsat,0.698599100112915
0.041,sat,1.101867437362671
0.043000000000000003,cancelled,0.3580605983734131
0.033,sat,1.373725175857544
0.027000000000000003,sat,1.3593268394470215
0.023,unsat,0.671785831451416
0.025,sat,1.7485980987548828
