epsilon,result,runtime
0.265,sat,0.8434476852416992
0.133,sat,1.187645673751831
0.131,sat,0.95182204246521
0.065,sat,1.10341477394104
0.031,unsat,0.7208621501922607
0.063,sat,1.1796891689300537
0.045,unsat,32.11446809768677
0.055,sat,4.294145822525024
0.047,unsat,97.16773867607117
0.051000000000000004,sat,148.46616077423096
0.049,unsat,120.72040057182312
