epsilon,result,runtime
0.265,sat,0.8143177032470703
0.133,sat,1.194692611694336
0.131,sat,1.2509758472442627
0.065,sat,1.3037707805633545
0.063,sat,1.0925848484039307
0.031,sat,1.856968641281128
0.013000000000000001,unsat,0.7865447998046875
0.021,unsat,4.709125757217407
0.029,sat,10.950824499130249
0.023,unsat,15.740522623062134
0.025,unsat,19.34157156944275
0.027000000000000003,unsat,5.881040096282959
