epsilon,result,runtime
0.265,sat,0.7830400466918945
0.133,sat,1.1274142265319824
0.131,sat,1.0184903144836426
0.065,sat,1.232300043106079
0.063,sat,1.0668463706970215
0.031,unsat,0.7181460857391357
0.029,cancelled,0.015189409255981445
0.051000000000000004,sat,1.3007750511169434
0.039,unsat,19.552086114883423
0.041,unsat,26.676946878433228
0.045,sat,0.5782468318939209
0.047,cancelled,1.1616103649139404
0.043000000000000003,sat,0.3287320137023926
