epsilon,result,runtime
0.133,sat,1.4655776023864746
0.265,cancelled,4.460979461669922
0.043000000000000003,sat,1.4110991954803467
0.08700000000000001,cancelled,4.152984142303467
0.013000000000000001,unsat,0.6216838359832764
0.027000000000000003,sat,0.684483528137207
0.029,cancelled,0.16750431060791016
0.021,sat,1.30426025390625
0.015,unsat,19.53563380241394
0.017,unsat,24.85911226272583
0.019000000000000003,sat,0.231980562210083
