epsilon,result,runtime
0.133,sat,0.8599157333374023
0.265,cancelled,3.760676622390747
0.043000000000000003,sat,1.2999417781829834
0.08700000000000001,cancelled,4.03609824180603
0.08700000000000001,sat,1.2834720611572266
0.013000000000000001,unsat,0.6923816204071045
0.027000000000000003,unsat,5.814019680023193
0.035,sat,1.5188908576965332
0.029,unsat,8.085515975952148
0.033,sat,26.75783681869507
0.031,unsat,33.80675959587097
