epsilon,result,runtime
0.265,sat,8.522449970245361
0.133,sat,11.033901929855347
0.131,sat,7.965042352676392
0.065,sat,6.234683990478516
0.063,sat,23.913248538970947
0.029,unsat,89.56823015213013
0.047,sat,16.593562841415405
0.039,sat,1.441249132156372
0.035,sat,47.41353678703308
0.031,unsat,195.72826623916626
0.033,unsat,43.36555886268616
