epsilon,result,runtime
0.133,sat,0.7941005229949951
0.265,cancelled,3.759429931640625
0.265,sat,0.8037197589874268
0.043000000000000003,sat,1.441901683807373
0.08700000000000001,cancelled,4.216001272201538
0.08700000000000001,sat,1.4388272762298584
0.013000000000000001,unsat,0.9003372192382812
0.027000000000000003,sat,1.2056818008422852
0.029,cancelled,0.4174330234527588
0.021,sat,1.9941799640655518
0.017,sat,4.0957207679748535
0.015,unsat,3.057086706161499
