epsilon,result,runtime
0.265,sat,0.8090193271636963
0.133,sat,1.1486849784851074
0.131,sat,1.1199016571044922
0.065,sat,1.2234017848968506
0.063,sat,0.6282656192779541
0.031,unsat,0.4825141429901123
0.029,cancelled,0.3142118453979492
0.041,unsat,0.8902621269226074
0.051000000000000004,sat,2.9038498401641846
0.053000000000000005,cancelled,2.0281448364257812
0.045,unsat,4.691517114639282
0.047,unsat,20.043805360794067
0.049,unsat,15.889827966690063
