epsilon,result,runtime
0.265,sat,1.3774032592773438
0.133,sat,1.9607641696929932
0.131,sat,1.9514050483703613
0.065,sat,1.964186668395996
0.063,sat,1.69077730178833
0.031,unsat,4.949831485748291
0.029,cancelled,4.240920543670654
0.041,sat,2.1290998458862305
0.051000000000000004,cancelled,5.3082122802734375
0.037000000000000005,sat,3.339487314224243
0.033,unsat,30.467081308364868
0.035,unsat,69.33602476119995
