epsilon,result,runtime
0.265,sat,0.8975906372070312
0.133,sat,1.2326984405517578
0.131,sat,1.1701807975769043
0.065,sat,1.3571059703826904
0.031,unsat,0.6519193649291992
0.063,sat,2.5450966358184814
0.045,unsat,3.71380615234375
0.055,sat,1.4722702503204346
0.047,unsat,15.808579921722412
0.049,unsat,66.65881299972534
0.051000000000000004,unsat,82.91670274734497
0.053000000000000005,sat,8.182844877243042
