epsilon,result,runtime
0.133,sat,1.424393653869629
0.265,cancelled,4.39992356300354
0.043000000000000003,unsat,0.7056598663330078
0.08700000000000001,sat,2.1242423057556152
0.089,cancelled,1.4018514156341553
0.057,unsat,16.420770168304443
0.07300000000000001,unsat,3572.1462988853455
0.07100000000000001,cancelled,3594.569737672806
0.081,unsat,3493.3484477996826
0.077,cancelled,3497.3253338336945
0.085,sat,45.29469132423401
0.083,unsat,3536.856461048126
