epsilon,result,runtime
0.133,sat,0.8780100345611572
0.265,cancelled,3.4892513751983643
0.08700000000000001,sat,0.9160192012786865
0.043000000000000003,sat,1.1933884620666504
0.019000000000000003,sat,0.8845293521881104
0.041,cancelled,3.879331111907959
0.011,unsat,0.7067804336547852
0.005,cancelled,3.3851077556610107
0.013000000000000001,unsat,0.747626781463623
0.015,unsat,3.1318771839141846
0.017,sat,0.29117870330810547
