epsilon,result,runtime
0.265,sat,0.8285071849822998
0.133,sat,0.8372676372528076
0.131,sat,0.6654033660888672
0.065,sat,1.0681028366088867
0.063,sat,0.30080223083496094
0.031,unsat,0.9666152000427246
0.029,cancelled,1.2047538757324219
0.041,sat,0.8425076007843018
0.051000000000000004,cancelled,3.577846050262451
0.037000000000000005,sat,0.9393770694732666
0.033,unsat,17.417503833770752
0.035,unsat,25.986422777175903
