epsilon,result,runtime
0.133,sat,1.4044010639190674
0.265,cancelled,4.425311088562012
0.265,sat,1.3914079666137695
0.08700000000000001,sat,1.4670562744140625
0.043000000000000003,sat,1.4323341846466064
0.041,sat,1.331183671951294
0.019000000000000003,unsat,30.46879816055298
0.021,unsat,28.927998304367065
0.031,sat,0.8398818969726562
0.029,sat,0.5772981643676758
0.025,sat,0.5389144420623779
0.023,sat,0.3875882625579834
