epsilon,result,runtime
0.265,sat,1.451383113861084
0.133,sat,1.4269869327545166
0.131,sat,1.4212872982025146
0.065,unsat,3475.3713874816895
0.063,cancelled,3474.1091639995575
0.08700000000000001,sat,2.2690858840942383
0.107,cancelled,5.586109399795532
0.079,sat,2.2926666736602783
0.07300000000000001,sat,18.28089165687561
0.07100000000000001,sat,63.84604215621948
0.067,unsat,3475.5604412555695
0.069,unsat,3592.653259038925
