epsilon,result,runtime
0.133,sat,1.3901677131652832
0.265,cancelled,4.920360565185547
0.265,sat,1.3939144611358643
0.043000000000000003,sat,2.3143186569213867
0.08700000000000001,cancelled,5.540508031845093
0.08700000000000001,sat,2.2910149097442627
0.013000000000000001,unsat,0.734816312789917
0.027000000000000003,sat,0.8216450214385986
0.029,cancelled,0.04384326934814453
0.021,unsat,1.0365464687347412
0.017,cancelled,3.84765362739563
0.025,sat,1.4119386672973633
0.023,unsat,2.269962787628174
