epsilon,result,runtime
0.265,sat,1.427769422531128
0.133,sat,1.4400129318237305
0.131,sat,1.3547382354736328
0.065,sat,1.3836817741394043
0.063,sat,1.2523713111877441
0.031,sat,1.3379497528076172
0.013000000000000001,unsat,0.5896685123443604
0.029,sat,0.6452887058258057
0.021,sat,1.1598186492919922
0.015,unsat,0.6575579643249512
0.017,unsat,4.620992183685303
0.019000000000000003,unsat,13.059921979904175
