epsilon,result,runtime
0.265,sat,0.8594481945037842
0.133,sat,1.2385337352752686
0.131,sat,0.3254680633544922
0.065,sat,0.7804539203643799
0.063,sat,1.0471155643463135
0.031,unsat,0.6098477840423584
0.029,cancelled,0.2939629554748535
0.041,unsat,6.633451223373413
0.053000000000000005,sat,9.61420202255249
0.045,unsat,88.7831392288208
0.047,unsat,925.6981716156006
0.051000000000000004,unsat,3561.8974888324738
0.049,cancelled,2521.24866938591
