epsilon,result,runtime
0.133,sat,0.7101891040802002
0.265,cancelled,3.5520849227905273
0.265,sat,0.7583730220794678
0.043000000000000003,sat,0.9015111923217773
0.08700000000000001,cancelled,3.512956380844116
0.013000000000000001,unsat,0.6956334114074707
0.027000000000000003,unsat,45.278682708740234
0.035,sat,0.9212515354156494
0.029,unsat,132.92363095283508
0.033,sat,11.572325944900513
0.031,unsat,112.87633943557739
