epsilon,result,runtime
0.265,sat,1.4518353939056396
0.133,sat,2.062906265258789
0.065,sat,1.3939335346221924
0.131,cancelled,5.066834449768066
0.131,sat,1.9431202411651611
0.021,unsat,0.7390668392181396
0.041,sat,1.124222755432129
0.043000000000000003,cancelled,0.42337703704833984
0.027000000000000003,unsat,0.9177045822143555
0.033,unsat,46.91320180892944
0.035,unsat,44.87780261039734
0.037000000000000005,unsat,148.1405849456787
0.039,unsat,204.43283081054688
