epsilon,result,runtime
0.265,sat,0.8805384635925293
0.133,sat,1.241076946258545
0.131,sat,0.9777255058288574
0.065,sat,0.9730947017669678
0.063,sat,1.265584945678711
0.031,unsat,2.622833251953125
0.029,cancelled,1.694305419921875
0.051000000000000004,sat,1.060570478439331
0.039,unsat,1111.7749643325806
0.045,sat,27.018229961395264
0.041,unsat,3470.14040350914
0.043000000000000003,unsat,3581.4708240032196
