epsilon,result,runtime
0.265,sat,0.8312718868255615
0.133,sat,1.167168140411377
0.131,sat,1.1838533878326416
0.065,sat,1.33968186378479
0.063,sat,0.9090859889984131
0.031,unsat,0.6891100406646729
0.029,cancelled,0.009990692138671875
0.041,unsat,1.1075966358184814
0.053000000000000005,sat,1.3743205070495605
0.045,unsat,14.394506216049194
0.047,unsat,24.30753493309021
0.049,unsat,151.87686610221863
0.051000000000000004,unsat,376.19624400138855
