epsilon,result,runtime
0.265,sat,0.9145987033843994
0.133,sat,1.2373206615447998
0.131,sat,1.3498785495758057
0.065,sat,1.3698947429656982
0.063,sat,1.067579746246338
0.031,unsat,8.721354007720947
0.029,cancelled,7.940351486206055
0.041,sat,1.3772566318511963
0.051000000000000004,cancelled,4.16318678855896
0.037000000000000005,sat,1.46043062210083
0.035,unsat,26.68059730529785
0.033,cancelled,25.21250867843628
