epsilon,result,runtime
0.265,sat,0.8671252727508545
0.133,sat,1.1870625019073486
0.131,sat,1.0342106819152832
0.065,sat,1.154505968093872
0.031,unsat,0.751401424407959
0.063,sat,2.813999891281128
0.047,unsat,0.6008532047271729
0.045,cancelled,1.7713673114776611
0.053000000000000005,unsat,36.93337678909302
0.059000000000000004,sat,18.393281936645508
0.057,unsat,91.1509120464325
0.055,cancelled,32.36451983451843
