epsilon,result,runtime
0.133,sat,1.2673280239105225
0.265,cancelled,4.226507902145386
0.043000000000000003,sat,1.2177517414093018
0.08700000000000001,cancelled,3.915200710296631
0.013000000000000001,unsat,0.5743939876556396
0.027000000000000003,unsat,0.6611309051513672
0.035,sat,1.5034716129302979
0.031,sat,0.8171451091766357
0.029,unsat,7.438801050186157
