epsilon,result,runtime
0.265,sat,1.4459822177886963
0.133,sat,1.4968433380126953
0.065,sat,1.355142593383789
0.131,cancelled,4.149883985519409
0.131,sat,1.4164392948150635
0.021,unsat,0.6998059749603271
0.041,sat,1.1357858180999756
0.043000000000000003,cancelled,0.3276071548461914
0.027000000000000003,sat,1.4053375720977783
0.033,cancelled,4.240241050720215
0.023,unsat,30.029926300048828
0.025,unsat,34.91915559768677
