epsilon,result,runtime
0.133,sat,1.4344439506530762
0.265,cancelled,4.808987617492676
0.265,sat,1.4002161026000977
0.043000000000000003,sat,2.3140358924865723
0.08700000000000001,cancelled,5.420195579528809
0.08700000000000001,sat,2.2670304775238037
0.013000000000000001,unsat,1.1087448596954346
0.027000000000000003,sat,1.3073883056640625
0.029,cancelled,0.1407148838043213
0.017,unsat,1.5303657054901123
0.021,unsat,30.290151119232178
0.023,unsat,66.63559174537659
0.025,sat,39.19516038894653
