epsilon,result,runtime
0.265,sat,0.8187766075134277
0.133,sat,1.200890064239502
0.131,sat,1.2261149883270264
0.065,sat,1.219893217086792
0.063,sat,1.059067726135254
0.031,sat,0.9014608860015869
0.029,sat,0.8261206150054932
0.013000000000000001,unsat,0.7177426815032959
0.015,unsat,0.6651401519775391
0.021,sat,0.6813890933990479
0.023,cancelled,0.14742445945739746
0.017,unsat,1.1433205604553223
0.019000000000000003,unsat,1.152493953704834
