epsilon,result,runtime
0.265,sat,0.8958914279937744
0.133,sat,1.2125952243804932
0.131,sat,1.5368268489837646
0.065,sat,1.3916215896606445
0.063,sat,1.3905742168426514
0.031,sat,1.429701805114746
0.013000000000000001,unsat,0.6954736709594727
0.021,unsat,0.766742467880249
0.025,unsat,0.7516508102416992
0.029,unsat,20.116430044174194
0.027000000000000003,cancelled,11.726072549819946
