epsilon,result,runtime
0.265,sat,1.360464334487915
0.133,sat,1.390899896621704
0.131,sat,1.3928613662719727
0.065,sat,1.4186363220214844
0.063,sat,1.1079270839691162
0.031,sat,4.280249834060669
0.013000000000000001,unsat,0.7265853881835938
0.029,unsat,5.504245042800903
0.021,cancelled,1.82478928565979
