epsilon,result,runtime
0.265,sat,0.8403358459472656
0.133,sat,1.1731085777282715
0.131,sat,0.5600543022155762
0.065,sat,0.8019633293151855
0.063,sat,0.29106855392456055
0.029,unsat,14.151634216308594
0.047,sat,1.374762773513794
0.031,unsat,23.898757934570312
0.039,sat,2.081352710723877
0.037000000000000005,sat,1.7923061847686768
0.035,sat,59.208561420440674
0.033,unsat,77.66235542297363
