epsilon,result,runtime
0.133,sat,1.3958394527435303
0.265,cancelled,4.9123475551605225
0.08700000000000001,sat,1.2905468940734863
0.043000000000000003,sat,4.886004447937012
0.041,sat,4.7031519412994385
0.019000000000000003,unsat,98.39289975166321
0.031,sat,2.220928192138672
0.025,sat,1.3546619415283203
0.023,sat,22.829813480377197
0.021,unsat,193.83539628982544
