epsilon,result,runtime
0.265,sat,0.7844095230102539
0.133,sat,1.1458542346954346
0.131,sat,0.4670424461364746
0.065,sat,0.9261314868927002
0.063,sat,0.6170623302459717
0.031,unsat,0.27707505226135254
0.029,cancelled,0.3988053798675537
0.041,unsat,0.7475857734680176
0.051000000000000004,unsat,72.4857189655304
0.053000000000000005,unsat,81.76865100860596
0.057,unsat,1448.0427017211914
0.061,sat,3.660827875137329
0.059000000000000004,unsat,1530.779055595398
