epsilon,result,runtime
0.133,sat,0.8113818168640137
0.265,cancelled,3.474687337875366
0.08700000000000001,sat,1.443237066268921
0.043000000000000003,sat,1.4009416103363037
0.019000000000000003,unsat,0.6223428249359131
0.041,sat,0.9505577087402344
0.029,sat,0.7022445201873779
0.031,cancelled,3.1329779624938965
0.023,unsat,24.966071605682373
0.025,unsat,36.54888701438904
0.027000000000000003,unsat,36.47297263145447
