epsilon,result,runtime
0.265,sat,9.118929147720337
0.133,sat,25.266505002975464
0.131,sat,20.730089902877808
0.065,sat,8.479331731796265
0.063,sat,45.785516023635864
0.029,unsat,64.37750148773193
0.031,unsat,111.9967348575592
0.045,sat,19.787058353424072
0.047,cancelled,24.225955963134766
0.039,sat,33.500096797943115
0.035,unsat,310.7543749809265
0.033,cancelled,277.2624616622925
0.037000000000000005,unsat,30.489742517471313
