epsilon,result,runtime
0.265,sat,0.7843770980834961
0.133,sat,1.1269075870513916
0.131,sat,0.9824213981628418
0.065,sat,2.087981939315796
0.063,sat,0.6964151859283447
0.031,unsat,0.503267765045166
0.029,cancelled,1.0698304176330566
0.041,unsat,0.7072315216064453
0.051000000000000004,unsat,33.049782037734985
0.053000000000000005,unsat,63.48229789733887
0.057,unsat,2471.576985359192
0.061,sat,59.207982778549194
0.059000000000000004,unsat,3317.301020860672
