epsilon,result,runtime
0.265,sat,1.0899322032928467
0.133,sat,1.338954210281372
0.131,sat,0.7962512969970703
0.065,sat,0.9320940971374512
0.063,sat,0.4411463737487793
0.031,unsat,0.371356725692749
0.029,cancelled,0.3190157413482666
0.051000000000000004,sat,18.15902280807495
0.041,unsat,36.53400373458862
0.039,cancelled,18.199352979660034
0.045,unsat,268.77748012542725
0.049,sat,22.125284910202026
0.047,unsat,358.3888976573944
