epsilon,result,runtime
0.265,sat,1.3074266910552979
0.133,sat,1.4009289741516113
0.131,sat,1.3605713844299316
0.065,sat,1.3711261749267578
0.063,sat,1.354071855545044
0.031,unsat,2.198115110397339
0.029,cancelled,0.9254188537597656
0.041,sat,0.8213381767272949
0.051000000000000004,cancelled,3.57346248626709
0.037000000000000005,sat,2.207392692565918
0.033,unsat,18.05079460144043
0.035,unsat,23.819998741149902
