epsilon,result,runtime
0.133,sat,0.8643710613250732
0.265,cancelled,3.6159586906433105
0.265,sat,0.8660829067230225
0.08700000000000001,sat,1.3895237445831299
0.043000000000000003,sat,1.387077808380127
0.019000000000000003,unsat,0.6821789741516113
0.041,sat,1.0556890964508057
0.029,unsat,5.130146503448486
0.031,unsat,33.62265944480896
0.035,sat,26.414158821105957
0.037000000000000005,cancelled,0.48291707038879395
0.033,unsat,19.30370569229126
