epsilon,result,runtime
0.265,sat,0.8614335060119629
0.133,sat,1.2191798686981201
0.131,sat,0.4936490058898926
0.065,sat,0.7826788425445557
0.063,sat,0.5882587432861328
0.029,unsat,330.8647253513336
0.047,sat,1.4670007228851318
0.039,sat,1.4061508178710938
0.035,sat,1.3503434658050537
0.033,sat,61.94738268852234
0.031,unsat,431.4304213523865
