epsilon,result,runtime
0.265,sat,0.934201717376709
0.133,sat,1.2418863773345947
0.131,sat,0.8479580879211426
0.065,sat,1.0424187183380127
0.063,sat,0.9560716152191162
0.029,unsat,5.733452558517456
0.031,unsat,11.874088048934937
0.045,unsat,308.7490038871765
0.055,sat,3.335753917694092
0.047,unsat,1529.785037279129
0.051000000000000004,unsat,3502.2056770324707
0.049,cancelled,2293.511987686157
0.053000000000000005,sat,1.525160789489746
