epsilon,result,runtime
0.265,sat,1.434300422668457
0.133,sat,2.012578248977661
0.131,sat,1.116988182067871
0.065,sat,1.2046740055084229
0.063,sat,1.2220442295074463
0.031,sat,1.208745002746582
0.013000000000000001,unsat,0.5566599369049072
0.029,sat,1.519031286239624
0.021,unsat,0.5618331432342529
0.019000000000000003,cancelled,2.8362343311309814
0.023,unsat,36.27396512031555
0.025,unsat,47.51532602310181
0.027000000000000003,sat,10.038622856140137
