epsilon,result,runtime
0.265,sat,0.6784763336181641
0.133,sat,1.0396630764007568
0.131,sat,1.262972354888916
0.065,sat,1.3001761436462402
0.063,sat,0.8645493984222412
0.031,unsat,6.063907861709595
0.029,cancelled,5.506381273269653
0.051000000000000004,sat,1.4464263916015625
0.039,unsat,107.56661009788513
0.045,sat,3.86189341545105
0.041,unsat,764.3241271972656
0.043000000000000003,unsat,817.6624104976654
