epsilon,result,runtime
0.265,sat,0.8413112163543701
0.133,sat,1.1260747909545898
0.131,sat,0.698153018951416
0.065,sat,0.8736145496368408
0.063,sat,0.5670862197875977
0.031,unsat,63.310734272003174
0.029,cancelled,63.10202598571777
0.041,sat,1.942798376083374
0.051000000000000004,cancelled,5.721877813339233
0.037000000000000005,sat,2.390169143676758
0.033,unsat,265.76217913627625
0.035,unsat,326.7750873565674
