epsilon,result,runtime
0.265,sat,1.3535137176513672
0.133,sat,1.4002883434295654
0.065,sat,1.291931390762329
0.131,cancelled,4.061887741088867
0.131,sat,1.3589932918548584
0.021,unsat,0.6683671474456787
0.041,sat,0.7514259815216064
0.043000000000000003,cancelled,0.12536907196044922
0.033,sat,1.3934195041656494
0.025,unsat,13.981335401535034
0.029,sat,0.9256091117858887
0.027000000000000003,unsat,24.607608556747437
