epsilon,result,runtime
0.133,sat,1.3467917442321777
0.265,cancelled,4.080198049545288
0.043000000000000003,unsat,0.6598966121673584
0.089,sat,14.62947154045105
0.08700000000000001,sat,20.08039093017578
0.065,unsat,0.2568178176879883
0.063,cancelled,1.4218242168426514
0.07300000000000001,unsat,33.79600143432617
0.081,unsat,124.80052947998047
0.079,cancelled,164.93845057487488
0.083,unsat,511.27715587615967
0.085,unsat,576.2542722225189
