epsilon,result,runtime
0.265,sat,8.977535247802734
0.133,sat,10.75376033782959
0.131,sat,4.014203310012817
0.065,sat,5.895620822906494
0.063,sat,43.34254574775696
0.029,unsat,88.1590142250061
0.031,unsat,150.43387651443481
0.047,sat,19.230270862579346
0.045,sat,122.45925092697144
0.037000000000000005,unsat,1082.2098362445831
0.041,sat,204.62796688079834
0.039,unsat,2698.8736131191254
