epsilon,result,runtime
0.265,sat,1.3818845748901367
0.133,sat,1.4273757934570312
0.131,sat,1.3813450336456299
0.065,sat,1.9856038093566895
0.063,sat,1.1795473098754883
0.031,sat,1.0213310718536377
0.013000000000000001,unsat,0.7850310802459717
0.029,sat,3.5186641216278076
0.021,unsat,0.9807002544403076
0.019000000000000003,cancelled,1.4394586086273193
0.023,unsat,27.759602308273315
0.025,sat,28.136959075927734
0.027000000000000003,cancelled,0.4594886302947998
