epsilon,result,runtime
0.133,sat,1.2862052917480469
0.265,cancelled,4.224307537078857
0.08700000000000001,sat,1.500586986541748
0.041,unsat,34.99660873413086
0.065,sat,1.4512622356414795
0.043000000000000003,unsat,46.224491596221924
0.053000000000000005,unsat,3558.520587205887
0.055,unsat,3556.620431661606
0.059000000000000004,sat,19.310218572616577
0.061,cancelled,22.18702745437622
0.057,sat,1.0784783363342285
