epsilon,result,runtime
0.133,sat,1.4205434322357178
0.265,sat,1.4286274909973145
0.265,cancelled,4.3102076053619385
0.08700000000000001,sat,1.3893909454345703
0.043000000000000003,sat,1.364924669265747
0.019000000000000003,unsat,0.6394913196563721
0.041,sat,1.0386171340942383
0.029,unsat,4.0484161376953125
0.035,sat,0.8108019828796387
0.033,sat,1.4742977619171143
0.031,unsat,12.905947923660278
