epsilon,result,runtime
0.265,sat,0.8538236618041992
0.133,sat,1.205650806427002
0.131,sat,1.1328470706939697
0.065,sat,1.183405876159668
0.063,sat,0.7162082195281982
0.029,unsat,4.682451486587524
0.031,unsat,9.347538471221924
0.047,sat,18.161140203475952
0.045,sat,20.40414333343506
0.037000000000000005,unsat,1303.8530869483948
0.039,unsat,3547.7055044174194
0.041,unsat,3485.5130071640015
0.043000000000000003,timeout,3600
