epsilon,result,runtime
0.265,sat,0.6850447654724121
0.133,sat,1.0164330005645752
0.131,sat,0.9739935398101807
0.065,sat,1.232668399810791
0.063,sat,0.6926846504211426
0.031,unsat,1.9313099384307861
0.029,cancelled,1.641376256942749
0.051000000000000004,sat,8.793585300445557
0.041,sat,9.1598539352417
0.039,sat,4.088991403579712
0.033,unsat,25.66643476486206
0.035,unsat,67.94915246963501
0.037000000000000005,unsat,86.83630466461182
