epsilon,result,runtime
0.133,sat,1.284724473953247
0.265,cancelled,4.207685708999634
0.043000000000000003,sat,1.1516945362091064
0.08700000000000001,cancelled,3.858863592147827
0.08700000000000001,sat,1.1810760498046875
0.013000000000000001,unsat,0.6802065372467041
0.027000000000000003,sat,1.0290179252624512
0.029,cancelled,0.40802669525146484
0.021,sat,1.3844430446624756
0.017,unsat,2.0411152839660645
0.015,cancelled,0.6927216053009033
0.019000000000000003,unsat,1.959561824798584
