epsilon,result,runtime
0.265,sat,0.8110995292663574
0.133,sat,1.1472485065460205
0.131,sat,1.2316935062408447
0.065,sat,1.311919927597046
0.063,sat,0.7265419960021973
0.031,unsat,0.638399600982666
0.029,cancelled,0.2074904441833496
0.041,unsat,0.9274303913116455
0.051000000000000004,unsat,120.11588144302368
0.057,sat,1.2415406703948975
0.055,sat,17.928303480148315
0.053000000000000005,unsat,162.85188150405884
