epsilon,result,runtime
0.265,sat,1.8193082809448242
0.133,sat,1.883760929107666
0.065,sat,1.1808507442474365
0.131,cancelled,4.324591398239136
0.041,sat,1.9514756202697754
0.019000000000000003,unsat,20.956905126571655
0.031,sat,4.897238731384277
0.021,unsat,38.256810665130615
0.025,unsat,268.68252873420715
0.029,sat,40.92458128929138
0.027000000000000003,unsat,487.32320404052734
