epsilon,result,runtime
0.133,sat,1.3929216861724854
0.265,cancelled,4.147506952285767
0.265,sat,1.4055957794189453
0.08700000000000001,sat,1.4349095821380615
0.043000000000000003,sat,7.537872552871704
0.019000000000000003,unsat,0.6600933074951172
0.029,unsat,19.587039709091187
0.041,unsat,3536.076772212982
0.035,cancelled,3506.3328993320465
