epsilon,result,runtime
0.265,sat,0.8273954391479492
0.133,sat,1.1779189109802246
0.131,sat,0.32440662384033203
0.065,sat,0.34801435470581055
0.063,sat,0.8303883075714111
0.031,unsat,12.209065675735474
0.029,cancelled,11.803283452987671
0.051000000000000004,sat,2.1904075145721436
0.041,sat,21.43724274635315
0.035,unsat,32.07675123214722
0.037000000000000005,unsat,72.04313731193542
0.039,unsat,134.72467303276062
