epsilon,result,runtime
0.133,sat,0.9317121505737305
0.265,cancelled,3.769239902496338
0.08700000000000001,sat,1.353747844696045
0.041,unsat,79.41011571884155
0.043000000000000003,unsat,84.2066068649292
0.065,sat,0.3899071216583252
0.063,sat,0.6812460422515869
0.053000000000000005,sat,24.477630853652954
0.051000000000000004,sat,284.9859986305237
0.045,unsat,702.0356619358063
0.047,unsat,2012.5905990600586
0.049,unsat,1710.0639293193817
