epsilon,result,runtime
0.133,sat,0.8685390949249268
0.265,cancelled,3.9020979404449463
0.043000000000000003,sat,0.8835906982421875
0.08700000000000001,cancelled,3.67155122756958
0.013000000000000001,unsat,0.7943642139434814
0.027000000000000003,unsat,22.847553730010986
0.029,unsat,28.827723026275635
0.037000000000000005,sat,7.108215570449829
0.031,unsat,70.79672050476074
0.033,unsat,54.50919055938721
0.035,unsat,150.32488775253296
