epsilon,result,runtime
0.133,sat,1.3392233848571777
0.265,cancelled,4.258293628692627
0.043000000000000003,unsat,0.6787726879119873
0.08700000000000001,sat,1.0183699131011963
0.089,cancelled,0.4308922290802002
0.057,unsat,0.7793033123016357
0.07100000000000001,unsat,31.938910007476807
0.079,sat,1.096278190612793
0.07300000000000001,unsat,214.80666661262512
0.077,sat,1.3817086219787598
0.075,unsat,208.464515209198
