epsilon,result,runtime
0.265,sat,0.8479433059692383
0.133,sat,1.235612392425537
0.131,sat,0.7527575492858887
0.065,sat,0.8993136882781982
0.063,sat,0.8729844093322754
0.031,sat,0.8136928081512451
0.013000000000000001,unsat,0.772698163986206
0.021,unsat,4.553339004516602
0.025,unsat,161.19421482086182
0.027000000000000003,unsat,831.578851222992
0.029,unsat,2788.3060188293457
