epsilon,result,runtime
0.133,sat,0.827521562576294
0.265,cancelled,3.7833826541900635
0.08700000000000001,sat,1.3990073204040527
0.041,unsat,32.339861154556274
0.065,sat,1.4770796298980713
0.053000000000000005,sat,0.8904781341552734
0.047,sat,8.634275436401367
0.043000000000000003,unsat,59.41565561294556
0.045,sat,1.2734227180480957
