epsilon,result,runtime
0.265,sat,1.29441237449646
0.133,sat,1.379143238067627
0.131,sat,1.344609260559082
0.065,sat,1.397930383682251
0.063,sat,1.3573973178863525
0.031,unsat,2.714386463165283
0.029,cancelled,1.4061253070831299
0.051000000000000004,sat,0.8399097919464111
0.041,unsat,113.74613666534424
0.039,cancelled,113.07718539237976
0.047,sat,0.8311769962310791
0.045,sat,0.8559749126434326
0.043000000000000003,sat,1.0557501316070557
