epsilon,result,runtime
0.265,sat,0.923142671585083
0.133,sat,1.2284770011901855
0.131,sat,1.2727179527282715
0.065,sat,1.3576242923736572
0.063,sat,0.9660005569458008
0.029,unsat,34.650054693222046
0.047,sat,1.52994966506958
0.031,unsat,43.94744110107422
0.039,sat,0.5059852600097656
0.037000000000000005,sat,0.5755863189697266
0.033,unsat,196.15824270248413
0.035,unsat,306.6603708267212
