epsilon,result,runtime
0.133,sat,0.8743011951446533
0.265,cancelled,3.7446324825286865
0.265,sat,0.8908486366271973
0.08700000000000001,sat,0.8897840976715088
0.043000000000000003,sat,1.234586477279663
0.041,sat,0.7567319869995117
0.019000000000000003,unsat,0.6403481960296631
0.021,unsat,9.085126876831055
0.031,unsat,77.35771918296814
0.029,cancelled,68.35064935684204
0.037000000000000005,sat,41.78202438354492
0.033,unsat,231.63115453720093
0.035,unsat,315.8228883743286
