epsilon,result,runtime
0.265,sat,1.416769027709961
0.133,sat,1.9282221794128418
0.131,sat,2.0201821327209473
0.065,sat,2.023669481277466
0.063,sat,1.8839385509490967
0.031,unsat,1.1989524364471436
0.029,cancelled,0.020467519760131836
0.041,unsat,43.76690340042114
0.053000000000000005,unsat,1221.1698603630066
0.051000000000000004,cancelled,1271.6191492080688
0.059000000000000004,sat,1.393272876739502
0.057,sat,4.294431686401367
0.055,sat,3.5397262573242188
