epsilon,result,runtime
0.265,sat,2.3187296390533447
0.133,sat,2.383693218231201
0.131,sat,2.2712109088897705
0.065,sat,5.753579378128052
0.063,sat,1.0133795738220215
0.031,unsat,0.7929766178131104
0.029,cancelled,2.945936441421509
0.051000000000000004,sat,48.424643754959106
0.039,unsat,79.85752773284912
0.041,unsat,182.6981258392334
0.047,sat,95.5590603351593
0.043000000000000003,unsat,726.4101057052612
0.045,unsat,898.7667572498322
