epsilon,result,runtime
0.265,sat,0.822155237197876
0.133,sat,1.22218918800354
0.131,sat,1.0491607189178467
0.065,sat,1.0680758953094482
0.063,sat,1.1098952293395996
0.031,sat,1.7711210250854492
0.013000000000000001,unsat,0.7959094047546387
0.021,unsat,0.7905981540679932
0.025,unsat,35.65855312347412
0.029,unsat,53.48311114311218
0.027000000000000003,cancelled,9.103336572647095
