epsilon,result,runtime
0.133,sat,1.1659560203552246
0.265,cancelled,3.9046449661254883
0.08700000000000001,sat,1.3814544677734375
0.043000000000000003,sat,1.3290987014770508
0.019000000000000003,sat,0.9295706748962402
0.041,cancelled,3.6651952266693115
0.011,unsat,0.6613864898681641
0.005,cancelled,3.4330382347106934
0.013000000000000001,unsat,0.5291109085083008
0.015,unsat,0.9351475238800049
0.017,unsat,4.177464723587036
