epsilon,result,runtime
0.265,sat,1.858208179473877
0.133,sat,2.4993300437927246
0.131,sat,1.9932844638824463
0.065,sat,2.011813163757324
0.063,sat,1.9034535884857178
0.031,unsat,1.13765549659729
0.029,cancelled,0.12989044189453125
0.051000000000000004,sat,37.38997673988342
0.039,unsat,334.75347447395325
0.041,unsat,2128.1974244117737
0.047,sat,49.99180340766907
0.045,unsat,3489.7353332042694
0.043000000000000003,cancelled,1690.209979057312
