epsilon,result,runtime
0.265,sat,0.8624668121337891
0.133,sat,1.211658000946045
0.131,sat,0.8592607975006104
0.065,sat,1.0320823192596436
0.063,sat,0.8869674205780029
0.031,sat,0.8818917274475098
0.029,sat,0.4213433265686035
0.015,sat,0.7962162494659424
0.005,unsat,0.7325880527496338
0.013000000000000001,unsat,9.162124633789062
0.009000000000000001,cancelled,1.4784295558929443
