epsilon,result,runtime
0.133,sat,1.3486196994781494
0.265,cancelled,4.041851758956909
0.043000000000000003,unsat,0.7072286605834961
0.08700000000000001,sat,1.0329184532165527
0.089,cancelled,0.3169536590576172
0.07100000000000001,sat,2.0246756076812744
0.055,unsat,45.749253273010254
0.057,unsat,52.5517213344574
0.063,unsat,287.2884180545807
0.067,sat,1.1501178741455078
0.065,unsat,354.4379644393921
