epsilon,result,runtime
0.265,sat,0.8374013900756836
0.133,sat,1.155745506286621
0.065,sat,0.920151948928833
0.131,cancelled,4.001138687133789
0.131,sat,1.143761396408081
0.021,unsat,0.643578290939331
0.041,sat,0.7979271411895752
0.043000000000000003,cancelled,0.14771771430969238
0.027000000000000003,unsat,13.114094495773315
0.033,unsat,69.22068238258362
0.037000000000000005,sat,10.74159836769104
0.035,unsat,69.96077942848206
