epsilon,result,runtime
0.133,sat,1.4054064750671387
0.265,cancelled,4.82356858253479
0.265,sat,1.421816110610962
0.08700000000000001,sat,0.8623335361480713
0.043000000000000003,sat,1.2075586318969727
0.041,sat,0.49321603775024414
0.019000000000000003,sat,0.6494500637054443
0.021,cancelled,0.3866877555847168
0.005,unsat,0.8612105846405029
0.011,unsat,0.8293745517730713
0.013000000000000001,unsat,2.7492501735687256
0.017,sat,7.322531223297119
0.015,unsat,13.33494234085083
