epsilon,result,runtime
0.265,sat,0.7513456344604492
0.133,sat,1.083381175994873
0.131,sat,0.8694930076599121
0.065,sat,0.8927621841430664
0.063,sat,0.3487668037414551
0.029,unsat,38.202780961990356
0.031,unsat,43.565672159194946
0.047,sat,0.6363265514373779
0.045,sat,0.5247187614440918
0.037000000000000005,unsat,3470.963109731674
0.039,unsat,3544.4523050785065
0.043000000000000003,sat,24.79780673980713
0.041,unsat,600.8565819263458
