epsilon,result,runtime
0.133,sat,2.136730432510376
0.265,cancelled,5.140466928482056
0.043000000000000003,sat,0.9032928943634033
0.08700000000000001,cancelled,3.7205255031585693
0.013000000000000001,unsat,0.6573998928070068
0.027000000000000003,unsat,61.613903284072876
0.035,sat,0.9188075065612793
0.031,sat,0.938500165939331
0.029,unsat,78.81139636039734
