epsilon,result,runtime
0.265,sat,0.42305898666381836
0.133,sat,0.6864676475524902
0.131,sat,0.6329421997070312
0.065,sat,1.0159871578216553
0.063,sat,0.5291745662689209
0.031,unsat,0.4867067337036133
0.029,cancelled,0.7508194446563721
0.041,sat,1.4210991859436035
0.051000000000000004,cancelled,4.177405118942261
0.051000000000000004,sat,1.379500150680542
0.035,unsat,60.274033069610596
0.039,sat,2.801959276199341
0.037000000000000005,unsat,71.06921911239624
