epsilon,result,runtime
0.265,sat,0.8809545040130615
0.133,sat,0.879295825958252
0.131,sat,0.8823604583740234
0.065,sat,1.2120006084442139
0.063,sat,1.2928147315979004
0.029,unsat,4.805852890014648
0.031,unsat,10.56534457206726
0.047,sat,0.4326338768005371
0.045,sat,0.8029770851135254
0.037000000000000005,sat,0.4121522903442383
0.039,cancelled,1.2839508056640625
0.033,unsat,106.84809565544128
0.035,unsat,125.63488698005676
