epsilon,result,runtime
0.265,sat,0.9018056392669678
0.133,sat,1.229551076889038
0.131,sat,1.2247858047485352
0.065,sat,1.3225047588348389
0.031,unsat,0.5603995323181152
0.063,sat,1.0592539310455322
0.047,sat,0.7073419094085693
0.045,sat,0.8594670295715332
0.037000000000000005,unsat,3.4068121910095215
0.039,unsat,31.210485219955444
0.043000000000000003,sat,6.583341836929321
0.041,unsat,38.780558347702026
