epsilon,result,runtime
0.133,sat,0.9277071952819824
0.265,cancelled,3.7307329177856445
0.08700000000000001,sat,0.8785126209259033
0.043000000000000003,sat,2.536919116973877
0.041,sat,1.7887279987335205
0.019000000000000003,unsat,0.49343442916870117
0.021,unsat,0.2928488254547119
0.029,unsat,37.88760995864868
0.031,unsat,43.24028420448303
0.037000000000000005,sat,142.12937188148499
0.033,unsat,265.93721985816956
0.035,unsat,432.0054805278778
