epsilon,result,runtime
0.265,sat,0.8789262771606445
0.133,sat,1.3134710788726807
0.131,sat,0.38815832138061523
0.065,sat,0.9429879188537598
0.063,sat,0.7635934352874756
0.031,sat,0.2794976234436035
0.029,sat,0.3582162857055664
0.013000000000000001,unsat,0.3224520683288574
0.015,unsat,0.5280814170837402
0.021,unsat,40.16106820106506
0.023,unsat,84.87406158447266
0.027000000000000003,sat,24.372591257095337
0.025,unsat,147.65634894371033
