epsilon,result,runtime
0.133,sat,1.3781366348266602
0.265,cancelled,4.522940397262573
0.08700000000000001,sat,2.3453376293182373
0.043000000000000003,sat,2.2951817512512207
0.019000000000000003,unsat,1.1557109355926514
0.041,sat,1.9058363437652588
0.031,unsat,127.87837672233582
0.029,cancelled,131.8418107032776
0.037000000000000005,sat,10.31759524345398
0.033,unsat,811.3107869625092
0.035,unsat,1103.4934508800507
