epsilon,result,runtime
0.265,sat,1.2351431846618652
0.133,sat,1.6330716609954834
0.131,sat,1.4845244884490967
0.065,sat,1.5091829299926758
0.063,sat,1.4471495151519775
0.031,sat,1.4255337715148926
0.013000000000000001,unsat,0.9387974739074707
0.029,sat,8.841891527175903
0.019000000000000003,unsat,3.2677149772644043
0.021,unsat,12.155274629592896
0.023,unsat,38.27234721183777
0.027000000000000003,sat,1.177546501159668
0.025,unsat,61.02310085296631
