epsilon,result,runtime
0.265,sat,0.8479030132293701
0.133,sat,0.8499712944030762
0.131,sat,0.8081474304199219
0.065,sat,1.117074728012085
0.063,sat,1.315136194229126
0.029,unsat,44.16924476623535
0.047,sat,13.197309494018555
0.039,sat,11.442312955856323
0.035,sat,6.595305442810059
0.031,unsat,104.87844753265381
0.033,unsat,62.35982632637024
