epsilon,result,runtime
0.133,sat,5.524654865264893
0.265,cancelled,8.87261962890625
0.08700000000000001,sat,13.838569641113281
0.041,unsat,35.21302795410156
0.043000000000000003,unsat,60.55645418167114
0.065,unsat,3531.992111682892
0.063,cancelled,3526.963701248169
0.079,sat,6.581954479217529
0.07300000000000001,sat,8.549045324325562
0.07100000000000001,sat,9.326648712158203
0.069,sat,40.51119136810303
0.067,unsat,3527.762941837311
