epsilon,result,runtime
0.265,sat,1.1831731796264648
0.133,sat,1.3614842891693115
0.131,sat,1.2931098937988281
0.063,unsat,70.47922372817993
0.065,unsat,74.91758108139038
0.097,sat,1.0945169925689697
0.099,cancelled,3.702683925628662
0.085,sat,17.247838735580444
0.07300000000000001,unsat,1359.0429627895355
0.079,sat,0.8906612396240234
0.075,unsat,1747.711638212204
0.077,unsat,817.051988363266
