epsilon,result,runtime
0.133,sat,0.8368995189666748
0.265,cancelled,3.657466411590576
0.08700000000000001,sat,1.4052605628967285
0.043000000000000003,unsat,32.248767375946045
0.041,cancelled,30.837708473205566
0.07100000000000001,sat,1.2172918319702148
0.057,sat,17.674267292022705
0.049,unsat,356.0462350845337
0.051000000000000004,unsat,872.3977293968201
0.055,unsat,3531.1566457748413
0.053000000000000005,cancelled,2283.1795411109924
