epsilon,result,runtime
0.133,sat,1.38381028175354
0.265,cancelled,4.232722759246826
0.08700000000000001,sat,1.360968828201294
0.043000000000000003,sat,6.039482355117798
0.019000000000000003,unsat,0.8357579708099365
0.029,unsat,0.6656389236450195
0.035,unsat,15.98912262916565
0.037000000000000005,unsat,42.75021553039551
0.041,unsat,85.42820286750793
0.039,cancelled,11.262752294540405
