epsilon,result,runtime
0.265,sat,10.325842142105103
0.133,sat,12.167187213897705
0.131,sat,7.689603567123413
0.065,unsat,3542.9745070934296
0.063,cancelled,3537.227169275284
0.107,sat,45.42295026779175
0.08700000000000001,sat,368.0256567001343
0.085,sat,399.12623381614685
0.075,unsat,3512.123815536499
0.07300000000000001,cancelled,3437.012282371521
0.081,sat,270.4805076122284
0.079,sat,344.954927444458
0.077,sat,87.69466757774353
