epsilon,result,runtime
0.133,sat,2.2376816272735596
0.265,cancelled,5.560648202896118
0.043000000000000003,sat,2.2527153491973877
0.08700000000000001,cancelled,5.30858588218689
0.013000000000000001,unsat,1.1644010543823242
0.027000000000000003,unsat,229.47344994544983
0.035,sat,0.8840799331665039
0.031,sat,1.273174524307251
0.029,sat,249.85056018829346
