epsilon,result,runtime
0.265,sat,1.32002854347229
0.133,sat,1.4070451259613037
0.131,sat,1.0820088386535645
0.065,sat,1.3077096939086914
0.031,unsat,0.7278962135314941
0.063,sat,1.073960542678833
0.047,sat,1.0999627113342285
0.045,sat,0.8743834495544434
0.037000000000000005,unsat,24.68917202949524
0.041,sat,26.94603133201599
0.039,unsat,58.30932259559631
