epsilon,result,runtime
0.133,sat,1.3396706581115723
0.265,cancelled,3.956700563430786
0.265,sat,1.3377983570098877
0.08700000000000001,sat,1.384500503540039
0.043000000000000003,sat,1.3501856327056885
0.019000000000000003,unsat,0.6340465545654297
0.041,sat,1.181316614151001
0.029,sat,0.6110117435455322
0.031,cancelled,2.8159239292144775
0.023,unsat,0.6568574905395508
0.025,unsat,3.3394358158111572
0.027000000000000003,unsat,3.4484176635742188
