epsilon,result,runtime
0.133,sat,1.0280516147613525
0.265,cancelled,4.018196105957031
0.08700000000000001,sat,1.434781551361084
0.043000000000000003,sat,12.776396036148071
0.019000000000000003,unsat,0.7453715801239014
0.029,unsat,0.6685371398925781
0.041,unsat,17.832289218902588
0.035,cancelled,2.9516284465789795
