epsilon,result,runtime
0.265,sat,0.7877559661865234
0.133,sat,0.766103982925415
0.131,sat,0.8575479984283447
0.065,sat,1.2369012832641602
0.063,sat,0.5744707584381104
0.031,sat,0.4942035675048828
0.029,sat,0.23172879219055176
0.013000000000000001,unsat,1.286147117614746
0.015,unsat,5.074692249298096
0.021,unsat,3517.4218938350677
0.023,unsat,3561.5511741638184
0.027000000000000003,sat,1.3731825351715088
0.025,unsat,3578.5210106372833
