epsilon,result,runtime
0.133,sat,0.8741276264190674
0.265,cancelled,3.8265347480773926
0.265,sat,0.873502254486084
0.08700000000000001,sat,1.1711065769195557
0.043000000000000003,sat,1.3139464855194092
0.041,sat,1.2255887985229492
0.019000000000000003,unsat,1.4449796676635742
0.031,sat,1.514240026473999
0.025,sat,0.947105884552002
0.021,sat,8.601765632629395
0.023,cancelled,2.8827922344207764
