epsilon,result,runtime
0.265,sat,1.4336228370666504
0.133,sat,1.9887669086456299
0.131,sat,2.0694048404693604
0.065,sat,2.0208940505981445
0.031,unsat,1.1625261306762695
0.063,sat,1.909151315689087
0.047,unsat,0.8422355651855469
0.045,cancelled,3.459751844406128
0.053000000000000005,unsat,29.664693117141724
0.057,unsat,73.12900137901306
0.059000000000000004,unsat,69.79002165794373
0.061,sat,31.466517686843872
