epsilon,result,runtime
0.265,sat,1.4248371124267578
0.133,sat,1.9150779247283936
0.131,sat,1.8404796123504639
0.065,sat,1.9382026195526123
0.063,sat,1.5312507152557373
0.031,sat,1.5479073524475098
0.029,sat,1.579305648803711
0.013000000000000001,unsat,0.8606464862823486
0.021,sat,2.344599962234497
0.017,sat,1.372412919998169
0.015,unsat,37.52718162536621
