epsilon,result,runtime
0.133,sat,1.4230070114135742
0.265,cancelled,4.188886404037476
0.08700000000000001,sat,1.38319993019104
0.043000000000000003,unsat,62.87511730194092
0.041,cancelled,61.501203298568726
0.057,sat,1.4182884693145752
0.07100000000000001,cancelled,4.960838079452515
0.051000000000000004,sat,1.3804903030395508
0.047,sat,4.167536735534668
0.045,unsat,29.239306449890137
