epsilon,result,runtime
0.265,sat,3.1702184677124023
0.133,sat,3.1865546703338623
0.065,sat,3.1700127124786377
0.131,cancelled,6.865551710128784
0.131,sat,3.158437728881836
0.041,sat,3.2370548248291016
0.019000000000000003,unsat,21.875160217285156
0.021,unsat,31.008830070495605
0.031,sat,1.0224826335906982
0.029,sat,0.9915857315063477
0.023,unsat,75.79587173461914
0.025,unsat,112.99818348884583
0.027000000000000003,unsat,50.580535888671875
