epsilon,result,runtime
0.133,sat,1.4015882015228271
0.265,cancelled,4.891097784042358
0.08700000000000001,sat,1.448225975036621
0.043000000000000003,sat,1.9991090297698975
0.041,sat,1.9818785190582275
0.021,sat,2.2802846431732178
0.009000000000000001,unsat,1.1344318389892578
0.013000000000000001,unsat,1.1571292877197266
0.015,unsat,95.50469422340393
0.017,unsat,167.76417565345764
0.019000000000000003,unsat,306.0485198497772
