epsilon,result,runtime
0.265,sat,1.9633305072784424
0.133,sat,1.9582791328430176
0.065,sat,2.0346946716308594
0.131,cancelled,4.911051034927368
0.131,sat,2.0524775981903076
0.021,unsat,1.0015065670013428
0.041,unsat,17.980942487716675
0.043000000000000003,unsat,19.370736360549927
0.053000000000000005,unsat,54.15106463432312
0.055,unsat,84.69550943374634
0.061,sat,325.0053355693817
0.059000000000000004,unsat,393.75882387161255
0.057,cancelled,31.139739274978638
