epsilon,result,runtime
0.265,sat,0.8134636878967285
0.133,sat,1.1709024906158447
0.131,sat,1.2467687129974365
0.065,sat,1.281991958618164
0.063,sat,0.6663603782653809
0.031,unsat,0.5578043460845947
0.029,cancelled,0.3241550922393799
0.041,unsat,0.8017518520355225
0.051000000000000004,unsat,12.487030029296875
0.057,sat,1.4530084133148193
0.055,sat,23.44336462020874
0.053000000000000005,unsat,41.3538498878479
