epsilon,result,runtime
0.265,sat,0.8646981716156006
0.133,sat,1.2122328281402588
0.131,sat,1.0292198657989502
0.065,sat,1.1025583744049072
0.031,unsat,0.726750373840332
0.063,sat,2.757281541824341
0.045,unsat,113.11855554580688
0.055,sat,32.105764627456665
0.047,unsat,277.80384254455566
0.049,unsat,959.6061050891876
0.053000000000000005,sat,37.7356379032135
0.051000000000000004,unsat,1174.7966651916504
