epsilon,result,runtime
0.265,sat,1.2632100582122803
0.133,sat,1.3251781463623047
0.131,sat,0.25974273681640625
0.065,sat,0.47075986862182617
0.063,sat,0.7781040668487549
0.031,sat,0.8565876483917236
0.013000000000000001,unsat,0.7429459095001221
0.021,unsat,0.7423076629638672
0.025,unsat,32.673540115356445
0.027000000000000003,unsat,142.5910758972168
0.029,unsat,202.56580305099487
