epsilon,result,runtime
0.265,sat,16.26458239555359
0.133,sat,17.626241207122803
0.065,sat,0.935948371887207
0.131,cancelled,5.324263572692871
0.021,unsat,2.8688206672668457
0.041,unsat,352.624959230423
0.053000000000000005,sat,18.609798908233643
0.047,sat,37.44996976852417
0.045,sat,42.38717031478882
0.043000000000000003,unsat,471.056738615036
