epsilon,result,runtime
0.133,sat,0.8260033130645752
0.265,cancelled,3.679245710372925
0.08700000000000001,sat,0.9895496368408203
0.043000000000000003,sat,1.2891442775726318
0.019000000000000003,unsat,0.7215912342071533
0.041,sat,1.1441960334777832
0.029,unsat,12.920729637145996
0.031,unsat,18.86982560157776
0.035,unsat,177.46992254257202
0.039,sat,8.32989501953125
0.037000000000000005,unsat,214.6558976173401
