epsilon,result,runtime
0.133,sat,1.2637050151824951
0.265,cancelled,4.259694576263428
0.043000000000000003,sat,1.3743107318878174
0.08700000000000001,cancelled,4.02026891708374
0.013000000000000001,unsat,0.41490745544433594
0.027000000000000003,sat,2.1013712882995605
0.029,cancelled,1.7313685417175293
0.017,unsat,2.8195459842681885
0.021,unsat,62.345770835876465
0.023,unsat,105.88235259056091
0.025,unsat,76.12829804420471
