epsilon,result,runtime
0.133,sat,1.3672711849212646
0.265,cancelled,4.5010223388671875
0.043000000000000003,sat,1.410090446472168
0.08700000000000001,cancelled,4.577640056610107
0.013000000000000001,unsat,1.1418163776397705
0.027000000000000003,unsat,1.1938896179199219
0.029,unsat,1.169203758239746
0.035,unsat,34.37588310241699
0.037000000000000005,unsat,66.52314352989197
0.041,sat,0.931743860244751
0.039,unsat,49.32484006881714
