epsilon,result,runtime
0.265,sat,0.9196610450744629
0.133,sat,1.235363483428955
0.131,sat,0.7730081081390381
0.065,sat,0.8031144142150879
0.031,unsat,0.7225196361541748
0.063,sat,2.5379512310028076
0.047,sat,5.1649065017700195
0.037000000000000005,unsat,0.7241928577423096
0.045,unsat,7.863209247589111
0.041,cancelled,0.4917111396789551
