epsilon,result,runtime
0.265,sat,0.6473925113677979
0.133,sat,0.7709004878997803
0.131,sat,0.7234642505645752
0.065,sat,0.940270185470581
0.063,sat,1.1837122440338135
0.029,unsat,11.801493883132935
0.047,sat,0.9244325160980225
0.031,unsat,37.826149225234985
0.039,sat,125.42987155914307
0.033,unsat,80.27465415000916
0.037000000000000005,unsat,230.7852349281311
0.035,cancelled,38.377975940704346
