epsilon,result,runtime
0.133,sat,0.7487339973449707
0.265,cancelled,3.385877847671509
0.08700000000000001,sat,1.4166302680969238
0.043000000000000003,sat,27.8666410446167
0.019000000000000003,unsat,0.6998410224914551
0.029,unsat,11.359904050827026
0.035,unsat,129.78728866577148
0.041,sat,402.7677686214447
0.037000000000000005,unsat,1357.2394149303436
0.039,unsat,1299.571950674057
