epsilon,result,runtime
0.265,sat,0.7772529125213623
0.133,sat,1.121572732925415
0.131,sat,0.8554744720458984
0.065,sat,1.076951265335083
0.063,sat,0.449613094329834
0.031,unsat,6.240386486053467
0.029,cancelled,6.244527339935303
0.051000000000000004,sat,2.3612000942230225
0.039,unsat,86.94284796714783
0.045,sat,0.8098640441894531
0.041,unsat,158.6609513759613
0.043000000000000003,unsat,98.38916540145874
