epsilon,result,runtime
0.133,sat,1.3811838626861572
0.265,cancelled,4.2602927684783936
0.08700000000000001,sat,1.1219980716705322
0.043000000000000003,sat,1.3313112258911133
0.019000000000000003,unsat,0.7713510990142822
0.041,sat,1.1636085510253906
0.029,unsat,49.10413646697998
0.035,sat,1.2554268836975098
0.031,unsat,57.04120874404907
0.033,sat,3.645540475845337
