epsilon,result,runtime
0.265,sat,9.632098913192749
0.133,sat,11.550309658050537
0.131,sat,3.1420562267303467
0.065,sat,2.8010168075561523
0.063,sat,0.5150272846221924
0.031,sat,0.5458922386169434
0.029,sat,0.4011116027832031
0.013000000000000001,unsat,0.48454952239990234
0.015,unsat,0.7980551719665527
0.023,sat,0.9003527164459229
0.017,unsat,9.286407947540283
0.019000000000000003,unsat,22.626667022705078
0.021,unsat,48.411192893981934
