epsilon,result,runtime
0.265,sat,1.3578007221221924
0.133,sat,1.61057448387146
0.131,sat,10.88731861114502
0.065,unsat,127.90766954421997
0.063,cancelled,117.38151121139526
0.08700000000000001,sat,2.2868242263793945
0.107,cancelled,5.384560585021973
0.107,sat,2.2997610569000244
0.079,unsat,3552.073123216629
0.07300000000000001,cancelled,3555.1273469924927
0.081,unsat,3513.0778181552887
0.085,sat,1.4547958374023438
0.083,unsat,3521.6263978481293
