epsilon,result,runtime
0.265,sat,1.425288200378418
0.133,sat,1.4247841835021973
0.065,sat,1.3157744407653809
0.131,cancelled,4.04401421546936
0.021,unsat,0.7154622077941895
0.041,sat,1.0976853370666504
0.043000000000000003,cancelled,0.3171536922454834
0.027000000000000003,unsat,26.359776258468628
0.033,unsat,512.3303937911987
0.037000000000000005,sat,18.66960573196411
0.035,unsat,603.9698867797852
