epsilon,result,runtime
0.265,sat,1.3714585304260254
0.133,sat,1.982086181640625
0.131,sat,1.897749423980713
0.065,sat,1.901656150817871
0.063,sat,1.6351895332336426
0.029,unsat,4.598844528198242
0.047,sat,2.0732667446136475
0.031,unsat,46.043766498565674
0.039,sat,95.40577030181885
0.037000000000000005,unsat,67.28938746452332
0.033,cancelled,4.461629867553711
