epsilon,result,runtime
0.265,sat,1.1689047813415527
0.133,sat,1.55086088180542
0.131,sat,1.7735168933868408
0.065,sat,1.8165531158447266
0.063,sat,1.692021131515503
0.029,unsat,3.9275472164154053
0.047,sat,6.404922246932983
0.031,unsat,21.069581270217896
0.037000000000000005,unsat,69.44648885726929
0.039,unsat,201.23861718177795
0.041,unsat,651.2513885498047
0.045,sat,4.83138632774353
0.043000000000000003,unsat,1292.599916934967
