epsilon,result,runtime
0.133,sat,1.366804838180542
0.265,cancelled,4.109352111816406
0.08700000000000001,sat,1.3076105117797852
0.043000000000000003,sat,2.483774423599243
0.041,sat,0.2652442455291748
0.019000000000000003,unsat,0.44748353958129883
0.021,unsat,0.40317749977111816
0.029,unsat,33.903329610824585
0.031,unsat,41.96359610557556
0.035,sat,3.062009811401367
0.037000000000000005,cancelled,0.4455580711364746
0.033,sat,3.7290115356445312
