epsilon,result,runtime
0.265,sat,0.8975365161895752
0.133,sat,1.2551665306091309
0.131,sat,0.6905264854431152
0.065,sat,0.763068675994873
0.063,sat,0.8264861106872559
0.029,unsat,15.217883348464966
0.031,unsat,20.08364772796631
0.047,sat,0.6733922958374023
0.045,sat,0.7924797534942627
0.037000000000000005,unsat,1972.2433400154114
0.041,sat,23.44972252845764
0.039,unsat,3512.755660533905
