epsilon,result,runtime
0.265,sat,0.8451716899871826
0.133,sat,1.1891639232635498
0.131,sat,1.0049986839294434
0.065,sat,1.005800485610962
0.063,sat,1.250901460647583
0.031,sat,0.9489035606384277
0.029,sat,1.3563110828399658
0.013000000000000001,sat,3.630970001220703
0.015,cancelled,2.2802743911743164
0.003,unsat,0.40076470375061035
0.007,unsat,0.7827279567718506
0.009000000000000001,unsat,48.58540654182434
0.011,unsat,49.478591442108154
