epsilon,result,runtime
0.133,sat,1.2708866596221924
0.265,cancelled,4.270066976547241
0.043000000000000003,sat,0.9115986824035645
0.08700000000000001,cancelled,3.6475131511688232
0.013000000000000001,unsat,0.6704332828521729
0.027000000000000003,unsat,0.7244176864624023
0.029,unsat,0.7315702438354492
0.035,unsat,16.75374674797058
0.037000000000000005,unsat,115.47112798690796
0.039,unsat,906.1869888305664
0.041,unsat,975.2376506328583
