epsilon,result,runtime
0.265,sat,8.516996622085571
0.133,sat,21.521706104278564
0.131,sat,12.038806676864624
0.063,sat,12.834048986434937
0.065,cancelled,18.66897201538086
0.021,unsat,1.113966464996338
0.041,unsat,48.65450739860535
0.053000000000000005,sat,8.969435930252075
0.043000000000000003,unsat,60.95444440841675
0.049,sat,29.455913305282593
0.047,unsat,238.3260223865509
0.045,cancelled,205.2527093887329
