epsilon,result,runtime
0.133,sat,1.4183669090270996
0.265,cancelled,4.103379249572754
0.043000000000000003,sat,1.36348557472229
0.08700000000000001,cancelled,4.061351537704468
0.08700000000000001,sat,1.352562665939331
0.013000000000000001,unsat,0.6075851917266846
0.027000000000000003,sat,0.7663049697875977
0.029,cancelled,0.15065813064575195
0.021,unsat,1.1055917739868164
0.017,cancelled,3.7633583545684814
0.025,sat,0.9100658893585205
0.023,unsat,2.940126657485962
