epsilon,result,runtime
0.265,sat,0.7326006889343262
0.133,sat,0.7519800662994385
0.131,sat,0.7466368675231934
0.065,sat,1.1249055862426758
0.063,sat,0.743741512298584
0.031,unsat,41.513554096221924
0.029,cancelled,41.23632788658142
0.041,sat,0.8314797878265381
0.051000000000000004,cancelled,3.5931289196014404
0.035,sat,0.8136348724365234
0.037000000000000005,cancelled,3.533186912536621
0.033,sat,1.4064602851867676
