epsilon,result,runtime
0.133,sat,7.841806888580322
0.265,cancelled,10.70807409286499
0.043000000000000003,unsat,0.6450953483581543
0.089,sat,9.236268520355225
0.065,unsat,45.059590578079224
0.08700000000000001,sat,323.06370735168457
0.075,unsat,1684.967092514038
0.077,unsat,2871.7781176567078
0.081,unsat,3499.98331284523
0.083,unsat,3547.7581803798676
0.085,unsat,3565.1832921504974
