epsilon,result,runtime
0.265,sat,0.8851830959320068
0.133,sat,1.2093632221221924
0.131,sat,0.7530574798583984
0.065,sat,0.9946029186248779
0.063,sat,0.49141955375671387
0.031,unsat,0.43897533416748047
0.029,cancelled,0.7121710777282715
0.051000000000000004,sat,8.219160795211792
0.041,unsat,17.469833850860596
0.039,cancelled,9.3435640335083
0.045,unsat,516.6542150974274
0.047,unsat,768.4982607364655
0.049,unsat,380.02022552490234
