epsilon,result,runtime
0.133,sat,0.8592071533203125
0.265,cancelled,3.6088335514068604
0.08700000000000001,sat,1.2398111820220947
0.043000000000000003,sat,14.781978368759155
0.019000000000000003,unsat,0.7050085067749023
0.029,unsat,14.020732879638672
0.035,unsat,53.730623960494995
0.037000000000000005,unsat,142.3441505432129
0.039,unsat,677.8528497219086
0.041,unsat,964.2411007881165
