epsilon,result,runtime
0.133,sat,1.9176361560821533
0.265,cancelled,5.050086498260498
0.08700000000000001,sat,1.9581189155578613
0.043000000000000003,sat,2.121931314468384
0.019000000000000003,unsat,0.9940674304962158
0.029,unsat,1.020655632019043
0.035,unsat,6.220068693161011
0.037000000000000005,unsat,47.661094427108765
0.039,unsat,59.60887408256531
0.041,unsat,134.16905856132507
