epsilon,result,runtime
0.265,sat,0.9239912033081055
0.133,sat,1.1845450401306152
0.131,sat,0.9135565757751465
0.065,sat,1.0643787384033203
0.063,sat,1.440185308456421
0.029,unsat,23.451300144195557
0.031,unsat,30.495997428894043
0.047,sat,0.703974723815918
0.045,sat,9.911327838897705
0.037000000000000005,unsat,757.9973378181458
0.039,unsat,1678.287341594696
0.041,unsat,3474.079625606537
0.043000000000000003,unsat,3578.2193400859833
