epsilon,result,runtime
0.265,sat,1.2689263820648193
0.133,sat,1.3800709247589111
0.131,sat,1.4275197982788086
0.065,sat,1.4406476020812988
0.063,sat,1.388265609741211
0.029,unsat,37.6914587020874
0.047,sat,11.064757347106934
0.031,unsat,165.96375846862793
0.039,sat,208.85494709014893
0.037000000000000005,unsat,224.6036787033081
0.033,cancelled,125.32422399520874
