epsilon,result,runtime
0.133,sat,0.8568534851074219
0.265,cancelled,3.742457389831543
0.043000000000000003,sat,0.8130805492401123
0.08700000000000001,cancelled,3.5744009017944336
0.013000000000000001,unsat,0.744478702545166
0.027000000000000003,unsat,67.59384393692017
0.035,sat,13.482696771621704
0.029,unsat,159.86067295074463
0.031,unsat,244.01517295837402
0.033,unsat,203.4453523159027
