epsilon,result,runtime
0.265,sat,1.2496721744537354
0.133,sat,1.3520398139953613
0.131,sat,1.385282039642334
0.065,sat,1.3716042041778564
0.063,sat,1.3061237335205078
0.031,sat,1.3046581745147705
0.029,sat,1.2006139755249023
0.013000000000000001,unsat,2.3578643798828125
0.015,sat,0.7038564682006836
0.021,cancelled,2.3468375205993652
