epsilon,result,runtime
0.265,sat,0.9181206226348877
0.133,sat,1.261944055557251
0.131,sat,0.8496100902557373
0.065,sat,1.0732181072235107
0.063,sat,0.8346512317657471
0.031,unsat,0.9084243774414062
0.029,cancelled,0.3874640464782715
0.051000000000000004,sat,1.0329954624176025
0.039,unsat,29.443663358688354
0.041,unsat,34.915371894836426
0.045,sat,28.26661777496338
0.047,cancelled,29.91990327835083
0.043000000000000003,unsat,4.301307678222656
