epsilon,result,runtime
0.133,sat,1.3509838581085205
0.265,cancelled,4.158790588378906
0.265,sat,1.3747563362121582
0.043000000000000003,sat,0.8581376075744629
0.08700000000000001,cancelled,3.6641077995300293
0.013000000000000001,unsat,0.7229351997375488
0.027000000000000003,unsat,0.7076492309570312
0.029,unsat,0.6505258083343506
0.037000000000000005,sat,2.4237685203552246
0.031,unsat,0.649075984954834
0.033,unsat,29.3225200176239
0.035,unsat,62.995991230010986
