epsilon,result,runtime
0.265,sat,0.8827662467956543
0.133,sat,1.24033522605896
0.131,sat,1.2630949020385742
0.065,sat,1.3176672458648682
0.031,sat,0.8874616622924805
0.063,cancelled,3.902076005935669
0.019000000000000003,sat,0.717015266418457
0.009000000000000001,unsat,0.6999866962432861
0.007,cancelled,0.02642512321472168
0.013000000000000001,unsat,5.030086517333984
0.017,sat,0.8633561134338379
0.015,unsat,10.40007734298706
