epsilon,result,runtime
0.265,sat,0.8130619525909424
0.133,sat,1.1697590351104736
0.131,sat,1.096836805343628
0.065,sat,1.1845760345458984
0.063,sat,1.1988937854766846
0.031,sat,1.29750394821167
0.013000000000000001,unsat,0.7498669624328613
0.029,sat,1.1782917976379395
0.021,sat,0.6597919464111328
0.019000000000000003,sat,0.7295002937316895
0.017,sat,0.8841798305511475
0.015,unsat,6.3034751415252686
