epsilon,result,runtime
0.265,sat,1.333545446395874
0.133,sat,1.4114718437194824
0.131,sat,1.4184467792510986
0.065,sat,1.9880847930908203
0.031,sat,1.3681676387786865
0.063,cancelled,4.583490610122681
0.009000000000000001,unsat,0.41048145294189453
0.019000000000000003,unsat,3.7564871311187744
0.025,sat,1.7381787300109863
0.021,unsat,17.576284408569336
0.023,unsat,15.904691219329834
