epsilon,result,runtime
0.265,sat,0.8815934658050537
0.133,sat,1.2429156303405762
0.131,sat,1.0998241901397705
0.065,sat,1.2175569534301758
0.063,sat,0.41144323348999023
0.029,unsat,35.56578230857849
0.047,sat,1.443009614944458
0.039,sat,1.4392414093017578
0.035,sat,131.9645073413849
0.031,unsat,205.36539769172668
0.033,unsat,123.24835968017578
