epsilon,result,runtime
0.265,sat,0.818058967590332
0.133,sat,0.8223831653594971
0.131,sat,0.8173606395721436
0.065,sat,1.0822620391845703
0.063,sat,1.0012598037719727
0.031,sat,0.8098249435424805
0.013000000000000001,unsat,0.7470865249633789
0.021,unsat,2.3070669174194336
0.025,unsat,32.472123861312866
0.027000000000000003,unsat,59.43468976020813
0.029,unsat,108.40253758430481
