epsilon,result,runtime
0.265,sat,0.8840515613555908
0.133,sat,1.147791862487793
0.131,sat,0.9144613742828369
0.065,sat,0.810554027557373
0.063,sat,0.6893219947814941
0.031,unsat,0.6496598720550537
0.029,cancelled,0.21167945861816406
0.051000000000000004,sat,1.1480672359466553
0.041,unsat,3.955904722213745
0.039,cancelled,2.700507879257202
0.045,unsat,22.812194108963013
0.049,sat,0.8708114624023438
0.047,unsat,30.622488498687744
