epsilon,result,runtime
0.265,sat,1.4012064933776855
0.133,sat,1.4111597537994385
0.131,sat,1.3857040405273438
0.065,sat,1.9542288780212402
0.063,sat,1.9152722358703613
0.029,unsat,4.6298651695251465
0.047,sat,2.24222731590271
0.039,sat,2.2981679439544678
0.035,sat,1.4601693153381348
0.033,sat,6.048791408538818
0.031,unsat,51.08004355430603
