epsilon,result,runtime
0.265,sat,0.9124336242675781
0.133,sat,1.2256033420562744
0.131,sat,0.8761835098266602
0.065,sat,1.2017886638641357
0.063,sat,0.4174506664276123
0.031,sat,1.711794376373291
0.029,sat,1.441838026046753
0.013000000000000001,unsat,0.543682336807251
0.015,unsat,0.36476802825927734
0.021,unsat,0.36408352851867676
0.023,unsat,0.45079517364501953
0.025,unsat,0.5157983303070068
0.027000000000000003,unsat,1.0323314666748047
