epsilon,result,runtime
0.265,sat,0.7955152988433838
0.133,sat,1.2135767936706543
0.131,sat,1.2434771060943604
0.065,sat,1.3214268684387207
0.031,unsat,0.797382116317749
0.063,sat,1.1673033237457275
0.045,unsat,3269.4485499858856
0.055,sat,1.2741899490356445
0.051000000000000004,sat,24.87647819519043
0.047,unsat,3519.8032732009888
0.049,unsat,2276.694328069687
