epsilon,result,runtime
0.265,sat,1.2684099674224854
0.133,sat,1.3993096351623535
0.065,sat,0.9075620174407959
0.131,cancelled,3.6749792098999023
0.041,sat,0.7797341346740723
0.021,unsat,1.874816656112671
0.019000000000000003,cancelled,1.1747660636901855
0.027000000000000003,unsat,18.00051212310791
0.035,sat,37.747464418411255
0.033,unsat,112.6557354927063
0.029,cancelled,53.69922661781311
