epsilon,result,runtime
0.265,sat,0.8689565658569336
0.133,sat,0.8753342628479004
0.065,sat,0.7746286392211914
0.131,cancelled,3.440056562423706
0.041,sat,1.394665241241455
0.019000000000000003,unsat,8.13716173171997
0.031,sat,0.8954811096191406
0.021,unsat,67.90333271026611
0.027000000000000003,sat,1.4300448894500732
0.023,unsat,96.0791494846344
0.025,unsat,169.96881747245789
