epsilon,result,runtime
0.265,sat,1.3444099426269531
0.133,sat,1.9806861877441406
0.131,sat,1.684722900390625
0.065,sat,7.5573248863220215
0.063,sat,4.6556315422058105
0.031,unsat,0.19794392585754395
0.029,cancelled,1.5325281620025635
0.041,unsat,12.978686332702637
0.051000000000000004,unsat,1893.8875238895416
0.053000000000000005,unsat,3499.8254024982452
0.057,unsat,3534.4164159297943
0.061,sat,8.272222757339478
0.059000000000000004,unsat,3573.3514404296875
