epsilon,result,runtime
0.133,sat,0.7900896072387695
0.265,cancelled,3.4860785007476807
0.043000000000000003,sat,1.3438479900360107
0.08700000000000001,cancelled,4.035521745681763
0.013000000000000001,unsat,0.5985617637634277
0.027000000000000003,unsat,158.4674654006958
0.035,sat,1.4431631565093994
0.031,sat,28.59416961669922
0.029,unsat,246.63377618789673
