epsilon,result,runtime
0.265,sat,0.8254501819610596
0.133,sat,1.1534080505371094
0.131,sat,1.2971229553222656
0.065,sat,1.3218836784362793
0.031,unsat,0.7214710712432861
0.063,sat,1.1660714149475098
0.047,sat,1.3007256984710693
0.045,sat,1.2853851318359375
0.039,sat,41.900323152542114
0.037000000000000005,unsat,60.70355415344238
0.033,cancelled,18.45464038848877
