epsilon,result,runtime
0.265,sat,14.061259269714355
0.133,sat,68.50704002380371
0.131,sat,104.19010591506958
0.065,unsat,3540.6476213932037
0.063,cancelled,3490.8640847206116
0.08700000000000001,sat,29.694688081741333
0.107,cancelled,33.181851625442505
0.079,sat,882.7483627796173
0.07300000000000001,unsat,3505.171153783798
0.07100000000000001,cancelled,2622.6236572265625
0.075,sat,219.8183877468109
0.077,cancelled,223.1107804775238
