epsilon,result,runtime
0.265,sat,0.8844926357269287
0.133,sat,1.231564998626709
0.131,sat,0.38837504386901855
0.065,sat,0.9490606784820557
0.063,sat,0.6546268463134766
0.031,sat,0.5920186042785645
0.029,sat,0.5540423393249512
0.013000000000000001,unsat,0.5012655258178711
0.015,unsat,0.33478808403015137
0.021,unsat,0.4892892837524414
0.023,unsat,11.064419746398926
0.027000000000000003,sat,0.9711894989013672
0.025,unsat,21.15169644355774
