epsilon,result,runtime
0.265,sat,0.8987710475921631
0.133,sat,1.2325365543365479
0.131,sat,0.8295011520385742
0.065,sat,3.792081356048584
0.031,unsat,0.7577269077301025
0.063,sat,4.405047416687012
0.047,unsat,0.5679745674133301
0.045,cancelled,2.971703290939331
0.053000000000000005,unsat,20.001612901687622
0.057,unsat,151.05122709274292
0.059000000000000004,unsat,1123.5573201179504
0.061,unsat,1133.0800042152405
