epsilon,result,runtime
0.265,sat,0.8011322021484375
0.133,sat,1.2098219394683838
0.131,sat,0.8755626678466797
0.065,sat,0.9647128582000732
0.063,sat,0.9111864566802979
0.031,sat,81.36087369918823
0.013000000000000001,unsat,0.8531315326690674
0.021,unsat,222.06728219985962
0.025,unsat,865.5534565448761
0.029,unsat,3569.614135980606
0.027000000000000003,cancelled,2393.76522564888
