epsilon,result,runtime
0.133,sat,8.50890851020813
0.265,cancelled,11.31162714958191
0.08700000000000001,sat,6.383394718170166
0.043000000000000003,unsat,22.208312034606934
0.041,cancelled,15.848724365234375
0.07100000000000001,sat,9.082858085632324
0.057,unsat,3544.026108980179
0.055,cancelled,3535.0632379055023
0.065,sat,33.229944705963135
0.061,unsat,3505.793979406357
0.059000000000000004,cancelled,3472.781210422516
0.063,sat,27.747126817703247
