epsilon,result,runtime
0.265,sat,0.8425946235656738
0.133,sat,0.848710298538208
0.131,sat,1.3521063327789307
0.065,sat,1.3505859375
0.063,sat,1.3087100982666016
0.029,unsat,3.9689955711364746
0.047,sat,0.9297780990600586
0.031,unsat,14.46280837059021
0.037000000000000005,unsat,84.7169508934021
0.043000000000000003,sat,26.3600172996521
0.041,sat,108.91243124008179
0.039,unsat,233.2903347015381
