epsilon,result,runtime
0.133,sat,1.3798775672912598
0.265,cancelled,4.298971891403198
0.08700000000000001,sat,1.212048053741455
0.043000000000000003,sat,1.370572805404663
0.019000000000000003,unsat,0.7528002262115479
0.041,sat,1.1537587642669678
0.031,unsat,29.604806661605835
0.029,cancelled,32.57868003845215
0.035,unsat,49.25957679748535
0.039,sat,13.738349914550781
0.037000000000000005,unsat,70.5397298336029
