epsilon,result,runtime
0.133,sat,1.3998382091522217
0.265,cancelled,4.404674053192139
0.08700000000000001,sat,1.3886876106262207
0.043000000000000003,sat,1.387669324874878
0.041,sat,1.2903368473052979
0.019000000000000003,unsat,6.3484508991241455
0.031,sat,0.8676836490631104
0.025,sat,0.8772976398468018
0.023,sat,0.9550926685333252
0.021,unsat,16.968348264694214
