epsilon,result,runtime
0.265,sat,0.950005292892456
0.133,sat,1.2062523365020752
0.131,sat,1.1917510032653809
0.065,sat,1.3280515670776367
0.031,unsat,0.7687523365020752
0.063,sat,1.1245877742767334
0.047,sat,1.4678664207458496
0.045,sat,1.4592831134796143
0.037000000000000005,unsat,27.678488731384277
0.041,sat,1.5399699211120605
0.039,unsat,42.14797639846802
