epsilon,result,runtime
0.133,sat,0.7952096462249756
0.265,cancelled,3.8151509761810303
0.08700000000000001,sat,1.4552206993103027
0.041,unsat,529.4896039962769
0.065,sat,1.5610215663909912
0.053000000000000005,sat,1.4024837017059326
0.047,sat,0.9183998107910156
0.045,sat,4.698174953460693
0.043000000000000003,unsat,586.4108502864838
