epsilon,result,runtime
0.265,sat,0.7643017768859863
0.133,sat,1.1416335105895996
0.131,sat,0.9263877868652344
0.065,sat,0.9268279075622559
0.063,sat,0.865192174911499
0.031,unsat,9.716970205307007
0.029,cancelled,9.178367137908936
0.041,sat,0.8559138774871826
0.051000000000000004,cancelled,3.606532573699951
0.037000000000000005,sat,0.8498740196228027
0.035,sat,15.984464168548584
0.033,unsat,19.630157470703125
