epsilon,result,runtime
0.133,sat,0.8796143531799316
0.265,cancelled,3.8489303588867188
0.08700000000000001,sat,1.2670073509216309
0.043000000000000003,sat,1.380610704421997
0.041,sat,0.582472562789917
0.019000000000000003,unsat,0.5825381278991699
0.021,unsat,0.2914092540740967
0.029,unsat,51.57595753669739
0.035,sat,20.814191102981567
0.031,unsat,242.28144884109497
0.033,unsat,226.89408493041992
