epsilon,result,runtime
0.265,sat,0.8832821846008301
0.133,sat,1.198197364807129
0.131,sat,0.3893394470214844
0.065,sat,0.9226846694946289
0.063,sat,0.4757499694824219
0.029,unsat,40.78845572471619
0.031,unsat,45.53785967826843
0.047,sat,1.0084874629974365
0.045,sat,0.5443551540374756
0.037000000000000005,sat,0.4596748352050781
0.039,cancelled,1.5861048698425293
0.035,sat,0.8173189163208008
0.033,unsat,15.376432657241821
