epsilon,result,runtime
0.133,sat,1.3468084335327148
0.265,cancelled,4.0246360301971436
0.08700000000000001,sat,1.3527750968933105
0.041,unsat,27.781758546829224
0.043000000000000003,unsat,33.840723752975464
0.065,sat,0.46640539169311523
0.063,sat,0.6342060565948486
0.053000000000000005,sat,18.51091170310974
0.051000000000000004,sat,79.83407783508301
0.045,unsat,128.03407549858093
0.047,unsat,479.80001187324524
0.049,unsat,328.8752613067627
