epsilon,result,runtime
0.265,sat,0.9524297714233398
0.133,sat,1.1475026607513428
0.131,sat,1.0249009132385254
0.065,sat,1.1702802181243896
0.063,sat,0.8965497016906738
0.031,unsat,14.800108432769775
0.029,cancelled,14.255565166473389
0.041,sat,1.3946118354797363
0.051000000000000004,cancelled,4.5602617263793945
0.035,sat,6.559338808059692
0.037000000000000005,cancelled,9.651407241821289
0.033,unsat,4.42971658706665
