epsilon,result,runtime
0.265,sat,1.417442798614502
0.133,sat,1.9828517436981201
0.131,sat,1.9032907485961914
0.065,sat,1.889197826385498
0.063,sat,2.018606185913086
0.029,unsat,1.1448721885681152
0.031,unsat,11.807334184646606
0.047,sat,1.9445760250091553
0.045,sat,2.1676924228668213
0.039,sat,69.59444427490234
0.033,unsat,80.52403926849365
0.035,unsat,165.90161228179932
0.037000000000000005,unsat,361.8710570335388
