epsilon,result,runtime
0.133,sat,1.3742444515228271
0.265,cancelled,4.324049949645996
0.043000000000000003,sat,1.3728621006011963
0.08700000000000001,cancelled,4.127968072891235
0.08700000000000001,sat,1.352952003479004
0.013000000000000001,unsat,0.7737643718719482
0.027000000000000003,sat,0.8106207847595215
0.029,cancelled,0.03520917892456055
0.021,unsat,0.9575567245483398
0.017,cancelled,3.6447277069091797
0.025,sat,0.862684965133667
0.023,unsat,1.2946445941925049
