epsilon,result,runtime
0.265,sat,0.5893282890319824
0.133,sat,1.0134520530700684
0.131,sat,1.2212131023406982
0.065,sat,1.305953025817871
0.063,sat,0.6058132648468018
0.031,unsat,1.4924445152282715
0.029,cancelled,1.084024429321289
0.041,sat,1.3586523532867432
0.051000000000000004,cancelled,4.136264801025391
0.035,unsat,24.798800945281982
0.037000000000000005,unsat,34.85177779197693
0.039,unsat,13.68393611907959
