epsilon,result,runtime
0.265,sat,0.852736234664917
0.133,sat,1.2075715065002441
0.131,sat,0.8520259857177734
0.065,sat,0.7578184604644775
0.063,sat,0.4307410717010498
0.031,unsat,0.6038413047790527
0.029,cancelled,0.3220815658569336
0.051000000000000004,sat,5.704975843429565
0.039,unsat,92.03397345542908
0.041,unsat,886.0784382820129
0.045,unsat,3493.6362109184265
0.047,timeout,3600
0.049,unsat,2781.271514415741
