epsilon,result,runtime
0.265,sat,8.971800327301025
0.133,sat,22.777932167053223
0.131,sat,11.113061904907227
0.063,unsat,697.4687054157257
0.097,sat,53.0080406665802
0.081,sat,8.230588674545288
0.07300000000000001,sat,25.65822696685791
0.065,unsat,2342.461133480072
0.069,unsat,3484.4804866313934
0.067,cancelled,1939.9380466938019
0.07100000000000001,sat,386.5666081905365
