epsilon,result,runtime
0.265,sat,0.7235088348388672
0.133,sat,1.0832831859588623
0.131,sat,0.6653745174407959
0.065,sat,0.7963588237762451
0.063,sat,0.7096138000488281
0.031,unsat,0.5976755619049072
0.029,cancelled,0.2682373523712158
0.041,unsat,65.89487719535828
0.051000000000000004,unsat,557.9255003929138
0.053000000000000005,unsat,1952.9708302021027
0.059000000000000004,sat,28.189082145690918
0.057,unsat,3588.4950807094574
0.055,cancelled,2096.048116207123
