epsilon,result,runtime
0.133,sat,0.8638889789581299
0.265,cancelled,3.8334786891937256
0.265,sat,0.8443188667297363
0.043000000000000003,sat,1.4022104740142822
0.08700000000000001,cancelled,4.071805477142334
0.013000000000000001,unsat,0.7334175109863281
0.027000000000000003,sat,0.8086926937103271
0.029,cancelled,0.024286270141601562
0.017,unsat,9.886041641235352
0.023,sat,0.9282937049865723
0.019000000000000003,unsat,78.95345425605774
0.021,unsat,96.58193302154541
