epsilon,result,runtime
0.133,sat,0.8017733097076416
0.265,cancelled,3.54956316947937
0.265,sat,0.8323245048522949
0.08700000000000001,sat,1.336500644683838
0.043000000000000003,sat,2.89054274559021
0.019000000000000003,unsat,0.6760640144348145
0.029,unsat,14.794061183929443
0.035,unsat,109.21731495857239
0.037000000000000005,unsat,354.94858050346375
0.041,unsat,1537.4234323501587
0.039,cancelled,1046.9667494297028
