epsilon,result,runtime
0.265,sat,0.8457884788513184
0.133,sat,1.1788766384124756
0.131,sat,1.1805503368377686
0.065,sat,1.1751296520233154
0.063,sat,1.062234878540039
0.029,unsat,26.54048466682434
0.047,sat,1.4648547172546387
0.039,sat,1.4844765663146973
0.035,sat,1.425767183303833
0.033,sat,0.9208705425262451
0.031,unsat,48.31269288063049
