epsilon,result,runtime
0.133,sat,1.1019489765167236
0.265,cancelled,4.261340141296387
0.08700000000000001,sat,1.8206579685211182
0.043000000000000003,sat,31.28626322746277
0.019000000000000003,unsat,0.9847903251647949
0.029,unsat,0.9745895862579346
0.035,unsat,33.7194128036499
0.037000000000000005,unsat,97.66416573524475
0.039,unsat,160.64452719688416
0.041,unsat,1008.2958493232727
