epsilon,result,runtime
0.133,sat,23.685123443603516
0.265,cancelled,27.220584630966187
0.043000000000000003,sat,20.821301460266113
0.08700000000000001,cancelled,24.603628873825073
0.013000000000000001,unsat,0.6330082416534424
0.027000000000000003,unsat,82.45799422264099
0.029,unsat,224.26466751098633
0.037000000000000005,unsat,0.7295403480529785
0.035,cancelled,149.11715054512024
0.041,unsat,1.1721796989440918
0.039,cancelled,3.9998786449432373
0.039,unsat,1.1252391338348389
