epsilon,result,runtime
0.133,sat,0.869605541229248
0.265,cancelled,3.6117701530456543
0.043000000000000003,sat,1.3357341289520264
0.08700000000000001,cancelled,4.0746009349823
0.013000000000000001,unsat,0.6983456611633301
0.027000000000000003,sat,0.7845561504364014
0.029,cancelled,0.14625072479248047
0.017,unsat,3.250274896621704
0.023,sat,0.9739658832550049
0.021,unsat,32.896480083465576
0.019000000000000003,cancelled,25.58290147781372
