epsilon,result,runtime
0.265,sat,1.350083827972412
0.133,sat,1.3704907894134521
0.131,sat,1.2957894802093506
0.065,sat,2.0697062015533447
0.063,sat,0.6503891944885254
0.029,unsat,4.419111728668213
0.031,unsat,9.970478534698486
0.047,sat,0.9721963405609131
0.045,sat,0.844027042388916
0.037000000000000005,unsat,35.58817458152771
0.039,unsat,77.48091077804565
0.041,unsat,224.4220290184021
0.043000000000000003,unsat,226.1395788192749
