epsilon,result,runtime
0.265,sat,0.8791396617889404
0.133,sat,1.1738595962524414
0.131,sat,0.7195379734039307
0.065,sat,1.6095378398895264
0.063,sat,0.6949961185455322
0.031,unsat,0.5003056526184082
0.029,cancelled,0.9901413917541504
0.041,unsat,0.6689281463623047
0.051000000000000004,unsat,47.26268768310547
0.053000000000000005,unsat,299.7189257144928
0.059000000000000004,sat,9.806946039199829
0.055,unsat,310.34734749794006
0.057,unsat,625.1571590900421
