epsilon,result,runtime
0.265,sat,0.772202730178833
0.133,sat,0.7809038162231445
0.131,sat,0.8255918025970459
0.065,sat,0.8424685001373291
0.031,sat,0.8760614395141602
0.063,cancelled,3.636455774307251
0.009000000000000001,unsat,0.7675166130065918
0.019000000000000003,sat,2.5459249019622803
0.021,cancelled,1.7133798599243164
0.013000000000000001,unsat,2.6524126529693604
0.015,unsat,14.272115707397461
0.017,unsat,13.006102561950684
