epsilon,result,runtime
0.133,sat,0.8716182708740234
0.265,cancelled,3.7391884326934814
0.08700000000000001,sat,1.4006214141845703
0.043000000000000003,sat,1.4088058471679688
0.041,sat,0.8193137645721436
0.021,sat,0.8371899127960205
0.009000000000000001,unsat,0.7503995895385742
0.013000000000000001,unsat,0.7487180233001709
0.015,unsat,0.7113635540008545
0.017,unsat,31.47624897956848
0.019000000000000003,unsat,51.325236558914185
