epsilon,result,runtime
0.265,sat,0.7482187747955322
0.133,sat,0.8214795589447021
0.131,sat,0.7959234714508057
0.065,sat,1.1021971702575684
0.063,sat,1.3152320384979248
0.031,unsat,12.045987367630005
0.029,cancelled,10.931610584259033
0.041,sat,2.2297399044036865
0.051000000000000004,cancelled,5.249810695648193
0.035,unsat,1111.2433307170868
0.039,sat,1.3422162532806396
0.037000000000000005,unsat,1787.5644509792328
