epsilon,result,runtime
0.133,sat,12.284509897232056
0.265,cancelled,14.993400573730469
0.043000000000000003,unsat,1.1246380805969238
0.08700000000000001,unsat,1091.9048218727112
0.111,sat,84.0207359790802
0.089,unsat,1931.251558303833
0.099,unsat,3562.699378490448
0.101,unsat,3584.027842283249
0.107,sat,327.04300808906555
0.10500000000000001,unsat,3531.156625032425
0.10300000000000001,cancelled,2424.571796655655
