epsilon,result,runtime
0.265,sat,1.4635052680969238
0.133,sat,1.4635324478149414
0.131,sat,0.8582577705383301
0.065,sat,1.2005858421325684
0.031,sat,0.908972978591919
0.063,cancelled,3.8744704723358154
0.009000000000000001,unsat,0.6314342021942139
0.019000000000000003,unsat,0.6748790740966797
0.021,unsat,0.7053725719451904
0.025,unsat,21.473002433776855
0.027000000000000003,unsat,34.03242087364197
0.029,sat,14.212382555007935
