epsilon,result,runtime
0.265,sat,0.9062182903289795
0.133,sat,1.2000751495361328
0.131,sat,1.3709604740142822
0.065,sat,1.3167927265167236
0.063,sat,1.331763505935669
0.031,unsat,5.067684650421143
0.029,cancelled,3.936439037322998
0.051000000000000004,sat,1.4325318336486816
0.041,sat,18.350951671600342
0.039,sat,16.736083507537842
0.035,unsat,14.643281936645508
0.033,cancelled,15.039665222167969
0.037000000000000005,unsat,4.1331682205200195
