epsilon,result,runtime
0.265,sat,0.8640713691711426
0.133,sat,1.2302391529083252
0.131,sat,0.741581916809082
0.065,sat,0.7478365898132324
0.063,sat,1.0159311294555664
0.031,sat,1.1037614345550537
0.013000000000000001,unsat,0.8302309513092041
0.029,sat,1.6609337329864502
0.021,unsat,0.2660222053527832
0.019000000000000003,cancelled,2.6677775382995605
0.023,unsat,6.6197474002838135
0.025,unsat,45.86409521102905
0.027000000000000003,unsat,38.20996284484863
