epsilon,result,runtime
0.265,sat,4.08493447303772
0.133,sat,6.193336009979248
0.131,sat,2.5790233612060547
0.065,sat,1.4798166751861572
0.063,sat,7.009701490402222
0.029,unsat,46.89552879333496
0.031,unsat,120.6058988571167
0.047,unsat,3472.230502128601
0.045,cancelled,3410.9836823940277
0.057,sat,16.01269769668579
0.053000000000000005,sat,19.912134408950806
0.051000000000000004,unsat,3474.304250717163
0.049,cancelled,3474.243180036545
