epsilon,result,runtime
0.133,sat,36.772716760635376
0.265,cancelled,39.873047828674316
0.08700000000000001,sat,113.29311561584473
0.041,unsat,772.358984708786
0.043000000000000003,unsat,1376.519184589386
0.065,unsat,3481.884870529175
0.063,cancelled,3002.478283882141
0.079,sat,480.530442237854
0.07300000000000001,sat,1191.681100845337
0.07100000000000001,unsat,3546.869940519333
0.067,cancelled,2838.8118669986725
