epsilon,result,runtime
0.265,sat,0.692535400390625
0.133,sat,0.7916417121887207
0.131,sat,0.9011406898498535
0.065,sat,1.2433269023895264
0.063,sat,0.9557287693023682
0.029,unsat,0.680999755859375
0.047,sat,1.5047383308410645
0.031,unsat,11.287360429763794
0.039,sat,0.38587188720703125
0.033,unsat,25.621517181396484
0.035,unsat,73.36707854270935
0.037000000000000005,unsat,124.82988595962524
