epsilon,result,runtime
0.265,sat,0.7594428062438965
0.133,sat,0.81758713722229
0.131,sat,0.7681753635406494
0.065,sat,1.1002440452575684
0.063,sat,0.37479472160339355
0.029,unsat,22.768961191177368
0.047,sat,1.4817063808441162
0.039,sat,4.676955938339233
0.031,unsat,69.19589805603027
0.033,unsat,1122.0151693820953
0.035,timeout,3600
0.037000000000000005,timeout,3600
