epsilon,result,runtime
0.265,sat,2.2617909908294678
0.133,sat,2.2742013931274414
0.131,sat,2.288846015930176
0.063,unsat,300.9948081970215
0.097,sat,2.253713846206665
0.081,sat,2.167954921722412
0.07300000000000001,sat,2.2169511318206787
0.069,sat,2.2243216037750244
0.067,sat,10.914340019226074
0.065,unsat,702.1920802593231
