epsilon,result,runtime
0.265,sat,0.8458921909332275
0.133,sat,1.1272926330566406
0.131,sat,0.9054269790649414
0.065,sat,1.0717546939849854
0.063,sat,0.5069122314453125
0.031,unsat,3528.422929286957
0.029,cancelled,3528.6100454330444
0.041,sat,1.745589017868042
0.051000000000000004,cancelled,4.984534025192261
0.037000000000000005,sat,1.488584280014038
0.035,sat,6.559831142425537
0.033,unsat,3586.677827835083
