epsilon,result,runtime
0.133,sat,1.3639328479766846
0.265,cancelled,4.063868522644043
0.265,sat,1.3702468872070312
0.08700000000000001,sat,1.2851228713989258
0.043000000000000003,sat,1.372835397720337
0.041,sat,1.4825630187988281
0.019000000000000003,unsat,1.8396568298339844
0.021,unsat,5.855286598205566
0.029,unsat,61.90367937088013
0.031,unsat,137.14618301391602
0.037000000000000005,unsat,767.1830093860626
0.035,cancelled,837.1287109851837
0.039,sat,3.6242716312408447
