epsilon,result,runtime
0.133,sat,0.5761091709136963
0.265,cancelled,3.518629789352417
0.043000000000000003,sat,1.3399066925048828
0.08700000000000001,cancelled,4.130918741226196
0.013000000000000001,unsat,0.6674327850341797
0.027000000000000003,unsat,1.840458869934082
0.035,sat,1.4542431831359863
0.029,unsat,8.653120517730713
0.031,unsat,27.944969415664673
0.033,sat,22.23992943763733
