epsilon,result,runtime
0.265,sat,1.8778009414672852
0.133,sat,2.712306261062622
0.131,sat,2.7564799785614014
0.065,sat,2.7424795627593994
0.063,sat,1.9989933967590332
0.029,unsat,1.13437819480896
0.031,unsat,8.848150253295898
0.047,sat,1.6008131504058838
0.045,sat,1.6667070388793945
0.037000000000000005,sat,4.244311571121216
0.039,cancelled,4.905912637710571
0.035,sat,9.897948980331421
0.033,unsat,43.11738085746765
