epsilon,result,runtime
0.265,sat,0.8637232780456543
0.133,sat,1.245995044708252
0.131,sat,0.9909956455230713
0.065,sat,1.1032533645629883
0.063,sat,0.9226963520050049
0.031,unsat,0.7376234531402588
0.029,cancelled,0.14433002471923828
0.051000000000000004,sat,1.2028896808624268
0.041,unsat,2.3572845458984375
0.039,cancelled,1.1485099792480469
0.047,unsat,67.805095911026
0.045,cancelled,70.54878735542297
0.049,unsat,34.02128338813782
