epsilon,result,runtime
0.133,sat,0.8632233142852783
0.265,sat,0.859220027923584
0.265,cancelled,3.7490270137786865
0.08700000000000001,sat,1.2484142780303955
0.043000000000000003,sat,1.3977062702178955
0.019000000000000003,sat,0.8702442646026611
0.041,cancelled,3.700009346008301
0.005,unsat,0.5907127857208252
0.011,unsat,0.6462855339050293
0.013000000000000001,sat,0.8372609615325928
0.015,cancelled,3.379585027694702
