epsilon,result,runtime
0.265,sat,0.8343877792358398
0.133,sat,1.1783955097198486
0.131,sat,0.5288307666778564
0.065,sat,0.9836575984954834
0.063,sat,0.3693845272064209
0.031,unsat,0.5214293003082275
0.029,cancelled,0.9673972129821777
0.051000000000000004,sat,18.35573434829712
0.039,unsat,38.648226499557495
0.041,unsat,345.2186186313629
0.045,unsat,2438.3042874336243
0.049,sat,25.822727918624878
0.047,unsat,3314.9713904857635
