epsilon,result,runtime
0.133,sat,0.5569596290588379
0.265,cancelled,3.587876558303833
0.08700000000000001,sat,0.9204680919647217
0.043000000000000003,sat,1.0692508220672607
0.041,sat,1.3563778400421143
0.019000000000000003,sat,1.8459937572479248
0.021,cancelled,0.4674396514892578
0.011,unsat,0.6998834609985352
0.005,cancelled,3.4841489791870117
0.005,unsat,0.6956372261047363
0.013000000000000001,unsat,16.857253074645996
0.017,sat,6.4391350746154785
0.015,unsat,27.29776668548584
