epsilon,result,runtime
0.265,sat,17.321452140808105
0.133,sat,20.47378945350647
0.131,sat,7.630967140197754
0.065,sat,172.35162472724915
0.031,unsat,27.67875576019287
0.063,sat,232.11825442314148
0.045,unsat,677.6656756401062
0.047,unsat,1190.3707885742188
0.055,unsat,3579.296571493149
0.053000000000000005,cancelled,3106.9494528770447
0.059000000000000004,unsat,3499.403506040573
0.057,cancelled,3503.087519645691
0.061,sat,70.85078454017639
