epsilon,result,runtime
0.133,sat,11.957648754119873
0.265,cancelled,14.729883193969727
0.08700000000000001,sat,23.13197350502014
0.041,unsat,198.54475474357605
0.065,sat,19.771216869354248
0.053000000000000005,sat,15.977544784545898
0.043000000000000003,unsat,456.5349678993225
0.047,unsat,882.2399022579193
0.049,unsat,2219.260639667511
0.051000000000000004,unsat,1811.4780247211456
