epsilon,result,runtime
0.265,sat,0.5977351665496826
0.133,sat,0.7627606391906738
0.131,sat,0.6720151901245117
0.065,sat,0.8972280025482178
0.063,sat,0.3603341579437256
0.031,unsat,1.0920636653900146
0.029,cancelled,1.1700575351715088
0.041,sat,0.9236195087432861
0.051000000000000004,cancelled,3.6723430156707764
0.037000000000000005,sat,0.8575582504272461
0.033,unsat,24.676429510116577
0.035,unsat,32.52515268325806
