epsilon,result,runtime
0.133,sat,7.865131378173828
0.265,cancelled,10.74026608467102
0.08700000000000001,sat,15.996872186660767
0.043000000000000003,unsat,16.22655153274536
0.041,cancelled,0.15805649757385254
0.07100000000000001,sat,11.193529605865479
0.055,unsat,76.98743724822998
0.057,unsat,114.46966338157654
0.063,unsat,1152.0819580554962
0.065,unsat,2942.090879201889
0.069,sat,9.537689208984375
0.067,unsat,3574.10346698761
