epsilon,result,runtime
0.133,sat,20.580753803253174
0.265,cancelled,23.575434923171997
0.043000000000000003,unsat,1.588092565536499
0.08700000000000001,unsat,3456.5445296764374
0.111,sat,11.374551057815552
0.099,sat,12.892876625061035
0.089,unsat,3495.646335363388
0.095,sat,9.775787591934204
0.093,sat,29.355785369873047
0.091,sat,30.13795042037964
