epsilon,result,runtime
0.265,sat,9.008901834487915
0.133,sat,9.363873481750488
0.131,sat,9.006160259246826
0.063,unsat,433.76914072036743
0.097,sat,79.75780272483826
0.081,sat,8.215332269668579
0.07300000000000001,sat,14.85682487487793
0.065,unsat,728.2574779987335
0.067,unsat,1581.1363987922668
0.069,unsat,2746.5001332759857
0.07100000000000001,unsat,3533.269429922104
