epsilon,result,runtime
0.265,sat,1.0946714878082275
0.133,sat,1.5337159633636475
0.131,sat,1.6648755073547363
0.065,sat,14.558404445648193
0.063,sat,11.834702968597412
0.029,unsat,0.9755361080169678
0.031,unsat,13.770911693572998
0.045,unsat,133.4809331893921
0.047,unsat,410.7170343399048
0.053000000000000005,unsat,2849.254868030548
0.059000000000000004,sat,37.65916895866394
0.055,unsat,3415.499038696289
0.057,unsat,3551.4341716766357
