epsilon,result,runtime
0.265,sat,0.8456666469573975
0.133,sat,1.165437936782837
0.131,sat,0.8048539161682129
0.065,sat,0.9014365673065186
0.063,sat,0.781639814376831
0.031,sat,0.8581535816192627
0.029,sat,0.7279880046844482
0.013000000000000001,unsat,0.5805821418762207
0.015,unsat,0.49808645248413086
0.021,unsat,41.04322791099548
0.023,sat,38.95368027687073
0.025,cancelled,1.225426197052002
