epsilon,result,runtime
0.265,sat,1.3658921718597412
0.133,sat,1.382843017578125
0.131,sat,1.4016482830047607
0.065,sat,1.4204204082489014
0.063,sat,1.4030663967132568
0.029,unsat,15.923424243927002
0.031,unsat,20.88812565803528
0.047,sat,0.34068822860717773
0.045,sat,1.6874654293060303
0.037000000000000005,unsat,70.97323656082153
0.039,unsat,112.68143439292908
0.043000000000000003,sat,39.63642716407776
0.041,unsat,101.10989284515381
