epsilon,result,runtime
0.265,sat,2.133512496948242
0.133,sat,2.193004846572876
0.131,sat,1.3293700218200684
0.065,sat,2.2137298583984375
0.063,sat,0.5235590934753418
0.031,unsat,8.210776090621948
0.029,cancelled,8.387003421783447
0.051000000000000004,sat,0.8534114360809326
0.041,sat,0.8557209968566895
0.035,unsat,34.845784187316895
0.039,unsat,61.622910261154175
0.037000000000000005,cancelled,26.724236726760864
