epsilon,result,runtime
0.133,sat,0.8161923885345459
0.265,cancelled,3.5666189193725586
0.265,sat,0.8495016098022461
0.043000000000000003,sat,1.3709545135498047
0.08700000000000001,cancelled,4.030011415481567
0.013000000000000001,unsat,0.6364850997924805
0.027000000000000003,unsat,0.6875100135803223
0.029,unsat,0.5462732315063477
0.035,unsat,23.326794147491455
0.037000000000000005,unsat,38.38839340209961
0.039,unsat,214.1207058429718
0.041,unsat,255.76448702812195
