epsilon,result,runtime
0.265,sat,0.8775069713592529
0.133,sat,1.187743902206421
0.131,sat,0.7172386646270752
0.065,sat,0.8333160877227783
0.063,sat,1.0894289016723633
0.031,unsat,0.7423725128173828
0.029,cancelled,0.0029659271240234375
0.041,unsat,0.9785184860229492
0.051000000000000004,unsat,12.490748643875122
0.057,sat,1.560633897781372
0.053000000000000005,unsat,76.47818636894226
0.055,unsat,79.20747590065002
