epsilon,result,runtime
0.265,sat,0.8338451385498047
0.133,sat,1.1810414791107178
0.131,sat,0.9496200084686279
0.065,sat,1.0738012790679932
0.063,sat,0.30562806129455566
0.031,unsat,0.4991896152496338
0.029,cancelled,0.7602088451385498
0.041,unsat,2.266239881515503
0.053000000000000005,sat,10.67583155632019
0.045,unsat,38.42715549468994
0.047,unsat,90.35801196098328
0.049,unsat,193.343501329422
0.051000000000000004,unsat,363.58373403549194
