epsilon,result,runtime
0.133,sat,0.7791354656219482
0.265,cancelled,3.7734620571136475
0.043000000000000003,sat,1.4811246395111084
0.08700000000000001,cancelled,4.177044153213501
0.08700000000000001,sat,1.4097208976745605
0.013000000000000001,unsat,0.7377357482910156
0.027000000000000003,sat,1.1372361183166504
0.029,cancelled,0.4085123538970947
0.017,unsat,8.22802472114563
0.023,sat,0.8818914890289307
0.019000000000000003,unsat,32.23800992965698
0.021,unsat,56.624526500701904
