epsilon,result,runtime
0.265,sat,1.379328727722168
0.133,sat,1.4378330707550049
0.131,sat,1.368718147277832
0.065,sat,1.4280998706817627
0.031,sat,1.3070995807647705
0.063,cancelled,4.063074350357056
0.009000000000000001,unsat,0.6562457084655762
0.019000000000000003,unsat,0.8234984874725342
0.025,sat,0.881934642791748
0.023,sat,0.8407225608825684
0.021,unsat,6.1324145793914795
