epsilon,result,runtime
0.265,sat,0.8904173374176025
0.133,sat,1.0681047439575195
0.131,sat,1.255110263824463
0.065,sat,1.8990635871887207
0.063,sat,0.848555326461792
0.031,unsat,0.4936542510986328
0.029,cancelled,0.6196727752685547
0.041,unsat,0.6435389518737793
0.051000000000000004,unsat,126.55644011497498
0.057,sat,3.367889404296875
0.055,sat,43.101365089416504
0.053000000000000005,unsat,218.20722126960754
