epsilon,result,runtime
0.265,sat,0.8486711978912354
0.133,sat,1.208085060119629
0.131,sat,1.2273035049438477
0.065,sat,1.3264219760894775
0.063,sat,0.27530884742736816
0.029,unsat,81.46572661399841
0.047,sat,1.3961374759674072
0.039,sat,19.434333562850952
0.035,sat,18.35400938987732
0.031,unsat,151.7680311203003
0.033,sat,26.08733320236206
