epsilon,result,runtime
0.265,sat,0.8566446304321289
0.133,sat,1.2247493267059326
0.131,sat,1.0753974914550781
0.065,sat,1.2388403415679932
0.031,unsat,0.7318711280822754
0.063,sat,1.1529839038848877
0.045,sat,1.3656551837921143
0.047,cancelled,4.168317556381226
0.035,unsat,30.049336433410645
0.041,sat,33.06399488449097
0.037000000000000005,unsat,77.27373909950256
0.039,sat,150.15415501594543
