epsilon,result,runtime
0.265,sat,1.36069917678833
0.133,sat,1.358684778213501
0.131,sat,0.8760888576507568
0.065,sat,1.2300457954406738
0.063,sat,1.0488874912261963
0.031,sat,0.8760249614715576
0.013000000000000001,unsat,0.6653156280517578
0.029,sat,0.8244736194610596
0.021,sat,0.6572351455688477
0.015,unsat,4.838625907897949
0.019000000000000003,sat,9.432057857513428
0.017,unsat,1.8626453876495361
