epsilon,result,runtime
0.133,sat,1.2237741947174072
0.265,cancelled,4.108889102935791
0.043000000000000003,sat,1.2810912132263184
0.08700000000000001,cancelled,4.0577099323272705
0.013000000000000001,sat,0.9537303447723389
0.027000000000000003,cancelled,3.8050899505615234
0.003,unsat,0.45755839347839355
0.007,unsat,0.652008056640625
0.009000000000000001,unsat,0.4383535385131836
0.011,unsat,0.47808003425598145
