epsilon,result,runtime
0.133,sat,21.579218864440918
0.265,cancelled,25.047863483428955
0.08700000000000001,sat,13.16570520401001
0.041,unsat,273.8479483127594
0.065,sat,19.149762392044067
0.043000000000000003,unsat,632.7851047515869
0.053000000000000005,unsat,3515.401027917862
0.059000000000000004,sat,250.8501398563385
0.055,unsat,3525.7699530124664
0.057,unsat,3575.177835702896
