epsilon,result,runtime
0.265,sat,1.3011829853057861
0.133,sat,1.464920997619629
0.065,sat,1.3401539325714111
0.131,cancelled,4.275221586227417
0.021,sat,0.827301025390625
0.041,cancelled,3.55808687210083
0.007,unsat,0.6560025215148926
0.013000000000000001,unsat,4.332424879074097
0.015,unsat,50.99518537521362
0.019000000000000003,sat,0.9402127265930176
0.017,sat,53.41974711418152
