epsilon,result,runtime
0.265,sat,0.8366730213165283
0.133,sat,1.1604397296905518
0.131,sat,0.46228742599487305
0.065,sat,0.5136511325836182
0.063,sat,1.013115644454956
0.031,unsat,15.017147064208984
0.029,cancelled,14.263314485549927
0.051000000000000004,sat,1.8008849620819092
0.039,unsat,3470.3652379512787
0.041,unsat,3475.9199612140656
0.045,sat,0.9531288146972656
0.047,cancelled,3.465510368347168
0.043000000000000003,sat,0.27700209617614746
