epsilon,result,runtime
0.133,sat,0.8133163452148438
0.265,cancelled,3.7958528995513916
0.08700000000000001,sat,1.503244161605835
0.043000000000000003,sat,1.9550318717956543
0.019000000000000003,unsat,0.7440800666809082
0.029,unsat,0.8063976764678955
0.035,unsat,6.4106786251068115
0.041,unsat,17.248153686523438
0.037000000000000005,cancelled,2.727123737335205
