epsilon,result,runtime
0.133,sat,1.4598307609558105
0.265,cancelled,4.2411253452301025
0.265,sat,1.4394893646240234
0.08700000000000001,sat,1.438119649887085
0.043000000000000003,sat,2.098876953125
0.019000000000000003,unsat,0.7698776721954346
0.041,sat,2.7892003059387207
0.029,unsat,24.981984615325928
0.031,unsat,30.992103576660156
0.035,sat,4.566726446151733
0.037000000000000005,cancelled,0.9910204410552979
0.033,sat,1.1885619163513184
