epsilon,result,runtime
0.265,sat,0.7805657386779785
0.133,sat,0.8169827461242676
0.131,sat,0.808182954788208
0.065,sat,1.1740031242370605
0.063,sat,0.541924238204956
0.029,unsat,9.390159606933594
0.047,sat,1.4257876873016357
0.039,sat,1.5441420078277588
0.031,unsat,23.52671241760254
0.033,unsat,151.4702754020691
0.037000000000000005,sat,1.2867672443389893
0.035,unsat,237.21118760108948
