epsilon,result,runtime
0.265,sat,0.8802754878997803
0.133,sat,1.2010712623596191
0.131,sat,1.0084235668182373
0.065,sat,1.1433770656585693
0.063,sat,0.5592000484466553
0.031,sat,0.7856729030609131
0.029,sat,0.7036163806915283
0.013000000000000001,sat,0.7219405174255371
0.015,cancelled,0.24237942695617676
0.003,unsat,1.097050666809082
0.007,unsat,1.006324291229248
0.011,sat,0.8801698684692383
0.009000000000000001,unsat,1.3791701793670654
