epsilon,result,runtime
0.265,sat,0.8178486824035645
0.133,sat,1.1795804500579834
0.131,sat,0.4669005870819092
0.065,sat,0.800084114074707
0.063,sat,0.5104339122772217
0.031,sat,0.8103952407836914
0.029,sat,0.6409757137298584
0.013000000000000001,unsat,0.5247962474822998
0.015,unsat,0.25415992736816406
0.021,sat,0.6089568138122559
0.023,cancelled,1.2306382656097412
0.017,unsat,9.705793142318726
0.019000000000000003,unsat,11.031785726547241
