epsilon,result,runtime
0.133,sat,0.8561322689056396
0.265,cancelled,3.6088624000549316
0.043000000000000003,sat,0.8257498741149902
0.08700000000000001,cancelled,3.534569025039673
0.013000000000000001,unsat,0.7185323238372803
0.027000000000000003,unsat,127.25830960273743
0.035,sat,6.935846328735352
0.029,unsat,999.6572332382202
0.033,sat,43.204909324645996
0.031,unsat,950.6835224628448
