epsilon,result,runtime
0.133,sat,0.7911269664764404
0.265,cancelled,3.5044755935668945
0.08700000000000001,sat,1.3851127624511719
0.043000000000000003,sat,1.4553475379943848
0.019000000000000003,unsat,0.7637546062469482
0.041,sat,1.2286806106567383
0.029,unsat,44.900147438049316
0.035,sat,5.700016498565674
0.033,sat,36.57345128059387
0.031,unsat,96.07799196243286
