epsilon,result,runtime
0.265,sat,0.9027190208435059
0.133,sat,1.1876661777496338
0.131,sat,1.1941514015197754
0.065,sat,1.2830708026885986
0.031,unsat,0.9053430557250977
0.063,sat,1.2280669212341309
0.047,sat,0.8271808624267578
0.037000000000000005,unsat,2.2966597080230713
0.045,sat,26.06305480003357
0.039,unsat,27.649185180664062
0.041,unsat,49.26285266876221
0.043000000000000003,unsat,11.339779615402222
