epsilon,result,runtime
0.133,sat,22.4894380569458
0.265,cancelled,25.191142320632935
0.08700000000000001,sat,39.02591872215271
0.041,unsat,88.52741193771362
0.065,sat,24.857511520385742
0.043000000000000003,unsat,177.7147400379181
0.053000000000000005,unsat,301.3705966472626
0.059000000000000004,sat,129.21753454208374
0.055,unsat,503.63589358329773
0.057,unsat,143.82005548477173
