epsilon,result,runtime
0.265,sat,1.3868887424468994
0.133,sat,2.0049006938934326
0.131,sat,1.8298237323760986
0.065,sat,1.9313669204711914
0.063,sat,1.618248462677002
0.031,sat,1.6514933109283447
0.029,sat,1.0000214576721191
0.015,sat,1.4121754169464111
0.005,unsat,1.0859651565551758
0.013000000000000001,unsat,10.788663387298584
0.009000000000000001,cancelled,0.7863173484802246
