epsilon,result,runtime
0.133,sat,1.4782395362854004
0.265,sat,1.5087158679962158
0.265,cancelled,14.12490725517273
0.08700000000000001,sat,0.7944903373718262
0.041,unsat,99.77771759033203
0.065,sat,1.4986603260040283
0.043000000000000003,unsat,116.96697545051575
0.053000000000000005,sat,0.6739048957824707
0.055,cancelled,1.2132489681243896
0.047,sat,1.2514100074768066
0.049,cancelled,4.544355630874634
0.045,sat,0.5851774215698242
