epsilon,result,runtime
0.133,sat,1.4183070659637451
0.265,cancelled,4.152208089828491
0.265,sat,1.4028067588806152
0.043000000000000003,unsat,0.6138913631439209
0.08700000000000001,sat,1.17771315574646
0.089,cancelled,0.5740525722503662
0.057,unsat,1.0799283981323242
0.07100000000000001,unsat,105.80188632011414
0.079,sat,4.108866214752197
0.07300000000000001,unsat,779.8858523368835
0.075,unsat,1766.14875125885
0.077,unsat,3346.560707807541
