epsilon,result,runtime
0.133,sat,0.7887759208679199
0.265,cancelled,3.7591450214385986
0.08700000000000001,sat,0.8825557231903076
0.043000000000000003,sat,3.3817856311798096
0.019000000000000003,unsat,2.465474843978882
0.041,sat,28.79383659362793
0.029,unsat,130.32692408561707
0.031,unsat,171.70140981674194
0.035,unsat,403.04913425445557
0.037000000000000005,unsat,1312.9592204093933
0.039,unsat,1245.3997840881348
