epsilon,result,runtime
0.265,sat,0.8214244842529297
0.133,sat,1.1375720500946045
0.131,sat,1.3762309551239014
0.063,unsat,499.04109239578247
0.097,sat,1.4429271221160889
0.081,sat,9.535627603530884
0.07300000000000001,sat,18.96104669570923
0.065,unsat,1862.7576804161072
0.069,unsat,3484.5676007270813
0.067,cancelled,2167.071095228195
0.07100000000000001,sat,91.89470076560974
