epsilon,result,runtime
0.265,sat,0.894406795501709
0.133,sat,1.257108449935913
0.131,sat,1.101710319519043
0.065,sat,0.8999614715576172
0.063,sat,0.6826934814453125
0.031,unsat,0.9537580013275146
0.029,cancelled,0.37328124046325684
0.051000000000000004,sat,1.6295521259307861
0.041,sat,22.46874475479126
0.035,unsat,32.64244604110718
0.039,unsat,56.021225929260254
0.037000000000000005,cancelled,2.1519620418548584
