epsilon,result,runtime
0.133,sat,0.7866203784942627
0.265,cancelled,3.8360204696655273
0.265,sat,0.8463401794433594
0.08700000000000001,sat,1.4114971160888672
0.043000000000000003,sat,1.4343914985656738
0.041,sat,1.2645275592803955
0.019000000000000003,unsat,1.5776236057281494
0.031,sat,0.9149844646453857
0.025,sat,0.8233246803283691
0.021,unsat,18.300116777420044
0.023,unsat,14.76991868019104
