epsilon,result,runtime
0.265,sat,0.7948184013366699
0.133,sat,0.8181395530700684
0.131,sat,0.8584413528442383
0.065,sat,1.1499738693237305
0.063,sat,1.237884283065796
0.031,unsat,1.4492161273956299
0.029,cancelled,0.33466053009033203
0.041,sat,0.8861124515533447
0.051000000000000004,cancelled,3.7548999786376953
0.035,sat,0.7620458602905273
0.037000000000000005,cancelled,3.507281541824341
0.033,unsat,5.717656850814819
