epsilon,result,runtime
0.133,sat,1.7436342239379883
0.265,cancelled,5.107463598251343
0.08700000000000001,sat,2.0096163749694824
0.043000000000000003,unsat,4.357363939285278
0.041,cancelled,2.2223117351531982
0.07100000000000001,sat,1.9938933849334717
0.055,unsat,2194.385316848755
0.063,sat,1.774622917175293
0.059000000000000004,sat,2.1416871547698975
0.057,unsat,3562.9459483623505
