epsilon,result,runtime
0.265,sat,0.9316198825836182
0.133,sat,1.2641270160675049
0.131,sat,0.94390869140625
0.065,sat,1.113356590270996
0.063,sat,0.3057434558868408
0.031,unsat,1.3688790798187256
0.029,cancelled,1.5139951705932617
0.051000000000000004,sat,5.464030981063843
0.039,unsat,169.69560885429382
0.041,unsat,881.2553293704987
0.047,sat,4.706331014633179
0.045,unsat,2955.8750734329224
0.043000000000000003,cancelled,2248.368969678879
