epsilon,result,runtime
0.265,sat,0.8240916728973389
0.133,sat,1.1530559062957764
0.131,sat,1.2522592544555664
0.065,sat,1.2814409732818604
0.063,sat,0.8554105758666992
0.029,unsat,21.01164960861206
0.031,unsat,24.637497663497925
0.045,sat,1.443817138671875
0.047,cancelled,4.318001985549927
0.039,sat,25.600502729415894
0.033,unsat,99.6851282119751
0.037000000000000005,sat,20.73090171813965
0.035,unsat,161.5990822315216
