epsilon,result,runtime
0.265,sat,0.8555381298065186
0.133,sat,1.199035882949829
0.131,sat,1.1974906921386719
0.065,sat,1.2295918464660645
0.063,sat,0.5321226119995117
0.031,unsat,21.95676589012146
0.029,cancelled,21.75925040245056
0.051000000000000004,sat,0.9081265926361084
0.039,unsat,873.5585017204285
0.045,sat,25.97427272796631
0.043000000000000003,unsat,575.9610793590546
0.041,cancelled,1488.9151170253754
