epsilon,result,runtime
0.265,sat,0.7967813014984131
0.133,sat,1.0596895217895508
0.131,sat,0.7784380912780762
0.065,sat,1.0926597118377686
0.063,sat,0.6195666790008545
0.031,unsat,0.4831275939941406
0.029,cancelled,0.4934687614440918
0.051000000000000004,sat,1.447068214416504
0.039,unsat,50.35956168174744
0.041,unsat,58.15650820732117
0.045,sat,1.3376708030700684
0.047,cancelled,1.5849218368530273
0.043000000000000003,sat,2.6697781085968018
