epsilon,result,runtime
0.133,sat,0.6169052124023438
0.265,cancelled,3.400527000427246
0.08700000000000001,sat,0.889340877532959
0.043000000000000003,sat,1.2374091148376465
0.041,sat,0.9055428504943848
0.021,sat,0.6496548652648926
0.019000000000000003,unsat,5.749877452850342
0.009000000000000001,cancelled,1.623906135559082
