epsilon,result,runtime
0.265,sat,0.933311939239502
0.133,sat,1.206402063369751
0.065,sat,0.9010214805603027
0.131,cancelled,3.795915365219116
0.041,unsat,0.5801842212677002
0.021,cancelled,3.2383017539978027
0.049,unsat,79.62412929534912
0.055,unsat,261.4259285926819
0.061,sat,0.9789900779724121
0.057,unsat,470.0911386013031
0.059000000000000004,unsat,345.1425054073334
