epsilon,result,runtime
0.133,sat,0.8481502532958984
0.265,cancelled,3.7216200828552246
0.08700000000000001,sat,1.3176841735839844
0.043000000000000003,sat,1.357672929763794
0.019000000000000003,unsat,0.6559171676635742
0.041,sat,5.052974224090576
0.029,unsat,5.352331161499023
0.031,unsat,46.58356857299805
0.037000000000000005,sat,207.19746279716492
0.033,unsat,107.08466911315918
0.035,unsat,369.55783891677856
