epsilon,result,runtime
0.133,sat,0.7029759883880615
0.265,cancelled,3.354743003845215
0.08700000000000001,sat,0.8660058975219727
0.043000000000000003,sat,1.2230939865112305
0.041,sat,0.9455318450927734
0.021,sat,15.079457998275757
0.009000000000000001,unsat,0.6908884048461914
0.019000000000000003,unsat,25.757708311080933
0.013000000000000001,cancelled,2.896304130554199
