epsilon,result,runtime
0.265,sat,0.847984790802002
0.133,sat,1.1660115718841553
0.131,sat,1.2003822326660156
0.065,sat,1.2097642421722412
0.063,sat,0.39566898345947266
0.029,unsat,2.137007713317871
0.031,unsat,7.1144609451293945
0.047,sat,0.6985836029052734
0.045,sat,0.29888176918029785
0.037000000000000005,unsat,1220.7569658756256
0.041,sat,1.4005308151245117
0.039,unsat,3522.855113506317
