epsilon,result,runtime
0.133,sat,0.8565723896026611
0.265,cancelled,3.5689697265625
0.08700000000000001,sat,1.3838531970977783
0.043000000000000003,sat,4.58678674697876
0.041,sat,1.460625171661377
0.019000000000000003,unsat,27.383275985717773
0.021,unsat,56.87931776046753
0.029,unsat,492.34840846061707
0.035,sat,21.490053176879883
0.033,sat,35.855117082595825
0.031,unsat,3090.0930664539337
