epsilon,result,runtime
0.265,sat,0.8414442539215088
0.133,sat,0.8829319477081299
0.131,sat,1.5030887126922607
0.065,sat,1.462477684020996
0.063,sat,1.2085657119750977
0.031,sat,1.3603436946868896
0.029,sat,0.828110933303833
0.013000000000000001,unsat,0.7016494274139404
0.021,sat,4.400362491607666
0.015,unsat,4.695610761642456
0.017,unsat,67.19014978408813
0.019000000000000003,unsat,69.10971999168396
