epsilon,result,runtime
0.265,sat,1.4425976276397705
0.133,sat,1.4110312461853027
0.131,sat,1.3791561126708984
0.065,sat,1.406604528427124
0.063,sat,1.1850841045379639
0.031,unsat,3.081000804901123
0.029,cancelled,1.987645149230957
0.051000000000000004,sat,0.7833373546600342
0.041,sat,1.1473207473754883
0.035,unsat,53.283984899520874
0.037000000000000005,unsat,124.06352353096008
0.039,unsat,211.03731322288513
