epsilon,result,runtime
0.265,sat,125.17361879348755
0.133,sat,158.5565309524536
0.131,sat,53.948108196258545
0.063,unsat,1955.3110899925232
0.097,sat,5.205936670303345
0.081,sat,25.929402112960815
0.07300000000000001,sat,12.035173654556274
0.069,sat,7.542748689651489
0.067,sat,128.50868010520935
0.065,unsat,2201.11039018631
