epsilon,result,runtime
0.265,sat,0.9183750152587891
0.133,sat,1.1818385124206543
0.131,sat,1.3185093402862549
0.065,sat,1.3437395095825195
0.063,sat,0.7580080032348633
0.031,sat,1.0043182373046875
0.013000000000000001,unsat,0.6918103694915771
0.029,sat,1.077908992767334
0.021,sat,8.933714151382446
0.019000000000000003,unsat,12.198838472366333
0.015,cancelled,3.305979013442993
