epsilon,result,runtime
0.265,sat,0.8724055290222168
0.133,sat,1.2306697368621826
0.131,sat,1.1566228866577148
0.065,sat,1.2016422748565674
0.063,sat,0.900092601776123
0.031,sat,0.7923088073730469
0.029,sat,0.8642432689666748
0.013000000000000001,unsat,2.098602056503296
0.021,sat,0.9314579963684082
0.017,sat,0.798067569732666
0.015,unsat,6.624317169189453
