epsilon,result,runtime
0.265,sat,0.8539726734161377
0.133,sat,0.9018363952636719
0.131,sat,0.7260496616363525
0.065,sat,1.0187301635742188
0.063,sat,0.9859821796417236
0.031,unsat,3.059842109680176
0.029,cancelled,2.1454527378082275
0.041,sat,1.3029592037200928
0.051000000000000004,cancelled,4.035423755645752
0.037000000000000005,sat,31.204102754592896
0.033,unsat,46.224698066711426
0.035,unsat,82.68674373626709
