epsilon,result,runtime
0.133,sat,0.7192611694335938
0.265,cancelled,3.436462640762329
0.043000000000000003,sat,1.3491950035095215
0.08700000000000001,cancelled,4.166482925415039
0.013000000000000001,unsat,0.7052550315856934
0.027000000000000003,unsat,1.1589455604553223
0.035,sat,1.4612853527069092
0.029,unsat,13.94973635673523
0.031,unsat,21.842397928237915
0.033,unsat,22.48760461807251
