epsilon,result,runtime
0.265,sat,1.460601806640625
0.133,sat,1.4062004089355469
0.065,unsat,0.6767418384552002
0.131,sat,1.0514981746673584
0.099,sat,5.229015111923218
0.097,sat,7.062835931777954
0.079,unsat,21.31454348564148
0.081,unsat,25.44575595855713
0.08700000000000001,unsat,2324.4119622707367
0.093,sat,12.715524911880493
0.091,sat,14.162697076797485
0.089,unsat,2762.169487953186
