epsilon,result,runtime
0.133,sat,0.7777113914489746
0.265,sat,0.7575778961181641
0.265,cancelled,3.7434756755828857
0.08700000000000001,sat,1.388857364654541
0.043000000000000003,sat,1.413771390914917
0.019000000000000003,unsat,0.7051663398742676
0.041,sat,1.1481037139892578
0.029,unsat,4.2905356884002686
0.035,sat,7.501457452774048
0.031,unsat,16.70230770111084
0.033,unsat,4.046605348587036
