epsilon,result,runtime
0.265,sat,0.6231703758239746
0.133,sat,0.6831634044647217
0.131,sat,0.619394063949585
0.065,sat,0.9379916191101074
0.063,sat,1.1028847694396973
0.031,sat,1.224062442779541
0.013000000000000001,unsat,0.7581231594085693
0.029,sat,1.1865558624267578
0.019000000000000003,unsat,106.44554924964905
0.021,unsat,109.14067125320435
0.025,sat,0.8133699893951416
0.023,sat,0.3609170913696289
