epsilon,result,runtime
0.133,sat,2.2679665088653564
0.265,cancelled,5.685078144073486
0.265,sat,2.318178653717041
0.043000000000000003,sat,2.2463696002960205
0.08700000000000001,cancelled,5.364872217178345
0.013000000000000001,unsat,0.998445987701416
0.027000000000000003,sat,1.1767668724060059
0.029,cancelled,0.46906089782714844
0.021,sat,1.5817394256591797
0.015,unsat,1.151848316192627
0.017,unsat,7.638859510421753
0.019000000000000003,sat,26.918940544128418
