epsilon,result,runtime
0.133,sat,1.4145901203155518
0.265,cancelled,4.703082084655762
0.265,sat,1.404994010925293
0.043000000000000003,sat,2.236952543258667
0.08700000000000001,cancelled,5.179500579833984
0.013000000000000001,unsat,1.1202034950256348
0.027000000000000003,unsat,46.89611530303955
0.029,unsat,44.53500747680664
0.035,sat,0.6367607116699219
0.037000000000000005,cancelled,1.055753469467163
0.033,sat,20.36913776397705
0.031,unsat,27.612982988357544
