epsilon,result,runtime
0.265,sat,1.378483772277832
0.133,sat,1.3621304035186768
0.131,sat,1.3876655101776123
0.065,sat,1.8970797061920166
0.063,sat,1.9589154720306396
0.029,unsat,80.13259196281433
0.031,unsat,89.54222178459167
0.047,sat,1.6524226665496826
0.045,sat,1.5344347953796387
0.037000000000000005,unsat,67.74860334396362
0.039,unsat,130.21453404426575
0.043000000000000003,sat,34.65181255340576
0.041,unsat,102.6449511051178
