epsilon,result,runtime
0.265,sat,1.4132611751556396
0.133,sat,1.4401898384094238
0.131,sat,1.222360372543335
0.065,sat,1.3384957313537598
0.063,sat,1.1940877437591553
0.031,sat,1.5331964492797852
0.029,sat,0.8912878036499023
0.013000000000000001,unsat,0.646662712097168
0.015,unsat,0.5124111175537109
0.021,unsat,50.85044836997986
0.025,sat,1.4375994205474854
0.023,unsat,70.73714327812195
