epsilon,result,runtime
0.133,sat,0.8002605438232422
0.265,cancelled,3.545397996902466
0.08700000000000001,sat,1.3396286964416504
0.041,unsat,76.89293694496155
0.065,sat,1.349921464920044
0.053000000000000005,sat,4.062620162963867
0.047,sat,29.43692922592163
0.043000000000000003,unsat,270.39570593833923
0.045,unsat,202.93009614944458
