epsilon,result,runtime
0.133,sat,1.3742330074310303
0.265,cancelled,4.319052219390869
0.265,sat,1.3722493648529053
0.043000000000000003,sat,1.384723424911499
0.08700000000000001,cancelled,4.088231086730957
0.013000000000000001,unsat,0.736309289932251
0.027000000000000003,sat,0.8010313510894775
0.029,cancelled,0.200822114944458
0.017,unsat,1.1629364490509033
0.021,unsat,1.31608247756958
0.023,sat,0.8652448654174805
0.025,cancelled,3.548450469970703
