epsilon,result,runtime
0.265,sat,1.4314165115356445
0.133,sat,1.978006362915039
0.131,sat,1.8032896518707275
0.065,unsat,3551.7435512542725
0.063,cancelled,3550.7829461097717
0.107,sat,1.4090864658355713
0.08700000000000001,sat,2.847374677658081
0.085,sat,1.418872594833374
0.075,sat,1.816779375076294
0.07300000000000001,sat,5.286739349365234
0.069,sat,9.886085987091064
0.067,sat,4.145939826965332
