epsilon,result,runtime
0.133,sat,0.9125080108642578
0.265,cancelled,3.8127877712249756
0.08700000000000001,sat,1.4011034965515137
0.043000000000000003,sat,1.3615105152130127
0.019000000000000003,sat,1.2771122455596924
0.041,cancelled,3.9313759803771973
0.005,unsat,0.8057522773742676
0.011,unsat,1.5328006744384766
0.015,sat,4.501219034194946
0.013000000000000001,unsat,7.836735010147095
