epsilon,result,runtime
0.265,sat,1.333664894104004
0.133,sat,1.4188590049743652
0.065,sat,0.8713977336883545
0.131,cancelled,3.7189438343048096
0.021,unsat,0.7003252506256104
0.041,sat,1.0643677711486816
0.043000000000000003,cancelled,0.33327627182006836
0.027000000000000003,unsat,5.358898878097534
0.033,unsat,82.19949007034302
0.035,unsat,81.30790042877197
0.039,sat,1.4091980457305908
0.037000000000000005,unsat,13.359707117080688
