epsilon,result,runtime
0.265,sat,1.2829692363739014
0.133,sat,1.3003435134887695
0.131,sat,1.2639014720916748
0.065,sat,1.2692053318023682
0.031,unsat,0.6945810317993164
0.063,sat,1.1373300552368164
0.047,sat,0.5152862071990967
0.045,sat,0.4236488342285156
0.037000000000000005,unsat,0.24761581420898438
0.041,sat,0.8084163665771484
0.039,unsat,8.197129011154175
