epsilon,result,runtime
0.265,sat,0.889937162399292
0.133,sat,1.227092981338501
0.131,sat,0.9103240966796875
0.065,sat,1.184236764907837
0.063,sat,0.73392653465271
0.031,unsat,0.5891256332397461
0.029,cancelled,0.2726731300354004
0.041,unsat,16.64952802658081
0.053000000000000005,sat,30.85153603553772
0.045,unsat,23.96977734565735
0.051000000000000004,unsat,102.13393950462341
0.047,cancelled,24.396182775497437
