epsilon,result,runtime
0.265,sat,1.3383076190948486
0.133,sat,1.3844237327575684
0.131,sat,1.3427953720092773
0.065,sat,1.358858346939087
0.063,sat,1.4129130840301514
0.031,sat,1.3679969310760498
0.029,sat,0.5814094543457031
0.013000000000000001,unsat,0.6882052421569824
0.021,sat,0.905418872833252
0.017,sat,0.934445858001709
0.015,unsat,5.353872776031494
