epsilon,result,runtime
0.265,sat,1.335611343383789
0.133,sat,1.3292627334594727
0.131,sat,0.9298486709594727
0.065,sat,1.0774824619293213
0.063,sat,0.600675106048584
0.031,unsat,0.5015137195587158
0.029,cancelled,0.3490762710571289
0.041,unsat,2.8772106170654297
0.051000000000000004,unsat,80.23201084136963
0.057,sat,40.32082438468933
0.053000000000000005,unsat,499.04017543792725
0.055,unsat,478.38481640815735
