epsilon,result,runtime
0.265,sat,2.3043229579925537
0.133,sat,2.3211584091186523
0.065,sat,2.2285349369049072
0.131,cancelled,5.190542459487915
0.021,unsat,1.0928480625152588
0.043000000000000003,sat,50.69329833984375
0.031,unsat,16.581443548202515
0.035,unsat,166.33371472358704
0.037000000000000005,unsat,142.5295491218567
0.039,unsat,93.61743927001953
0.041,unsat,491.1161766052246
