epsilon,result,runtime
0.265,sat,0.8942911624908447
0.133,sat,1.209226369857788
0.131,sat,0.998560905456543
0.065,sat,2.355557918548584
0.063,sat,0.6566784381866455
0.029,unsat,6.266208171844482
0.031,unsat,8.547943353652954
0.047,sat,0.8513309955596924
0.045,sat,0.9326310157775879
