epsilon,result,runtime
0.265,sat,0.7674336433410645
0.133,sat,1.1249196529388428
0.131,sat,0.8823463916778564
0.065,sat,1.0166091918945312
0.063,sat,5.954028129577637
0.031,unsat,8.519941329956055
0.029,cancelled,2.5385255813598633
0.041,sat,0.8609082698822021
0.051000000000000004,cancelled,3.6798739433288574
0.037000000000000005,sat,18.463234663009644
0.035,unsat,20.44423770904541
0.033,cancelled,1.8636322021484375
