epsilon,result,runtime
0.133,sat,1.3540189266204834
0.265,cancelled,4.17018723487854
0.265,sat,1.3865020275115967
0.08700000000000001,sat,1.3614141941070557
0.043000000000000003,sat,1.4393014907836914
0.041,sat,1.3702318668365479
0.019000000000000003,unsat,4.1450066566467285
0.031,sat,4.316227912902832
0.021,unsat,10.195999145507812
0.025,sat,1.471846342086792
0.027000000000000003,cancelled,1.345400333404541
0.023,unsat,7.623562812805176
