epsilon,result,runtime
0.265,sat,0.6030538082122803
0.133,sat,0.6523654460906982
0.131,sat,0.8873717784881592
0.065,sat,1.2151761054992676
0.031,sat,0.874755859375
0.063,cancelled,3.72841215133667
0.019000000000000003,unsat,0.6446545124053955
0.009000000000000001,cancelled,3.3307044506073
0.009000000000000001,unsat,0.6403121948242188
0.023,unsat,0.7162535190582275
0.025,unsat,20.6472384929657
0.029,sat,0.8876688480377197
0.027000000000000003,unsat,21.423842430114746
