epsilon,result,runtime
0.265,sat,1.429682970046997
0.133,sat,1.4060120582580566
0.131,sat,1.3806641101837158
0.065,sat,2.030039072036743
0.063,sat,1.8277220726013184
0.029,unsat,38.30523920059204
0.047,sat,2.2846291065216064
0.039,sat,2.3151721954345703
0.035,sat,2.2860214710235596
0.033,sat,37.397175788879395
0.031,unsat,157.3115587234497
