epsilon,result,runtime
0.265,sat,0.8889057636260986
0.133,sat,1.2140448093414307
0.131,sat,0.9408750534057617
0.065,sat,1.1061186790466309
0.063,sat,1.1896030902862549
0.031,unsat,0.7397623062133789
0.029,cancelled,0.00623774528503418
0.041,unsat,1.1236047744750977
0.053000000000000005,sat,42.274131536483765
0.051000000000000004,unsat,49.22792911529541
0.045,cancelled,2.869293212890625
