epsilon,result,runtime
0.265,sat,0.7962222099304199
0.133,sat,1.196037769317627
0.131,sat,1.2557098865509033
0.065,sat,1.2952980995178223
0.063,sat,0.7792973518371582
0.031,sat,0.7390496730804443
0.013000000000000001,unsat,0.7798724174499512
0.021,unsat,0.750838041305542
0.029,unsat,4.646834135055542
0.025,cancelled,0.00558781623840332
