epsilon,result,runtime
0.265,sat,0.8976848125457764
0.133,sat,1.255251169204712
0.131,sat,1.0641119480133057
0.065,unsat,3541.3560857772827
0.063,cancelled,3540.639387369156
0.08700000000000001,sat,2.298037528991699
0.107,cancelled,5.779506206512451
0.079,sat,15.334735870361328
0.07300000000000001,sat,24.603859186172485
0.07100000000000001,unsat,3482.663326740265
0.067,cancelled,3477.565001010895
