epsilon,result,runtime
0.133,sat,1.3982350826263428
0.265,cancelled,4.3147687911987305
0.043000000000000003,sat,1.3239185810089111
0.08700000000000001,cancelled,4.000416278839111
0.013000000000000001,unsat,0.7505996227264404
0.027000000000000003,unsat,76.4292573928833
0.035,sat,1.5541856288909912
0.031,sat,1.4584076404571533
0.029,unsat,93.06020402908325
