epsilon,result,runtime
0.265,sat,0.8858242034912109
0.133,sat,1.216383457183838
0.131,sat,1.1300196647644043
0.065,sat,1.2787060737609863
0.063,sat,1.0119352340698242
0.031,unsat,0.7010011672973633
0.029,cancelled,0.1256389617919922
0.041,unsat,1.0036993026733398
0.053000000000000005,sat,0.9303414821624756
0.045,unsat,6.231452465057373
0.047,unsat,18.111042976379395
0.051000000000000004,unsat,48.30443859100342
0.049,cancelled,12.963369607925415
