epsilon,result,runtime
0.133,sat,1.409510850906372
0.265,cancelled,4.835071086883545
0.043000000000000003,unsat,32.29796481132507
0.08700000000000001,sat,43.658180236816406
0.089,cancelled,11.408760786056519
0.057,unsat,358.7613594532013
0.07300000000000001,sat,285.4036717414856
0.07100000000000001,unsat,3476.9027423858643
0.063,cancelled,2829.6696379184723
