epsilon,result,runtime
0.133,sat,1.3567442893981934
0.265,cancelled,4.120758056640625
0.265,sat,1.404480218887329
0.08700000000000001,sat,1.2803065776824951
0.043000000000000003,unsat,1.5649394989013672
0.041,cancelled,0.38397860527038574
0.07100000000000001,sat,1.5066308975219727
0.057,sat,1.5135672092437744
0.055,sat,7.212630748748779
0.049,unsat,10.188711643218994
0.047,cancelled,3.0087013244628906
0.053000000000000005,sat,140.3406310081482
0.051000000000000004,unsat,141.46493482589722
