epsilon,result,runtime
0.265,sat,1.3746039867401123
0.133,sat,1.395557165145874
0.131,sat,1.3979978561401367
0.065,sat,1.3753657341003418
0.031,sat,0.8466053009033203
0.063,cancelled,3.5960841178894043
0.019000000000000003,unsat,0.6977388858795166
0.009000000000000001,cancelled,3.4570212364196777
0.025,sat,22.356268882751465
0.023,unsat,33.31635642051697
0.021,cancelled,10.93826174736023
