epsilon,result,runtime
0.133,sat,1.2767150402069092
0.265,cancelled,5.024156332015991
0.265,sat,1.311809778213501
0.043000000000000003,sat,1.1919589042663574
0.08700000000000001,cancelled,4.747117757797241
0.013000000000000001,unsat,1.0846498012542725
0.029,unsat,3545.635251760483
0.027000000000000003,cancelled,3553.8759751319885
0.033,sat,1.2670071125030518
0.037000000000000005,cancelled,7.703727722167969
0.031,sat,4.575559139251709
