epsilon,result,runtime
0.265,sat,1.3025856018066406
0.133,sat,1.3034517765045166
0.131,sat,1.3381946086883545
0.065,sat,1.9422588348388672
0.063,sat,1.9748716354370117
0.029,unsat,7.729525804519653
0.031,unsat,39.393038511276245
0.047,sat,40.0402295589447
0.037000000000000005,unsat,121.83736658096313
0.041,unsat,285.21878147125244
0.043000000000000003,unsat,1039.5220837593079
0.045,unsat,1519.9295432567596
