epsilon,result,runtime
0.265,sat,1.441222906112671
0.133,sat,1.4379432201385498
0.131,sat,1.3066141605377197
0.065,sat,1.3897578716278076
0.031,unsat,0.7326159477233887
0.063,sat,1.1865053176879883
0.045,unsat,4.201303482055664
0.047,unsat,16.578400373458862
0.055,sat,11.936233758926392
0.049,unsat,50.812631368637085
0.051000000000000004,unsat,155.31234979629517
0.053000000000000005,unsat,305.49066638946533
