epsilon,result,runtime
0.265,sat,2.2605254650115967
0.133,sat,2.208033561706543
0.131,sat,1.8505473136901855
0.063,unsat,142.39250421524048
0.097,sat,1.7416126728057861
0.081,sat,1.8822197914123535
0.07300000000000001,sat,5.011278390884399
0.069,sat,50.648685455322266
0.065,unsat,272.2339577674866
0.067,unsat,910.1394245624542
