epsilon,result,runtime
0.133,sat,1.367379903793335
0.265,cancelled,4.256175994873047
0.265,sat,1.4052770137786865
0.08700000000000001,sat,1.4620041847229004
0.043000000000000003,sat,3.536489486694336
0.041,sat,1.9668257236480713
0.019000000000000003,unsat,1.8372242450714111
0.021,unsat,1.9554998874664307
0.031,sat,12.83625841140747
0.025,unsat,25.857200622558594
0.027000000000000003,unsat,24.25679087638855
0.029,unsat,68.23909664154053
