epsilon,result,runtime
0.265,sat,9.632554769515991
0.133,sat,11.104562044143677
0.131,sat,5.478040933609009
0.065,sat,16.04316234588623
0.063,sat,11.09530520439148
0.031,unsat,0.4278130531311035
0.029,cancelled,1.7565028667449951
0.041,unsat,35.76895093917847
0.051000000000000004,unsat,816.5991909503937
0.053000000000000005,unsat,3284.312979221344
0.057,timeout,3600
0.055,unsat,2030.9579401016235
0.061,sat,79.20566153526306
0.059000000000000004,timeout,3600
