epsilon,result,runtime
0.265,sat,1.2363181114196777
0.133,sat,1.3222148418426514
0.131,sat,1.3450093269348145
0.065,sat,1.300565481185913
0.031,sat,1.390657663345337
0.063,cancelled,4.148850917816162
0.063,sat,1.4615147113800049
0.009000000000000001,unsat,0.7846987247467041
0.019000000000000003,sat,0.8256363868713379
0.021,cancelled,0.018306970596313477
0.015,sat,1.839627981185913
0.011,unsat,0.7519793510437012
0.013000000000000001,unsat,7.101215839385986
