epsilon,result,runtime
0.133,sat,0.8355097770690918
0.265,cancelled,3.5443508625030518
0.043000000000000003,sat,0.9606156349182129
0.08700000000000001,cancelled,3.6745498180389404
0.013000000000000001,unsat,0.4395768642425537
0.027000000000000003,sat,1.1097660064697266
0.029,cancelled,0.6864469051361084
0.017,unsat,0.6266617774963379
0.023,unsat,25.399138689041138
0.021,cancelled,31.56649875640869
0.025,unsat,4.739062070846558
