epsilon,result,runtime
0.265,sat,1.3758008480072021
0.133,sat,1.37807297706604
0.131,sat,1.3056926727294922
0.065,sat,1.8454532623291016
0.063,sat,1.943422555923462
0.031,sat,37.671743869781494
0.013000000000000001,unsat,0.7977902889251709
0.021,unsat,0.7163548469543457
0.025,unsat,22.188306093215942
0.029,sat,66.77077555656433
0.027000000000000003,unsat,3.1185989379882812
