epsilon,result,runtime
0.133,sat,1.311072826385498
0.265,cancelled,4.152165651321411
0.265,sat,1.3177258968353271
0.043000000000000003,sat,0.8932790756225586
0.08700000000000001,cancelled,3.666062593460083
0.013000000000000001,unsat,0.6806700229644775
0.027000000000000003,unsat,18.792045831680298
0.035,sat,0.8958437442779541
0.029,unsat,19.645641803741455
0.033,sat,0.937558650970459
0.031,unsat,9.266928911209106
