epsilon,result,runtime
0.133,sat,2.253735065460205
0.265,cancelled,5.876016139984131
0.265,sat,2.2561235427856445
0.043000000000000003,unsat,1.192917823791504
0.089,sat,1.4010210037231445
0.08700000000000001,sat,8.344635009765625
0.063,unsat,43.41897797584534
0.065,unsat,49.63059210777283
0.075,unsat,2854.2415537834167
0.077,unsat,3558.326559782028
0.081,unsat,3586.708271741867
0.085,sat,27.153696537017822
0.083,unsat,3188.6425569057465
