epsilon,result,runtime
0.265,sat,19.451628923416138
0.133,sat,21.923672437667847
0.065,sat,13.000984191894531
0.131,cancelled,18.665980100631714
0.021,unsat,1.1238210201263428
0.041,unsat,54.86925911903381
0.043000000000000003,unsat,68.13927817344666
0.055,sat,210.4055585861206
0.047,unsat,81.2563865184784
0.049,unsat,141.14372777938843
0.053000000000000005,unsat,535.1633365154266
0.051000000000000004,cancelled,78.86133575439453
