epsilon,result,runtime
0.265,sat,1.428746223449707
0.133,sat,1.4422073364257812
0.065,sat,1.2376573085784912
0.131,cancelled,3.9320623874664307
0.041,sat,1.2387197017669678
0.019000000000000003,unsat,2.7648799419403076
0.021,unsat,7.52598762512207
0.031,sat,0.8176918029785156
0.029,sat,8.405048131942749
0.025,unsat,27.693464756011963
0.023,cancelled,22.079832315444946
0.027000000000000003,unsat,4.318893671035767
