epsilon,result,runtime
0.265,sat,0.8433690071105957
0.133,sat,1.2080833911895752
0.131,sat,1.2235758304595947
0.065,sat,2.661878824234009
0.063,sat,1.3625428676605225
0.031,unsat,0.38144779205322266
0.029,cancelled,0.3552854061126709
0.051000000000000004,sat,23.57866144180298
0.039,unsat,60.03492212295532
0.041,unsat,261.08168935775757
0.045,unsat,2488.6650080680847
0.049,sat,24.723325967788696
0.047,unsat,2863.3365380764008
