epsilon,result,runtime
0.265,sat,2.252305507659912
0.133,sat,2.2953474521636963
0.131,sat,1.3882522583007812
0.065,sat,1.3940470218658447
0.063,sat,1.3397510051727295
0.031,sat,1.4219799041748047
0.013000000000000001,unsat,0.733043909072876
0.029,sat,1.0841906070709229
0.021,unsat,0.421985387802124
0.019000000000000003,cancelled,2.9246315956115723
0.023,unsat,9.998660802841187
0.025,unsat,14.379741668701172
0.027000000000000003,unsat,5.876328468322754
