epsilon,result,runtime
0.265,sat,0.8291840553283691
0.133,sat,1.157984733581543
0.065,sat,0.7765429019927979
0.131,cancelled,3.846674919128418
0.021,unsat,0.7391257286071777
0.041,unsat,41.389293909072876
0.053000000000000005,sat,0.8591766357421875
0.043000000000000003,unsat,194.17927503585815
0.049,sat,1.4672837257385254
0.045,unsat,550.5450143814087
0.047,unsat,743.4156017303467
