epsilon,result,runtime
0.265,sat,1.3061935901641846
0.133,sat,1.3636398315429688
0.131,sat,1.4263110160827637
0.065,unsat,21.038472175598145
0.063,cancelled,19.592448711395264
0.107,sat,2.15299654006958
0.085,unsat,89.34261417388916
0.097,sat,1.428093433380127
0.08700000000000001,unsat,485.6138460636139
0.093,sat,39.408719539642334
0.089,unsat,708.043224811554
0.091,unsat,1164.5602686405182
