epsilon,result,runtime
0.133,sat,0.8465685844421387
0.265,cancelled,3.540240526199341
0.265,sat,0.8655648231506348
0.043000000000000003,sat,1.4107904434204102
0.08700000000000001,cancelled,4.348883390426636
0.013000000000000001,unsat,0.7298271656036377
0.027000000000000003,sat,0.8542835712432861
0.029,cancelled,0.09780478477478027
0.017,unsat,1.0571339130401611
0.021,unsat,1.1331093311309814
0.023,unsat,10.782418251037598
0.025,unsat,14.692464113235474
