epsilon,result,runtime
0.133,sat,1.357795238494873
0.265,cancelled,4.791731595993042
0.08700000000000001,sat,2.314466714859009
0.043000000000000003,sat,16.307476043701172
0.019000000000000003,unsat,1.074143409729004
0.041,sat,51.31951117515564
0.029,unsat,388.4756078720093
0.031,unsat,1089.8304476737976
0.035,unsat,1495.5009064674377
0.039,sat,72.076740026474
0.037000000000000005,unsat,1628.7194366455078
