epsilon,result,runtime
0.133,sat,0.8846089839935303
0.265,cancelled,3.737884283065796
0.265,sat,0.901231050491333
0.08700000000000001,sat,1.352151870727539
0.043000000000000003,sat,1.3394107818603516
0.019000000000000003,unsat,0.7290623188018799
0.041,sat,1.175673484802246
0.031,sat,0.9176723957061768
0.023,unsat,0.6972396373748779
0.025,unsat,0.7682235240936279
0.029,unsat,25.504592180252075
0.027000000000000003,cancelled,16.853349685668945
