epsilon,result,runtime
0.133,sat,1.3099231719970703
0.265,cancelled,4.188237190246582
0.265,sat,1.3733103275299072
0.08700000000000001,sat,1.5268537998199463
0.043000000000000003,unsat,4.281150579452515
0.041,cancelled,2.664546489715576
0.07100000000000001,sat,1.1758663654327393
0.057,sat,5.197063446044922
0.049,unsat,59.51692485809326
0.051000000000000004,unsat,79.77571773529053
0.053000000000000005,unsat,152.75000977516174
0.055,unsat,307.60439443588257
