epsilon,result,runtime
0.265,sat,1.4150266647338867
0.133,sat,1.3642845153808594
0.131,sat,0.6125860214233398
0.065,sat,1.1240477561950684
0.063,sat,0.7971236705780029
0.031,sat,0.6370697021484375
0.029,sat,0.30025720596313477
0.013000000000000001,sat,0.5625433921813965
0.015,cancelled,0.7666358947753906
0.003,unsat,0.7439851760864258
0.007,unsat,0.7310566902160645
0.009000000000000001,unsat,0.7116818428039551
0.011,unsat,1.2201807498931885
