epsilon,result,runtime
0.133,sat,1.8033137321472168
0.265,cancelled,5.78102707862854
0.08700000000000001,sat,2.915339469909668
0.043000000000000003,sat,2.9683094024658203
0.019000000000000003,unsat,1.0718677043914795
0.041,sat,1.7685143947601318
0.031,sat,1.3303186893463135
0.029,sat,1.8377432823181152
0.023,unsat,23.037346124649048
0.025,unsat,55.229628562927246
0.027000000000000003,unsat,101.28198671340942
