epsilon,result,runtime
0.265,sat,23.343456983566284
0.133,sat,24.645290851593018
0.065,sat,98.78218674659729
0.131,cancelled,102.82624506950378
0.041,sat,139.29931831359863
0.021,unsat,254.45360493659973
0.019000000000000003,cancelled,115.03397226333618
0.027000000000000003,unsat,3514.5008356571198
0.033,unsat,3565.7240374088287
0.037000000000000005,sat,28.610580682754517
0.035,sat,120.6098964214325
