epsilon,result,runtime
0.133,sat,1.5003859996795654
0.265,cancelled,4.316821336746216
0.265,sat,1.4358937740325928
0.043000000000000003,sat,0.8098881244659424
0.08700000000000001,cancelled,3.474555015563965
0.013000000000000001,unsat,0.6492393016815186
0.027000000000000003,unsat,2192.9496874809265
0.029,unsat,2304.9730319976807
0.037000000000000005,sat,96.71166586875916
0.035,unsat,298.26461267471313
0.031,cancelled,86.08585977554321
