epsilon,result,runtime
0.265,sat,0.8139526844024658
0.133,sat,1.1916310787200928
0.131,sat,0.8969495296478271
0.065,sat,0.9127163887023926
0.031,unsat,0.8061380386352539
0.063,sat,1.1158642768859863
0.047,sat,1.3908028602600098
0.045,sat,1.3371994495391846
0.037000000000000005,unsat,9.269861221313477
0.039,unsat,25.64996361732483
0.041,unsat,27.683131217956543
0.043000000000000003,unsat,15.069398880004883
