epsilon,result,runtime
0.133,sat,1.3570194244384766
0.265,cancelled,4.054637670516968
0.08700000000000001,sat,1.399824857711792
0.043000000000000003,sat,1.3731396198272705
0.019000000000000003,unsat,0.7067556381225586
0.041,sat,1.18271803855896
0.031,sat,1.5206334590911865
0.023,unsat,0.45112180709838867
0.025,unsat,0.7300169467926025
0.029,unsat,11.280786991119385
0.027000000000000003,cancelled,1.8731281757354736
