epsilon,result,runtime
0.133,sat,1.0861713886260986
0.265,cancelled,3.815617084503174
0.08700000000000001,sat,1.4535229206085205
0.041,unsat,468.01144337654114
0.065,sat,5.723222494125366
0.053000000000000005,sat,46.20498871803284
0.043000000000000003,unsat,877.6667244434357
0.047,unsat,3550.7343575954437
0.051000000000000004,sat,58.399834871292114
0.049,timeout,3600
