epsilon,result,runtime
0.265,sat,0.8753798007965088
0.133,sat,1.196901559829712
0.131,sat,0.8455204963684082
0.065,sat,1.074974775314331
0.063,sat,0.33670783042907715
0.031,sat,3.1513030529022217
0.013000000000000001,unsat,0.7646989822387695
0.029,unsat,6.632850646972656
0.021,cancelled,2.5720980167388916
