epsilon,result,runtime
0.265,sat,1.4259555339813232
0.133,sat,1.968311071395874
0.131,sat,1.964266300201416
0.065,sat,1.8763186931610107
0.063,sat,1.9889862537384033
0.031,sat,1.9853019714355469
0.013000000000000001,unsat,1.1279098987579346
0.029,sat,1.8912899494171143
0.019000000000000003,unsat,16.645793437957764
0.025,sat,1.3711624145507812
0.023,sat,1.4138872623443604
0.021,unsat,53.090221643447876
