epsilon,result,runtime
0.265,sat,1.32100248336792
0.133,sat,1.2923474311828613
0.131,sat,1.3580851554870605
0.065,sat,3.148624897003174
0.063,sat,0.7141613960266113
0.031,unsat,0.32781147956848145
0.029,cancelled,1.0886671543121338
0.041,unsat,17.474452018737793
0.053000000000000005,sat,74.74656414985657
0.045,unsat,155.98121404647827
0.047,unsat,968.4474022388458
0.051000000000000004,unsat,3502.4017219543457
0.049,cancelled,2276.231589317322
