epsilon,result,runtime
0.133,sat,0.8302690982818604
0.265,cancelled,3.5596117973327637
0.265,sat,0.8501219749450684
0.08700000000000001,sat,0.5556676387786865
0.043000000000000003,sat,1.1145062446594238
0.041,sat,0.8727164268493652
0.019000000000000003,unsat,0.6247637271881104
0.031,sat,1.5360212326049805
0.021,unsat,1.977118968963623
0.025,sat,0.9722979068756104
0.027000000000000003,cancelled,3.3693575859069824
0.023,unsat,3.300776481628418
