epsilon,result,runtime
0.265,sat,0.7726385593414307
0.133,sat,1.1052801609039307
0.131,sat,0.877835750579834
0.065,sat,1.056938648223877
0.063,sat,0.6424045562744141
0.031,unsat,0.3945949077606201
0.029,cancelled,0.3205249309539795
0.051000000000000004,sat,1.5389611721038818
0.039,unsat,51.218706130981445
0.045,unsat,126.7655098438263
0.041,cancelled,188.53452229499817
0.049,sat,33.21433186531067
0.047,unsat,174.8971085548401
