epsilon,result,runtime
0.265,sat,0.8388514518737793
0.133,sat,0.8625128269195557
0.065,sat,0.8054919242858887
0.131,cancelled,3.516324043273926
0.131,sat,0.7857162952423096
0.041,sat,0.7801690101623535
0.019000000000000003,unsat,52.20463967323303
0.031,sat,4.895696640014648
0.021,unsat,70.16606140136719
0.025,unsat,350.57819747924805
0.027000000000000003,unsat,480.1614043712616
0.029,sat,174.19996881484985
