epsilon,result,runtime
0.265,sat,0.761437177658081
0.133,sat,0.8369462490081787
0.131,sat,0.6380643844604492
0.065,sat,0.8502295017242432
0.063,sat,0.3248732089996338
0.031,sat,0.41356396675109863
0.029,sat,0.2117609977722168
0.013000000000000001,unsat,0.4931817054748535
0.015,unsat,0.30814361572265625
0.021,unsat,0.48781514167785645
0.023,unsat,0.6763451099395752
0.027000000000000003,sat,0.8523445129394531
0.025,unsat,4.715007781982422
