epsilon,result,runtime
0.133,sat,5.842281818389893
0.265,cancelled,8.795028448104858
0.043000000000000003,unsat,1.1668732166290283
0.08700000000000001,unsat,2247.5415740013123
0.111,sat,69.35657548904419
0.099,sat,12.674005031585693
0.089,timeout,3600
0.093,unsat,3561.2380232810974
0.097,sat,9.56710171699524
0.095,unsat,3571.7414367198944
