epsilon,result,runtime
0.265,sat,0.8346090316772461
0.133,sat,1.1991708278656006
0.131,sat,0.47549939155578613
0.065,sat,0.5817101001739502
0.063,sat,1.162811040878296
0.029,unsat,30.4834041595459
0.031,unsat,34.76549029350281
0.047,sat,0.9647369384765625
0.045,sat,1.0867855548858643
0.039,sat,1.2905073165893555
0.033,unsat,227.9069468975067
0.035,unsat,1194.2400317192078
0.037000000000000005,unsat,1695.1903355121613
