epsilon,result,runtime
0.265,sat,0.8259210586547852
0.133,sat,0.857222318649292
0.131,sat,0.8458657264709473
0.065,sat,1.2029228210449219
0.063,sat,0.680640459060669
0.031,sat,1.0168187618255615
0.013000000000000001,unsat,0.7892055511474609
0.021,unsat,0.7120423316955566
0.025,unsat,0.6975884437561035
0.027000000000000003,unsat,2.540639638900757
0.029,unsat,15.745925188064575
