epsilon,result,runtime
0.133,sat,14.856011152267456
0.265,cancelled,17.8611741065979
0.08700000000000001,sat,30.177748918533325
0.043000000000000003,unsat,47.13922595977783
0.041,cancelled,16.884281635284424
0.057,unsat,976.9084112644196
0.07100000000000001,unsat,3556.4665911197662
0.07300000000000001,unsat,3543.169664144516
0.079,unsat,3558.6388821601868
0.081,unsat,3568.5258893966675
0.085,sat,355.93670773506165
0.083,sat,1809.7943060398102
