epsilon,result,runtime
0.265,sat,1.4179401397705078
0.133,sat,1.3886067867279053
0.131,sat,1.2839550971984863
0.065,sat,1.2599403858184814
0.031,unsat,0.6451320648193359
0.063,sat,3.5753915309906006
0.045,unsat,34.19162440299988
0.047,unsat,39.80965042114258
0.053000000000000005,unsat,244.38989329338074
0.059000000000000004,sat,28.382781744003296
0.055,unsat,1193.6664533615112
0.057,unsat,1058.5676255226135
