epsilon,result,runtime
0.133,sat,0.6558709144592285
0.265,cancelled,3.416724681854248
0.08700000000000001,sat,1.2411508560180664
0.043000000000000003,sat,1.3399906158447266
0.019000000000000003,unsat,0.7696213722229004
0.041,sat,1.1689023971557617
0.029,unsat,23.871691942214966
0.031,unsat,33.856802463531494
0.037000000000000005,sat,5.873161792755127
0.033,unsat,54.284518241882324
0.035,unsat,74.87067413330078
