epsilon,result,runtime
0.133,sat,0.7494065761566162
0.265,cancelled,3.669416666030884
0.043000000000000003,sat,1.4066612720489502
0.08700000000000001,cancelled,4.186064720153809
0.08700000000000001,sat,1.4513907432556152
0.013000000000000001,unsat,0.670311450958252
0.027000000000000003,unsat,5.91489577293396
0.035,sat,24.072091341018677
0.029,unsat,30.74291491508484
0.031,unsat,202.450288772583
0.033,unsat,258.7162971496582
