epsilon,result,runtime
0.265,sat,0.8609609603881836
0.133,sat,1.2147603034973145
0.131,sat,0.6517515182495117
0.065,sat,0.804473876953125
0.063,sat,1.0503642559051514
0.031,sat,1.0246005058288574
0.013000000000000001,unsat,0.7408199310302734
0.021,unsat,0.6727330684661865
0.025,unsat,16.1508207321167
0.029,unsat,27.97199058532715
0.027000000000000003,cancelled,4.577100515365601
