epsilon,result,runtime
0.265,sat,0.8672506809234619
0.133,sat,1.2161669731140137
0.131,sat,0.5035719871520996
0.065,sat,0.7807409763336182
0.063,sat,0.8028788566589355
0.031,sat,0.77325439453125
0.013000000000000001,unsat,0.7218852043151855
0.029,sat,0.8186094760894775
0.021,unsat,0.6205894947052002
0.019000000000000003,cancelled,3.344243049621582
0.023,unsat,0.6353974342346191
0.025,unsat,10.592313528060913
0.027000000000000003,unsat,15.615131855010986
