epsilon,result,runtime
0.133,sat,1.353515386581421
0.265,cancelled,4.310416221618652
0.043000000000000003,unsat,0.6869418621063232
0.08700000000000001,sat,1.0036561489105225
0.089,cancelled,0.42146778106689453
0.07100000000000001,sat,1.25089430809021
0.055,unsat,29.508790254592896
0.057,unsat,51.3919882774353
0.063,unsat,166.44755053520203
0.067,sat,76.7554681301117
0.065,unsat,259.6448996067047
