epsilon,result,runtime
0.133,sat,0.8142578601837158
0.265,cancelled,3.4462382793426514
0.08700000000000001,sat,3.078890562057495
0.043000000000000003,unsat,3548.771790266037
0.041,cancelled,3545.815517425537
0.07100000000000001,sat,1.392383337020874
0.055,unsat,3274.859046936035
0.063,sat,19.40396809577942
0.057,unsat,3549.3001594543457
0.061,sat,175.82211351394653
0.059000000000000004,unsat,1596.044049024582
