epsilon,result,runtime
0.133,sat,1.1665098667144775
0.265,cancelled,3.837386131286621
0.265,sat,1.2660398483276367
0.043000000000000003,sat,1.1863527297973633
0.08700000000000001,cancelled,3.935523271560669
0.08700000000000001,sat,1.2468435764312744
0.027000000000000003,sat,1.3777568340301514
0.013000000000000001,unsat,3.362706422805786
0.011,cancelled,1.9515719413757324
0.017,sat,0.7724776268005371
0.021,cancelled,3.5551958084106445
0.015,sat,0.20555663108825684
