epsilon,result,runtime
0.265,sat,0.8669886589050293
0.133,sat,1.2068815231323242
0.131,sat,1.2703273296356201
0.065,sat,3.2201271057128906
0.031,unsat,0.6453945636749268
0.063,sat,16.98966884613037
0.047,unsat,14.299859285354614
0.045,cancelled,2.881242036819458
0.053000000000000005,unsat,52.168503522872925
0.057,unsat,174.5834677219391
0.059000000000000004,unsat,846.9266424179077
0.061,unsat,1241.9016263484955
