epsilon,result,runtime
0.133,sat,1.2940309047698975
0.265,cancelled,4.206517934799194
0.043000000000000003,sat,0.9189610481262207
0.08700000000000001,cancelled,3.661898612976074
0.013000000000000001,unsat,0.6826493740081787
0.027000000000000003,sat,1.1982147693634033
0.029,cancelled,0.5473568439483643
0.017,unsat,25.624947786331177
0.023,sat,28.576913595199585
0.019000000000000003,unsat,49.25427484512329
0.021,unsat,119.90461754798889
