epsilon,result,runtime
0.265,sat,12.093604326248169
0.133,sat,12.632259130477905
0.131,sat,11.962591886520386
0.063,unsat,172.37768602371216
0.097,sat,11.938487529754639
0.081,sat,12.830699443817139
0.065,unsat,278.27807784080505
0.07300000000000001,sat,184.08908796310425
0.067,unsat,488.26048493385315
0.069,unsat,1237.5086362361908
0.07100000000000001,unsat,1861.9770979881287
