epsilon,result,runtime
0.265,sat,0.8138372898101807
0.133,sat,0.7902593612670898
0.131,sat,0.8942215442657471
0.065,sat,1.240689992904663
0.063,sat,1.1970493793487549
0.031,sat,1.2134807109832764
0.013000000000000001,unsat,0.7590394020080566
0.029,sat,1.0962474346160889
0.021,sat,0.9126379489898682
0.015,unsat,0.6751854419708252
0.017,unsat,0.7798023223876953
0.019000000000000003,unsat,11.345624685287476
