epsilon,result,runtime
0.133,sat,1.1456010341644287
0.265,cancelled,4.096756219863892
0.043000000000000003,sat,0.7973990440368652
0.08700000000000001,cancelled,3.4411871433258057
0.013000000000000001,unsat,0.6893250942230225
0.027000000000000003,unsat,0.6922249794006348
0.029,unsat,0.4611682891845703
0.035,unsat,1.6730263233184814
0.039,sat,20.760043144226074
0.037000000000000005,unsat,22.962334394454956
