epsilon,result,runtime
0.133,sat,1.236274242401123
0.265,cancelled,4.140215635299683
0.043000000000000003,sat,2.2218990325927734
0.08700000000000001,cancelled,5.01514196395874
0.013000000000000001,unsat,0.5255258083343506
0.027000000000000003,unsat,24.534528970718384
0.035,sat,1.2137670516967773
0.031,sat,26.089166164398193
0.029,unsat,55.06236910820007
