epsilon,result,runtime
0.133,sat,0.8867666721343994
0.265,cancelled,3.8991148471832275
0.265,sat,0.8895211219787598
0.08700000000000001,sat,1.278003454208374
0.043000000000000003,sat,1.285998821258545
0.041,sat,1.298813819885254
0.021,sat,1.427196741104126
0.019000000000000003,unsat,6.970394611358643
0.009000000000000001,cancelled,1.4270291328430176
