epsilon,result,runtime
0.133,sat,0.8075740337371826
0.265,cancelled,3.592386245727539
0.08700000000000001,sat,1.445399522781372
0.043000000000000003,sat,1.3971455097198486
0.041,sat,0.9365830421447754
0.019000000000000003,unsat,1.2800686359405518
0.031,sat,1.2849278450012207
0.025,sat,6.788220167160034
0.021,unsat,12.10020399093628
0.023,unsat,5.348925828933716
