epsilon,result,runtime
0.265,sat,0.8279604911804199
0.133,sat,1.1717126369476318
0.131,sat,0.7270710468292236
0.065,sat,1.0331556797027588
0.063,sat,0.303485631942749
0.029,unsat,14.089067220687866
0.047,sat,1.3663344383239746
0.031,unsat,22.886152029037476
0.039,sat,0.34058189392089844
0.037000000000000005,sat,0.6744349002838135
0.035,sat,25.733630657196045
0.033,unsat,32.64917016029358
