epsilon,result,runtime
0.265,sat,23.444164991378784
0.133,sat,38.515610694885254
0.065,sat,9.53637957572937
0.131,cancelled,27.66920518875122
0.021,unsat,0.6802687644958496
0.041,unsat,3.5179083347320557
0.043000000000000003,unsat,9.614530563354492
0.053000000000000005,unsat,42.741190910339355
0.055,unsat,55.59783315658569
0.059000000000000004,unsat,74.73005604743958
0.063,sat,5.673182725906372
0.061,unsat,79.53521466255188
