epsilon,result,runtime
0.265,sat,0.5943500995635986
0.133,sat,0.94891357421875
0.131,sat,0.5291900634765625
0.063,unsat,652.9849936962128
0.097,sat,1.4788017272949219
0.081,sat,1.4191598892211914
0.07300000000000001,sat,1.3791165351867676
0.069,sat,1.4530375003814697
0.067,sat,12.134169578552246
0.065,unsat,779.45561170578
