epsilon,result,runtime
0.133,sat,0.8353514671325684
0.265,cancelled,3.529987096786499
0.265,sat,0.779442310333252
0.08700000000000001,sat,1.3803906440734863
0.043000000000000003,sat,1.3538389205932617
0.019000000000000003,unsat,0.6673953533172607
0.041,sat,3.3816006183624268
0.029,unsat,39.4757764339447
0.031,unsat,109.22542119026184
0.037000000000000005,sat,230.56292605400085
0.033,unsat,348.7685580253601
0.035,unsat,713.1666133403778
