epsilon,result,runtime
0.265,sat,0.8479969501495361
0.133,sat,0.8646314144134521
0.131,sat,0.8866386413574219
0.065,sat,1.236151933670044
0.063,sat,0.9215495586395264
0.029,unsat,65.29274535179138
0.047,sat,1.4009079933166504
0.039,sat,1.493779182434082
0.031,unsat,81.6537275314331
0.035,sat,0.7121269702911377
0.033,sat,0.23911023139953613
