epsilon,result,runtime
0.265,sat,0.8091375827789307
0.133,sat,2.20790433883667
0.131,sat,0.6682262420654297
0.065,sat,0.6532478332519531
0.063,sat,1.311115026473999
0.031,unsat,0.332944393157959
0.029,cancelled,0.3446481227874756
0.041,unsat,12.6292884349823
0.053000000000000005,sat,21.46811556816101
0.045,unsat,79.8915023803711
0.047,unsat,88.33507704734802
0.051000000000000004,unsat,391.95501494407654
0.049,cancelled,180.99354720115662
