epsilon,result,runtime
0.265,sat,0.8688883781433105
0.133,sat,1.2329912185668945
0.131,sat,1.2670514583587646
0.065,sat,3.0686230659484863
0.063,sat,0.47594165802001953
0.031,unsat,0.2296619415283203
0.029,cancelled,1.7772893905639648
0.041,unsat,0.7545680999755859
0.051000000000000004,sat,3.5636565685272217
0.053000000000000005,cancelled,2.6397383213043213
0.045,unsat,12.339719533920288
0.047,unsat,12.8975350856781
0.049,unsat,10.015725374221802
