epsilon,result,runtime
0.265,sat,0.8452708721160889
0.133,sat,0.844184398651123
0.131,sat,0.7652575969696045
0.065,sat,0.8002033233642578
0.063,sat,0.8361034393310547
0.031,sat,1.1488561630249023
0.029,sat,0.9455046653747559
0.013000000000000001,unsat,2.5365796089172363
0.015,unsat,34.77006125450134
0.023,sat,0.9215898513793945
0.021,unsat,52.73594641685486
0.017,cancelled,15.973877191543579
