epsilon,result,runtime
0.265,sat,0.8504831790924072
0.133,sat,1.2201926708221436
0.131,sat,1.1549880504608154
0.065,sat,1.2645857334136963
0.063,sat,0.8629641532897949
0.031,unsat,0.6789178848266602
0.029,cancelled,0.1748826503753662
0.041,unsat,33.2585973739624
0.051000000000000004,unsat,99.2828106880188
0.057,sat,58.31863212585449
0.053000000000000005,unsat,300.6465563774109
0.055,unsat,258.3940751552582
