epsilon,result,runtime
0.265,sat,0.8641388416290283
0.133,sat,1.1903948783874512
0.131,sat,0.8672609329223633
0.065,sat,0.9983758926391602
0.031,unsat,0.7612171173095703
0.063,sat,1.1937987804412842
0.045,unsat,60.623860120773315
0.047,unsat,73.13806438446045
0.055,sat,11.960721492767334
0.049,unsat,371.6243824958801
0.051000000000000004,unsat,954.8861699104309
0.053000000000000005,unsat,1392.4107925891876
