epsilon,result,runtime
0.265,sat,0.81966233253479
0.133,sat,0.836313009262085
0.131,sat,0.7980184555053711
0.065,sat,1.2182564735412598
0.063,sat,0.4795687198638916
0.029,unsat,68.10611844062805
0.047,sat,1.339172124862671
0.039,sat,0.7731952667236328
0.035,sat,0.8473410606384277
0.033,sat,20.032658576965332
0.031,unsat,114.87807059288025
