epsilon,result,runtime
0.133,sat,13.357556343078613
0.265,cancelled,16.134729862213135
0.043000000000000003,unsat,0.6896002292633057
0.08700000000000001,sat,8.405506372451782
0.089,cancelled,7.77269434928894
0.057,unsat,17.244513034820557
0.07100000000000001,unsat,136.91460967063904
0.07300000000000001,unsat,178.36592078208923
0.079,unsat,1678.9205362796783
0.081,unsat,2689.6078431606293
0.083,timeout,3600
0.085,unsat,2919.505274295807
