epsilon,result,runtime
0.133,sat,1.3727202415466309
0.265,cancelled,4.558113098144531
0.08700000000000001,sat,1.3781476020812988
0.043000000000000003,sat,1.9103496074676514
0.041,sat,1.237372636795044
0.019000000000000003,unsat,1.091062068939209
0.021,unsat,1.1533124446868896
0.031,sat,5.537104606628418
0.025,unsat,22.612698554992676
0.027000000000000003,unsat,69.06774544715881
0.029,unsat,98.6250913143158
