epsilon,result,runtime
0.265,sat,0.83089280128479
0.133,sat,0.8316638469696045
0.131,sat,0.8652243614196777
0.065,sat,1.1944148540496826
0.063,sat,0.8231320381164551
0.031,sat,0.8450813293457031
0.029,sat,0.8171596527099609
0.013000000000000001,unsat,0.6356956958770752
0.015,unsat,0.27617883682250977
0.021,unsat,0.48792505264282227
0.023,unsat,0.39060497283935547
0.025,unsat,25.646514177322388
0.027000000000000003,unsat,25.840630769729614
