epsilon,result,runtime
0.265,sat,0.8743889331817627
0.133,sat,1.1782116889953613
0.131,sat,0.4428863525390625
0.065,sat,0.566730260848999
0.063,sat,0.9057362079620361
0.031,sat,0.9030916690826416
0.013000000000000001,unsat,0.7136111259460449
0.029,sat,0.9776947498321533
0.019000000000000003,unsat,0.37300920486450195
0.021,unsat,4.175140619277954
0.025,sat,0.8234672546386719
0.023,sat,0.2548084259033203
