epsilon,result,runtime
0.133,sat,0.8424875736236572
0.265,cancelled,3.749783754348755
0.08700000000000001,sat,1.261138916015625
0.043000000000000003,sat,1.3472201824188232
0.019000000000000003,unsat,0.7022984027862549
0.041,sat,1.1203579902648926
0.031,sat,0.8936755657196045
0.029,sat,3.018458366394043
0.023,unsat,0.26456308364868164
0.025,unsat,0.1792142391204834
0.027000000000000003,unsat,0.743034839630127
