epsilon,result,runtime
0.133,sat,1.1804051399230957
0.265,cancelled,3.89998722076416
0.08700000000000001,sat,1.4203104972839355
0.043000000000000003,unsat,1.805384635925293
0.041,cancelled,0.3678743839263916
0.07100000000000001,sat,1.4007062911987305
0.057,sat,1.9392192363739014
0.055,sat,1.274768352508545
0.047,unsat,58.23291730880737
0.051000000000000004,sat,19.712327241897583
0.049,unsat,88.31939458847046
