epsilon,result,runtime
0.133,sat,0.8335888385772705
0.265,cancelled,3.824756622314453
0.265,sat,0.8722732067108154
0.043000000000000003,sat,1.380420207977295
0.08700000000000001,cancelled,4.125482082366943
0.08700000000000001,sat,1.3252475261688232
0.013000000000000001,unsat,0.7353262901306152
0.029,sat,1.430814504623413
0.019000000000000003,unsat,0.6390931606292725
0.023,unsat,17.830116271972656
0.025,unsat,53.73375129699707
0.027000000000000003,unsat,96.88353109359741
