epsilon,result,runtime
0.133,sat,0.8729174137115479
0.265,cancelled,3.615039110183716
0.265,sat,0.8691143989562988
0.043000000000000003,sat,1.3835687637329102
0.08700000000000001,cancelled,4.0810019969940186
0.013000000000000001,unsat,0.6994740962982178
0.027000000000000003,unsat,34.33407664299011
0.035,sat,0.924109935760498
0.031,sat,1.4081504344940186
0.029,unsat,46.04068207740784
