epsilon,result,runtime
0.133,sat,1.3464503288269043
0.265,cancelled,4.1404643058776855
0.265,sat,1.4394116401672363
0.08700000000000001,sat,1.419191837310791
0.043000000000000003,sat,10.790664672851562
0.019000000000000003,unsat,0.6865329742431641
0.029,unsat,0.7617552280426025
0.035,unsat,0.7341692447662354
0.041,unsat,25.139359951019287
0.037000000000000005,cancelled,7.5420849323272705
