epsilon,result,runtime
0.133,sat,1.339451551437378
0.265,cancelled,5.303678512573242
0.043000000000000003,unsat,0.7417089939117432
0.08700000000000001,unsat,3190.3111634254456
0.111,sat,1.8281245231628418
0.099,sat,13.856769561767578
0.093,sat,13.166203498840332
0.091,sat,13.723907470703125
0.089,timeout,3600
