epsilon,result,runtime
0.133,sat,0.8560059070587158
0.265,cancelled,3.735269546508789
0.265,sat,0.8106870651245117
0.08700000000000001,sat,1.3522627353668213
0.043000000000000003,sat,1.3954737186431885
0.019000000000000003,unsat,0.727489709854126
0.041,sat,1.0002834796905518
0.031,sat,1.4383666515350342
0.029,sat,2.7192800045013428
0.023,unsat,21.201106548309326
0.025,unsat,97.97221302986145
0.027000000000000003,unsat,123.83867812156677
