epsilon,result,runtime
0.265,sat,9.409802913665771
0.133,sat,9.713390827178955
0.131,sat,7.763596296310425
0.065,sat,9.78761911392212
0.031,unsat,20.643390893936157
0.063,sat,30.28982710838318
0.047,sat,165.01450037956238
0.037000000000000005,unsat,171.49350237846375
0.041,unsat,2135.7888462543488
0.045,unsat,3540.2997953891754
0.043000000000000003,cancelled,1068.7712891101837
