epsilon,result,runtime
0.133,sat,1.3433210849761963
0.265,cancelled,4.231496810913086
0.08700000000000001,sat,1.3930854797363281
0.043000000000000003,sat,1.952972412109375
0.041,sat,1.8571820259094238
0.021,sat,10.498250484466553
0.009000000000000001,unsat,1.2157468795776367
0.013000000000000001,unsat,1.2112553119659424
0.015,unsat,11.21517562866211
0.019000000000000003,unsat,150.1596486568451
0.017,cancelled,110.00990557670593
