epsilon,result,runtime
0.265,sat,0.8362796306610107
0.133,sat,0.842616081237793
0.131,sat,0.8549418449401855
0.065,sat,0.8473703861236572
0.063,sat,0.7771966457366943
0.031,sat,1.1094207763671875
0.029,sat,0.5111682415008545
0.013000000000000001,unsat,78.00358963012695
0.021,sat,1.4549264907836914
0.017,sat,0.902890682220459
0.015,unsat,91.45074534416199
