epsilon,result,runtime
0.265,sat,0.838937520980835
0.133,sat,1.1874196529388428
0.131,sat,1.3115506172180176
0.065,sat,3.6146440505981445
0.031,unsat,0.8059952259063721
0.063,sat,4.719319105148315
0.047,unsat,0.7634592056274414
0.045,cancelled,2.4763057231903076
0.053000000000000005,unsat,77.86755776405334
0.057,unsat,731.6905145645142
0.059000000000000004,unsat,2076.043094396591
0.061,unsat,1637.7854900360107
