epsilon,result,runtime
0.133,sat,0.7090833187103271
0.265,cancelled,3.6440038681030273
0.043000000000000003,sat,1.3714373111724854
0.08700000000000001,cancelled,4.07279896736145
0.013000000000000001,unsat,0.7166585922241211
0.029,sat,34.06491804122925
0.019000000000000003,unsat,12.156318187713623
0.023,unsat,37.12628698348999
0.025,unsat,102.49330830574036
0.027000000000000003,unsat,211.33566880226135
