epsilon,result,runtime
0.265,sat,1.376363754272461
0.133,sat,1.9869098663330078
0.131,sat,2.0638365745544434
0.065,sat,2.037877321243286
0.063,sat,2.0454628467559814
0.031,unsat,3.5672130584716797
0.029,cancelled,1.976531982421875
0.051000000000000004,sat,2.338611364364624
0.039,unsat,727.4019651412964
0.045,sat,8.627099514007568
0.043000000000000003,sat,19.349666595458984
0.041,unsat,820.7528872489929
