epsilon,result,runtime
0.265,sat,1.3961453437805176
0.133,sat,1.4152467250823975
0.131,sat,1.4351449012756348
0.065,sat,2.05792236328125
0.063,sat,2.1442480087280273
0.031,sat,2.2001254558563232
0.029,sat,1.2347915172576904
0.013000000000000001,unsat,1.063140869140625
0.015,unsat,0.5939440727233887
0.023,sat,0.9121320247650146
0.017,unsat,9.700123310089111
0.019000000000000003,unsat,38.91601371765137
0.021,unsat,78.28092646598816
