epsilon,result,runtime
0.265,sat,0.8895337581634521
0.133,sat,0.8856375217437744
0.131,sat,0.8563463687896729
0.065,sat,1.1882972717285156
0.063,sat,0.8020732402801514
0.031,sat,0.8245644569396973
0.029,sat,0.3454856872558594
0.013000000000000001,unsat,0.48253345489501953
0.015,unsat,0.37315893173217773
0.021,sat,0.23559141159057617
0.023,cancelled,0.43482351303100586
0.019000000000000003,sat,0.9222836494445801
0.017,unsat,1.264507532119751
