epsilon,result,runtime
0.133,sat,1.3626739978790283
0.265,cancelled,4.496646165847778
0.08700000000000001,sat,1.4211394786834717
0.043000000000000003,sat,1.447103500366211
0.019000000000000003,unsat,0.7576498985290527
0.041,sat,1.1544463634490967
0.029,sat,0.7353184223175049
0.031,cancelled,3.2582318782806396
0.023,unsat,6.765168905258179
0.025,unsat,55.91917014122009
0.027000000000000003,unsat,54.98070240020752
