epsilon,result,runtime
0.133,sat,0.9441311359405518
0.265,cancelled,3.7864739894866943
0.08700000000000001,sat,1.5078492164611816
0.041,unsat,86.53553867340088
0.065,sat,2.813418388366699
0.053000000000000005,sat,30.58820414543152
0.043000000000000003,unsat,376.70012164115906
0.047,unsat,2424.06999874115
0.049,unsat,3499.36914396286
0.051000000000000004,timeout,3600
