epsilon,result,runtime
0.265,sat,1.17421293258667
0.133,sat,1.5541489124298096
0.131,sat,1.649176836013794
0.065,sat,1.674034595489502
0.063,sat,1.599151372909546
0.031,sat,1.5869641304016113
0.013000000000000001,unsat,1.0166890621185303
0.029,sat,1.492577314376831
0.021,sat,1.674201488494873
0.015,unsat,6.531067848205566
0.017,unsat,40.08318305015564
0.019000000000000003,unsat,112.87885451316833
