epsilon,result,runtime
0.133,sat,1.3930690288543701
0.265,cancelled,3.996572494506836
0.043000000000000003,unsat,0.7040290832519531
0.08700000000000001,sat,1.1201777458190918
0.089,cancelled,0.3098933696746826
0.07100000000000001,sat,1.7587904930114746
0.057,sat,1.7315821647644043
0.055,sat,1.1033141613006592
0.049,sat,0.9094059467315674
0.045,unsat,0.7509293556213379
0.047,sat,0.8122086524963379
