epsilon,result,runtime
0.265,sat,1.383906602859497
0.133,sat,1.9761669635772705
0.131,sat,2.0574417114257812
0.065,sat,2.0606141090393066
0.063,sat,2.1010236740112305
0.031,sat,2.1293320655822754
0.013000000000000001,unsat,1.1531245708465576
0.021,unsat,1.1999011039733887
0.025,unsat,1.0759339332580566
0.027000000000000003,unsat,7.726652145385742
0.029,unsat,50.23191165924072
