epsilon,result,runtime
0.265,sat,0.8054354190826416
0.133,sat,0.7336907386779785
0.131,sat,0.857302188873291
0.065,sat,1.1638522148132324
0.063,sat,0.9267904758453369
0.029,unsat,24.352860689163208
0.031,unsat,28.218266010284424
0.047,sat,0.5137195587158203
0.045,sat,0.6103010177612305
0.037000000000000005,sat,0.7224535942077637
0.039,cancelled,3.2477810382843018
0.035,sat,0.8411116600036621
0.033,unsat,7.902011394500732
