epsilon,result,runtime
0.265,sat,8.927923917770386
0.131,sat,16.446929931640625
0.133,cancelled,31.135103940963745
0.085,sat,34.299033880233765
0.041,unsat,79.79800081253052
0.043000000000000003,unsat,162.70899748802185
0.063,sat,44.45769119262695
0.065,cancelled,2.911336898803711
0.055,sat,244.5382378101349
0.049,unsat,722.581417798996
0.047,cancelled,478.04917001724243
0.051000000000000004,unsat,1463.2836196422577
0.053000000000000005,unsat,1573.831708908081
