epsilon,result,runtime
0.265,sat,0.8741679191589355
0.133,sat,1.2439444065093994
0.131,sat,1.3817436695098877
0.065,sat,1.3937859535217285
0.031,unsat,0.6479558944702148
0.063,sat,1.1389634609222412
0.047,unsat,3473.295557975769
0.045,cancelled,3475.658762693405
0.057,sat,2.320150852203369
0.053000000000000005,sat,2.2629594802856445
0.049,sat,7.141047239303589
0.051000000000000004,cancelled,10.459110498428345
