epsilon,result,runtime
0.133,sat,1.3825910091400146
0.265,cancelled,4.353585720062256
0.265,sat,1.443875789642334
0.043000000000000003,sat,1.3768396377563477
0.08700000000000001,cancelled,4.027287483215332
0.013000000000000001,unsat,0.763430118560791
0.027000000000000003,unsat,15.98490047454834
0.035,sat,0.9803674221038818
0.029,unsat,33.141167879104614
0.033,sat,1.4887523651123047
0.031,unsat,38.316975831985474
