epsilon,result,runtime
0.133,sat,1.3021323680877686
0.265,cancelled,4.235946178436279
0.265,sat,1.358419418334961
0.08700000000000001,sat,1.3488664627075195
0.043000000000000003,sat,4.491391181945801
0.019000000000000003,unsat,0.7812387943267822
0.029,unsat,0.7672297954559326
0.035,unsat,102.1486611366272
0.037000000000000005,unsat,160.683002948761
0.039,unsat,504.7447507381439
0.041,unsat,789.8296976089478
