epsilon,result,runtime
0.265,sat,0.8801093101501465
0.133,sat,1.2314174175262451
0.131,sat,0.7932436466217041
0.065,sat,0.8934698104858398
0.063,sat,0.7552580833435059
0.031,unsat,0.6334807872772217
0.029,cancelled,0.12798643112182617
0.051000000000000004,sat,25.569782257080078
0.039,unsat,32.619242668151855
0.041,unsat,64.41068243980408
0.045,sat,17.12992215156555
0.047,cancelled,17.570276975631714
0.043000000000000003,sat,12.588566064834595
