epsilon,result,runtime
0.133,sat,1.1376619338989258
0.265,cancelled,4.124068737030029
0.265,sat,1.159637451171875
0.08700000000000001,sat,0.7658567428588867
0.043000000000000003,sat,1.1072869300842285
0.041,sat,0.5360126495361328
0.019000000000000003,unsat,0.5240898132324219
0.021,unsat,2.425710916519165
0.029,unsat,1371.3824081420898
0.035,sat,25.3491690158844
0.033,sat,60.47870850563049
0.031,unsat,1494.3139543533325
