epsilon,result,runtime
0.133,sat,1.2945365905761719
0.265,cancelled,4.188899517059326
0.043000000000000003,sat,0.8465831279754639
0.08700000000000001,cancelled,3.5560662746429443
0.013000000000000001,unsat,0.7255146503448486
0.027000000000000003,sat,0.8148453235626221
0.029,cancelled,0.04173731803894043
0.021,sat,1.2890973091125488
0.017,sat,1.2905385494232178
0.015,unsat,1.0001862049102783
