epsilon,result,runtime
0.133,sat,1.2209193706512451
0.265,cancelled,4.151367425918579
0.08700000000000001,sat,1.4275684356689453
0.043000000000000003,sat,1.5556433200836182
0.019000000000000003,unsat,0.7262318134307861
0.041,sat,14.88664174079895
0.029,unsat,13.972890138626099
0.035,sat,74.09360408782959
0.031,unsat,78.37146329879761
0.033,unsat,6.198046922683716
