epsilon,result,runtime
0.133,sat,0.9964485168457031
0.265,cancelled,3.984973907470703
0.043000000000000003,sat,0.878154993057251
0.08700000000000001,cancelled,3.589200735092163
0.013000000000000001,unsat,0.7781400680541992
0.027000000000000003,unsat,50.5228545665741
0.035,sat,1.3775036334991455
0.029,unsat,125.08877325057983
0.033,sat,26.366235971450806
0.031,unsat,150.2327697277069
