epsilon,result,runtime
0.265,sat,1.2775599956512451
0.133,sat,1.9109606742858887
0.131,sat,1.530130386352539
0.065,sat,1.6731607913970947
0.063,sat,1.537827730178833
0.031,unsat,0.7457821369171143
0.029,cancelled,1.3912675380706787
0.051000000000000004,sat,1.415212869644165
0.039,unsat,53.7703378200531
0.041,unsat,105.70321750640869
0.045,unsat,206.35644102096558
0.049,sat,1.4465548992156982
0.047,unsat,484.5866529941559
