epsilon,result,runtime
0.265,sat,1.3848729133605957
0.133,sat,1.4341917037963867
0.131,sat,1.2577629089355469
0.065,sat,1.285334587097168
0.063,sat,1.3336949348449707
0.031,unsat,1.5612578392028809
0.029,cancelled,0.3529045581817627
0.051000000000000004,sat,7.311119079589844
0.039,unsat,24.357775688171387
0.041,unsat,53.01522135734558
0.045,unsat,3190.7670307159424
0.049,sat,39.79652762413025
0.047,unsat,3477.391044855118
