epsilon,result,runtime
0.265,sat,0.8224513530731201
0.133,sat,1.2136554718017578
0.131,sat,0.799872636795044
0.065,sat,0.8831250667572021
0.063,sat,0.9373481273651123
0.031,unsat,0.7307698726654053
0.029,cancelled,0.11565732955932617
0.041,unsat,1.0637662410736084
0.051000000000000004,unsat,19.5556423664093
0.057,sat,8.834288358688354
0.053000000000000005,unsat,134.77804231643677
0.055,unsat,226.60127425193787
