epsilon,result,runtime
0.133,sat,0.7735304832458496
0.265,cancelled,3.4962871074676514
0.043000000000000003,sat,0.8367605209350586
0.08700000000000001,cancelled,3.5468215942382812
0.013000000000000001,unsat,0.676494836807251
0.029,sat,22.17508864402771
0.019000000000000003,unsat,0.6307027339935303
0.027000000000000003,unsat,55.34442472457886
0.023,cancelled,25.469042778015137
