epsilon,result,runtime
0.265,sat,0.7952725887298584
0.133,sat,1.1629672050476074
0.131,sat,2.6644537448883057
0.065,sat,2.754401683807373
0.031,unsat,0.7397146224975586
0.063,sat,2.688476324081421
0.047,unsat,6.014703989028931
0.045,cancelled,7.425836086273193
0.053000000000000005,unsat,102.9473865032196
0.057,unsat,322.2130353450775
0.061,sat,7.682502746582031
0.059000000000000004,unsat,254.46770691871643
