epsilon,result,runtime
0.133,sat,0.5730288028717041
0.265,cancelled,3.543557643890381
0.08700000000000001,sat,1.3855764865875244
0.043000000000000003,sat,1.3877134323120117
0.019000000000000003,unsat,0.45935845375061035
0.041,sat,1.0647673606872559
0.029,sat,0.4998440742492676
0.031,cancelled,2.6055521965026855
0.023,unsat,34.692034006118774
0.027000000000000003,sat,6.125193357467651
0.025,unsat,52.37804627418518
