epsilon,result,runtime
0.133,sat,0.6574447154998779
0.265,cancelled,3.4203667640686035
0.265,sat,0.787219762802124
0.08700000000000001,sat,0.8996231555938721
0.043000000000000003,sat,1.2385590076446533
0.041,sat,0.7249789237976074
0.019000000000000003,sat,0.7484645843505859
0.021,cancelled,0.24536776542663574
0.005,unsat,0.9274816513061523
0.011,sat,1.0171220302581787
0.013000000000000001,cancelled,0.16979718208312988
0.009000000000000001,sat,1.38889479637146
0.007,unsat,1.7621841430664062
