epsilon,result,runtime
0.265,sat,2.1947226524353027
0.133,sat,2.2100822925567627
0.131,sat,2.1183857917785645
0.065,sat,2.1096832752227783
0.063,sat,2.1998379230499268
0.029,unsat,22.736665964126587
0.031,unsat,32.29214930534363
0.047,sat,0.9591741561889648
0.045,sat,1.0383610725402832
0.039,sat,1.6989829540252686
0.037000000000000005,sat,20.099976778030396
0.033,unsat,81.75592279434204
0.035,unsat,92.80846047401428
