epsilon,result,runtime
0.133,sat,1.3193306922912598
0.265,cancelled,4.114604473114014
0.265,sat,1.370305061340332
0.08700000000000001,sat,1.1977205276489258
0.043000000000000003,sat,1.374793291091919
0.019000000000000003,unsat,0.807255744934082
0.041,sat,1.1314713954925537
0.029,sat,1.2685675621032715
0.031,cancelled,3.8105015754699707
0.025,sat,0.750474214553833
0.023,sat,0.852168083190918
0.021,sat,0.2526249885559082
