epsilon,result,runtime
0.133,sat,1.4268207550048828
0.265,cancelled,4.4258503913879395
0.043000000000000003,sat,0.8963649272918701
0.08700000000000001,cancelled,3.7439773082733154
0.013000000000000001,unsat,0.7685234546661377
0.027000000000000003,unsat,21.05129384994507
0.035,sat,1.3024170398712158
0.029,unsat,39.39629864692688
0.031,sat,17.14567756652832
0.033,cancelled,2.261906385421753
