epsilon,result,runtime
0.265,sat,0.8722238540649414
0.133,sat,1.2447757720947266
0.131,sat,1.0538291931152344
0.065,sat,1.1472842693328857
0.063,sat,0.42900943756103516
0.029,unsat,61.93484425544739
0.047,sat,1.4001801013946533
0.039,sat,23.28886103630066
0.031,unsat,161.76677179336548
0.033,unsat,355.9498589038849
0.037000000000000005,sat,28.853476762771606
0.035,unsat,540.7242693901062
