epsilon,result,runtime
0.265,sat,1.2305006980895996
0.133,sat,1.298710584640503
0.131,sat,1.177365779876709
0.065,sat,2.3380308151245117
0.063,sat,0.8426153659820557
0.031,unsat,0.4838144779205322
0.029,cancelled,0.9923756122589111
0.051000000000000004,sat,2.9202747344970703
0.039,unsat,12.728700160980225
0.041,unsat,25.490994215011597
0.047,sat,14.724236726760864
0.043000000000000003,unsat,18.278688192367554
0.045,unsat,43.18631601333618
