epsilon,result,runtime
0.265,sat,1.4002447128295898
0.133,sat,1.9918920993804932
0.131,sat,2.187563419342041
0.065,sat,2.1670846939086914
0.031,unsat,1.1618034839630127
0.063,sat,1.8973181247711182
0.047,sat,1.9979298114776611
0.045,sat,1.9754273891448975
0.037000000000000005,unsat,0.804645299911499
0.039,unsat,43.66190814971924
0.043000000000000003,sat,18.472827196121216
0.041,unsat,69.54757642745972
