epsilon,result,runtime
0.265,sat,1.3424272537231445
0.133,sat,2.0170063972473145
0.131,sat,1.0386292934417725
0.065,sat,0.9488601684570312
0.063,sat,0.3513193130493164
0.031,unsat,0.3880577087402344
0.029,cancelled,0.5064489841461182
0.051000000000000004,sat,1.4208786487579346
0.039,unsat,51.5856556892395
0.045,sat,1.446700096130371
0.043000000000000003,sat,21.249844074249268
0.041,unsat,96.7648537158966
