epsilon,result,runtime
0.265,sat,1.3401427268981934
0.133,sat,1.9548258781433105
0.131,sat,1.5489838123321533
0.065,sat,1.2614150047302246
0.063,sat,0.5175542831420898
0.031,unsat,0.4450805187225342
0.029,cancelled,0.3099067211151123
0.041,unsat,0.7713441848754883
0.051000000000000004,unsat,3380.5829894542694
0.057,sat,15.013885974884033
0.055,sat,44.91873526573181
0.053000000000000005,unsat,3558.1970648765564
