epsilon,result,runtime
0.265,sat,0.7868118286132812
0.133,sat,1.1443538665771484
0.131,sat,1.365166187286377
0.065,sat,3.4974207878112793
0.063,sat,0.7496747970581055
0.031,unsat,0.22272896766662598
0.029,cancelled,1.6585986614227295
0.051000000000000004,sat,16.156337022781372
0.039,unsat,22.51752471923828
0.041,unsat,43.333638429641724
0.047,sat,24.56594729423523
0.043000000000000003,unsat,268.3423898220062
0.045,unsat,376.21425461769104
