epsilon,result,runtime
0.265,sat,0.9301869869232178
0.133,sat,1.383470058441162
0.131,sat,1.347294807434082
0.065,unsat,3281.497129917145
0.063,cancelled,3280.527620077133
0.107,sat,1.6361315250396729
0.08700000000000001,sat,2.4212822914123535
0.085,sat,25.639429569244385
0.07300000000000001,unsat,3310.7425174713135
0.075,unsat,3407.9957072734833
0.081,sat,53.52740168571472
0.079,unsat,3462.0393397808075
0.077,cancelled,3339.5171060562134
