epsilon,result,runtime
0.133,sat,0.995189905166626
0.265,cancelled,3.9450228214263916
0.08700000000000001,sat,0.9758005142211914
0.043000000000000003,unsat,3301.4354605674744
0.041,cancelled,3300.4971742630005
0.07100000000000001,unsat,3389.6597077846527
0.057,cancelled,3393.175265312195
0.077,sat,2.7940244674682617
0.081,cancelled,6.24747896194458
0.075,sat,91.51550889015198
0.07300000000000001,error,557.4251501560211
