epsilon,result,runtime
0.133,sat,2.7564823627471924
0.265,cancelled,6.091859579086304
0.08700000000000001,sat,13.329627275466919
0.043000000000000003,sat,15.103591680526733
0.019000000000000003,unsat,1.03692626953125
0.041,sat,4.354412794113159
0.031,unsat,3544.5933978557587
0.029,cancelled,3549.733466386795
0.037000000000000005,unsat,3339.8259947299957
0.035,cancelled,3343.415862798691
0.039,sat,25.649001598358154
