epsilon,result,runtime
0.265,sat,1.6782903671264648
0.133,sat,2.5146098136901855
0.131,sat,2.6382877826690674
0.065,sat,3.767617702484131
0.063,sat,9.684846878051758
0.031,sat,13.248927354812622
0.029,sat,14.622795343399048
0.013000000000000001,unsat,14.188668489456177
0.015,unsat,2312.9814598560333
0.021,unsat,3552.7238988876343
0.025,sat,46.63650298118591
0.023,unsat,3507.7157440185547
