epsilon,result,runtime
0.265,sat,1.4375061988830566
0.133,sat,1.4981706142425537
0.131,sat,2.6697685718536377
0.065,sat,2.6670913696289062
0.063,sat,2.693920373916626
0.031,unsat,3301.4721353054047
0.029,cancelled,3298.927581310272
0.051000000000000004,sat,24.79071879386902
0.041,sat,56.64124274253845
0.039,sat,54.158878564834595
0.035,sat,1611.3900964260101
0.033,error,1934.104706287384
