epsilon,result,runtime
0.265,sat,1.5986440181732178
0.133,sat,1.6028540134429932
0.131,sat,1.566711187362671
0.065,sat,2.364478826522827
0.063,sat,1.8106145858764648
0.029,unsat,3333.5909476280212
0.031,unsat,3539.1449823379517
0.047,unsat,3367.5585079193115
0.045,cancelled,3170.086156129837
0.057,sat,6.172426700592041
0.053000000000000005,sat,2183.459016561508
0.051000000000000004,unsat,3501.804963350296
0.049,cancelled,1328.34481883049
