epsilon,result,runtime
0.133,sat,0.5045065879821777
0.265,cancelled,3.3228566646575928
0.043000000000000003,sat,1.5029466152191162
0.08700000000000001,cancelled,4.329592227935791
0.027000000000000003,sat,3.875581979751587
0.011,unsat,8.741750955581665
0.019000000000000003,sat,1.867577075958252
0.013000000000000001,unsat,138.21931958198547
0.017,sat,4.7916154861450195
