epsilon,result,runtime
0.265,sat,0.9488487243652344
0.133,sat,1.3042469024658203
0.131,sat,1.0988259315490723
0.063,unsat,3525.3614153862
0.065,unsat,3531.480048418045
0.097,sat,0.9483895301818848
0.099,cancelled,1.4716577529907227
0.085,unsat,3355.5641870498657
0.075,cancelled,3358.625408411026
0.091,sat,31.78279995918274
0.089,sat,977.4204201698303
0.08700000000000001,error,1316.6785364151
