epsilon,result,runtime
0.133,sat,2.7296011447906494
0.265,cancelled,6.109897136688232
0.043000000000000003,sat,2.773534059524536
0.08700000000000001,cancelled,5.924853324890137
0.013000000000000001,unsat,1.4659485816955566
0.029,sat,5.492149353027344
0.027000000000000003,sat,11.968801736831665
0.021,unsat,3356.7743232250214
0.019000000000000003,cancelled,3361.1191675662994
0.025,sat,53.434168100357056
0.023,error,492.579172372818
