epsilon,result,runtime
0.265,sat,0.8435921669006348
0.133,sat,1.2860424518585205
0.131,sat,1.3978238105773926
0.065,sat,20.182445526123047
0.063,sat,48.54833626747131
0.031,unsat,3454.1358177661896
0.029,cancelled,3424.5156586170197
0.041,unsat,3289.532970428467
0.051000000000000004,unsat,3457.101573228836
0.057,unsat,3302.223682641983
0.053000000000000005,cancelled,3473.0947592258453
0.061,sat,188.881187915802
0.059000000000000004,sat,318.5688741207123
