epsilon,result,runtime
0.265,sat,1.499173879623413
0.133,sat,1.6249332427978516
0.131,sat,1.7100746631622314
0.065,sat,16.845467805862427
0.063,sat,13.563655138015747
0.029,unsat,3371.491065263748
0.047,sat,18.989408254623413
0.031,unsat,3507.1603033542633
0.039,unsat,3286.940414428711
0.037000000000000005,cancelled,3178.2514369487762
0.043000000000000003,sat,59.74568557739258
0.041,sat,406.40932989120483
