epsilon,result,runtime
0.265,sat,1.7200298309326172
0.133,sat,1.6938893795013428
0.131,sat,1.6333568096160889
0.063,unsat,3483.766424179077
0.065,unsat,3508.3946623802185
0.099,sat,14.097822427749634
0.097,sat,37.05575442314148
0.081,unsat,3466.079496383667
0.079,cancelled,3466.564435482025
0.091,sat,134.88048338890076
0.08700000000000001,sat,140.56723427772522
0.085,sat,1112.8497557640076
0.083,error,1459.3530673980713
