epsilon,result,runtime
0.265,sat,1.5592730045318604
0.133,sat,1.6136808395385742
0.131,sat,1.6926171779632568
0.065,sat,2.137606143951416
0.063,sat,1.7183160781860352
0.029,unsat,3443.1632640361786
0.047,sat,20.628598928451538
0.031,unsat,3552.6326174736023
0.039,sat,1950.8802971839905
0.037000000000000005,unsat,3427.3301181793213
0.033,cancelled,1557.7151458263397
