epsilon,result,runtime
0.265,sat,1.5486838817596436
0.133,sat,2.3131937980651855
0.131,sat,2.253129482269287
0.065,sat,2612.779622077942
0.063,unsat,3402.854356765747
0.031,cancelled,794.7572770118713
