epsilon,result,runtime
0.265,sat,1.5791518688201904
0.133,sat,1.5934674739837646
0.131,sat,1.5942661762237549
0.065,sat,45.98086977005005
0.063,sat,69.31138849258423
0.031,unsat,3411.085164308548
0.029,cancelled,3386.5474326610565
0.041,unsat,3479.7181844711304
0.051000000000000004,unsat,3494.8018205165863
0.057,unsat,3393.87086725235
0.053000000000000005,cancelled,3412.1670501232147
0.061,sat,1512.9006905555725
0.059000000000000004,sat,1756.3431968688965
