epsilon,result,runtime
0.265,sat,1.6461403369903564
0.133,sat,1.7413806915283203
0.131,sat,1.0428566932678223
0.065,sat,1.2838261127471924
0.063,sat,1.5152716636657715
0.031,unsat,3435.9227957725525
0.029,cancelled,3434.781035900116
0.051000000000000004,sat,2.729599714279175
0.039,sat,3.292555332183838
0.041,cancelled,13.078145980834961
0.035,sat,33.44775629043579
0.033,sat,33.853042125701904
