epsilon,result,runtime
0.265,sat,0.9707691669464111
0.133,sat,0.9227159023284912
0.065,sat,0.3790261745452881
0.131,cancelled,3.0884203910827637
0.041,sat,15.568070411682129
0.021,unsat,3325.8225786685944
0.019000000000000003,cancelled,3310.3177738189697
0.033,unsat,3410.7956068515778
0.027000000000000003,cancelled,3414.221900701523
0.035,unsat,3426.9608421325684
0.037000000000000005,unsat,3448.815281152725
0.039,sat,19.129245281219482
