epsilon,result,runtime
0.265,sat,1.665964126586914
0.133,sat,2.3629648685455322
0.131,sat,2.5649662017822266
0.065,unsat,3351.927020072937
0.063,cancelled,3350.160006761551
0.107,sat,28.447834730148315
0.08700000000000001,sat,71.44747591018677
0.085,unsat,3348.8733212947845
0.075,cancelled,3308.991101026535
