epsilon,result,runtime
0.133,sat,1.683206558227539
0.265,cancelled,4.710686206817627
0.08700000000000001,sat,9.604056119918823
0.043000000000000003,unsat,3517.57559299469
0.041,cancelled,3508.1527910232544
0.07100000000000001,sat,1929.218891620636
0.057,unsat,3390.50217461586
0.055,cancelled,1461.2938132286072
0.061,unsat,3325.0953402519226
0.065,unsat,3335.4253618717194
0.069,sat,2381.1069712638855
0.067,sat,2573.702892780304
