epsilon,result,runtime
0.265,sat,1.202427625656128
0.133,sat,1.6813395023345947
0.131,sat,0.8938429355621338
0.065,unsat,3378.4187054634094
0.063,cancelled,3378.0231726169586
0.107,sat,4.27083945274353
0.085,sat,172.32001900672913
0.08700000000000001,cancelled,184.26413559913635
0.07100000000000001,unsat,3262.285986185074
0.077,unsat,3488.092212200165
0.079,unsat,3470.5001633167267
0.081,unsat,3367.5182795524597
0.083,sat,1021.1228022575378
