epsilon,result,runtime
0.265,sat,0.9345982074737549
0.133,sat,1.2774078845977783
0.131,sat,1.4648981094360352
0.065,unsat,3400.7422997951508
0.063,cancelled,3399.599957227707
0.08700000000000001,sat,2.7603631019592285
0.107,cancelled,6.0139594078063965
0.107,sat,2.753671646118164
0.079,sat,2.572852373123169
0.07300000000000001,sat,4.316306829452515
0.07100000000000001,sat,4.217621326446533
0.069,sat,2809.197911262512
0.067,error,3104.83558011055
