epsilon,result,runtime
0.133,sat,0.5807774066925049
0.265,cancelled,3.3040852546691895
0.08700000000000001,sat,0.9089908599853516
0.043000000000000003,sat,1.3225128650665283
0.041,sat,0.4836742877960205
0.019000000000000003,unsat,3332.09636592865
0.031,sat,1.0361416339874268
0.025,sat,5.074821710586548
0.023,sat,2.1671431064605713
0.021,timeout,3600
