epsilon,result,runtime
0.265,sat,2.885032892227173
0.133,sat,5.743421792984009
0.131,sat,8.239044666290283
0.063,unsat,3379.5492084026337
0.097,sat,21.580886363983154
0.065,unsat,3415.2249369621277
0.081,unsat,3320.500468969345
0.079,cancelled,3320.9148042201996
0.091,sat,58.410430908203125
0.08700000000000001,sat,209.04767656326294
0.085,unsat,3525.6528735160828
0.083,cancelled,3379.756107568741
