epsilon,result,runtime
0.265,sat,0.8292968273162842
0.133,sat,1.2870516777038574
0.131,sat,0.30780529975891113
0.065,sat,0.9291470050811768
0.063,sat,0.445298433303833
0.031,sat,0.9725773334503174
0.029,sat,0.5173404216766357
0.015,unsat,3388.458863735199
0.013000000000000001,cancelled,3393.7257776260376
0.023,sat,4.331878423690796
0.019000000000000003,sat,4.6482017040252686
0.017,sat,0.356992244720459
