epsilon,result,runtime
0.265,sat,0.9746315479278564
0.133,sat,1.901430368423462
0.131,sat,0.9441027641296387
0.065,sat,2.8301331996917725
0.063,sat,1.487222671508789
0.031,unsat,3338.8489611148834
0.029,cancelled,3340.2688715457916
0.051000000000000004,sat,15.864091157913208
0.041,sat,31.819241523742676
0.039,sat,16.734047651290894
0.035,sat,178.50543761253357
0.033,error,723.0015077590942
