epsilon,result,runtime
0.265,sat,0.8836419582366943
0.133,sat,1.2780838012695312
0.131,sat,0.7405040264129639
0.065,sat,9.755723476409912
0.063,sat,68.51966571807861
0.031,unsat,3282.706939935684
0.029,cancelled,3223.7220981121063
0.041,unsat,3390.15385222435
0.051000000000000004,unsat,3393.2982306480408
0.053000000000000005,unsat,3317.484034061432
0.057,unsat,3508.804451942444
0.059000000000000004,sat,438.2764356136322
0.061,cancelled,247.1919708251953
