epsilon,result,runtime
0.265,sat,1.6599018573760986
0.133,sat,515.3994545936584
0.131,unsat,3513.4044070243835
0.065,cancelled,3002.825828075409
