epsilon,result,runtime
0.265,sat,0.9675142765045166
0.133,sat,1.3152074813842773
0.131,sat,1.2152326107025146
0.065,sat,3.0448760986328125
0.063,sat,4.656145095825195
0.029,unsat,3532.1872324943542
0.031,unsat,3538.9053552150726
0.045,unsat,3317.1522994041443
0.047,unsat,3329.349151134491
0.055,sat,2111.819717168808
0.053000000000000005,unsat,3558.9205605983734
0.049,cancelled,1459.1305510997772
