epsilon,result,runtime
0.265,sat,0.8870782852172852
0.133,sat,0.8886275291442871
0.131,sat,0.9826865196228027
0.065,sat,3.0737249851226807
0.063,sat,59.45997881889343
0.031,unsat,3566.7404429912567
0.029,cancelled,3509.5648913383484
0.051000000000000004,unsat,3309.652188539505
0.041,cancelled,3313.0607459545135
0.057,sat,212.50418663024902
0.055,sat,1930.4952425956726
0.053000000000000005,sat,1713.975855588913
