epsilon,result,runtime
0.265,sat,0.9625890254974365
0.133,sat,1.3224430084228516
0.131,sat,0.9645717144012451
0.065,sat,0.8754189014434814
0.063,sat,1.2668776512145996
0.031,sat,1.8965530395507812
0.029,sat,17.26418423652649
0.013000000000000001,unsat,3376.086141347885
0.015,unsat,3373.2740874290466
0.023,unsat,3323.604928970337
0.021,cancelled,3344.142029285431
0.025,unsat,3298.5617916584015
0.027000000000000003,unsat,3298.80153632164
