epsilon,result,runtime
0.133,sat,0.9520950317382812
0.265,cancelled,3.7644970417022705
0.08700000000000001,sat,21.447730779647827
0.041,unsat,3358.4743387699127
0.043000000000000003,unsat,3474.2638194561005
0.065,unsat,3521.318397283554
0.063,cancelled,3433.5476427078247
0.079,sat,41.95533108711243
0.07100000000000001,unsat,3337.747415781021
0.07300000000000001,unsat,3385.7819616794586
0.077,sat,25.844316720962524
0.075,sat,222.80621004104614
