epsilon,result,runtime
0.133,sat,0.8207399845123291
0.265,cancelled,3.808098793029785
0.08700000000000001,sat,1.6661288738250732
0.041,unsat,3489.6954114437103
0.043000000000000003,unsat,3495.864090204239
0.065,unsat,3280.941311120987
0.063,cancelled,3282.587996006012
0.07300000000000001,unsat,3433.193568468094
0.079,unsat,3475.708289384842
0.083,sat,1.6195142269134521
0.081,sat,70.57145142555237
