epsilon,result,runtime
0.265,sat,0.9658219814300537
0.133,sat,1.3499236106872559
0.131,sat,0.2994410991668701
0.065,sat,1.146986484527588
0.063,sat,2.114833116531372
0.031,unsat,3489.0588636398315
0.029,cancelled,3488.2784423828125
0.051000000000000004,sat,20.583190202713013
0.039,unsat,3287.5855343341827
0.041,unsat,3312.87735581398
0.045,unsat,3358.110997915268
0.049,sat,116.32275676727295
0.047,unsat,3480.9116468429565
