epsilon,result,runtime
0.265,sat,2.6959028244018555
0.133,sat,2.7626960277557373
0.131,sat,2.711716890335083
0.065,unsat,3373.7778794765472
0.063,cancelled,3371.203034877777
0.107,sat,1.9414763450622559
0.08700000000000001,sat,4.108956336975098
0.085,sat,3.064143657684326
0.07300000000000001,unsat,3518.87997841835
0.075,unsat,3523.715430498123
0.079,unsat,3457.9344120025635
0.081,unsat,3510.7820892333984
0.083,sat,63.41505694389343
