epsilon,result,runtime
0.265,sat,2.7487704753875732
0.133,sat,5.208809852600098
0.131,sat,20.956496477127075
0.063,unsat,3411.877985239029
0.097,sat,15.744088172912598
0.081,sat,9.860254287719727
0.065,unsat,3513.752944469452
0.07300000000000001,sat,49.10743999481201
0.07100000000000001,sat,16.121285438537598
0.069,sat,83.45698738098145
0.067,sat,193.93781089782715
