epsilon,result,runtime
0.265,sat,0.47144556045532227
0.133,sat,1.6805317401885986
0.131,sat,0.6653172969818115
0.065,unsat,3283.6710019111633
0.063,cancelled,3284.266182422638
0.107,sat,24.683709383010864
0.08700000000000001,unsat,3483.047687292099
0.085,cancelled,3458.4392654895782
0.099,sat,33.134605407714844
0.093,sat,157.4024007320404
0.089,sat,91.7741367816925
0.091,cancelled,219.411602973938
