epsilon,result,runtime
0.265,sat,0.9233832359313965
0.133,sat,1.2744393348693848
0.131,sat,1.0925447940826416
0.065,sat,1.366029977798462
0.063,sat,0.4604487419128418
0.031,unsat,3276.509246826172
0.029,cancelled,3276.6633172035217
0.051000000000000004,sat,246.21293139457703
0.041,unsat,3320.509429693222
0.039,cancelled,3074.400582075119
0.047,unsat,3378.649257183075
0.045,cancelled,3382.068526029587
0.049,sat,118.24324011802673
