epsilon,result,runtime
0.265,sat,1.636838436126709
0.133,sat,1.6997408866882324
0.131,sat,1.2152988910675049
0.063,unsat,3388.2559626102448
0.065,unsat,3484.1821122169495
0.099,unsat,3286.423253297806
0.097,cancelled,3382.1190226078033
0.11900000000000001,sat,20.42557168006897
0.109,sat,23.00384497642517
0.10300000000000001,sat,855.3866989612579
0.107,cancelled,861.922839641571
0.101,error,618.9986696243286
