epsilon,result,runtime
0.265,sat,0.8163375854492188
0.133,sat,2.5517823696136475
0.131,sat,1.1709017753601074
0.063,unsat,3426.7349796295166
0.065,unsat,3431.152658700943
0.097,sat,12.079954862594604
0.099,cancelled,13.437779426574707
0.085,sat,18.01825761795044
0.075,unsat,3502.4173498153687
0.07300000000000001,cancelled,3484.467759847641
0.081,sat,111.1175639629364
0.079,sat,1760.9382483959198
0.077,error,1990.5774626731873
