epsilon,result,runtime
0.265,sat,1.1416656970977783
0.133,sat,1.6343228816986084
0.131,sat,1.6806721687316895
0.065,sat,1.704930305480957
0.063,sat,1.6884441375732422
0.029,unsat,3389.226944208145
0.047,sat,112.64797568321228
0.031,unsat,3540.298305273056
0.039,unsat,3287.5228521823883
0.037000000000000005,cancelled,3260.3218953609467
0.041,unsat,3331.6297307014465
0.043000000000000003,unsat,3460.565680503845
0.045,error,523.938360452652
