epsilon,result,runtime
0.265,sat,1.6835224628448486
0.133,sat,2.082876443862915
0.131,sat,1.2655706405639648
0.065,unsat,3431.7651121616364
0.063,cancelled,3430.879232406616
0.08700000000000001,sat,2.7484843730926514
0.107,sat,2.742310047149658
0.107,cancelled,6.275732517242432
0.079,sat,24.810942888259888
0.07300000000000001,unsat,3424.9556930065155
0.07100000000000001,cancelled,3400.24436378479
0.077,sat,15.288567543029785
0.075,sat,26.789005994796753
