epsilon,result,runtime
0.265,sat,2.7538979053497314
0.133,sat,8.252131938934326
0.131,sat,8.260483741760254
0.065,sat,8.73499608039856
0.063,sat,8.52567434310913
0.031,sat,9.689956188201904
0.029,sat,11.670592308044434
0.013000000000000001,unsat,5.391870498657227
0.015,unsat,423.97106170654297
0.021,unsat,3385.365054130554
0.025,sat,16.615431547164917
0.023,error,3267.6868228912354
