epsilon,result,runtime
0.265,sat,0.9672670364379883
0.133,sat,1.3680317401885986
0.131,sat,0.3017432689666748
0.065,sat,1.0390522480010986
0.063,sat,0.707993745803833
0.029,unsat,3436.989429950714
0.047,sat,15.223602056503296
0.031,unsat,3485.4781408309937
0.037000000000000005,unsat,3357.2463190555573
0.039,unsat,3385.049800634384
0.043000000000000003,sat,19.63296675682068
0.041,sat,113.25763988494873
