epsilon,result,runtime
0.133,sat,0.900092601776123
0.265,cancelled,3.740312337875366
0.265,sat,0.9126138687133789
0.08700000000000001,sat,1.012423038482666
0.043000000000000003,sat,1.4351284503936768
0.041,sat,0.7515113353729248
0.019000000000000003,unsat,3290.903596162796
0.021,unsat,3290.389079809189
0.031,sat,96.18369936943054
0.029,unsat,3402.0330440998077
0.025,cancelled,3308.9650270938873
