epsilon,result,runtime
0.265,sat,0.9769454002380371
0.133,sat,1.3112783432006836
0.131,sat,0.3706791400909424
0.063,unsat,3291.190826177597
0.097,sat,1.770218849182129
0.081,sat,16.31143879890442
0.065,unsat,3375.426374912262
0.07300000000000001,sat,54.55683493614197
0.07100000000000001,sat,822.158355474472
0.069,sat,1420.324093580246
0.067,error,2556.3952593803406
