epsilon,result,runtime
0.265,sat,2.74895977973938
0.133,sat,45.68690848350525
0.131,sat,41.556971073150635
0.065,unsat,3330.4104578495026
0.063,cancelled,3331.6146523952484
0.107,sat,43.6885871887207
0.08700000000000001,sat,1575.8714566230774
0.085,unsat,3391.45117688179
0.075,cancelled,1862.8068952560425
