epsilon,result,runtime
0.265,sat,1.6202073097229004
0.131,sat,1.5992844104766846
0.133,cancelled,10.941860437393188
0.043000000000000003,unsat,3483.1462528705597
0.085,unsat,3526.0886652469635
0.109,sat,1.7670083045959473
0.097,sat,23.463663816452026
0.08700000000000001,unsat,3423.1319749355316
0.091,unsat,3441.3817179203033
0.095,sat,47.052135944366455
0.093,sat,155.75594997406006
