epsilon,result,runtime
0.265,sat,2.5568556785583496
0.133,sat,39.28443121910095
0.131,sat,87.69601202011108
0.065,unsat,3306.899925470352
0.063,cancelled,3256.1157953739166
0.107,unsat,3325.4181509017944
0.08700000000000001,cancelled,3328.8592479228973
0.121,sat,307.2235779762268
0.115,unsat,3315.9854559898376
0.113,cancelled,3008.8054718971252
0.117,sat,41.06113004684448
0.11900000000000001,cancelled,44.445316553115845
