epsilon,result,runtime
0.133,sat,1.3791770935058594
0.265,cancelled,4.292172193527222
0.08700000000000001,sat,1.6838490962982178
0.043000000000000003,sat,3.1649816036224365
0.041,sat,0.7640085220336914
0.021,unsat,3306.9750769138336
0.019000000000000003,cancelled,3312.483640909195
0.027000000000000003,unsat,3302.3181812763214
0.035,sat,26.830308198928833
0.033,unsat,3406.5157742500305
0.029,cancelled,74.12087726593018
