epsilon,result,runtime
0.265,sat,1.0070438385009766
0.133,sat,1.3843340873718262
0.131,sat,0.9225332736968994
0.065,sat,2.5832459926605225
0.063,sat,554.0921070575714
0.031,unsat,3457.0523250102997
0.029,cancelled,2905.4209842681885
0.041,unsat,3379.061534643173
0.051000000000000004,unsat,3562.475401163101
0.053000000000000005,unsat,3481.5941169261932
0.057,unsat,3358.656321287155
0.059000000000000004,sat,513.7573111057281
0.061,cancelled,456.65513372421265
