epsilon,result,runtime
0.265,sat,0.9029271602630615
0.133,sat,7.029499769210815
0.131,sat,10.071753025054932
0.063,unsat,3309.346997022629
0.065,unsat,3449.6752257347107
0.097,unsat,3380.319165945053
0.099,unsat,3283.4357039928436
0.115,sat,525.6910862922668
0.113,unsat,3293.6830983161926
0.10500000000000001,cancelled,2804.5039052963257
