epsilon,result,runtime
0.265,sat,0.9924294948577881
0.133,sat,1.3547885417938232
0.131,sat,0.3159048557281494
0.065,sat,1788.5334930419922
0.063,unsat,3531.257024526596
0.031,cancelled,1745.9303131103516
