epsilon,result,runtime
0.133,sat,1.192448616027832
0.265,cancelled,4.162022352218628
0.043000000000000003,sat,1.1850535869598389
0.08700000000000001,cancelled,4.001235485076904
0.027000000000000003,sat,2.114680528640747
0.013000000000000001,sat,2.7910025119781494
0.011,sat,2.8596572875976562
0.003,unsat,1.102468490600586
0.007,sat,2.2282495498657227
0.005,unsat,26.514140367507935
