epsilon,result,runtime
0.265,sat,1.2227017879486084
0.133,sat,1.2389018535614014
0.131,sat,1.1759884357452393
0.065,unsat,3249.448469400406
0.063,cancelled,3248.4842619895935
0.107,sat,1.8507168292999268
0.08700000000000001,sat,24.133309602737427
0.085,sat,184.25396251678467
0.075,unsat,3307.20392203331
0.07300000000000001,cancelled,3145.1366152763367
0.079,sat,1391.0035195350647
0.081,cancelled,1394.5179800987244
0.077,unsat,3573.4757800102234
