epsilon,result,runtime
0.133,sat,1.9908702373504639
0.265,cancelled,4.750595808029175
0.08700000000000001,sat,15.777346849441528
0.041,unsat,3313.1509459018707
0.065,sat,29.037017583847046
0.043000000000000003,unsat,3543.584207057953
0.055,sat,36.501107931137085
0.053000000000000005,sat,1195.2540228366852
0.047,unsat,3387.172350168228
0.049,unsat,3451.960944890976
0.051000000000000004,sat,2141.9667818546295
