epsilon,result,runtime
0.265,sat,2.7746989727020264
0.131,sat,18.103436946868896
0.133,cancelled,27.504960536956787
0.043000000000000003,unsat,3418.118735074997
0.085,unsat,3517.3629944324493
0.109,sat,25.720627069473267
0.08700000000000001,unsat,3324.902480840683
0.097,unsat,3464.7392971515656
0.10300000000000001,sat,522.2542479038239
0.101,sat,14.985118627548218
0.099,timeout,3600
