epsilon,result,runtime
0.133,sat,1.2876110076904297
0.265,cancelled,4.098852157592773
0.08700000000000001,sat,13.547784566879272
0.043000000000000003,unsat,3382.474256515503
0.041,cancelled,3369.08012008667
0.07100000000000001,sat,12.540588140487671
0.055,unsat,3450.2355551719666
0.063,sat,13.649189472198486
0.057,unsat,3507.78714799881
0.061,sat,230.05945229530334
0.059000000000000004,sat,327.789843082428
