epsilon,result,runtime
0.265,sat,1.6436998844146729
0.133,sat,3.396357536315918
0.131,sat,1.3992009162902832
0.063,unsat,3505.0816979408264
0.065,unsat,3530.2680428028107
0.097,unsat,3363.5596261024475
0.115,sat,27.9893159866333
0.099,unsat,3485.7049312591553
0.107,sat,1106.0214128494263
0.10500000000000001,unsat,3547.015285015106
0.101,cancelled,2555.081348180771
