epsilon,result,runtime
0.265,sat,0.9452581405639648
0.133,sat,1.2684800624847412
0.131,sat,1.44785737991333
0.065,sat,534.6174845695496
0.063,unsat,3299.872890472412
0.031,cancelled,2769.476582288742
