epsilon,result,runtime
0.265,sat,0.9891009330749512
0.133,sat,1.4175117015838623
0.131,sat,0.8214762210845947
0.065,unsat,3518.710483312607
0.063,cancelled,3518.35670542717
0.107,sat,2.474071502685547
0.08700000000000001,unsat,3283.206179380417
0.085,cancelled,3280.8676023483276
0.099,sat,26.080256700515747
0.093,sat,427.8832428455353
0.091,sat,2019.7350289821625
0.089,error,2028.9173002243042
