epsilon,result,runtime
0.265,sat,3.8331265449523926
0.133,sat,3.8222014904022217
0.131,sat,3.795837879180908
0.063,sat,62.052717208862305
0.065,cancelled,75.95713758468628
0.021,unsat,281.0677103996277
0.041,unsat,3504.0709867477417
0.043000000000000003,timeout,3600
0.053000000000000005,unsat,3374.326649904251
0.051000000000000004,cancelled,3000.970858812332
0.059000000000000004,sat,263.06335496902466
0.057,sat,1152.5201692581177
0.055,error,1275.1178131103516
