epsilon,result,runtime
0.265,sat,1.5465333461761475
0.133,sat,2.3324921131134033
0.131,sat,2.1310908794403076
0.063,unsat,3366.4192395210266
0.065,unsat,3390.425872564316
0.097,sat,17.71733784675598
0.099,cancelled,1.5169703960418701
0.085,sat,1189.4158747196198
0.075,unsat,3286.6945655345917
0.07300000000000001,cancelled,2097.363411426544
0.079,unsat,3499.933084011078
0.081,unsat,3534.0753078460693
0.083,sat,358.66109800338745
