epsilon,result,runtime
0.133,sat,1.5153276920318604
0.265,sat,1.5305967330932617
0.265,cancelled,4.605855703353882
0.08700000000000001,sat,2.7188971042633057
0.043000000000000003,sat,148.60618567466736
0.041,sat,2214.579562187195
0.019000000000000003,unsat,3316.0816996097565
0.021,unsat,3502.2607655525208
0.031,unsat,3380.235373020172
0.029,cancelled,1125.546507358551
0.035,unsat,3486.904417514801
0.037000000000000005,unsat,3489.2256734371185
0.039,error,429.4528419971466
