epsilon,result,runtime
0.265,sat,1.6456246376037598
0.133,sat,2.408515214920044
0.131,sat,2.1547415256500244
0.065,unsat,3333.067851781845
0.063,cancelled,3332.0456187725067
0.107,sat,2.767514228820801
0.08700000000000001,sat,7.003489255905151
0.085,sat,23.597305059432983
0.075,unsat,3281.5259160995483
0.07300000000000001,cancelled,3262.334504842758
0.079,sat,9.608707666397095
0.081,cancelled,12.933391332626343
0.077,sat,424.7630708217621
