epsilon,result,runtime
0.133,sat,2.7190258502960205
0.265,cancelled,6.040245771408081
0.265,sat,2.7738332748413086
0.08700000000000001,unsat,3447.3478281497955
0.043000000000000003,cancelled,3450.4345149993896
0.117,sat,2.719888687133789
0.10300000000000001,sat,2.914339065551758
0.093,sat,90.01664137840271
0.101,cancelled,93.35201025009155
0.091,unsat,3558.480842590332
0.089,cancelled,3562.9030237197876
