epsilon,result,runtime
0.265,sat,0.7344670295715332
0.133,sat,0.8804283142089844
0.131,sat,0.8137140274047852
0.065,sat,74.65193819999695
0.063,sat,813.1915626525879
0.031,unsat,3306.9404780864716
0.029,cancelled,2568.4642522335052
0.041,unsat,3543.3848860263824
0.051000000000000004,unsat,3556.361611366272
0.053000000000000005,unsat,3468.7364790439606
0.057,unsat,3544.6036036014557
0.059000000000000004,unsat,3359.534852027893
0.061,sat,3294.4387254714966
