epsilon,result,runtime
0.265,sat,0.6531639099121094
0.133,sat,1.1604366302490234
0.131,sat,0.4118523597717285
0.065,sat,84.69897770881653
0.063,sat,90.14862751960754
0.029,unsat,3493.0079634189606
0.031,unsat,3502.2727994918823
0.045,unsat,3272.8869166374207
0.047,unsat,3279.813174724579
0.055,unsat,3280.899646997452
0.053000000000000005,cancelled,3277.6859250068665
0.059000000000000004,unsat,3414.7640187740326
0.057,cancelled,3418.2577533721924
0.061,error,451.9260776042938
