epsilon,result,runtime
0.133,sat,0.9662623405456543
0.265,cancelled,3.7476460933685303
0.265,sat,0.9549548625946045
0.08700000000000001,sat,0.6648564338684082
0.043000000000000003,sat,223.03146505355835
0.041,unsat,3293.199489593506
0.019000000000000003,cancelled,3073.87397646904
