epsilon,result,runtime
0.133,sat,1.0146441459655762
0.265,cancelled,3.8619513511657715
0.08700000000000001,sat,0.9729652404785156
0.041,unsat,3314.2186658382416
0.065,sat,3.459188461303711
0.043000000000000003,unsat,3327.0048394203186
0.053000000000000005,sat,2.1145944595336914
0.055,cancelled,3.309870958328247
0.049,sat,65.17840671539307
0.047,sat,83.50626420974731
0.045,sat,19.778615951538086
