epsilon,result,runtime
0.265,sat,1.4002702236175537
0.133,sat,1.5619103908538818
0.131,sat,1.283747911453247
0.065,sat,1.546645164489746
0.063,sat,0.9803054332733154
0.031,unsat,3414.7508063316345
0.029,cancelled,3414.15630030632
0.051000000000000004,sat,2.7030797004699707
0.041,sat,2.754960536956787
0.039,sat,2.8252065181732178
0.035,sat,35.818073749542236
0.033,sat,154.74240708351135
