epsilon,result,runtime
0.133,sat,1.5879461765289307
0.265,cancelled,4.776221752166748
0.08700000000000001,sat,40.82652235031128
0.041,unsat,3325.0878291130066
0.043000000000000003,unsat,3377.1487815380096
0.063,unsat,3485.1698713302612
0.065,unsat,3495.032534599304
0.077,unsat,3350.8366441726685
0.075,cancelled,3356.1356031894684
0.083,sat,38.52820134162903
0.081,sat,170.66571307182312
0.079,sat,227.25952577590942
