epsilon,result,runtime
0.265,sat,1.744488000869751
0.133,sat,9.76497769355774
0.131,sat,7.6091039180755615
0.063,unsat,3455.7516837120056
0.065,unsat,3503.158346891403
0.099,sat,1144.6398031711578
0.097,sat,1688.7481050491333
0.081,unsat,3492.8659374713898
0.079,cancelled,2997.192519903183
0.08700000000000001,unsat,3350.452705383301
0.091,unsat,3353.2716884613037
0.095,unsat,3562.647303342819
0.093,cancelled,3568.4373395442963
