epsilon,result,runtime
0.133,sat,1.6245198249816895
0.265,sat,1.6269230842590332
0.265,cancelled,4.593600749969482
0.043000000000000003,unsat,3529.171328306198
0.08700000000000001,unsat,3532.6881041526794
0.111,sat,20.873060703277588
0.099,sat,349.40017676353455
0.089,unsat,3276.5779020786285
0.093,unsat,3547.8718247413635
0.095,sat,652.7306385040283
0.097,cancelled,3.858823776245117
