epsilon,result,runtime
0.265,sat,1.8429090976715088
0.133,sat,2.736793041229248
0.131,sat,2.6988086700439453
0.065,sat,24.58266043663025
0.063,sat,36.22244739532471
0.029,unsat,3232.959502696991
0.031,unsat,3288.5672664642334
0.047,unsat,3378.521471977234
0.045,cancelled,3344.310758113861
0.057,sat,69.42763018608093
0.053000000000000005,unsat,3456.201452732086
0.051000000000000004,cancelled,3386.8561551570892
0.055,sat,620.899335861206
