epsilon,result,runtime
0.265,sat,0.7690134048461914
0.131,sat,1213.8360698223114
0.133,cancelled,1220.603502035141
0.085,unsat,3401.9935488700867
0.043000000000000003,cancelled,3405.6023008823395
0.101,unsat,3305.989117860794
0.115,unsat,3485.3270308971405
0.117,unsat,3534.1061186790466
0.123,unsat,3357.60599565506
0.127,unsat,3458.3502728939056
0.125,cancelled,3463.8810048103333
0.129,sat,324.3595359325409
