epsilon,result,runtime
0.133,sat,1.6502604484558105
0.265,sat,1.66538667678833
0.265,cancelled,4.508965015411377
0.08700000000000001,sat,9.353219032287598
0.043000000000000003,unsat,3279.1360297203064
0.041,cancelled,3269.710956096649
0.07100000000000001,sat,178.6020586490631
0.057,unsat,3459.828409910202
0.055,cancelled,3281.3337099552155
0.065,sat,287.71286630630493
0.061,unsat,3356.344852209091
0.059000000000000004,cancelled,3068.744771003723
0.063,error,687.1340095996857
