epsilon,result,runtime
0.265,sat,1.5095784664154053
0.133,sat,2.3225345611572266
0.131,sat,2.384436845779419
0.065,unsat,3295.7765822410583
0.063,cancelled,3294.314383506775
0.107,sat,4.971386671066284
0.085,sat,57.59969449043274
0.08700000000000001,cancelled,69.53776431083679
0.077,sat,1279.427239894867
0.07100000000000001,sat,3127.430660009384
0.069,unsat,3581.267282962799
0.067,cancelled,1736.8326869010925
