epsilon,result,runtime
0.133,sat,1.566622018814087
0.265,sat,1.5431625843048096
0.265,cancelled,4.671678304672241
0.08700000000000001,unsat,3396.9208998680115
0.043000000000000003,cancelled,3399.89502620697
0.117,sat,17.784053564071655
0.10300000000000001,sat,40.50667452812195
0.101,sat,20.373363256454468
0.095,sat,52.87027621269226
0.093,unsat,3325.0191383361816
0.089,cancelled,3270.6574561595917
