epsilon,result,runtime
0.265,sat,1.661179542541504
0.133,sat,1.6262376308441162
0.131,sat,1.5810582637786865
0.065,sat,23.48155379295349
0.063,sat,25.978994607925415
0.031,unsat,3516.684505224228
0.029,cancelled,3512.8596737384796
0.051000000000000004,unsat,3461.567493915558
0.041,cancelled,3464.6880197525024
0.057,sat,248.44166541099548
0.055,sat,1392.559374332428
0.053000000000000005,sat,1178.4669787883759
