epsilon,result,runtime
0.265,sat,1.5664033889770508
0.133,sat,1.5456006526947021
0.065,sat,1.44144868850708
0.131,cancelled,4.199004888534546
0.021,unsat,0.8026785850524902
0.041,unsat,3355.2015011310577
0.053000000000000005,sat,16.931612968444824
0.043000000000000003,unsat,3373.803887605667
0.049,sat,136.35560941696167
0.045,unsat,3314.5792949199677
0.047,unsat,3457.1687326431274
