epsilon,result,runtime
0.265,sat,2.076937437057495
0.133,sat,8.459463357925415
0.131,sat,26.095340251922607
0.063,unsat,3248.249224424362
0.065,unsat,3474.315697669983
0.097,unsat,3529.9635581970215
0.099,unsat,3404.0213916301727
0.115,sat,1790.6957302093506
0.113,unsat,3359.0074462890625
0.10500000000000001,cancelled,1646.2310254573822
