epsilon,result,runtime
0.133,sat,1.5819175243377686
0.265,cancelled,4.976887226104736
0.08700000000000001,sat,2.8007025718688965
0.043000000000000003,sat,6.108030319213867
0.041,sat,5.358417749404907
0.021,unsat,3342.608823776245
0.019000000000000003,cancelled,3352.2875051498413
0.033,sat,8.609332084655762
0.027000000000000003,sat,9.397938966751099
0.025,sat,10.365993022918701
0.023,sat,11.88231086730957
