epsilon,result,runtime
0.265,sat,0.8565142154693604
0.133,sat,1.2579765319824219
0.131,sat,0.9953858852386475
0.065,unsat,3296.269223213196
0.063,cancelled,3295.700468301773
0.107,sat,2.8719613552093506
0.08700000000000001,sat,113.82489252090454
0.085,sat,2565.913430452347
0.075,unsat,3380.9958169460297
0.07300000000000001,cancelled,926.7012672424316
0.081,unsat,3281.6742222309113
0.079,cancelled,3285.0217461586
0.083,error,647.8150942325592
