epsilon,result,runtime
0.265,sat,1.7293150424957275
0.133,sat,4.901599407196045
0.131,sat,11.142127275466919
0.063,unsat,3505.609445333481
0.065,unsat,3534.845520734787
0.099,sat,1107.952665567398
0.097,unsat,3286.369334459305
0.081,cancelled,2159.592035293579
