epsilon,result,runtime
0.133,sat,2.758309841156006
0.265,cancelled,5.827949047088623
0.08700000000000001,sat,45.96288537979126
0.043000000000000003,unsat,3327.9503717422485
0.041,cancelled,3282.049256324768
0.07100000000000001,unsat,3318.245203971863
0.057,cancelled,3321.480968475342
0.081,sat,992.7526443004608
0.077,unsat,3418.635009765625
0.075,cancelled,2426.0050439834595
0.079,sat,538.9069271087646
