epsilon,result,runtime
0.265,sat,1.5546770095825195
0.133,sat,1.5739316940307617
0.131,sat,2.7309131622314453
0.065,sat,6.317688703536987
0.031,unsat,3321.580567598343
0.063,unsat,3369.514865398407
0.047,cancelled,44.046226501464844
