epsilon,result,runtime
0.265,sat,0.8960855007171631
0.133,sat,0.8831675052642822
0.131,sat,0.5672719478607178
0.065,sat,0.803009033203125
0.063,sat,0.5377883911132812
0.031,sat,1.1087775230407715
0.029,sat,0.4568212032318115
0.013000000000000001,unsat,111.75661849975586
0.021,unsat,3477.8808727264404
0.015,cancelled,3593.815479516983
0.025,sat,6.250385046005249
0.023,sat,11.714422941207886
