epsilon,result,runtime
0.265,sat,2.8470189571380615
0.133,sat,5.5292274951934814
0.131,sat,1.878866195678711
0.065,sat,66.44075441360474
0.063,unsat,3296.568131685257
0.031,cancelled,3232.9249629974365
