epsilon,result,runtime
0.265,sat,0.719275712966919
0.133,sat,0.8270092010498047
0.065,sat,0.6240448951721191
0.131,cancelled,3.409864902496338
0.041,unsat,3307.938931465149
0.021,cancelled,3310.7559518814087
0.055,sat,25.85018754005432
0.049,sat,173.20970058441162
0.047,unsat,3391.15802192688
0.043000000000000003,cancelled,3247.3446929454803
