epsilon,result,runtime
0.133,sat,0.6681721210479736
0.265,cancelled,3.5977137088775635
0.08700000000000001,unsat,3414.7647392749786
0.043000000000000003,cancelled,3417.6784257888794
0.10300000000000001,sat,1.5937621593475342
0.117,cancelled,4.898764610290527
0.097,sat,2.7303290367126465
0.093,sat,185.7353847026825
0.091,sat,464.89219069480896
0.089,sat,330.7062158584595
