epsilon,result,runtime
0.265,sat,0.9386110305786133
0.133,sat,0.9946689605712891
0.131,sat,0.8727915287017822
0.065,sat,1.2035677433013916
0.063,sat,1.9620225429534912
0.029,unsat,3291.1133053302765
0.031,unsat,3447.505578517914
0.047,unsat,3323.4707341194153
0.045,cancelled,3175.1528646945953
0.057,sat,42.57902789115906
0.051000000000000004,unsat,3297.397907972336
0.053000000000000005,unsat,3475.209574699402
0.055,error,525.0820560455322
