epsilon,result,runtime
0.265,sat,2.8439574241638184
0.133,unsat,3413.736608505249
0.131,cancelled,3411.0384953022003
0.219,sat,2.7903871536254883
0.17500000000000002,sat,3.2645339965820312
0.177,cancelled,16.715750455856323
0.159,sat,119.8510799407959
0.147,sat,224.3206822872162
0.139,sat,107.96877026557922
0.14500000000000002,cancelled,218.81347060203552
0.137,sat,811.7135655879974
0.135,sat,817.865305185318
