epsilon,result,runtime
0.265,sat,1.6304969787597656
0.133,sat,2.362260103225708
0.131,sat,2.716539144515991
0.063,unsat,3280.7288682460785
0.097,sat,1.6486525535583496
0.081,sat,42.32698678970337
0.065,unsat,3502.553683280945
0.07300000000000001,sat,389.234050989151
0.07100000000000001,unsat,3481.7813589572906
0.067,cancelled,3258.1090862751007
