epsilon,result,runtime
0.265,sat,0.9638683795928955
0.133,sat,1.3277218341827393
0.131,sat,1.2828893661499023
0.065,unsat,3334.6084249019623
0.063,cancelled,3333.7705883979797
0.107,sat,2.778393507003784
0.08700000000000001,sat,395.5700418949127
0.085,unsat,3485.2713310718536
0.075,cancelled,3096.73544549942
