epsilon,result,runtime
0.265,sat,1.7973060607910156
0.133,sat,2.773395299911499
0.131,sat,2.471628189086914
0.065,sat,21.957332134246826
0.063,sat,52.42117238044739
0.029,unsat,3244.672427415848
0.031,unsat,3284.2491297721863
0.047,unsat,3355.6164667606354
0.045,cancelled,3356.5301880836487
0.057,sat,129.17901611328125
0.053000000000000005,sat,150.70961618423462
0.051000000000000004,sat,1303.3409781455994
0.049,unsat,3486.567891359329
