epsilon,result,runtime
0.265,sat,0.8403072357177734
0.133,sat,1.317993402481079
0.131,sat,0.8800337314605713
0.065,unsat,3284.358006477356
0.063,cancelled,3284.064402103424
0.107,sat,26.569083213806152
0.08700000000000001,unsat,3278.214793920517
0.085,cancelled,3251.696047306061
0.099,sat,107.79984498023987
0.093,sat,192.28953766822815
0.091,unsat,3331.2168684005737
0.089,cancelled,3250.4459466934204
