epsilon,result,runtime
0.133,sat,2.8490025997161865
0.265,cancelled,6.245257377624512
0.265,sat,2.8638689517974854
0.08700000000000001,sat,2.7718091011047363
0.041,unsat,3326.091915369034
0.065,sat,23.072623252868652
0.043000000000000003,unsat,3490.6434638500214
0.053000000000000005,unsat,3319.2643280029297
0.059000000000000004,sat,45.53534936904907
0.057,sat,66.49768781661987
0.055,error,3588.4057562351227
