epsilon,result,runtime
0.265,sat,2.7341232299804688
0.133,sat,925.5597562789917
0.131,sat,3514.9410169124603
0.065,unsat,3480.0677168369293
0.063,cancelled,887.330794095993
0.08700000000000001,unsat,3325.8127064704895
0.107,unsat,3327.5120747089386
0.11900000000000001,unsat,3550.9411611557007
0.109,cancelled,3555.5677587985992
0.123,unsat,3354.159471988678
0.125,unsat,3479.147867202759
0.127,unsat,3555.226537466049
0.129,unsat,3433.651116371155
