epsilon,result,runtime
0.265,sat,1.5645108222961426
0.133,sat,2.371083974838257
0.131,sat,2.2397634983062744
0.065,sat,2.223794937133789
0.063,sat,2.0771877765655518
0.029,unsat,3350.7407777309418
0.031,unsat,3452.32333779335
0.045,unsat,3361.0952520370483
0.047,unsat,3493.7436714172363
0.055,sat,33.1361517906189
0.053000000000000005,unsat,3293.446917772293
0.049,cancelled,3295.271394968033
