epsilon,result,runtime
0.133,sat,1.6053822040557861
0.265,cancelled,4.59780478477478
0.08700000000000001,sat,20.707674026489258
0.041,unsat,3340.2755551338196
0.065,sat,92.33187103271484
0.043000000000000003,unsat,3561.879130125046
0.055,unsat,3310.130773305893
0.053000000000000005,cancelled,3416.2956080436707
0.061,sat,119.75583052635193
0.059000000000000004,sat,1787.2430016994476
0.057,sat,1888.3517379760742
