epsilon,result,runtime
0.265,sat,0.9913160800933838
0.133,sat,1.2854764461517334
0.131,sat,1.0076532363891602
0.063,unsat,3282.6306631565094
0.097,sat,1.8188765048980713
0.065,unsat,3319.4049923419952
0.079,unsat,3503.1448636054993
0.081,unsat,3572.667730808258
0.089,sat,801.7753489017487
0.08700000000000001,sat,922.6920368671417
0.083,sat,929.932023525238
0.085,cancelled,770.977685213089
