epsilon,result,runtime
0.133,sat,1.6131470203399658
0.265,cancelled,5.121106386184692
0.265,sat,1.6371335983276367
0.08700000000000001,sat,29.915464878082275
0.041,unsat,3417.781336784363
0.043000000000000003,unsat,3480.2897696495056
0.063,unsat,3383.1825087070465
0.075,sat,35.155256271362305
0.065,unsat,3494.793889760971
0.07100000000000001,sat,44.610503911972046
0.069,sat,768.6510281562805
0.067,error,1041.6592381000519
