epsilon,result,runtime
0.265,sat,1.3710458278656006
0.133,sat,2.174818754196167
0.131,sat,0.527503490447998
0.065,sat,1.0623188018798828
0.063,sat,0.8735661506652832
0.031,unsat,3530.9620299339294
0.029,cancelled,3531.6100120544434
0.051000000000000004,sat,14.008760213851929
0.041,sat,35.357123136520386
0.035,unsat,3368.6958589553833
0.039,unsat,3417.139642715454
0.037000000000000005,cancelled,27.079269886016846
