epsilon,result,runtime
0.265,sat,0.9337997436523438
0.133,sat,0.9577643871307373
0.131,sat,0.6049859523773193
0.063,unsat,3376.68257856369
0.097,sat,1.7656176090240479
0.065,unsat,3510.4825212955475
0.081,sat,525.3556864261627
0.079,unsat,3312.96129322052
0.07100000000000001,cancelled,2914.031407594681
