epsilon,result,runtime
0.133,sat,2.784860372543335
0.265,cancelled,6.338928699493408
0.265,sat,2.810532808303833
0.08700000000000001,sat,2.8469903469085693
0.041,unsat,3382.465770959854
0.043000000000000003,unsat,3479.4576756954193
0.065,sat,2405.6509816646576
0.063,unsat,3559.906578063965
0.053000000000000005,cancelled,1245.1236724853516
