epsilon,result,runtime
0.265,sat,1.5184049606323242
0.133,sat,2.960425615310669
0.131,sat,1.04636812210083
0.063,unsat,3531.3213913440704
0.065,unsat,3536.102576494217
0.097,sat,1115.6606829166412
0.099,cancelled,1117.104329586029
0.085,unsat,3395.9742271900177
0.075,cancelled,3399.5955169200897
0.089,unsat,3341.4206416606903
0.091,unsat,3523.899209022522
0.095,unsat,3302.6020364761353
0.093,cancelled,3488.356145620346
