epsilon,result,runtime
0.265,sat,1.5292327404022217
0.133,sat,2.3261609077453613
0.131,sat,2.2396039962768555
0.065,unsat,3302.8689391613007
0.063,cancelled,3301.4988906383514
0.107,sat,2.832986354827881
0.08700000000000001,sat,96.76716423034668
0.085,sat,96.96809554100037
0.07300000000000001,unsat,3423.6234402656555
0.075,unsat,3451.859365463257
0.081,sat,586.921374797821
0.079,sat,2373.509137868881
0.077,sat,1789.7283539772034
