epsilon,result,runtime
0.265,sat,1.580287218093872
0.133,sat,1.634840726852417
0.131,sat,1.572296380996704
0.065,unsat,3491.0918736457825
0.063,cancelled,3489.637516260147
0.107,sat,37.059234619140625
0.08700000000000001,sat,983.8153936862946
0.085,unsat,3385.194172859192
0.075,cancelled,2442.6878559589386
