epsilon,result,runtime
0.133,sat,1.5694103240966797
0.265,cancelled,4.446392774581909
0.08700000000000001,sat,1.781874418258667
0.043000000000000003,sat,3.0519371032714844
0.041,sat,0.9384346008300781
0.019000000000000003,unsat,3280.362817287445
0.021,unsat,3279.5198085308075
0.029,unsat,3308.373568058014
0.031,unsat,3330.6337838172913
0.035,sat,18.93279242515564
0.037000000000000005,cancelled,1.2971911430358887
0.033,sat,1.1585724353790283
