epsilon,result,runtime
0.265,sat,0.7075815200805664
0.133,sat,2.4723310470581055
0.131,sat,0.7146434783935547
0.065,unsat,3340.274824857712
0.063,cancelled,3341.4753997325897
0.08700000000000001,sat,23.36138653755188
0.107,cancelled,26.58275318145752
0.07300000000000001,unsat,3459.1341071128845
0.081,sat,21.292391300201416
0.079,unsat,3528.191482067108
0.075,cancelled,44.69723963737488
