epsilon,result,runtime
0.133,sat,1.0022079944610596
0.265,cancelled,5.1220948696136475
0.08700000000000001,sat,46.59397649765015
0.043000000000000003,unsat,3549.5185084342957
0.041,cancelled,3502.951007127762
0.07100000000000001,unsat,3305.0005762577057
0.057,cancelled,3309.697480201721
0.081,sat,98.63670754432678
0.077,sat,143.53217458724976
0.07300000000000001,unsat,3281.458092212677
0.075,timeout,3600
