epsilon,result,runtime
0.133,sat,1.7061095237731934
0.265,cancelled,4.626167058944702
0.265,sat,1.6995983123779297
0.08700000000000001,sat,1.9373805522918701
0.043000000000000003,unsat,3406.44198179245
0.041,cancelled,3404.5710225105286
0.07100000000000001,sat,53.81170868873596
0.055,unsat,3406.5115110874176
0.063,sat,11.951835870742798
0.057,unsat,3547.7443561553955
0.059000000000000004,unsat,3532.662425518036
0.061,unsat,3467.2854568958282
