epsilon,result,runtime
0.265,sat,1.6639139652252197
0.133,sat,1.6558911800384521
0.131,sat,1.5566394329071045
0.065,sat,2.963965654373169
0.063,sat,0.637519359588623
0.031,unsat,3438.6421313285828
0.029,cancelled,3439.741924762726
0.041,unsat,3450.250143289566
0.051000000000000004,unsat,3498.8706817626953
0.057,sat,436.0226113796234
0.055,sat,21.3661470413208
0.053000000000000005,sat,591.4662852287292
