epsilon,result,runtime
0.265,sat,2.0893476009368896
0.133,sat,2.0953924655914307
0.131,sat,2.0583767890930176
0.065,sat,2446.781718015671
0.063,sat,2493.794919490814
0.029,unsat,3243.7234847545624
0.031,unsat,3464.8475017547607
0.047,unsat,3350.4723737239838
0.045,cancelled,3184.6929004192352
0.053000000000000005,unsat,3282.6866648197174
0.057,unsat,3398.7799916267395
0.061,sat,69.03861093521118
0.059000000000000004,sat,1548.5381526947021
