epsilon,result,runtime
0.265,sat,1.0259616374969482
0.133,sat,1.4544732570648193
0.131,sat,0.6630852222442627
0.065,sat,3.1827497482299805
0.063,sat,2.283059597015381
0.029,unsat,3384.289609193802
0.031,unsat,3390.215421438217
0.047,sat,69.66023921966553
0.045,sat,2444.2878980636597
0.037000000000000005,unsat,3438.7939488887787
0.039,unsat,3350.7065036296844
0.041,unsat,3372.725607395172
0.043000000000000003,error,1433.0872130393982
