epsilon,result,runtime
0.265,sat,1.5479936599731445
0.133,sat,2.4302978515625
0.131,sat,1.844639539718628
0.065,unsat,3379.95134806633
0.063,cancelled,3379.4602859020233
0.107,sat,21.598772525787354
0.08700000000000001,unsat,3362.532949447632
0.085,cancelled,3341.03075504303
0.099,sat,177.00550031661987
0.093,sat,2163.7986965179443
0.091,unsat,3435.699159383774
0.089,cancelled,1453.6408638954163
