epsilon,result,runtime
0.265,sat,1.8097386360168457
0.133,sat,21.93199372291565
0.131,sat,19.19024109840393
0.065,unsat,3413.684904575348
0.063,cancelled,3414.610970020294
0.107,sat,76.71339201927185
0.08700000000000001,unsat,3274.0700924396515
0.085,cancelled,3197.39786028862
0.099,sat,209.8639543056488
0.093,unsat,3357.3989338874817
0.091,cancelled,3147.566037416458
0.097,sat,577.4723701477051
0.095,sat,904.1669280529022
