epsilon,result,runtime
0.265,sat,1.5113904476165771
0.133,sat,1.5046977996826172
0.131,sat,2.677555561065674
0.065,sat,35.43990731239319
0.063,sat,35.347352504730225
0.029,unsat,3298.6304185390472
0.047,sat,14.508615255355835
0.031,unsat,3398.5379214286804
0.039,sat,75.27254462242126
0.037000000000000005,sat,2412.3181569576263
0.033,unsat,3581.2782344818115
0.035,error,1526.6840698719025
