epsilon,result,runtime
0.265,sat,2.1021406650543213
0.133,sat,6.370915412902832
0.131,sat,11.41721796989441
0.065,unsat,3218.124890089035
0.063,cancelled,3211.086282491684
0.107,sat,858.5955438613892
0.08700000000000001,unsat,3179.9273352622986
0.085,cancelled,2321.420815706253
0.093,unsat,3394.2534008026123
0.099,unsat,3394.314709186554
0.101,unsat,3267.930367231369
0.10300000000000001,unsat,3426.8684294223785
0.10500000000000001,unsat,3517.2603623867035
