epsilon,result,runtime
0.265,sat,2.1046199798583984
0.133,sat,29.49082922935486
0.131,sat,25.31710386276245
0.065,unsat,3208.125518321991
0.063,cancelled,3209.8996090888977
0.107,unsat,3161.697212934494
0.08700000000000001,cancelled,3165.4663410186768
0.121,sat,95.01064491271973
0.115,sat,580.1904988288879
0.113,unsat,3308.8458683490753
0.109,cancelled,2828.3382346630096
