epsilon,result,runtime
0.265,sat,1.7344701290130615
0.133,sat,3.5688223838806152
0.131,sat,2.0780117511749268
0.063,unsat,3364.653834581375
0.065,unsat,3383.9691274166107
0.097,unsat,3489.864582300186
0.099,unsat,3475.87659573555
0.115,sat,85.20919728279114
0.113,sat,305.9553666114807
0.10500000000000001,unsat,3298.562431335449
0.107,timeout,3600
0.111,sat,58.728147983551025
0.109,error,904.9669749736786
