epsilon,result,runtime
0.133,sat,1.8760340213775635
0.265,cancelled,5.024711608886719
0.265,sat,1.8695547580718994
0.043000000000000003,unsat,3511.510436296463
0.08700000000000001,unsat,3521.9660651683807
0.111,sat,129.05377411842346
0.089,unsat,3520.0220305919647
0.099,unsat,3529.9489316940308
0.101,unsat,3415.7430551052094
0.10500000000000001,unsat,3299.3516602516174
0.109,sat,353.05855679512024
0.107,error,788.9257187843323
