epsilon,result,runtime
0.133,sat,1.0705571174621582
0.265,cancelled,4.14888072013855
0.265,sat,1.0888984203338623
0.08700000000000001,sat,3.2145493030548096
0.041,unsat,3478.09446644783
0.043000000000000003,unsat,3488.0771095752716
0.065,sat,11.272599220275879
0.063,sat,23.01428198814392
0.053000000000000005,sat,13.06826114654541
0.051000000000000004,sat,20.82462763786316
0.047,sat,23.01295804977417
0.045,sat,109.46525025367737
