epsilon,result,runtime
0.265,sat,0.865523099899292
0.133,sat,0.9133777618408203
0.131,sat,0.8734018802642822
0.065,sat,1.2811644077301025
0.063,sat,0.5656876564025879
0.031,sat,1.0934925079345703
0.029,sat,0.5866813659667969
0.013000000000000001,sat,0.5854446887969971
0.015,cancelled,0.9522631168365479
0.007,sat,0.9123876094818115
0.003,unsat,0.8897747993469238
0.001,cancelled,8.249282836914062e-05
0.005,unsat,3.046186923980713
