epsilon,result,runtime
0.133,sat,2.7910125255584717
0.265,sat,2.7825257778167725
0.265,cancelled,6.284660816192627
0.043000000000000003,unsat,3494.3517735004425
0.08700000000000001,unsat,3507.109649658203
0.111,sat,49.514740228652954
0.099,unsat,3350.582802295685
0.089,cancelled,3419.6190922260284
0.10300000000000001,unsat,3372.2700140476227
0.10500000000000001,unsat,3481.4219954013824
0.109,sat,980.2591300010681
0.107,error,1436.2567203044891
