epsilon,result,runtime
0.265,sat,0.8826191425323486
0.133,sat,1.3101627826690674
0.131,sat,0.9156906604766846
0.065,sat,3.3827505111694336
0.063,sat,3.762377977371216
0.029,unsat,3329.3768270015717
0.031,unsat,3484.1140060424805
0.045,unsat,3370.8399114608765
0.055,sat,51.622899293899536
0.047,unsat,3578.495087623596
0.051000000000000004,unsat,3333.7281692028046
0.049,cancelled,3334.8254849910736
0.053000000000000005,sat,262.35195207595825
