epsilon,result,runtime
0.133,sat,1.5922117233276367
0.265,cancelled,4.896436929702759
0.08700000000000001,sat,12.511786699295044
0.041,unsat,3522.0286746025085
0.043000000000000003,unsat,3540.3963057994843
0.065,sat,3.6609508991241455
0.063,sat,5.717142581939697
0.053000000000000005,sat,1.9493625164031982
0.051000000000000004,sat,32.78639483451843
0.047,unsat,3525.6650383472443
0.045,cancelled,3494.451059103012
0.049,error,446.06049394607544
