epsilon,result,runtime
0.133,sat,2.8165102005004883
0.265,cancelled,6.2804811000823975
0.265,sat,2.8357412815093994
0.08700000000000001,sat,61.74210786819458
0.043000000000000003,unsat,3305.455008506775
0.041,cancelled,3243.876391172409
0.057,sat,32.12075901031494
0.07100000000000001,cancelled,35.47260928153992
0.051000000000000004,sat,101.32318949699402
0.047,sat,175.58905172348022
0.045,sat,179.91646766662598
