epsilon,result,runtime
0.265,sat,1.0127723217010498
0.133,sat,1.0112709999084473
0.131,sat,0.9240460395812988
0.063,unsat,3360.3555347919464
0.097,sat,1.0240979194641113
0.081,sat,2.8428688049316406
0.07300000000000001,sat,25.788623571395874
0.065,unsat,3480.342948913574
0.067,unsat,3396.2576065063477
0.069,unsat,3477.096354484558
0.07100000000000001,sat,3.1183993816375732
