epsilon,result,runtime
0.133,sat,0.7537474632263184
0.265,cancelled,3.8091485500335693
0.08700000000000001,sat,1.002187967300415
0.043000000000000003,sat,3.595700740814209
0.041,sat,8.042897939682007
0.021,unsat,3384.0249938964844
0.019000000000000003,cancelled,3395.8358521461487
0.027000000000000003,unsat,3343.1776785850525
0.033,unsat,3431.3162438869476
0.035,unsat,3384.5489752292633
0.039,sat,101.63893437385559
0.037000000000000005,unsat,3402.482484817505
