epsilon,result,runtime
0.265,sat,0.8737704753875732
0.133,sat,1.2111144065856934
0.131,sat,0.8543667793273926
0.065,sat,2.4355266094207764
0.063,sat,3.7323970794677734
0.031,unsat,3544.989536046982
0.029,cancelled,3543.491874933243
0.041,unsat,3433.8998308181763
0.051000000000000004,unsat,3453.244462490082
0.057,unsat,3338.3620233535767
0.053000000000000005,cancelled,3361.4737436771393
0.061,sat,38.58078956604004
0.059000000000000004,sat,41.78130102157593
