epsilon,result,runtime
0.265,sat,1.7658302783966064
0.133,sat,471.1424927711487
0.131,sat,493.471937417984
0.065,unsat,3344.542124271393
0.063,cancelled,3320.496980190277
0.107,unsat,3325.122416973114
0.08700000000000001,cancelled,3328.566237449646
0.115,unsat,3552.134021759033
0.121,unsat,3554.632998228073
0.127,sat,637.3217356204987
0.123,sat,1434.50732755661
0.125,cancelled,794.7924823760986
