epsilon,result,runtime
0.265,sat,2.7669920921325684
0.133,sat,2.766523599624634
0.131,sat,2.8436591625213623
0.065,unsat,3282.023421764374
0.063,cancelled,3279.229803800583
0.107,sat,2.846463441848755
0.085,sat,12.08424687385559
0.08700000000000001,cancelled,22.39763593673706
0.077,sat,44.775413036346436
0.07100000000000001,unsat,3386.0939326286316
0.069,cancelled,3341.3675084114075
0.075,sat,33.79943871498108
0.07300000000000001,error,439.02801299095154
