epsilon,result,runtime
0.133,sat,1.5682623386383057
0.265,cancelled,4.439590692520142
0.265,sat,1.6166102886199951
0.043000000000000003,unsat,3340.278267621994
0.08700000000000001,unsat,3393.884437084198
0.111,sat,16.110620975494385
0.099,sat,13.37231731414795
0.093,sat,359.43380188941956
0.089,unsat,3276.4456667900085
0.091,error,3111.4592666625977
