epsilon,result,runtime
0.265,sat,1.5750834941864014
0.131,unsat,3335.865878343582
0.199,sat,1.541123628616333
0.165,sat,1.6047890186309814
0.133,unsat,3385.253366470337
0.149,sat,1328.351938009262
0.147,unsat,3371.6192269325256
0.139,cancelled,2078.648898601532
