epsilon,result,runtime
0.265,sat,8.459776639938354
0.133,sat,15.436095237731934
0.131,sat,14.631824016571045
0.065,sat,14.63768982887268
0.063,sat,12.010401248931885
0.029,unsat,139.55292654037476
0.047,sat,11.627588510513306
0.031,unsat,295.8830864429474
0.037000000000000005,unsat,728.513218164444
0.043000000000000003,sat,245.02959537506104
0.039,unsat,3054.3945875167847
0.041,timeout,3600
