epsilon,result,runtime
0.265,sat,10.876822710037231
0.133,sat,15.426605701446533
0.131,sat,14.44757628440857
0.065,sat,17.25108504295349
0.031,sat,10.102528810501099
0.063,cancelled,22.542689323425293
0.009000000000000001,unsat,7.420923948287964
0.019000000000000003,unsat,7.601338148117065
0.021,unsat,8.006300687789917
0.025,unsat,373.875999212265
0.029,sat,11.552792072296143
0.027000000000000003,unsat,728.9803133010864
