epsilon,result,runtime
0.265,sat,9.826843976974487
0.133,sat,17.37408685684204
0.131,sat,16.19391894340515
0.065,sat,17.636985063552856
0.063,sat,18.239535093307495
0.029,unsat,153.7577028274536
0.031,unsat,281.8523166179657
0.047,sat,417.63326382637024
0.045,unsat,3020.8816356658936
0.037000000000000005,cancelled,2707.3099217414856
