epsilon,result,runtime
0.265,sat,5.694208860397339
0.133,sat,9.3436918258667
0.131,sat,9.631120204925537
0.065,sat,11.17325234413147
0.063,sat,10.613693475723267
0.031,sat,7.749982118606567
0.013000000000000001,unsat,4.905670881271362
0.029,sat,8.274050951004028
0.021,sat,8.249136447906494
0.015,unsat,81.18865060806274
0.019000000000000003,sat,485.66248083114624
0.017,unsat,835.2839696407318
