epsilon,result,runtime
0.265,sat,9.66771650314331
0.133,sat,18.604949235916138
0.131,sat,18.659197330474854
0.065,sat,17.929209232330322
0.063,sat,14.780766725540161
0.029,unsat,10.274856090545654
0.031,unsat,108.60975098609924
0.045,unsat,3321.7774288654327
0.047,unsat,3528.964141368866
0.055,sat,160.91574358940125
0.053000000000000005,sat,112.05455112457275
0.049,unsat,3161.8069376945496
0.051000000000000004,sat,3102.3780641555786
