epsilon,result,runtime
0.265,sat,11.109346866607666
0.133,sat,18.32193350791931
0.131,sat,15.44579029083252
0.065,sat,20.25744652748108
0.063,sat,21.822288036346436
0.029,unsat,9.622064352035522
0.031,unsat,76.23362684249878
0.045,unsat,2776.510447740555
0.047,unsat,3023.8484423160553
0.055,sat,250.66579580307007
0.053000000000000005,sat,346.35794162750244
0.051000000000000004,sat,414.14912819862366
0.049,unsat,3418.1764702796936
