epsilon,result,runtime
0.265,sat,9.366428852081299
0.133,sat,13.93707823753357
0.131,sat,16.24885892868042
0.065,sat,19.162465810775757
0.031,sat,11.058475494384766
0.063,cancelled,24.58321762084961
0.019000000000000003,unsat,7.340726852416992
0.009000000000000001,cancelled,13.673906326293945
0.023,unsat,8.469945430755615
0.025,unsat,91.95642805099487
0.027000000000000003,unsat,251.5335602760315
0.029,unsat,604.4896094799042
