epsilon,result,runtime
0.265,sat,9.198966264724731
0.133,sat,20.70392680168152
0.131,sat,19.661850929260254
0.065,sat,21.476608276367188
0.063,sat,16.3412868976593
0.031,unsat,266.5441253185272
0.029,cancelled,268.9265561103821
0.051000000000000004,sat,80.87681674957275
0.039,unsat,2600.217596769333
0.045,sat,285.3953778743744
0.041,unsat,3191.3325889110565
0.043000000000000003,sat,701.4155893325806
