epsilon,result,runtime
0.265,sat,9.688668727874756
0.133,sat,14.397703886032104
0.131,sat,15.776931762695312
0.065,sat,15.651111125946045
0.063,sat,10.316568851470947
0.031,sat,10.078755378723145
0.029,sat,15.082163572311401
0.013000000000000001,unsat,292.7109832763672
0.021,sat,10.603614568710327
0.017,sat,10.28220534324646
0.015,unsat,1568.5892856121063
