epsilon,result,runtime
0.265,sat,5.073210954666138
0.133,sat,8.673741102218628
0.131,sat,8.462547063827515
0.065,sat,8.666452646255493
0.063,sat,8.67867136001587
0.029,unsat,5.620990514755249
0.031,unsat,56.916688442230225
0.047,sat,134.77246975898743
0.037000000000000005,unsat,516.1579158306122
0.041,unsat,1894.6724269390106
0.045,unsat,3471.2018537521362
0.043000000000000003,cancelled,948.1158530712128
