epsilon,result,runtime
0.265,sat,5.842047929763794
0.133,sat,12.346412658691406
0.131,sat,13.830751657485962
0.065,sat,12.757429361343384
0.063,sat,11.825302600860596
0.029,unsat,6.848201036453247
0.031,unsat,77.14627528190613
0.047,sat,208.19449877738953
0.045,sat,498.29792380332947
0.037000000000000005,unsat,458.15173506736755
0.039,unsat,844.0982377529144
0.041,unsat,1282.9002935886383
0.043000000000000003,unsat,2927.4609367847443
