epsilon,result,runtime
0.265,sat,11.576828241348267
0.133,sat,17.19126868247986
0.131,sat,20.10738515853882
0.065,sat,19.24871516227722
0.063,sat,79.47838735580444
0.029,unsat,384.6931080818176
0.047,sat,84.02569055557251
0.031,unsat,842.443598985672
0.039,sat,345.0652403831482
0.033,unsat,1651.6123569011688
0.037000000000000005,unsat,3349.605613231659
0.035,cancelled,1609.4794256687164
