epsilon,result,runtime
0.265,sat,11.361209392547607
0.133,sat,14.945087432861328
0.131,sat,14.93106985092163
0.065,sat,14.911676406860352
0.031,sat,11.169915914535522
0.063,cancelled,21.721588134765625
0.019000000000000003,unsat,9.008641719818115
0.009000000000000001,cancelled,16.432066679000854
0.023,unsat,192.91385078430176
0.025,unsat,818.239578962326
0.029,sat,10.051493644714355
0.027000000000000003,unsat,658.4491677284241
