epsilon,result,runtime
0.265,sat,9.834412336349487
0.133,sat,19.105697870254517
0.131,sat,14.005443572998047
0.065,sat,13.174572229385376
0.063,sat,15.434641122817993
0.029,unsat,13.144211053848267
0.031,unsat,43.181880950927734
0.045,unsat,2550.2264165878296
0.055,sat,159.6201491355896
0.047,unsat,3055.0227615833282
0.051000000000000004,sat,341.3597848415375
0.049,unsat,2455.755955696106
