epsilon,result,runtime
0.133,sat,12.895739078521729
0.265,cancelled,23.3802592754364
0.043000000000000003,sat,7.074736595153809
0.08700000000000001,cancelled,17.04366660118103
0.013000000000000001,unsat,7.818706035614014
0.029,sat,294.3049077987671
0.019000000000000003,unsat,67.34625005722046
0.023,unsat,602.2309782505035
0.027000000000000003,unsat,1841.5886104106903
0.025,cancelled,843.5346615314484
