epsilon,result,runtime
0.265,sat,7.608877420425415
0.133,sat,17.396997690200806
0.131,sat,25.130365133285522
0.065,sat,16.328428030014038
0.031,unsat,45.5387601852417
0.063,sat,53.68051338195801
0.047,sat,1611.3463833332062
0.037000000000000005,unsat,907.2762398719788
0.045,timeout,3600
0.041,unsat,3288.8774371147156
0.039,cancelled,2236.0858483314514
0.043000000000000003,unsat,2905.140424013138
