epsilon,result,runtime
0.265,sat,9.356969594955444
0.133,sat,13.98011302947998
0.131,sat,14.111919164657593
0.065,sat,15.650123834609985
0.063,sat,13.372537851333618
0.031,sat,15.760133028030396
0.013000000000000001,unsat,6.007417917251587
0.029,sat,158.33573985099792
0.019000000000000003,unsat,43.47852563858032
0.021,unsat,199.57774090766907
0.023,unsat,914.6601741313934
0.027000000000000003,sat,128.63613772392273
0.025,unsat,1858.2910346984863
