epsilon,result,runtime
0.265,sat,10.721832752227783
0.133,sat,17.223737716674805
0.131,sat,20.174962520599365
0.065,sat,20.19918155670166
0.031,sat,12.077837944030762
0.063,cancelled,27.498344659805298
0.009000000000000001,unsat,7.902587652206421
0.019000000000000003,unsat,117.03048920631409
0.021,unsat,269.7713236808777
0.025,unsat,1303.275845527649
0.029,sat,12.008758306503296
0.027000000000000003,timeout,3600
