epsilon,result,runtime
0.133,sat,11.533617973327637
0.265,cancelled,21.5018470287323
0.043000000000000003,sat,7.6560962200164795
0.08700000000000001,cancelled,12.718062400817871
0.013000000000000001,unsat,6.864071846008301
0.029,sat,32.90926480293274
0.019000000000000003,unsat,5.852841138839722
0.023,unsat,370.0445291996002
0.027000000000000003,unsat,521.5958008766174
0.025,cancelled,83.73321771621704
