epsilon,result,runtime
0.265,sat,14.114506721496582
0.133,sat,118.00468063354492
0.131,sat,137.1029703617096
0.065,timeout,3600
0.063,timeout,3600
0.067,timeout,3600
0.061,timeout,3600
0.059000000000000004,unsat,3098.3470089435577
0.099,sat,13.843135118484497
0.083,sat,356.1047205924988
0.069,timeout,3600
0.077,unsat,2841.924915075302
0.075,cancelled,2904.2007162570953
0.081,sat,477.180016040802
0.079,sat,937.4571440219879
