epsilon,result,runtime
0.265,sat,7.93108868598938
0.133,sat,13.320483684539795
0.131,sat,13.603072881698608
0.065,sat,15.514378070831299
0.063,sat,14.946221828460693
0.031,sat,14.700109243392944
0.013000000000000001,unsat,7.3882246017456055
0.029,sat,13.782015085220337
0.021,sat,12.966089010238647
0.019000000000000003,sat,9.040614604949951
0.015,unsat,92.11926674842834
0.017,sat,271.6010375022888
