epsilon,result,runtime
0.265,sat,7.772369861602783
0.133,sat,10.747366905212402
0.131,sat,16.8884220123291
0.065,sat,15.787785768508911
0.063,sat,13.624179124832153
0.029,unsat,38.39504814147949
0.031,unsat,306.50030303001404
0.047,sat,1492.6305878162384
0.037000000000000005,unsat,1436.9313395023346
0.045,unsat,2807.6501972675323
0.041,cancelled,132.83064770698547
