epsilon,result,runtime
0.265,sat,10.847803831100464
0.133,sat,14.595195531845093
0.131,sat,17.71489191055298
0.065,sat,16.775916814804077
0.063,sat,14.08795166015625
0.029,unsat,589.5848677158356
0.047,sat,49.259251832962036
0.039,sat,603.7927956581116
0.031,unsat,3475.812935113907
0.035,unsat,3408.1588950157166
0.033,cancelled,1228.853210926056
0.037000000000000005,unsat,3142.4055585861206
