epsilon,result,runtime
0.265,sat,11.757479906082153
0.133,sat,18.210322856903076
0.131,sat,12.031667232513428
0.063,sat,80.30038404464722
0.065,cancelled,106.20518374443054
0.021,unsat,9.331373453140259
0.041,unsat,2247.685844898224
0.053000000000000005,sat,12.014190673828125
0.047,sat,81.55701780319214
0.045,sat,225.3614535331726
0.043000000000000003,unsat,3586.15146279335
