epsilon,result,runtime
0.265,sat,9.941779613494873
0.133,sat,15.040616512298584
0.131,sat,17.78055691719055
0.065,sat,12.613540887832642
0.063,sat,15.296381950378418
0.029,unsat,1483.5479409694672
0.047,sat,10.6942617893219
0.039,sat,9.197006702423096
0.035,sat,16.148117542266846
0.033,sat,141.99474167823792
0.031,unsat,2215.0418524742126
