epsilon,result,runtime
0.265,sat,6.817593812942505
0.133,sat,9.7185697555542
0.131,sat,12.436709880828857
0.065,sat,11.993701934814453
0.063,sat,12.485664129257202
0.029,unsat,6.698549270629883
0.047,sat,12.268129825592041
0.031,unsat,215.09790921211243
0.039,unsat,2647.663565635681
0.037000000000000005,cancelled,2486.5523970127106
0.043000000000000003,sat,173.03983092308044
0.041,timeout,3600
