epsilon,result,runtime
0.265,sat,11.315475225448608
0.133,sat,14.800932884216309
0.131,sat,17.930794954299927
0.065,sat,17.740388870239258
0.063,sat,17.160654067993164
0.031,sat,17.159608840942383
0.013000000000000001,unsat,8.309481382369995
0.021,unsat,4.985331296920776
0.025,unsat,259.56422662734985
0.029,sat,339.8873507976532
0.027000000000000003,unsat,540.5772705078125
