epsilon,result,runtime
0.265,sat,12.606018543243408
0.133,sat,19.41360116004944
0.131,sat,20.205487489700317
0.065,sat,20.735474586486816
0.063,sat,20.97118306159973
0.031,unsat,548.0693182945251
0.029,cancelled,532.0339002609253
0.041,sat,15.019722700119019
0.051000000000000004,cancelled,26.271854400634766
0.037000000000000005,sat,14.369289636611938
0.035,sat,289.6251094341278
0.033,unsat,684.843099117279
