epsilon,result,runtime
0.265,sat,10.702468633651733
0.133,sat,17.314960479736328
0.131,sat,15.04689645767212
0.065,sat,13.961919784545898
0.063,sat,15.469166278839111
0.029,unsat,118.0056483745575
0.047,sat,136.47596502304077
0.031,unsat,678.8383746147156
0.039,unsat,1279.0818166732788
0.037000000000000005,cancelled,913.5055994987488
0.041,unsat,2979.7597756385803
0.043000000000000003,unsat,3381.955735206604
0.045,unsat,2478.8871533870697
