epsilon,result,runtime
0.265,sat,13.298836946487427
0.133,sat,19.27386498451233
0.131,sat,20.32288932800293
0.065,sat,249.6440806388855
0.063,sat,263.51357555389404
0.029,unsat,9.468549251556396
0.031,unsat,45.43471169471741
0.047,unsat,2959.1764600276947
0.045,cancelled,2959.2572832107544
0.057,sat,103.58998727798462
0.053000000000000005,sat,436.3655204772949
0.051000000000000004,sat,365.12282061576843
0.049,sat,342.6163420677185
