epsilon,result,runtime
0.265,sat,10.313435554504395
0.133,sat,13.636867046356201
0.131,sat,17.828721046447754
0.065,sat,14.49671745300293
0.063,sat,14.983969926834106
0.029,unsat,9.166011810302734
0.047,sat,8.293900728225708
0.031,unsat,149.82016134262085
0.037000000000000005,unsat,638.5159974098206
0.043000000000000003,sat,77.71440839767456
0.039,unsat,1333.2063119411469
0.041,timeout,3600
