epsilon,result,runtime
0.265,sat,10.05522346496582
0.133,sat,16.48636555671692
0.131,sat,13.455294847488403
0.065,sat,15.772368669509888
0.063,sat,14.757479429244995
0.031,sat,11.63889765739441
0.013000000000000001,unsat,7.435654640197754
0.029,sat,16.662991046905518
0.021,sat,15.096272230148315
0.015,unsat,94.25675439834595
0.017,unsat,928.1867120265961
0.019000000000000003,unsat,1886.5203692913055
