epsilon,result,runtime
0.265,sat,10.215600728988647
0.133,sat,16.250648975372314
0.131,sat,17.1258327960968
0.065,sat,18.23264169692993
0.063,sat,17.513054847717285
0.031,sat,11.303433418273926
0.029,sat,8.382094144821167
0.013000000000000001,unsat,9.79621171951294
0.015,unsat,6.8696205615997314
0.021,unsat,35.957669496536255
0.023,unsat,293.4053614139557
0.027000000000000003,sat,508.55785512924194
0.025,unsat,996.7190992832184
