epsilon,result,runtime
0.265,sat,14.394733905792236
0.133,sat,22.491955995559692
0.131,sat,18.100294589996338
0.065,sat,21.511117696762085
0.063,sat,17.035720348358154
0.031,sat,17.825867176055908
0.013000000000000001,unsat,7.13602614402771
0.029,sat,13.713460445404053
0.021,sat,10.439154624938965
0.019000000000000003,sat,10.748048782348633
0.015,unsat,11.017866373062134
0.017,unsat,84.63501930236816
