epsilon,result,runtime
0.265,sat,8.098515510559082
0.133,sat,22.230161666870117
0.131,sat,22.537256956100464
0.063,sat,114.71858954429626
0.065,cancelled,145.35591340065002
0.021,unsat,10.60269546508789
0.041,unsat,863.4566111564636
0.053000000000000005,sat,443.89889645576477
0.043000000000000003,unsat,2553.8478491306305
0.047,unsat,3045.8549745082855
0.051000000000000004,sat,259.86458253860474
0.049,unsat,2991.5237469673157
