epsilon,result,runtime
0.265,sat,9.127289056777954
0.133,sat,14.517873287200928
0.131,sat,10.336132764816284
0.065,sat,14.072487831115723
0.063,sat,11.310342073440552
0.029,unsat,7.356773138046265
0.047,sat,12.593714714050293
0.039,sat,252.48954820632935
0.031,unsat,327.35833263397217
0.033,unsat,356.14524722099304
0.035,unsat,842.5385780334473
0.037000000000000005,unsat,2502.368727207184
