epsilon,result,runtime
0.265,sat,6.7709596157073975
0.133,sat,11.02600646018982
0.131,sat,13.6013925075531
0.065,sat,14.09045672416687
0.031,sat,7.406468629837036
0.063,cancelled,20.773164987564087
0.009000000000000001,unsat,4.862692356109619
0.021,sat,9.741399049758911
0.013000000000000001,unsat,7.790833234786987
0.015,unsat,144.2045977115631
0.017,unsat,255.72370839118958
0.019000000000000003,unsat,1380.0566351413727
