epsilon,result,runtime
0.265,sat,6.558319807052612
0.133,sat,10.122463941574097
0.131,sat,12.467769384384155
0.065,sat,12.81208610534668
0.063,sat,12.130798816680908
0.029,unsat,1235.7234172821045
0.047,sat,9.982807636260986
0.039,sat,43.7699408531189
0.035,sat,282.86915254592896
0.031,timeout,3600
0.033,unsat,3084.0230140686035
