epsilon,result,runtime
0.265,sat,12.062050580978394
0.133,sat,13.26002049446106
0.065,sat,19.682556867599487
0.131,cancelled,30.908382654190063
0.021,unsat,7.177651405334473
0.041,unsat,2181.939065217972
0.053000000000000005,sat,15.233474731445312
0.047,sat,236.5209105014801
0.043000000000000003,timeout,3600
0.045,sat,1508.7696702480316
