epsilon,result,runtime
0.265,sat,9.658136129379272
0.133,sat,15.567667722702026
0.131,sat,14.930348873138428
0.065,sat,16.252904415130615
0.031,sat,10.504148244857788
0.063,cancelled,30.15248131752014
0.009000000000000001,unsat,7.423350811004639
0.019000000000000003,unsat,10.320026636123657
0.021,unsat,261.56034684181213
0.027000000000000003,sat,9.298258066177368
0.025,sat,429.4451093673706
0.023,unsat,723.8141794204712
