epsilon,result,runtime
0.265,sat,11.359177112579346
0.133,sat,17.850828170776367
0.131,sat,16.92682981491089
0.065,sat,17.269853591918945
0.031,unsat,8.152056455612183
0.063,sat,18.773537635803223
0.047,sat,9.70791220664978
0.045,sat,8.344252586364746
0.037000000000000005,unsat,1052.5443189144135
0.039,unsat,2052.0554060935974
0.043000000000000003,sat,12.168997526168823
0.041,unsat,2492.3624136447906
