epsilon,result,runtime
0.265,sat,8.44910454750061
0.133,sat,12.08903980255127
0.131,sat,16.25623059272766
0.065,sat,12.963353872299194
0.031,sat,11.471087217330933
0.063,cancelled,25.730306148529053
0.019000000000000003,unsat,8.093838930130005
0.009000000000000001,cancelled,17.166216373443604
0.009000000000000001,unsat,8.163989305496216
0.023,unsat,519.3875741958618
0.025,unsat,1012.871129989624
0.029,sat,118.62686467170715
0.027000000000000003,unsat,2500.114406824112
