epsilon,result,runtime
0.265,sat,12.083802938461304
0.133,sat,12.784542798995972
0.131,sat,15.760095596313477
0.065,sat,17.547881603240967
0.063,sat,15.502459526062012
0.031,sat,18.767324924468994
0.013000000000000001,unsat,8.670428991317749
0.029,sat,16.155668258666992
0.019000000000000003,unsat,8.844340562820435
0.021,unsat,269.15968203544617
0.023,unsat,617.1981747150421
0.027000000000000003,sat,13.867763042449951
0.025,unsat,2478.779375076294
