epsilon,result,runtime
0.265,sat,9.539602279663086
0.133,sat,18.052549839019775
0.131,sat,14.375280618667603
0.065,sat,10.793400764465332
0.063,sat,11.115022659301758
0.031,sat,8.716001510620117
0.029,sat,11.241618633270264
0.013000000000000001,unsat,9.962027549743652
0.015,unsat,31.86584496498108
0.023,sat,159.33173894882202
0.017,unsat,378.3591763973236
0.021,unsat,735.1909997463226
0.019000000000000003,cancelled,144.0462658405304
