epsilon,result,runtime
0.265,sat,9.324453115463257
0.133,sat,25.511229991912842
0.131,sat,28.628653049468994
0.065,sat,69.2051088809967
0.031,unsat,8.555625677108765
0.063,sat,154.46691393852234
0.047,unsat,3354.3729586601257
0.045,cancelled,3269.6001291275024
0.057,sat,211.15832018852234
0.053000000000000005,sat,354.38121461868286
0.051000000000000004,sat,435.68130898475647
0.049,sat,846.3568105697632
