epsilon,result,runtime
0.265,sat,6.459221363067627
0.133,sat,12.968067407608032
0.131,sat,13.293745994567871
0.065,sat,12.97383451461792
0.063,sat,10.362001180648804
0.031,sat,7.938583135604858
0.029,sat,7.42278265953064
0.013000000000000001,unsat,4.3958094120025635
0.021,sat,11.32176399230957
0.015,unsat,58.29913520812988
0.019000000000000003,sat,120.5765392780304
0.017,unsat,422.3001379966736
