epsilon,result,runtime
0.265,sat,5.903748989105225
0.133,sat,9.79522442817688
0.131,sat,12.123440265655518
0.065,sat,12.368033647537231
0.063,sat,8.738744020462036
0.031,sat,5.8820319175720215
0.013000000000000001,unsat,5.793553352355957
0.029,sat,12.41675591468811
0.021,sat,8.99043583869934
0.015,unsat,51.542890310287476
0.017,unsat,158.68728613853455
0.019000000000000003,unsat,354.4020845890045
