epsilon,result,runtime
0.265,sat,7.678440093994141
0.133,sat,13.123537063598633
0.131,sat,13.567346811294556
0.065,sat,11.677458047866821
0.063,sat,12.360507726669312
0.031,sat,8.68030571937561
0.013000000000000001,unsat,6.147407531738281
0.029,sat,9.262813568115234
0.021,sat,8.512508392333984
0.015,unsat,6.241233825683594
0.017,unsat,28.75051736831665
0.019000000000000003,unsat,629.1701180934906
