epsilon,result,runtime
0.265,sat,9.68022346496582
0.133,sat,12.31294322013855
0.131,sat,12.123976707458496
0.065,sat,14.655718564987183
0.031,unsat,5.8362250328063965
0.063,sat,304.9444329738617
0.047,unsat,3132.5433008670807
0.045,cancelled,2845.4031484127045
0.053000000000000005,sat,18.11992383003235
0.057,cancelled,33.09643006324768
0.049,sat,113.18612384796143
0.051000000000000004,cancelled,130.9918110370636
