epsilon,result,runtime
0.265,sat,10.112782955169678
0.133,sat,20.991714239120483
0.131,sat,21.38148546218872
0.065,sat,12.851648330688477
0.031,sat,11.253023862838745
0.063,cancelled,23.214791774749756
0.009000000000000001,sat,11.631256580352783
0.019000000000000003,cancelled,21.276681661605835
0.005,unsat,9.28762149810791
0.003,cancelled,14.049647331237793
0.007,unsat,76.78541851043701
