epsilon,result,runtime
0.265,sat,7.489339351654053
0.133,sat,12.057520866394043
0.131,sat,12.063763856887817
0.063,sat,11.947547435760498
0.065,cancelled,36.785069942474365
0.021,unsat,7.26057505607605
0.043000000000000003,sat,90.30417013168335
0.031,unsat,226.56561470031738
0.035,unsat,1022.853090763092
0.041,unsat,3004.7751247882843
0.037000000000000005,cancelled,1630.6402056217194
