epsilon,result,runtime
0.265,sat,8.844888687133789
0.133,sat,15.194976806640625
0.131,sat,14.962930917739868
0.065,sat,15.778139591217041
0.063,sat,15.806432962417603
0.031,sat,14.726744890213013
0.013000000000000001,sat,7.632227897644043
0.029,cancelled,20.12640404701233
0.007,unsat,7.444218873977661
0.003,cancelled,12.581049680709839
0.011,unsat,7.660762786865234
0.009000000000000001,cancelled,16.617027521133423
