epsilon,result,runtime
0.265,sat,9.59868597984314
0.133,sat,15.508471012115479
0.131,sat,18.13334321975708
0.065,sat,18.841192960739136
0.063,sat,15.853581666946411
0.029,unsat,274.13170433044434
0.031,unsat,353.35922360420227
0.047,sat,155.0827510356903
0.045,sat,237.81332683563232
0.037000000000000005,timeout,3600
0.039,timeout,3600
0.035,timeout,3600
0.041,unsat,3477.251428604126
0.033,cancelled,31.96000099182129
0.043000000000000003,unsat,3310.0251817703247
