epsilon,result,runtime
0.265,sat,8.499239206314087
0.133,sat,19.32890009880066
0.131,sat,19.51790761947632
0.065,sat,13.831993341445923
0.063,sat,17.49613046646118
0.029,unsat,2041.2050428390503
0.047,sat,14.760261058807373
0.039,sat,9.586614847183228
0.035,sat,51.378395080566406
0.031,unsat,2647.1836388111115
0.033,unsat,3180.662718296051
