epsilon,result,runtime
0.265,sat,11.601005792617798
0.133,sat,18.43129849433899
0.131,sat,14.761250972747803
0.065,sat,15.106450319290161
0.063,sat,14.09785270690918
0.031,sat,11.115710258483887
0.029,sat,7.851696729660034
0.013000000000000001,unsat,7.249526739120483
0.021,sat,11.43925142288208
0.015,unsat,39.889901638031006
0.017,unsat,266.98763489723206
0.019000000000000003,unsat,1234.5987794399261
