epsilon,result,runtime
0.265,sat,10.312795162200928
0.133,sat,17.84347128868103
0.131,sat,15.146659851074219
0.065,sat,16.081806182861328
0.063,sat,13.600236654281616
0.029,unsat,104.86370158195496
0.031,unsat,178.32399606704712
0.047,sat,98.31860613822937
0.037000000000000005,unsat,3184.4247987270355
0.045,timeout,3600
0.041,unsat,3264.7053167819977
0.039,cancelled,2933.1534671783447
0.043000000000000003,unsat,3426.730793952942
