epsilon,result,runtime
0.265,sat,6.120199203491211
0.133,sat,10.844662189483643
0.131,sat,10.79864764213562
0.065,sat,11.898291826248169
0.063,sat,11.637777090072632
0.029,unsat,210.281423330307
0.047,sat,13.846511602401733
0.031,unsat,355.1548099517822
0.039,unsat,2445.152547597885
0.037000000000000005,cancelled,2348.2829320430756
0.043000000000000003,sat,240.05558800697327
0.041,sat,388.02871465682983
