epsilon,result,runtime
0.265,sat,8.438326358795166
0.133,sat,13.33038330078125
0.131,sat,13.144696235656738
0.065,sat,13.815367937088013
0.031,sat,7.120253562927246
0.063,cancelled,20.677942752838135
0.009000000000000001,unsat,6.721275329589844
0.021,sat,6.306237459182739
0.013000000000000001,unsat,8.110039472579956
0.015,unsat,6.60205078125
0.017,unsat,8.580458402633667
0.019000000000000003,unsat,277.29092168807983
