epsilon,result,runtime
0.265,sat,10.479100942611694
0.133,sat,16.60357141494751
0.131,sat,15.013361930847168
0.065,sat,11.755172491073608
0.063,sat,13.562000036239624
0.031,unsat,541.6097097396851
0.029,cancelled,528.8345890045166
0.051000000000000004,sat,8.995923280715942
0.041,sat,18.217137575149536
0.035,sat,9.797499418258667
0.039,cancelled,29.675628423690796
0.033,timeout,3600
