epsilon,result,runtime
0.265,sat,9.029421329498291
0.133,sat,16.4265239238739
0.131,sat,12.672325611114502
0.065,sat,14.583507299423218
0.063,sat,14.810618877410889
0.031,sat,15.491290807723999
0.013000000000000001,unsat,7.189246892929077
0.029,sat,15.647461414337158
0.019000000000000003,unsat,220.3343768119812
0.025,sat,10.626681089401245
0.023,sat,7.307410955429077
0.021,sat,590.9865319728851
