epsilon,result,runtime
0.265,sat,7.647639751434326
0.133,sat,16.98663020133972
0.131,sat,11.150497674942017
0.065,sat,12.421847105026245
0.063,sat,16.84316086769104
0.031,unsat,7.510207653045654
0.029,cancelled,7.608736515045166
0.051000000000000004,sat,225.33460307121277
0.039,unsat,366.5384404659271
0.041,unsat,722.294020652771
0.045,unsat,3321.706660747528
0.047,unsat,3300.037588119507
0.049,unsat,3047.651708841324
