epsilon,result,runtime
0.265,sat,13.504010200500488
0.133,sat,20.918410778045654
0.131,sat,22.66878056526184
0.065,sat,20.86020278930664
0.063,sat,22.293339729309082
0.031,sat,19.608517169952393
0.013000000000000001,unsat,7.841278076171875
0.029,sat,14.520349025726318
0.021,sat,10.018133640289307
0.015,unsat,9.586894989013672
0.017,unsat,320.45065665245056
0.019000000000000003,unsat,932.8973872661591
