epsilon,result,runtime
0.265,sat,5.89461088180542
0.133,sat,9.358642578125
0.131,sat,10.851869106292725
0.065,sat,11.15621280670166
0.063,sat,11.661450386047363
0.029,unsat,54.31521534919739
0.031,unsat,213.56693577766418
0.047,unsat,2891.360285758972
0.045,cancelled,2763.2191314697266
0.057,sat,11.705006837844849
0.053000000000000005,sat,12.029526710510254
0.051000000000000004,sat,245.42703819274902
0.049,sat,431.2126522064209
