epsilon,result,runtime
0.265,sat,6.86960506439209
0.133,sat,14.71092700958252
0.131,sat,12.547270774841309
0.065,sat,13.042856216430664
0.063,sat,11.337939262390137
0.031,unsat,5.989096641540527
0.029,cancelled,0.48598670959472656
0.051000000000000004,sat,345.17153334617615
0.041,unsat,580.0926241874695
0.039,cancelled,234.6969051361084
0.047,sat,540.4912524223328
0.043000000000000003,unsat,2444.7389669418335
0.045,unsat,3138.717715024948
