epsilon,result,runtime
0.265,sat,10.303892374038696
0.133,sat,15.544615745544434
0.131,sat,13.874797821044922
0.065,sat,15.09266972541809
0.063,sat,15.815442562103271
0.031,sat,9.3126060962677
0.013000000000000001,unsat,7.754840135574341
0.029,sat,13.043968677520752
0.019000000000000003,unsat,134.5582947731018
0.025,sat,7.315847396850586
0.023,sat,7.109493255615234
0.021,unsat,620.6351749897003
