epsilon,result,runtime
0.265,sat,8.666472434997559
0.133,sat,16.8142728805542
0.131,sat,20.132445096969604
0.065,sat,17.744259357452393
0.031,sat,11.79275393486023
0.063,cancelled,25.786846160888672
0.009000000000000001,unsat,9.0772705078125
0.019000000000000003,unsat,102.1596987247467
0.021,unsat,406.1996078491211
0.025,unsat,1409.4211263656616
0.029,sat,452.6687455177307
0.027000000000000003,unsat,2355.2954823970795
