epsilon,result,runtime
0.265,sat,10.281604528427124
0.133,sat,11.965834379196167
0.131,sat,10.76072359085083
0.065,sat,11.206743955612183
0.063,sat,12.549124240875244
0.029,unsat,215.55892157554626
0.047,sat,204.02925825119019
0.031,unsat,481.92467164993286
0.037000000000000005,unsat,2299.8359141349792
0.039,unsat,3097.1972274780273
0.043000000000000003,unsat,2861.808711051941
0.041,cancelled,2106.9622797966003
0.045,sat,230.7361662387848
