epsilon,result,runtime
0.265,sat,13.843670845031738
0.133,sat,21.553142309188843
0.131,sat,25.27998924255371
0.065,sat,21.51048970222473
0.063,sat,11.828314781188965
0.029,unsat,258.3861174583435
0.031,unsat,383.70640802383423
0.047,sat,230.6843445301056
0.045,sat,331.9393541812897
0.039,unsat,3135.039655685425
0.037000000000000005,cancelled,3352.1780972480774
0.043000000000000003,sat,302.9942238330841
0.041,sat,2040.5264101028442
