epsilon,result,runtime
0.265,sat,9.318227052688599
0.133,sat,14.590549230575562
0.131,sat,12.148857831954956
0.063,sat,114.54665493965149
0.065,cancelled,141.16454219818115
0.021,unsat,7.794875621795654
0.041,unsat,1433.213353395462
0.043000000000000003,unsat,3149.5842623710632
0.053000000000000005,sat,2376.2054405212402
0.051000000000000004,unsat,2860.2985227108
0.047,cancelled,2218.5495088100433
