epsilon,result,runtime
0.133,sat,12.124442338943481
0.265,cancelled,26.56342887878418
0.08700000000000001,sat,19.389290809631348
0.043000000000000003,sat,19.269762992858887
0.041,sat,20.030514240264893
0.019000000000000003,unsat,1176.3090283870697
0.031,sat,17.13459062576294
0.025,sat,83.68575286865234
0.023,sat,278.9537878036499
0.021,unsat,3262.16419005394
