epsilon,result,runtime
0.265,sat,9.859382629394531
0.133,sat,16.849570751190186
0.131,sat,17.86963987350464
0.065,sat,15.95068359375
0.031,sat,11.030616044998169
0.063,cancelled,21.91916584968567
0.009000000000000001,unsat,8.247363090515137
0.019000000000000003,sat,9.538601636886597
0.021,cancelled,2.0819926261901855
0.013000000000000001,unsat,6.467349529266357
0.015,unsat,34.395015239715576
0.017,unsat,600.0021591186523
