epsilon,result,runtime
0.265,sat,9.698861360549927
0.133,sat,14.304816722869873
0.131,sat,10.698201894760132
0.065,sat,11.470818281173706
0.031,sat,8.736335754394531
0.063,cancelled,22.295490503311157
0.009000000000000001,unsat,6.579732894897461
0.019000000000000003,sat,7.637660980224609
0.021,cancelled,1.0358989238739014
0.015,sat,7.31092643737793
0.011,unsat,58.47326707839966
0.013000000000000001,unsat,1000.9645614624023
