epsilon,result,runtime
0.265,sat,8.551320791244507
0.133,sat,16.469722509384155
0.131,sat,19.045145511627197
0.065,sat,16.397938013076782
0.063,sat,11.025107383728027
0.029,unsat,315.9131348133087
0.047,sat,10.090338945388794
0.031,unsat,446.16263484954834
0.039,sat,168.17068767547607
0.033,unsat,672.1313455104828
0.037000000000000005,unsat,2840.2409262657166
0.035,cancelled,2082.6740379333496
