epsilon,result,runtime
0.265,sat,10.733028411865234
0.133,sat,16.3390531539917
0.131,sat,13.37459945678711
0.065,sat,11.83800196647644
0.063,sat,9.979294538497925
0.031,sat,6.77292537689209
0.013000000000000001,unsat,5.843760251998901
0.029,sat,7.325582504272461
0.021,unsat,6.566823959350586
0.019000000000000003,cancelled,14.0343759059906
0.023,unsat,131.35511684417725
0.027000000000000003,sat,8.986360788345337
0.025,unsat,383.8419392108917
