epsilon,result,runtime
0.265,sat,9.285964727401733
0.133,sat,16.42352843284607
0.131,sat,19.518308877944946
0.065,sat,20.107802152633667
0.063,sat,17.17004919052124
0.029,unsat,361.2337188720703
0.047,sat,12.513142824172974
0.031,unsat,557.1599881649017
0.039,sat,221.6711118221283
0.033,unsat,1536.4689090251923
0.037000000000000005,unsat,2861.450840473175
0.035,cancelled,1235.6176903247833
