epsilon,result,runtime
0.265,sat,10.904252767562866
0.133,sat,17.977641344070435
0.131,sat,17.617905139923096
0.065,sat,18.402639627456665
0.063,sat,17.928796768188477
0.031,unsat,9.754215240478516
0.029,cancelled,1.119032382965088
0.051000000000000004,sat,19.80506134033203
0.041,unsat,2450.672780752182
0.039,cancelled,2433.347198486328
0.047,sat,127.76440954208374
0.045,sat,138.92071914672852
0.043000000000000003,sat,973.2611501216888
