epsilon,result,runtime
0.265,sat,4.233497142791748
0.133,sat,4.217011213302612
0.131,sat,4.037160873413086
0.065,sat,4.039192199707031
0.063,sat,3.9546961784362793
0.029,unsat,3103.990807533264
0.047,sat,2.6775553226470947
0.031,unsat,3553.4249453544617
0.039,unsat,3483.973241329193
0.037000000000000005,cancelled,3051.1375732421875
0.043000000000000003,sat,51.17706298828125
0.041,sat,71.40810465812683
