epsilon,result,runtime
0.265,sat,4.241873264312744
0.133,sat,4.28429388999939
0.131,sat,4.297954559326172
0.065,sat,4.233501672744751
0.063,sat,4.180179834365845
0.029,unsat,3301.9851677417755
0.047,sat,47.7012677192688
0.031,unsat,3379.7524135112762
0.039,unsat,3228.544372320175
0.037000000000000005,cancelled,3212.920861721039
0.041,unsat,3213.1437649726868
0.043000000000000003,unsat,3290.14350771904
0.045,sat,140.9715552330017
