epsilon,result,runtime
0.133,sat,2.2175052165985107
0.265,cancelled,4.999648571014404
0.08700000000000001,sat,2.576314926147461
0.043000000000000003,unsat,3115.374071598053
0.041,cancelled,3112.9359772205353
0.07100000000000001,sat,4.332211494445801
0.057,sat,4.3189003467559814
0.055,sat,51.757803201675415
0.049,sat,132.26063895225525
0.047,sat,428.22637248039246
0.045,sat,577.9221835136414
