epsilon,result,runtime
0.265,sat,1.4053735733032227
0.133,sat,2.129032611846924
0.131,sat,0.586789608001709
0.063,unsat,3359.9360048770905
0.097,sat,2.2033183574676514
0.065,unsat,3384.4433448314667
0.081,sat,14.59515643119812
0.079,sat,0.7109267711639404
0.07300000000000001,sat,5.9269537925720215
0.067,sat,7.3813629150390625
0.07100000000000001,cancelled,21.679990768432617
