epsilon,result,runtime
0.265,sat,1.402691125869751
0.133,sat,1.771460771560669
0.131,sat,13.488801717758179
0.063,unsat,3092.8387780189514
0.097,sat,2.4033074378967285
0.065,unsat,3444.280523777008
0.081,sat,682.6588592529297
0.079,sat,697.0302391052246
0.07100000000000001,unsat,3364.1804332733154
0.07300000000000001,unsat,3249.397080183029
0.077,sat,1293.1733424663544
0.075,error,2021.0457184314728
