epsilon,result,runtime
0.265,sat,4.334045171737671
0.131,sat,20.870898246765137
0.133,cancelled,32.54044556617737
0.043000000000000003,unsat,3172.858197927475
0.085,unsat,3354.5306055545807
0.109,sat,367.4431748390198
0.08700000000000001,unsat,3462.2159790992737
0.097,unsat,3324.7829360961914
0.10300000000000001,sat,77.26522064208984
0.099,unsat,3255.316662788391
0.101,error,3187.429479598999
