epsilon,result,runtime
0.133,sat,2.480461359024048
0.265,cancelled,5.462559938430786
0.08700000000000001,sat,2.5142617225646973
0.043000000000000003,unsat,3171.911297082901
0.041,cancelled,3169.6551520824432
0.07100000000000001,sat,67.72241711616516
0.055,unsat,3193.239367246628
0.057,unsat,3374.65797829628
0.063,unsat,3274.0023064613342
0.065,unsat,3204.433610677719
0.069,sat,1845.7578437328339
0.067,error,2391.6300818920135
