epsilon,result,runtime
0.265,sat,2.4196817874908447
0.133,sat,2.4559597969055176
0.131,sat,2.4349851608276367
0.065,sat,4.43680477142334
0.063,sat,2.2875733375549316
0.031,unsat,3215.5154769420624
0.029,cancelled,3215.3006525039673
0.051000000000000004,unsat,3227.1117780208588
0.041,cancelled,3230.557544231415
0.057,sat,87.18041324615479
0.055,sat,102.18662166595459
0.053000000000000005,error,810.134064912796
