epsilon,result,runtime
0.265,sat,1.458728313446045
0.133,sat,1.9998018741607666
0.131,sat,0.4831366539001465
0.065,sat,1.2706520557403564
0.063,sat,1.1157450675964355
0.031,unsat,3174.6645708084106
0.029,cancelled,3175.0375401973724
0.051000000000000004,sat,16.358165740966797
0.039,sat,77.97216892242432
0.041,cancelled,101.52156567573547
0.035,sat,1444.7867014408112
0.033,error,1992.8265025615692
