epsilon,result,runtime
0.265,sat,2.358002185821533
0.133,sat,2.4256744384765625
0.131,sat,3.760568141937256
0.063,unsat,3334.801111936569
0.065,unsat,3376.09726023674
0.099,unsat,3076.382764339447
0.097,cancelled,3113.9144115448
0.11900000000000001,sat,14.075969934463501
0.107,unsat,3578.3768920898438
0.109,timeout,3600
0.115,sat,38.3836715221405
0.111,sat,6.240762710571289
0.113,cancelled,51.27994227409363
