epsilon,result,runtime
0.265,sat,2.4666733741760254
0.133,sat,2.513031244277954
0.131,sat,2.3335933685302734
0.065,sat,2.364954710006714
0.063,sat,1.2953262329101562
0.031,unsat,3125.754170179367
0.029,cancelled,3124.7924678325653
0.051000000000000004,unsat,3134.4542784690857
0.041,cancelled,3138.204295873642
0.057,sat,228.5241186618805
0.055,sat,625.0713255405426
0.053000000000000005,sat,417.24776577949524
