epsilon,result,runtime
0.265,sat,13.915975570678711
0.131,sat,16.131617784500122
0.133,cancelled,37.317888021469116
0.043000000000000003,unsat,20.16598343849182
0.08700000000000001,unsat,3200.1080503463745
0.085,cancelled,3228.858336687088
0.101,unsat,3206.6014301776886
0.115,unsat,3245.3407566547394
0.117,unsat,3258.8375906944275
0.125,sat,128.92000460624695
0.123,unsat,3456.2864093780518
0.11900000000000001,cancelled,104.30631804466248
