epsilon,result,runtime
0.265,sat,4.2543394565582275
0.133,sat,4.285916328430176
0.131,sat,4.272376537322998
0.065,sat,4.263747692108154
0.063,sat,4.245839595794678
0.031,sat,4.279260873794556
0.029,sat,4.338536739349365
0.015,unsat,3160.3862719535828
0.013000000000000001,cancelled,3171.815200328827
0.023,sat,4.225341081619263
0.019000000000000003,sat,39.43034768104553
0.017,error,687.8282260894775
