epsilon,result,runtime
0.265,sat,1.4116418361663818
0.133,sat,1.8232982158660889
0.131,sat,1.4693834781646729
0.065,sat,2.05295729637146
0.063,sat,0.6389026641845703
0.029,unsat,3102.089359521866
0.031,unsat,3425.190466403961
0.047,sat,1332.6399381160736
0.045,unsat,3483.790279865265
0.037000000000000005,cancelled,2471.666218996048
