epsilon,result,runtime
0.265,sat,16.662359714508057
0.133,sat,18.98984956741333
0.131,sat,1.7058074474334717
0.063,unsat,3190.946113586426
0.065,unsat,3326.900836467743
0.097,unsat,3142.591841697693
0.099,unsat,3168.8719408512115
0.115,sat,1764.806510925293
0.113,unsat,3483.7660360336304
0.10500000000000001,cancelled,1879.7688851356506
