epsilon,result,runtime
0.265,sat,2.3961570262908936
0.133,sat,2.5108349323272705
0.131,sat,2.4187211990356445
0.065,sat,3.9691340923309326
0.063,sat,2.7735064029693604
0.031,unsat,3079.2985768318176
0.029,cancelled,3078.2256734371185
0.051000000000000004,sat,27.03610396385193
0.041,sat,1638.729481458664
0.039,unsat,3081.976061105728
0.035,cancelled,1474.316567659378
