epsilon,result,runtime
0.265,sat,2.4418375492095947
0.133,sat,4.085990905761719
0.131,sat,1.4049129486083984
0.065,unsat,3288.7846388816833
0.063,cancelled,3289.105569601059
0.107,sat,4.237737655639648
0.08700000000000001,sat,4.215348243713379
0.085,sat,4.116102457046509
0.075,sat,4.10623836517334
0.069,sat,4.167606353759766
0.07300000000000001,cancelled,7.29846978187561
0.067,sat,0.7274272441864014
