epsilon,result,runtime
0.265,sat,5.392706394195557
0.133,sat,5.382941961288452
0.131,sat,5.0635294914245605
0.065,sat,34.89529538154602
0.063,sat,47.302846908569336
0.031,unsat,3015.5265605449677
0.029,cancelled,2998.1906061172485
0.041,unsat,3309.9497306346893
0.051000000000000004,unsat,3367.63352894783
0.057,sat,1444.2708139419556
0.053000000000000005,unsat,3497.6169958114624
0.055,error,2518.900565624237
