epsilon,result,runtime
0.265,sat,1.3345677852630615
0.133,sat,1.7659764289855957
0.131,sat,1.314162015914917
0.065,sat,1.4776513576507568
0.063,sat,0.5485184192657471
0.031,unsat,3089.0618793964386
0.029,cancelled,3088.9767224788666
0.041,sat,4.335909843444824
0.051000000000000004,cancelled,10.49408769607544
0.037000000000000005,sat,101.76941418647766
0.035,sat,151.2528522014618
0.033,error,943.4627523422241
