epsilon,result,runtime
0.265,sat,4.141145706176758
0.133,sat,4.160364389419556
0.131,sat,4.258320331573486
0.065,sat,27.069612741470337
0.063,sat,26.813355922698975
0.031,unsat,3084.0112195014954
0.029,cancelled,3080.0640931129456
0.051000000000000004,unsat,3125.9127180576324
0.041,cancelled,3129.4256167411804
0.057,unsat,3407.057778596878
0.055,cancelled,3410.6371631622314
0.059000000000000004,sat,28.912726163864136
0.061,cancelled,32.32439374923706
