epsilon,result,runtime
0.265,sat,4.101175785064697
0.133,sat,4.194007158279419
0.065,sat,4.195033311843872
0.131,cancelled,7.238653898239136
0.041,sat,5.768521070480347
0.019000000000000003,unsat,20.65602397918701
0.021,unsat,262.81181144714355
0.029,unsat,3113.449470758438
0.035,sat,39.72232985496521
0.031,unsat,3514.163637161255
0.033,error,838.5097048282623
