epsilon,result,runtime
0.265,sat,2.6123385429382324
0.133,sat,2.643010139465332
0.131,sat,2.5532748699188232
0.065,unsat,3228.3370475769043
0.063,cancelled,3225.999725341797
0.107,sat,17.350149393081665
0.08700000000000001,sat,45.833882331848145
0.085,sat,32.180474042892456
0.07300000000000001,sat,108.55073881149292
0.075,cancelled,120.01266956329346
0.067,unsat,3317.659223794937
0.069,unsat,3411.928488254547
0.07100000000000001,sat,449.5203003883362
