epsilon,result,runtime
0.133,sat,2.487032175064087
0.265,cancelled,5.493986368179321
0.08700000000000001,sat,2.1707959175109863
0.041,unsat,3383.307271003723
0.043000000000000003,unsat,3443.9948019981384
0.065,unsat,3366.6052911281586
0.063,cancelled,3314.609440803528
0.079,sat,16.216370820999146
0.07100000000000001,sat,45.18948268890381
0.07300000000000001,cancelled,68.85839581489563
0.069,sat,1141.5047345161438
0.067,error,1649.3216841220856
