epsilon,result,runtime
0.133,sat,2.367137908935547
0.265,cancelled,5.254730939865112
0.043000000000000003,unsat,3083.2309029102325
0.08700000000000001,unsat,3139.927756547928
0.111,sat,2.0404140949249268
0.099,sat,129.45771551132202
0.093,sat,202.40664315223694
0.091,sat,1301.5925877094269
0.089,error,2202.165150642395
