epsilon,result,runtime
0.265,sat,2.492457389831543
0.133,sat,2.5078468322753906
0.131,sat,2.4146084785461426
0.065,unsat,3346.03458571434
0.063,cancelled,3343.7913467884064
0.107,sat,11.639903545379639
0.08700000000000001,sat,837.6657009124756
0.085,unsat,3437.7190639972687
0.075,cancelled,2614.906837463379
