epsilon,result,runtime
0.133,sat,4.204692602157593
0.265,cancelled,7.363623142242432
0.08700000000000001,sat,4.27812647819519
0.043000000000000003,sat,4.251139163970947
0.041,sat,4.227514028549194
0.021,unsat,3186.5472888946533
0.019000000000000003,cancelled,3197.9527747631073
0.027000000000000003,unsat,3149.6894125938416
0.035,sat,21.942530393600464
0.033,unsat,3415.7615377902985
0.029,cancelled,240.74024105072021
