epsilon,result,runtime
0.265,sat,2.2807531356811523
0.133,sat,3.79343581199646
0.131,sat,1.0404651165008545
0.063,unsat,3116.2947249412537
0.097,sat,18.992128133773804
0.081,sat,17.527928829193115
0.07300000000000001,sat,19.020838499069214
0.065,timeout,3600
0.069,sat,821.7735118865967
0.067,sat,418.7174959182739
