epsilon,result,runtime
0.133,sat,2.337421417236328
0.265,cancelled,5.271911859512329
0.043000000000000003,sat,2.3962366580963135
0.08700000000000001,cancelled,5.103398323059082
0.013000000000000001,sat,1.8304758071899414
0.027000000000000003,cancelled,4.460301637649536
0.003,unsat,1.5305516719818115
0.007,unsat,199.79558157920837
0.011,sat,6.920336008071899
0.009000000000000001,error,750.9758403301239
