epsilon,result,runtime
0.133,sat,2.1652588844299316
0.265,cancelled,5.169334888458252
0.08700000000000001,sat,10.10734510421753
0.043000000000000003,unsat,3208.364941596985
0.041,cancelled,3198.400487422943
0.07100000000000001,sat,39.322519063949585
0.055,sat,62.6063232421875
0.057,cancelled,109.44912958145142
0.049,unsat,3115.8278346061707
0.047,cancelled,3120.4063103199005
0.053000000000000005,sat,85.83668828010559
0.051000000000000004,sat,110.37635493278503
