epsilon,result,runtime
0.265,sat,1.5431864261627197
0.133,sat,1.9170875549316406
0.131,sat,2.3492958545684814
0.065,unsat,3298.982921361923
0.063,cancelled,3296.991414308548
0.107,sat,4.20660924911499
0.08700000000000001,sat,89.36888718605042
0.085,sat,147.96754097938538
0.075,sat,715.6879754066467
0.07300000000000001,sat,694.9550137519836
0.069,unsat,3469.1087992191315
0.067,cancelled,3428.1274647712708
0.07100000000000001,sat,277.81799507141113
