epsilon,result,runtime
0.265,sat,13.417147636413574
0.131,unsat,3098.329644203186
0.199,sat,5.924749374389648
0.165,sat,26.294591426849365
0.133,unsat,3393.339223384857
0.149,unsat,3428.3071234226227
0.147,cancelled,3191.4231605529785
0.159,sat,45.89537262916565
0.155,sat,151.8906409740448
0.153,sat,541.7931327819824
0.151,sat,537.5553584098816
