epsilon,result,runtime
0.265,sat,2.4495303630828857
0.133,sat,2.4627983570098877
0.131,sat,2.6511144638061523
0.063,unsat,3200.1441333293915
0.097,sat,2.625051498413086
0.081,sat,32.230000734329224
0.065,unsat,3340.303526878357
0.07300000000000001,sat,92.90907096862793
0.07100000000000001,sat,1768.3506925106049
0.067,unsat,3485.396491765976
0.069,sat,1739.9091420173645
