epsilon,result,runtime
0.133,sat,12.916218519210815
0.265,cancelled,16.32371997833252
0.043000000000000003,unsat,3367.8783764839172
0.08700000000000001,unsat,3370.1119573116302
0.111,sat,18.436693906784058
0.099,sat,612.9790170192719
0.093,sat,666.4542164802551
0.091,sat,1001.6917064189911
0.089,error,2803.877534866333
