epsilon,result,runtime
0.265,sat,2.5093634128570557
0.133,sat,3.702385663986206
0.131,sat,3.653393507003784
0.065,unsat,3236.8195312023163
0.063,cancelled,3234.7542929649353
0.107,sat,33.81917977333069
0.08700000000000001,unsat,3215.1782047748566
0.085,cancelled,3181.384229660034
0.099,sat,61.58117938041687
0.093,sat,334.91108560562134
0.091,sat,949.0147573947906
0.089,error,1214.248607158661
