epsilon,result,runtime
0.133,sat,2.395758867263794
0.265,cancelled,5.423661470413208
0.265,sat,2.3828177452087402
0.08700000000000001,sat,2.454936981201172
0.043000000000000003,sat,5.996964931488037
0.041,sat,25.928834199905396
0.019000000000000003,unsat,3143.115392923355
0.021,unsat,3117.910910129547
0.031,unsat,3305.2083535194397
0.029,cancelled,3307.85954785347
0.037000000000000005,unsat,3404.92352437973
0.035,cancelled,3408.4597613811493
0.039,sat,177.31078004837036
