epsilon,result,runtime
0.265,sat,2.4611058235168457
0.133,sat,3.016296625137329
0.131,sat,0.9487202167510986
0.065,sat,1.468165397644043
0.063,sat,0.8616471290588379
0.031,unsat,3127.803819656372
0.029,cancelled,3128.1758658885956
0.051000000000000004,sat,13.012523412704468
0.041,sat,15.297621250152588
0.039,sat,32.11062836647034
0.035,sat,820.4425146579742
0.033,error,1340.6673612594604
