epsilon,result,runtime
0.265,sat,2.6234116554260254
0.133,sat,2.6415412425994873
0.131,sat,2.282618999481201
0.063,unsat,3132.663175344467
0.097,sat,18.079999685287476
0.065,unsat,3328.90322971344
0.081,sat,746.545779466629
0.079,unsat,3069.00967669487
0.07100000000000001,cancelled,2493.028021335602
