epsilon,result,runtime
0.133,sat,2.539095163345337
0.265,cancelled,5.513301134109497
