epsilon,result,runtime
0.265,sat,2.539604663848877
0.133,sat,4.0778748989105225
0.131,sat,1.014603614807129
0.065,sat,1.3106050491333008
0.063,sat,16.3266339302063
0.031,unsat,3461.9206461906433
0.029,cancelled,3447.0344235897064
0.051000000000000004,unsat,3256.892230987549
0.041,cancelled,3259.970805644989
0.057,sat,145.14330077171326
0.053000000000000005,sat,706.7096827030182
0.055,cancelled,859.0605566501617
