epsilon,result,runtime
0.265,sat,2.5324056148529053
0.133,sat,8.96617341041565
0.131,sat,14.48599123954773
0.063,unsat,3254.5036573410034
0.097,sat,12.756821632385254
0.081,sat,38.66911053657532
0.065,unsat,3443.7172334194183
0.07300000000000001,unsat,3297.4987802505493
0.07100000000000001,cancelled,3179.741195201874
0.077,sat,2121.2189815044403
0.075,sat,2211.9430084228516
