epsilon,result,runtime
0.265,sat,1.4945502281188965
0.133,sat,2.2140510082244873
0.131,sat,0.7280788421630859
0.065,sat,1.441582441329956
0.063,sat,0.6202540397644043
0.031,unsat,3450.9415826797485
0.029,cancelled,3451.672594308853
0.051000000000000004,sat,4.292931079864502
0.039,sat,4.14149284362793
0.041,cancelled,15.645026922225952
0.035,unsat,3232.493942260742
0.033,cancelled,3235.8045620918274
0.037000000000000005,sat,223.91884469985962
