epsilon,result,runtime
0.133,sat,2.4472553730010986
0.265,cancelled,5.401257038116455
0.043000000000000003,sat,2.2865731716156006
0.08700000000000001,cancelled,4.964911460876465
0.027000000000000003,sat,2.2732577323913574
0.013000000000000001,sat,2.744675397872925
0.005,unsat,1.5012452602386475
0.011,unsat,3068.1317031383514
0.007,cancelled,3066.3112621307373
