epsilon,result,runtime
0.265,sat,4.157400131225586
0.133,sat,8.290703296661377
0.131,sat,8.125946760177612
0.063,unsat,3285.5584790706635
0.065,unsat,3313.751252412796
0.097,sat,19.346603870391846
0.099,cancelled,2.3963851928710938
0.075,unsat,3542.488660812378
0.085,unsat,3544.9362013339996
0.091,sat,823.8641407489777
0.08700000000000001,sat,1286.4756722450256
0.089,cancelled,461.01670360565186
