epsilon,result,runtime
0.265,sat,4.229222059249878
0.133,sat,4.2572972774505615
0.131,sat,4.265275239944458
0.065,sat,71.16509890556335
0.063,sat,1295.9227492809296
0.031,unsat,3145.0610852241516
0.029,cancelled,1916.5234186649323
0.041,unsat,3146.1379475593567
0.051000000000000004,unsat,3146.8488054275513
0.057,unsat,3389.7569925785065
0.053000000000000005,cancelled,3393.1748600006104
0.061,unsat,3117.9725716114044
0.059000000000000004,cancelled,3121.5633556842804
