epsilon,result,runtime
0.265,sat,4.3162007331848145
0.133,sat,4.34568190574646
0.131,sat,20.253429412841797
0.065,unsat,3371.603773832321
0.063,cancelled,3351.2300429344177
0.107,sat,4.322793006896973
0.08700000000000001,unsat,3105.4061303138733
0.085,cancelled,3101.1763672828674
0.099,sat,4.377843141555786
0.093,sat,114.86817216873169
0.091,sat,1496.3940260410309
0.089,error,1914.0799307823181
