epsilon,result,runtime
0.265,sat,2.4929349422454834
0.133,sat,3.647287607192993
0.131,sat,3.420724630355835
0.065,sat,3.612849712371826
0.063,sat,3.072164297103882
0.031,unsat,3281.3836534023285
0.029,cancelled,3280.624811410904
0.041,sat,4.76663875579834
0.051000000000000004,cancelled,8.053324937820435
0.037000000000000005,sat,86.87564969062805
0.033,unsat,3339.0273036956787
0.035,unsat,3431.3344860076904
