epsilon,result,runtime
0.265,sat,2.345335006713867
0.133,sat,6.824790716171265
0.131,sat,4.023701190948486
0.065,unsat,3178.3290395736694
0.063,cancelled,3179.0977277755737
0.107,sat,27.65637516975403
0.08700000000000001,sat,28.735575675964355
0.085,sat,969.6223456859589
0.075,unsat,3267.160564184189
0.07300000000000001,cancelled,2299.331034183502
0.079,unsat,3274.729991197586
0.081,timeout,3600
0.083,error,960.1783845424652
