epsilon,result,runtime
0.133,sat,2.383671283721924
0.265,cancelled,5.4315478801727295
0.08700000000000001,sat,2.6756439208984375
0.043000000000000003,unsat,3241.409909963608
0.041,cancelled,3238.8138365745544
0.057,sat,4.203862905502319
0.07100000000000001,cancelled,7.4532341957092285
0.051000000000000004,sat,114.54091143608093
0.047,unsat,3408.4505887031555
0.045,cancelled,3294.0476558208466
0.049,sat,46.764931440353394
