epsilon,result,runtime
0.265,sat,6.164630889892578
0.131,unsat,3095.600148677826
0.133,unsat,3229.1764307022095
0.199,unsat,3536.8410427570343
0.197,cancelled,3415.908983230591
0.241,sat,4.194698095321655
0.219,sat,49.36516976356506
0.221,cancelled,60.908334732055664
0.20500000000000002,sat,575.6754357814789
0.211,cancelled,580.0012657642365
0.203,unsat,3309.7976751327515
0.201,cancelled,3313.1922903060913
