epsilon,result,runtime
0.265,sat,2.437324285507202
0.133,sat,2.470517635345459
0.131,sat,2.3793885707855225
0.065,unsat,3286.7765719890594
0.063,cancelled,3284.5087926387787
0.107,sat,13.692445755004883
0.08700000000000001,sat,13.828841924667358
0.085,sat,20.10287380218506
0.075,sat,22.995028734207153
0.07300000000000001,sat,18.221330404281616
0.069,sat,690.5088181495667
0.067,error,1217.3603608608246
