epsilon,result,runtime
0.133,sat,1.4720821380615234
0.265,cancelled,4.262040138244629
0.265,sat,1.51849365234375
0.08700000000000001,sat,2.5613248348236084
0.043000000000000003,sat,6.485778570175171
0.041,sat,9.789286851882935
0.019000000000000003,unsat,3180.1723263263702
0.021,unsat,3187.6367695331573
0.031,unsat,3143.798549413681
0.029,cancelled,3130.860367298126
0.037000000000000005,sat,52.887585401535034
0.035,sat,76.31144666671753
0.033,sat,59.74392819404602
