epsilon,result,runtime
0.265,sat,2.460474729537964
0.133,sat,2.516206979751587
0.131,sat,2.5784456729888916
0.065,sat,2.5419704914093018
0.063,sat,2.4346885681152344
0.031,sat,2.5445916652679443
0.029,sat,1.9958720207214355
0.013000000000000001,unsat,3170.717865228653
0.021,sat,2.5750479698181152
0.017,sat,2.470447540283203
0.015,unsat,3593.4783794879913
