epsilon,result,runtime
0.265,sat,2.3922371864318848
0.133,unsat,3346.2193353176117
0.131,cancelled,3343.992005109787
0.219,sat,10.323564291000366
0.177,sat,12.68486475944519
0.17500000000000002,sat,45.64265465736389
0.153,sat,44.93087887763977
0.155,cancelled,2.1242103576660156
0.14500000000000002,sat,44.79167723655701
0.139,sat,127.39657616615295
0.137,sat,375.0503759384155
0.135,sat,386.07275772094727
