epsilon,result,runtime
0.265,sat,2.5567424297332764
0.131,sat,291.53104615211487
0.133,cancelled,300.19620084762573
0.043000000000000003,unsat,3474.9313266277313
0.085,unsat,3521.0632150173187
0.08700000000000001,unsat,3153.5532546043396
0.109,unsat,3533.05645942688
0.107,cancelled,425.46420645713806
0.123,unsat,3074.873169183731
0.117,cancelled,3078.509773015976
0.127,unsat,3257.59583735466
0.125,cancelled,3261.1405503749847
0.129,sat,287.62164425849915
