epsilon,result,runtime
0.133,sat,2.447316884994507
0.265,cancelled,5.423484802246094
0.265,sat,2.4369561672210693
0.08700000000000001,sat,1.4853618144989014
0.043000000000000003,sat,1.923492193222046
0.019000000000000003,sat,1.5094809532165527
0.041,cancelled,4.6834776401519775
0.005,sat,1.1204028129577637
0.011,cancelled,3.84660005569458
0.003,sat,1.2028417587280273
0.001,sat,1.2021152973175049
