epsilon,result,runtime
0.133,sat,3.9123940467834473
0.265,cancelled,7.363232135772705
0.08700000000000001,sat,4.251846790313721
0.041,unsat,3217.7780051231384
0.065,sat,6.740843057632446
0.043000000000000003,unsat,3475.2881619930267
0.053000000000000005,unsat,3257.69038105011
0.059000000000000004,sat,14.442348957061768
0.055,unsat,3186.287355899811
0.057,sat,203.69571995735168
