epsilon,result,runtime
0.265,sat,2.5218124389648438
0.133,sat,2.6432673931121826
0.131,sat,2.669640064239502
0.065,unsat,3135.3797142505646
0.063,cancelled,3132.8656899929047
0.107,sat,4.3498804569244385
0.08700000000000001,sat,347.2373208999634
0.085,unsat,3277.026347875595
0.075,cancelled,2938.1537618637085
