epsilon,result,runtime
0.265,sat,1.2899425029754639
0.133,sat,2.057072639465332
0.131,sat,0.5734648704528809
0.065,sat,1.1591904163360596
0.063,sat,1.0725576877593994
0.029,unsat,3264.649268388748
0.047,sat,3.6481552124023438
0.039,sat,5.333392143249512
0.031,unsat,3391.7787528038025
0.035,unsat,3144.1445586681366
0.033,cancelled,3037.867166519165
0.037000000000000005,sat,8.182791709899902
