epsilon,result,runtime
0.265,sat,1.388148307800293
0.133,sat,1.3503105640411377
0.131,sat,1.45577073097229
0.065,sat,1.4484748840332031
0.063,sat,1.2119898796081543
0.031,sat,1.4037697315216064
0.029,sat,1.1948153972625732
0.013000000000000001,sat,1.377305030822754
0.015,cancelled,0.2611842155456543
0.003,unsat,2.100982189178467
0.009000000000000001,sat,1.6175973415374756
0.005,unsat,32.51693797111511
0.007,error,590.1867234706879
