epsilon,result,runtime
0.133,sat,2.525531530380249
0.265,cancelled,5.520033359527588
0.08700000000000001,sat,2.18050479888916
0.043000000000000003,unsat,3227.050240755081
0.041,cancelled,3225.1415977478027
0.07100000000000001,sat,2.5247297286987305
0.055,sat,2.5960144996643066
0.057,cancelled,11.167329788208008
0.049,sat,1367.0261375904083
0.047,unsat,3468.596073627472
0.045,cancelled,2101.6323573589325
