epsilon,result,runtime
0.265,sat,3.799835205078125
0.133,sat,5.704435586929321
0.131,sat,5.446195840835571
0.065,sat,32.07996702194214
0.063,sat,937.1233398914337
0.031,unsat,3076.108772754669
0.029,cancelled,2167.683090686798
0.041,unsat,3312.220324277878
0.051000000000000004,unsat,3528.082330226898
0.057,unsat,3114.19509100914
0.053000000000000005,cancelled,3333.430895805359
0.061,unsat,3089.4142968654633
0.059000000000000004,cancelled,3093.1775827407837
