epsilon,result,runtime
0.265,sat,4.411944150924683
0.133,sat,39.85280108451843
0.131,sat,31.799209117889404
0.063,unsat,3142.8066096305847
0.097,sat,11.082552671432495
0.081,sat,24.482600450515747
0.065,unsat,3209.949257850647
0.07300000000000001,sat,795.0140643119812
0.07100000000000001,unsat,3341.253272294998
0.067,cancelled,2572.085052251816
