epsilon,result,runtime
0.265,sat,1.5855531692504883
0.133,sat,2.224557399749756
0.131,sat,2.3107056617736816
0.065,sat,2.2617857456207275
0.063,sat,1.4171392917633057
0.029,unsat,3224.903615474701
0.031,unsat,3229.6479065418243
0.047,sat,18.559290409088135
0.045,sat,20.60317850112915
0.039,unsat,3413.0105407238007
0.037000000000000005,cancelled,3418.8303651809692
0.043000000000000003,sat,86.77589535713196
0.041,error,732.3574664592743
