epsilon,result,runtime
0.133,sat,2.386099338531494
0.265,cancelled,5.112516641616821
0.08700000000000001,sat,2.3873302936553955
0.043000000000000003,unsat,3065.7223172187805
0.041,cancelled,3063.468762397766
0.07100000000000001,sat,43.789326429367065
0.057,unsat,3309.7799248695374
0.055,cancelled,3266.0969140529633
0.065,sat,36.518702268600464
0.061,sat,38.47121047973633
0.059000000000000004,error,596.3105413913727
