epsilon,result,runtime
0.133,sat,1.4400668144226074
0.265,cancelled,4.383914947509766
0.265,sat,1.3892269134521484
0.08700000000000001,sat,1.518514633178711
0.043000000000000003,sat,12.154722929000854
0.041,sat,215.9581174850464
0.019000000000000003,unsat,3120.673493862152
0.021,unsat,3337.0114829540253
0.031,unsat,3229.0523958206177
0.029,cancelled,2808.1727590560913
0.035,unsat,3166.746058702469
0.037000000000000005,unsat,3508.380737543106
0.039,sat,370.5442440509796
