epsilon,result,runtime
0.133,sat,1.537684679031372
0.265,cancelled,4.536885499954224
0.08700000000000001,sat,2.581696033477783
0.041,unsat,3249.398999452591
0.043000000000000003,unsat,3255.5125410556793
0.065,sat,1293.2073080539703
0.063,sat,1296.1802592277527
0.051000000000000004,unsat,3293.417237997055
0.053000000000000005,unsat,3296.506674051285
0.059000000000000004,unsat,3126.8672137260437
0.057,cancelled,3130.2035863399506
0.061,sat,287.59099221229553
