epsilon,result,runtime
0.133,sat,2.0685436725616455
0.265,cancelled,5.17487359046936
0.08700000000000001,sat,44.55652666091919
0.043000000000000003,unsat,3058.1733136177063
0.041,cancelled,3013.741792678833
0.07100000000000001,sat,69.6396336555481
0.057,sat,73.34139251708984
0.055,sat,905.9106042385101
0.049,unsat,3423.893619298935
0.047,cancelled,2521.3125698566437
0.051000000000000004,unsat,3118.270584821701
0.053000000000000005,unsat,3120.39462685585
