epsilon,result,runtime
0.265,sat,2.5508997440338135
0.133,sat,8.908215522766113
0.131,sat,7.036553382873535
0.063,unsat,3138.1994700431824
0.097,sat,149.62247896194458
0.065,unsat,3528.6518592834473
0.079,unsat,3092.069993495941
0.081,unsat,3422.929732322693
0.08700000000000001,unsat,3404.7771372795105
0.089,unsat,3529.0075838565826
0.093,unsat,3450.11252617836
0.091,cancelled,3426.4523005485535
0.095,sat,104.59130477905273
