epsilon,result,runtime
0.133,sat,3.972261667251587
0.265,cancelled,6.858475923538208
0.043000000000000003,unsat,3292.0050871372223
0.08700000000000001,unsat,3331.630398273468
0.111,sat,20.129082918167114
0.099,sat,829.8095738887787
0.089,unsat,3188.219592809677
0.093,unsat,3245.009383201599
0.097,sat,800.5170018672943
0.095,error,2356.6365373134613
