epsilon,result,runtime
0.265,sat,1.532383680343628
0.133,sat,2.2016305923461914
0.131,sat,1.2087419033050537
0.065,sat,1.727163314819336
0.063,sat,0.6597733497619629
0.031,sat,1.1043291091918945
0.029,sat,0.7684288024902344
0.013000000000000001,sat,1.284562110900879
0.015,cancelled,1.9967882633209229
0.003,unsat,2.378981351852417
0.007,unsat,2.389528274536133
0.009000000000000001,unsat,343.93464159965515
0.011,error,947.3180294036865
