epsilon,result,runtime
0.265,sat,4.286150932312012
0.133,sat,4.311786890029907
0.065,sat,4.2393763065338135
0.131,cancelled,7.592425584793091
0.041,sat,4.314265727996826
0.019000000000000003,unsat,3399.0654323101044
0.031,sat,22.106863975524902
0.021,unsat,3504.675471305847
0.027000000000000003,sat,40.49459147453308
0.025,unsat,3315.5218093395233
0.023,cancelled,3203.3412301540375
