epsilon,result,runtime
0.133,sat,2.4366648197174072
0.265,cancelled,5.277978420257568
0.08700000000000001,sat,2.601670503616333
0.043000000000000003,unsat,3327.9580342769623
0.041,cancelled,3325.3891928195953
0.07100000000000001,sat,20.644572496414185
0.057,sat,29.07835602760315
0.055,sat,45.245521783828735
0.049,unsat,3292.337120771408
0.047,cancelled,3255.464236021042
0.051000000000000004,sat,25.62568974494934
0.053000000000000005,cancelled,28.816256761550903
