epsilon,result,runtime
0.265,sat,1.4736688137054443
0.133,sat,1.9166126251220703
0.131,sat,3.966703176498413
0.065,sat,4.5599212646484375
0.063,sat,30.29421854019165
0.029,unsat,3097.562113046646
0.031,unsat,3287.459789276123
0.047,unsat,3199.743185043335
0.045,cancelled,3045.425637245178
0.057,sat,32.323423624038696
0.053000000000000005,sat,132.49097800254822
0.051000000000000004,sat,170.67263746261597
0.049,sat,84.10709738731384
