epsilon,result,runtime
0.133,sat,2.280289649963379
0.265,cancelled,5.257374286651611
0.08700000000000001,sat,2.2017884254455566
0.041,sat,2.6022989749908447
0.043000000000000003,cancelled,10.878711223602295
0.013000000000000001,unsat,114.96735429763794
0.025,unsat,3167.0491156578064
0.027000000000000003,unsat,3101.7269513607025
0.035,unsat,3337.9851813316345
0.033,cancelled,3395.324348926544
0.039,sat,751.8014588356018
0.037000000000000005,error,1284.7999982833862
