epsilon,result,runtime
0.133,sat,4.132058143615723
0.265,cancelled,7.4592907428741455
0.08700000000000001,sat,3.844996452331543
0.041,unsat,3128.826665878296
0.043000000000000003,unsat,3473.294139146805
0.065,sat,1258.3281872272491
0.063,unsat,3283.1179661750793
0.053000000000000005,cancelled,2361.6323325634003
