epsilon,result,runtime
0.133,sat,4.282347202301025
0.265,cancelled,7.655916690826416
0.265,sat,4.342963695526123
0.08700000000000001,sat,14.117799997329712
0.041,unsat,3094.0246992111206
0.065,sat,2.657249927520752
0.043000000000000003,unsat,3316.34579372406
0.053000000000000005,unsat,3234.91681098938
0.059000000000000004,sat,16.87479281425476
0.055,unsat,3413.4857387542725
0.057,sat,383.14667224884033
