epsilon,result,runtime
0.265,sat,2.6459696292877197
0.133,sat,3.8277385234832764
0.131,sat,0.8463630676269531
0.063,unsat,3211.1195929050446
0.097,sat,14.142551898956299
0.065,unsat,3465.040171146393
0.081,unsat,3462.097429037094
0.079,cancelled,3231.4049859046936
0.091,sat,49.83372902870178
0.08700000000000001,sat,259.42010855674744
0.085,sat,515.8972761631012
0.083,sat,319.3472239971161
