epsilon,result,runtime
0.265,sat,1.1632099151611328
0.133,sat,1.7175705432891846
0.131,sat,2.0697169303894043
0.065,sat,1.9475820064544678
0.063,sat,0.8807921409606934
0.031,sat,23.166412591934204
0.013000000000000001,unsat,3399.0447833538055
0.029,unsat,3512.812936067581
0.021,cancelled,91.21795010566711
