epsilon,result,runtime
0.265,sat,1.334036111831665
0.133,sat,1.8801875114440918
0.131,sat,14.07105278968811
0.065,sat,16.33514428138733
0.063,sat,1357.8447465896606
0.031,unsat,3206.735413312912
0.029,cancelled,1851.4764924049377
0.041,unsat,3197.2539052963257
0.051000000000000004,unsat,3406.5796422958374
0.053000000000000005,unsat,3480.300630092621
0.057,unsat,3405.760187149048
0.061,sat,57.04319715499878
0.059000000000000004,error,773.1570320129395
