epsilon,result,runtime
0.265,sat,1.0504205226898193
0.133,sat,1.0357062816619873
0.131,sat,1.4833481311798096
0.065,sat,1.4697277545928955
0.063,sat,1.0596752166748047
0.031,sat,1.3209733963012695
0.029,sat,1.0110492706298828
0.013000000000000001,sat,2.6327896118164062
0.015,cancelled,1.8231127262115479
0.003,unsat,2.426126480102539
0.007,unsat,5.873618841171265
0.011,sat,35.78333139419556
0.009000000000000001,unsat,1341.070469379425
