epsilon,result,runtime
0.133,sat,2.471235752105713
0.265,cancelled,5.488440036773682
0.08700000000000001,sat,2.4438252449035645
0.041,unsat,3372.7522506713867
0.043000000000000003,unsat,3381.150109767914
0.065,sat,2.2265806198120117
0.063,sat,1.7637405395507812
0.053000000000000005,sat,28.21633219718933
0.051000000000000004,sat,27.963725805282593
0.047,sat,32.82666611671448
0.045,error,610.9073450565338
