epsilon,result,runtime
0.265,sat,2.6312127113342285
0.133,sat,3.1371212005615234
0.131,sat,1.3884873390197754
0.065,sat,1.8687357902526855
0.063,sat,0.7428188323974609
0.029,unsat,3255.534550666809
0.047,sat,3.211749792098999
0.039,sat,15.7657790184021
0.035,sat,100.83893752098083
0.031,unsat,3389.5783190727234
0.033,sat,4.117092609405518
