epsilon,result,runtime
0.133,sat,2.397237777709961
0.265,cancelled,5.410634279251099
0.08700000000000001,sat,19.620551586151123
0.041,unsat,3496.9188973903656
0.065,sat,16.348724842071533
0.043000000000000003,unsat,3540.5558047294617
0.055,sat,67.50435161590576
0.053000000000000005,unsat,3314.3347849845886
0.047,cancelled,3245.347062587738
