epsilon,result,runtime
0.265,sat,2.4721333980560303
0.133,sat,3.2266671657562256
0.065,sat,8.557735443115234
0.131,cancelled,11.94978642463684
0.041,unsat,3098.7733085155487
0.021,cancelled,3102.331912755966
0.055,sat,29.08586096763611
0.049,sat,1620.1641833782196
0.047,unsat,3347.0507032871246
0.043000000000000003,cancelled,1759.7904877662659
