epsilon,result,runtime
0.265,sat,2.6183769702911377
0.131,sat,4.313771963119507
0.133,cancelled,14.342853307723999
0.085,sat,5.9606828689575195
0.043000000000000003,unsat,3497.910255432129
0.041,cancelled,3492.051886320114
0.069,sat,89.8171443939209
0.055,unsat,3210.119611263275
0.057,unsat,3498.894600391388
0.063,unsat,3275.9855756759644
0.061,cancelled,3083.511201620102
0.067,sat,1589.2472825050354
0.065,error,2189.852443218231
