epsilon,result,runtime
0.265,sat,2.382843494415283
0.133,sat,3.2283029556274414
0.131,sat,3.6610801219940186
0.063,unsat,3406.5385921001434
0.097,sat,23.505934953689575
0.065,unsat,3455.163997888565
0.079,unsat,3094.75395321846
0.081,unsat,3113.2438459396362
0.089,sat,2.249099016189575
0.08700000000000001,sat,730.2019531726837
0.083,unsat,3231.4022517204285
0.085,error,2971.1483404636383
