epsilon,result,runtime
0.265,sat,2.595517158508301
0.133,sat,3.679616689682007
0.131,sat,1.5648410320281982
0.065,sat,31.9895920753479
0.063,sat,29.02185559272766
0.031,unsat,3506.208031654358
0.029,cancelled,3508.307923555374
0.051000000000000004,sat,4.268258571624756
0.039,unsat,3177.4403331279755
0.041,unsat,3320.0986795425415
0.047,sat,354.5021493434906
0.043000000000000003,sat,610.5082409381866
0.045,cancelled,1106.7438604831696
