epsilon,result,runtime
0.133,sat,2.3940908908843994
0.265,cancelled,5.379838943481445
0.265,sat,2.3449513912200928
0.08700000000000001,sat,7.437359094619751
0.043000000000000003,unsat,3122.136003255844
0.041,cancelled,3114.8559708595276
0.07100000000000001,sat,291.0542514324188
0.057,unsat,3318.687768936157
0.055,cancelled,3027.7235321998596
0.065,sat,119.04436182975769
0.061,unsat,3083.1186883449554
0.059000000000000004,cancelled,2964.16175198555
0.063,sat,205.39778327941895
