epsilon,result,runtime
0.265,sat,2.5731964111328125
0.133,sat,4.379454612731934
0.131,sat,0.7769699096679688
0.063,unsat,3336.880987405777
0.097,sat,15.933120965957642
0.081,sat,7.857842922210693
0.065,unsat,3524.0105443000793
0.07100000000000001,unsat,3225.743213415146
0.07300000000000001,unsat,3447.298107624054
0.077,sat,349.3200213909149
0.075,error,849.5068411827087
