epsilon,result,runtime
0.265,sat,2.485913038253784
0.133,sat,4.349564075469971
0.131,sat,0.7085061073303223
0.065,unsat,3475.903091907501
0.063,cancelled,3476.987203359604
0.107,sat,30.505901336669922
0.08700000000000001,unsat,3274.489414691925
0.085,cancelled,3244.072521209717
0.099,sat,838.3672156333923
0.093,unsat,3104.78080368042
0.091,cancelled,2266.3663556575775
0.097,sat,1268.8276736736298
0.095,sat,1287.694528579712
