epsilon,result,runtime
0.265,sat,1.5352842807769775
0.133,sat,1.9227440357208252
0.065,sat,1.298264741897583
0.131,cancelled,4.342086315155029
0.041,sat,54.54363417625427
0.021,unsat,3059.5633265972137
0.019000000000000003,cancelled,3005.1813786029816
0.027000000000000003,unsat,3375.9814581871033
0.033,unsat,3376.5939757823944
0.035,unsat,3145.260806322098
0.037000000000000005,unsat,3215.695680141449
0.039,error,605.78644323349
