epsilon,result,runtime
0.265,sat,2.298468828201294
0.133,sat,2.2832281589508057
0.131,sat,2.3915395736694336
0.065,sat,4.147032976150513
0.063,sat,1.5718913078308105
0.029,unsat,3431.7715635299683
0.031,unsat,3437.8242552280426
0.047,sat,5.597232341766357
0.045,sat,16.87003803253174
0.037000000000000005,sat,42.822601079940796
0.039,cancelled,31.568347454071045
0.035,unsat,3182.927404642105
0.033,cancelled,3186.114270925522
