epsilon,result,runtime
0.265,sat,19.164846181869507
0.131,unsat,3068.131194591522
0.199,sat,44.08904218673706
0.133,unsat,3338.212524175644
0.165,unsat,3261.6287977695465
0.183,sat,77.01517033576965
0.167,unsat,3358.731075525284
0.17500000000000002,unsat,3283.5762193202972
0.17300000000000001,cancelled,3076.525737285614
0.177,sat,636.4734101295471
0.179,cancelled,641.7110965251923
