epsilon,result,runtime
0.265,sat,1.2191619873046875
0.133,sat,1.3695166110992432
0.131,sat,1.6660125255584717
0.065,sat,2.0448286533355713
0.063,sat,26.59965491294861
0.029,unsat,3128.6152560710907
0.031,unsat,3161.2966434955597
0.047,unsat,3229.0571858882904
0.045,cancelled,3229.4692759513855
0.057,sat,805.7773215770721
0.053000000000000005,unsat,3232.496494293213
0.051000000000000004,cancelled,2426.820343017578
0.055,error,1447.771975517273
