epsilon,result,runtime
0.265,sat,4.319852828979492
0.133,sat,4.27625846862793
0.131,sat,33.16330027580261
0.065,unsat,3218.9105780124664
0.063,cancelled,3185.7928726673126
0.08700000000000001,unsat,3260.8928225040436
0.107,unsat,3303.5177023410797
0.109,unsat,3401.336948156357
0.11900000000000001,unsat,3360.880553007126
0.125,sat,327.8588066101074
0.121,unsat,3422.2187173366547
0.123,error,3553.9624347686768
