epsilon,result,runtime
0.265,sat,4.287206172943115
0.133,sat,4.339115619659424
0.131,sat,4.214768648147583
0.063,sat,4.339704990386963
0.065,cancelled,15.507638454437256
0.021,unsat,3.2607269287109375
0.041,unsat,3345.8300547599792
0.043000000000000003,unsat,3349.196753025055
0.053000000000000005,unsat,3260.1088149547577
0.051000000000000004,cancelled,3251.533653974533
0.057,sat,1246.8637263774872
0.059000000000000004,cancelled,1250.262532711029
0.055,error,570.3732621669769
