epsilon,result,runtime
0.265,sat,0.9662907123565674
0.133,sat,2.5379650592803955
0.131,sat,1.3270118236541748
0.065,unsat,3218.3636858463287
0.063,cancelled,3218.845927000046
0.107,sat,16.135950326919556
0.08700000000000001,sat,107.47346425056458
0.085,sat,1381.2791957855225
0.075,unsat,3454.8028032779694
0.07300000000000001,cancelled,2166.0510873794556
0.081,unsat,3347.193128347397
0.079,cancelled,3350.5811800956726
0.083,error,614.7226188182831
