epsilon,result,runtime
0.265,sat,2.4709408283233643
0.133,sat,2.513892889022827
0.065,sat,2.5970075130462646
0.131,cancelled,5.4335832595825195
0.131,sat,2.4927849769592285
0.041,sat,2.5728650093078613
0.019000000000000003,unsat,3337.1974930763245
0.021,unsat,3393.6963787078857
0.031,unsat,3256.7309803962708
0.029,cancelled,3209.796045064926
0.035,sat,84.04857921600342
0.037000000000000005,cancelled,87.47797322273254
0.033,error,669.8984785079956
