epsilon,result,runtime
0.133,sat,2.4392480850219727
0.265,cancelled,5.259075164794922
0.265,sat,2.4648029804229736
0.08700000000000001,sat,4.172004461288452
0.043000000000000003,unsat,3368.3178713321686
0.041,cancelled,3364.187781572342
0.07100000000000001,sat,31.445794105529785
0.057,sat,1354.884797334671
0.055,sat,1320.8703014850616
0.049,unsat,3320.726358652115
0.047,cancelled,3322.5351037979126
0.051000000000000004,unsat,3350.7432355880737
0.053000000000000005,unsat,3354.265002012253
