epsilon,result,runtime
0.265,sat,1.2174255847930908
0.133,sat,2.92439603805542
0.131,sat,8.152537107467651
0.065,unsat,3147.390115261078
0.063,cancelled,3141.2201130390167
0.107,sat,713.6497116088867
0.08700000000000001,unsat,3274.7893941402435
0.085,cancelled,2561.120751142502
0.093,unsat,3325.6994168758392
0.099,unsat,3414.3121643066406
0.10300000000000001,sat,688.9487299919128
0.101,sat,906.4561278820038
