epsilon,result,runtime
0.133,sat,1.5115315914154053
0.265,cancelled,4.524958610534668
0.265,sat,1.521230936050415
0.043000000000000003,unsat,3184.3334290981293
0.08700000000000001,unsat,3357.4453608989716
0.111,sat,135.20950937271118
0.089,unsat,3392.7471539974213
0.099,unsat,3105.245542049408
0.10500000000000001,sat,720.9598126411438
0.101,sat,3168.729551553726
0.10300000000000001,cancelled,2423.6283338069916
