epsilon,result,runtime
0.265,sat,2.4363362789154053
0.133,sat,2.4706149101257324
0.131,sat,1.767627239227295
0.065,sat,3.169461250305176
0.063,sat,38.00177550315857
0.029,unsat,3195.2910408973694
0.031,unsat,3465.6501631736755
0.047,unsat,3238.7710494995117
0.045,cancelled,3011.920214653015
0.057,sat,834.1418945789337
0.053000000000000005,unsat,3134.700936794281
0.051000000000000004,cancelled,2300.48175907135
0.055,error,1304.274526834488
