epsilon,result,runtime
0.265,sat,1.4634149074554443
0.133,sat,1.897754192352295
0.131,sat,1.1300604343414307
0.063,unsat,3238.5272965431213
0.097,sat,22.748754501342773
0.065,unsat,3364.5598430633545
0.081,sat,247.04026556015015
0.079,sat,370.16728472709656
0.07300000000000001,unsat,3141.4251639842987
0.07100000000000001,cancelled,3364.33314538002
0.075,unsat,3343.797437429428
0.077,unsat,3346.951882839203
