epsilon,result,runtime
0.265,sat,2.4192535877227783
0.133,sat,2.528341054916382
0.131,sat,2.4149646759033203
0.065,sat,2.538255214691162
0.063,sat,2.421656847000122
0.029,unsat,3147.227399110794
0.031,unsat,3404.9545497894287
0.045,unsat,3259.933672428131
0.047,unsat,3513.041294813156
0.055,sat,1323.6754043102264
0.053000000000000005,unsat,3347.1827461719513
0.049,cancelled,2023.939658164978
