epsilon,result,runtime
0.265,sat,4.25068736076355
0.133,sat,4.294393539428711
0.131,sat,4.220451831817627
0.063,sat,17.55732798576355
0.065,cancelled,29.66853094100952
0.041,unsat,3378.5080242156982
0.021,cancelled,3381.95556306839
0.049,sat,37.21075487136841
0.055,cancelled,40.584413290023804
0.045,unsat,3104.632522583008
0.043000000000000003,cancelled,3108.759874343872
0.047,sat,109.79796552658081
