epsilon,result,runtime
0.133,sat,2.5312490463256836
0.265,cancelled,6.534321546554565
0.265,sat,2.5791068077087402
0.08700000000000001,sat,2.4844069480895996
0.043000000000000003,sat,2.5134270191192627
0.041,sat,2.510932683944702
0.021,unsat,3312.5101504325867
0.019000000000000003,cancelled,3321.8504781723022
0.033,sat,17.663675785064697
0.027000000000000003,sat,81.44170331954956
0.025,unsat,3316.2211027145386
0.023,cancelled,3256.16042304039
