epsilon,result,runtime
0.265,sat,2.0200796127319336
0.133,sat,43.74890184402466
0.131,sat,50.71297287940979
0.065,unsat,3071.57377910614
0.063,cancelled,3062.7285499572754
0.08700000000000001,unsat,3118.470137119293
0.107,unsat,3120.323853492737
0.11900000000000001,sat,358.49546575546265
0.109,unsat,3282.034271478653
0.113,unsat,3288.731500148773
0.115,unsat,3324.8103642463684
0.117,error,3398.5999298095703
