epsilon,result,runtime
0.265,sat,4.34212327003479
0.133,sat,4.34692907333374
0.131,sat,4.339537143707275
0.063,unsat,3165.3576016426086
0.065,unsat,3259.0422427654266
0.099,sat,96.95269060134888
0.097,sat,640.2093250751495
0.081,unsat,3367.2470440864563
0.079,cancelled,2913.2319724559784
0.091,sat,1600.2602896690369
0.08700000000000001,unsat,3066.443370819092
0.085,cancelled,1466.2239744663239
0.089,error,815.2918486595154
