epsilon,result,runtime
0.133,sat,2.4357357025146484
0.265,cancelled,5.401438474655151
0.265,sat,2.449152708053589
0.08700000000000001,sat,2.05973219871521
0.043000000000000003,sat,2.20681095123291
0.041,sat,17.62736415863037
0.019000000000000003,unsat,3284.6718657016754
0.031,sat,7.929703950881958
0.021,unsat,3300.1342663764954
0.025,sat,25.28207302093506
0.027000000000000003,cancelled,2.8551175594329834
0.023,error,600.8574402332306
