epsilon,result,runtime
0.265,sat,4.248773813247681
0.133,sat,4.25226902961731
0.131,sat,4.019009590148926
0.065,sat,164.35471773147583
0.063,sat,868.058046579361
0.031,unsat,3281.2413489818573
0.029,cancelled,2574.5629143714905
0.041,unsat,3193.4850606918335
0.051000000000000004,unsat,3242.274445772171
0.053000000000000005,unsat,3250.6465032100677
0.057,unsat,3289.37952208519
0.061,sat,640.182651758194
0.059000000000000004,error,1238.4848563671112
