epsilon,result,runtime
0.133,sat,1.4854786396026611
0.265,cancelled,4.322474718093872
0.08700000000000001,sat,1.4944124221801758
0.041,unsat,3389.4289383888245
0.043000000000000003,unsat,3394.8857357501984
0.065,sat,0.7822790145874023
0.063,sat,1.1154372692108154
0.053000000000000005,sat,3.053689956665039
0.051000000000000004,sat,17.276440620422363
0.047,sat,52.17785358428955
0.045,sat,56.79037833213806
