epsilon,result,runtime
0.265,sat,1.4019217491149902
0.133,sat,2.128011465072632
0.131,sat,0.6915171146392822
0.065,sat,1.6320908069610596
0.063,sat,1.4708597660064697
0.031,unsat,3087.942811489105
0.029,cancelled,3088.3535492420197
0.051000000000000004,unsat,3073.805507659912
0.041,cancelled,3077.310892343521
0.057,sat,215.16503620147705
0.055,sat,687.8659818172455
0.053000000000000005,error,1025.5722479820251
