epsilon,result,runtime
0.265,sat,4.279372215270996
0.133,sat,26.20855951309204
0.131,sat,19.548184394836426
0.065,unsat,3254.1805436611176
0.063,cancelled,3255.7232644557953
0.107,unsat,3346.927671432495
0.08700000000000001,cancelled,3350.337619304657
0.121,unsat,3125.1248350143433
0.115,cancelled,3128.599185228348
0.127,sat,40.84319591522217
0.125,sat,43.57285118103027
0.123,sat,24.998055934906006
