epsilon,result,runtime
0.133,sat,2.4049413204193115
0.265,cancelled,5.32673716545105
0.08700000000000001,sat,2.6203773021698
0.043000000000000003,unsat,3366.1566190719604
0.041,cancelled,3363.498533010483
0.057,sat,4.315775632858276
0.07100000000000001,cancelled,7.667107105255127
0.07100000000000001,sat,4.378208637237549
0.047,sat,6.31408429145813
0.051000000000000004,cancelled,9.17929744720459
0.045,sat,7.870428085327148
