epsilon,result,runtime
0.265,sat,1.5482347011566162
0.133,sat,2.2222650051116943
0.131,sat,0.6591067314147949
0.065,sat,1.1258094310760498
0.063,sat,2.9999983310699463
0.029,unsat,3226.164519548416
0.031,unsat,3233.052568912506
0.047,sat,29.281689643859863
0.037000000000000005,unsat,3052.8195538520813
0.045,unsat,3294.9206249713898
0.041,cancelled,211.7771029472351
