epsilon,result,runtime
0.133,sat,2.4646832942962646
0.265,cancelled,5.439877986907959
0.265,sat,2.5096683502197266
0.08700000000000001,sat,2.283906936645508
0.043000000000000003,sat,3.060124635696411
0.041,sat,15.717744588851929
0.021,unsat,3265.346735715866
0.019000000000000003,cancelled,3286.6885199546814
0.027000000000000003,unsat,3076.740951061249
0.035,sat,33.800540924072266
0.033,unsat,3122.307826280594
0.029,cancelled,8.459951877593994
