epsilon,result,runtime
0.265,sat,2.1561150550842285
0.133,sat,3.7633066177368164
0.131,sat,3.5065486431121826
0.065,sat,7.700103759765625
0.063,sat,25.97144651412964
0.031,unsat,3191.3591463565826
0.029,cancelled,3170.8876559734344
0.051000000000000004,sat,188.76157569885254
0.041,unsat,3554.3060867786407
0.039,cancelled,3365.616462469101
0.047,unsat,3087.5899505615234
0.045,cancelled,3090.990869998932
0.049,error,961.0414912700653
