epsilon,result,runtime
0.133,sat,2.62218976020813
0.265,cancelled,5.659662961959839
0.043000000000000003,unsat,3105.0128457546234
0.089,sat,19.244523525238037
0.08700000000000001,unsat,3335.596284389496
0.065,cancelled,207.81204533576965
