epsilon,result,runtime
0.133,sat,2.6215319633483887
0.265,cancelled,5.412424087524414
0.08700000000000001,sat,2.7415056228637695
0.041,unsat,3240.759430408478
0.043000000000000003,unsat,3248.5416769981384
0.065,unsat,3277.178409576416
0.063,cancelled,3278.6190288066864
0.079,sat,28.891212463378906
0.07300000000000001,sat,37.93420386314392
0.07100000000000001,sat,40.353495597839355
0.069,sat,38.92836022377014
0.067,sat,77.37417268753052
