epsilon,result,runtime
0.133,sat,2.5150351524353027
0.265,cancelled,5.53130841255188
0.265,sat,2.5553689002990723
0.08700000000000001,sat,2.6200435161590576
0.043000000000000003,unsat,3114.3910207748413
0.041,cancelled,3111.8606462478638
0.07100000000000001,sat,4.322665214538574
0.057,sat,4.318692207336426
0.049,sat,17.733028173446655
0.055,cancelled,20.88045310974121
0.047,sat,97.11062264442444
0.045,sat,469.63867139816284
