epsilon,result,runtime
0.265,sat,1.9645349979400635
0.133,sat,2.6711039543151855
0.131,sat,2.7036550045013428
0.065,unsat,3269.554811477661
0.063,cancelled,3267.8243339061737
0.107,sat,4.6781322956085205
0.085,sat,5.440555095672607
0.08700000000000001,cancelled,19.003851413726807
0.07100000000000001,unsat,3003.9050164222717
0.077,unsat,3417.811533689499
0.081,sat,601.467789888382
0.079,unsat,3388.6384370326996
