epsilon,result,runtime
0.265,sat,2.367737293243408
0.133,sat,2.406325578689575
0.131,sat,2.554749011993408
0.065,sat,32.56572985649109
0.063,sat,193.69683265686035
0.031,unsat,3151.352108001709
0.029,cancelled,2988.084770679474
0.051000000000000004,unsat,3251.052919149399
0.041,cancelled,3254.434266805649
0.055,unsat,3450.1667318344116
0.057,unsat,3459.253271818161
0.061,sat,204.3675353527069
0.059000000000000004,sat,227.81073784828186
