epsilon,result,runtime
0.265,sat,2.64920973777771
0.133,sat,3.77720308303833
0.131,sat,5.608019113540649
0.063,unsat,3075.702737569809
0.065,unsat,3461.2554042339325
0.099,sat,671.5249593257904
0.097,sat,1281.3402743339539
0.081,unsat,3177.0728805065155
0.079,cancelled,2948.1927919387817
0.08700000000000001,unsat,3076.0115916728973
0.091,unsat,3370.0320179462433
0.095,sat,1549.6750152111053
0.093,error,2316.2191405296326
