epsilon,result,runtime
0.265,sat,1.4690907001495361
0.133,sat,1.5778188705444336
0.131,sat,1.186507225036621
0.065,sat,2.55794620513916
0.063,sat,1.4924986362457275
0.031,unsat,3211.6351261138916
0.029,cancelled,3212.076888561249
0.051000000000000004,sat,53.79534316062927
0.039,unsat,3153.4411041736603
0.041,unsat,3230.6444387435913
0.045,sat,708.6539533138275
0.047,cancelled,692.3863286972046
0.043000000000000003,error,886.031195640564
