epsilon,result,runtime
0.265,sat,1.360889196395874
0.133,sat,2.9260056018829346
0.131,sat,5.270042896270752
0.063,unsat,3111.4740750789642
0.097,sat,5.694365739822388
0.081,sat,167.23086643218994
0.065,unsat,3316.4397921562195
0.07300000000000001,unsat,3222.9992048740387
0.07100000000000001,cancelled,3207.8219408988953
0.077,sat,50.79955053329468
0.075,error,682.1095597743988
