epsilon,result,runtime
0.265,sat,2.5551772117614746
0.133,sat,3.71632719039917
0.131,sat,3.6201841831207275
0.065,sat,3.6910619735717773
0.063,sat,3.328627586364746
0.031,sat,3.406646490097046
0.029,sat,3.1522881984710693
0.013000000000000001,unsat,3129.1150863170624
0.015,unsat,3151.584608078003
0.023,unsat,3287.2773263454437
0.021,cancelled,3318.004873275757
0.027000000000000003,sat,5.840755939483643
0.025,sat,8.032732486724854
