epsilon,result,runtime
0.265,sat,1.5635895729064941
0.133,sat,3.0070571899414062
0.131,sat,0.4516582489013672
0.065,sat,3.900364875793457
0.063,sat,4.900068998336792
0.031,unsat,3500.467874765396
0.029,cancelled,3500.607214450836
0.051000000000000004,sat,10.110432624816895
0.039,unsat,3362.3845224380493
0.045,sat,48.409507751464844
0.041,unsat,3495.5366735458374
0.043000000000000003,error,699.5173003673553
