epsilon,result,runtime
0.265,sat,1.6049256324768066
0.133,sat,2.0304975509643555
0.131,sat,4.638944149017334
0.065,sat,5.987314224243164
0.063,sat,1.4582068920135498
0.031,unsat,3203.857282400131
0.029,cancelled,3204.280594110489
0.051000000000000004,unsat,3225.0542974472046
0.041,cancelled,3228.3261449337006
0.055,sat,29.17755150794983
0.057,cancelled,32.57462430000305
0.053000000000000005,sat,140.1527898311615
