epsilon,result,runtime
0.265,sat,2.5389647483825684
0.133,sat,3.6725354194641113
0.131,sat,3.5446512699127197
0.065,sat,3.7140305042266846
0.063,sat,3.172393321990967
0.031,sat,3.313169240951538
0.029,sat,2.8642358779907227
0.013000000000000001,sat,1.9163994789123535
0.015,cancelled,1.528723955154419
0.003,sat,2.4943182468414307
0.007,cancelled,5.824714660644531
0.001,unsat,1.254272699356079
