epsilon,result,runtime
0.265,sat,1.5136198997497559
0.133,sat,1.5168719291687012
0.131,sat,2.3918488025665283
0.065,sat,4.540739059448242
0.063,sat,1.577000617980957
0.029,unsat,3150.128653049469
0.031,unsat,3159.268117427826
0.047,sat,747.1792893409729
0.045,unsat,3369.6109483242035
0.037000000000000005,cancelled,2629.0871257781982
