epsilon,result,runtime
0.265,sat,2.119368314743042
0.133,sat,2.849273443222046
0.131,sat,2.7781999111175537
0.065,sat,2.858424186706543
0.063,sat,27.664042234420776
0.029,unsat,2854.9372584819794
0.031,unsat,3246.719606399536
0.047,unsat,3449.5043761730194
0.045,cancelled,3093.298240184784
0.057,sat,36.86602783203125
0.053000000000000005,sat,39.31185340881348
0.051000000000000004,sat,98.38192963600159
0.049,sat,118.75172758102417
