epsilon,result,runtime
0.265,sat,2.605175256729126
0.133,sat,2.744821786880493
0.131,sat,17.680207014083862
0.065,sat,18.011715173721313
0.063,sat,20.371565580368042
0.031,unsat,3223.4899666309357
0.029,cancelled,3203.489394426346
0.041,unsat,3192.639596223831
0.051000000000000004,unsat,3286.4499509334564
0.057,sat,154.516783952713
0.055,sat,701.5949003696442
0.053000000000000005,error,1503.5469572544098
