epsilon,result,runtime
0.265,sat,4.100693702697754
0.133,sat,26.088523626327515
0.131,sat,29.888192415237427
0.063,unsat,3089.9935150146484
0.097,sat,27.81076955795288
0.065,unsat,3438.2108948230743
0.081,sat,559.0099668502808
0.079,sat,615.5551886558533
0.07100000000000001,unsat,3216.2236206531525
0.07300000000000001,unsat,3250.56334900856
0.077,sat,1340.7614996433258
0.075,error,2239.447712659836
