epsilon,result,runtime
0.265,sat,1.3835527896881104
0.133,sat,1.5252974033355713
0.131,sat,1.4349923133850098
0.065,sat,1.4197819232940674
0.063,sat,1.3386306762695312
0.031,sat,27.48769736289978
0.013000000000000001,unsat,38.104008197784424
0.021,unsat,3297.749800682068
0.029,unsat,3412.8938710689545
0.025,cancelled,47.42383909225464
