epsilon,result,runtime
0.265,sat,2.6117937564849854
0.133,sat,4.60182523727417
0.131,sat,0.8776838779449463
0.063,unsat,3164.940420150757
0.097,sat,3.9259274005889893
0.081,sat,28.989200592041016
0.065,unsat,3250.049642562866
0.07100000000000001,unsat,3068.4205808639526
0.07300000000000001,unsat,3242.371055841446
0.077,sat,140.29102778434753
0.075,sat,24.171711206436157
