epsilon,result,runtime
0.265,sat,1.2114007472991943
0.133,sat,1.4174048900604248
0.131,sat,0.8589870929718018
0.065,unsat,3196.1847813129425
0.063,cancelled,3195.7077975273132
0.107,sat,4.210153818130493
0.08700000000000001,sat,4.191485166549683
0.075,sat,2.5412886142730713
0.085,cancelled,5.933234214782715
0.085,sat,2.5881221294403076
0.069,sat,4.181323051452637
0.07100000000000001,cancelled,7.184757471084595
0.067,sat,1.6532971858978271
