epsilon,result,runtime
0.265,sat,2.6065382957458496
0.133,unsat,3214.162568807602
0.131,cancelled,3211.636682987213
0.177,sat,10.227223634719849
0.219,cancelled,13.416818618774414
0.161,sat,75.81097197532654
0.147,sat,162.74645400047302
0.14500000000000002,sat,1473.6493227481842
0.139,unsat,3317.8884785175323
0.137,cancelled,1930.1288068294525
0.14100000000000001,unsat,3077.921587705612
0.14300000000000002,unsat,3591.9887568950653
