epsilon,result,runtime
0.265,sat,4.218276262283325
0.133,sat,4.197464227676392
0.131,sat,4.206629037857056
0.065,unsat,3100.682725429535
0.063,cancelled,3096.636026620865
0.107,sat,17.386752605438232
0.08700000000000001,unsat,3125.7683522701263
0.085,cancelled,3108.5544984340668
0.099,sat,12.827094554901123
0.093,sat,65.78366494178772
0.091,sat,356.0543751716614
0.089,error,876.2578155994415
