epsilon,result,runtime
0.265,sat,1.9278109073638916
0.133,sat,2.3730926513671875
0.131,sat,5.688188314437866
0.065,unsat,3462.4947221279144
0.063,cancelled,3457.1906921863556
0.08700000000000001,sat,50.044904708862305
0.107,cancelled,54.061238288879395
0.07300000000000001,unsat,3436.953982114792
0.079,unsat,3565.164890527725
0.083,sat,26.978331327438354
0.081,sat,158.23608541488647
