epsilon,result,runtime
0.133,sat,2.06196665763855
0.265,cancelled,5.057039022445679
0.08700000000000001,sat,1.9190013408660889
0.043000000000000003,sat,1.9693784713745117
0.041,sat,1.855771541595459
0.019000000000000003,sat,1.9464335441589355
0.021,cancelled,0.2681543827056885
0.005,unsat,2.9034030437469482
0.011,sat,2.999882459640503
0.013000000000000001,cancelled,0.10755801200866699
0.007,error,2000.6512787342072
0.009000000000000001,error,2014.0537192821503
