epsilon,result,runtime
0.133,sat,3.296630382537842
0.265,cancelled,7.10260796546936
0.08700000000000001,sat,76.28122210502625
0.043000000000000003,unsat,3386.8790488243103
0.041,cancelled,3311.0087802410126
0.07100000000000001,unsat,3511.3379316329956
0.057,cancelled,3515.6527070999146
0.081,sat,64.32749080657959
0.075,unsat,3400.8595192432404
0.077,unsat,3511.7544932365417
0.079,sat,151.56856489181519
