epsilon,result,runtime
0.265,sat,2.7846128940582275
0.131,unsat,3394.5082907676697
0.133,unsat,3424.464374780655
0.199,unsat,3489.9034326076508
0.197,cancelled,3470.4263949394226
0.241,sat,65.52626967430115
0.221,sat,92.50860238075256
0.219,sat,76.51717901229858
0.20900000000000002,unsat,3503.6921694278717
0.20700000000000002,cancelled,3453.2881388664246
0.215,sat,120.20138120651245
0.213,unsat,3531.7201261520386
0.211,cancelled,3411.7456884384155
