epsilon,result,runtime
0.265,sat,2.023824691772461
0.133,sat,1441.8509011268616
0.131,unsat,3529.947678089142
0.065,cancelled,2092.96440076828
