epsilon,result,runtime
0.265,sat,2.1281471252441406
0.133,sat,2.1613636016845703
0.131,sat,2.083132266998291
0.065,sat,4.597905158996582
0.063,sat,20.739054679870605
0.031,unsat,3431.192540884018
0.029,cancelled,3412.850400686264
0.051000000000000004,sat,118.45225787162781
0.041,unsat,3482.569551706314
0.039,cancelled,3364.3107619285583
0.047,sat,140.45584893226624
0.045,sat,153.68118834495544
0.043000000000000003,sat,61.86611986160278
