epsilon,result,runtime
0.133,sat,2.096914052963257
0.265,cancelled,4.882937908172607
0.08700000000000001,sat,2.1454432010650635
0.043000000000000003,unsat,3546.0818531513214
0.041,cancelled,3544.1610836982727
0.07100000000000001,sat,3.1958231925964355
0.057,sat,10.778170585632324
0.055,sat,6.1775500774383545
0.049,unsat,3400.6841490268707
0.047,cancelled,3401.5651500225067
0.053000000000000005,sat,48.11451244354248
0.051000000000000004,sat,588.5613651275635
