epsilon,result,runtime
0.265,sat,2.0111329555511475
0.133,sat,16.229315519332886
0.131,sat,31.829617023468018
0.065,unsat,3376.8063337802887
0.063,cancelled,3359.409711122513
0.107,sat,83.33948111534119
0.08700000000000001,unsat,3467.99062871933
0.085,cancelled,3384.830496072769
0.099,sat,1795.556654214859
0.093,unsat,3521.309181213379
0.091,cancelled,1725.8111379146576
0.097,unsat,3582.474722623825
0.095,cancelled,3585.900336265564
