epsilon,result,runtime
0.265,sat,3.2441518306732178
0.133,sat,3.9240128993988037
0.131,sat,4.981248617172241
0.063,unsat,3424.560560464859
0.065,unsat,3434.875957250595
0.097,unsat,3476.7600934505463
0.099,unsat,3482.2754130363464
0.115,sat,21.25713348388672
0.113,sat,20.533283472061157
0.107,sat,56.125301361083984
0.10500000000000001,sat,811.1865377426147
0.101,unsat,3491.782698869705
0.10300000000000001,sat,3159.3555138111115
