epsilon,result,runtime
0.08700000000000001,unsat,3505.162362575531
0.085,cancelled,3429.37042760849
0.099,sat,340.56834530830383
0.093,unsat,3576.3128736019135
0.091,cancelled,3235.849023580551
0.097,unsat,3416.206724882126
0.095,cancelled,3420.008389234543
