epsilon,result,runtime
0.133,sat,2.0542685985565186
0.265,cancelled,5.054491996765137
0.08700000000000001,sat,12.864248275756836
0.041,unsat,3484.577669620514
0.043000000000000003,unsat,3554.805342435837
0.065,sat,52.64309120178223
0.063,sat,28.38644790649414
0.053000000000000005,unsat,3403.173229455948
0.051000000000000004,cancelled,3378.776431083679
0.059000000000000004,sat,88.94123721122742
0.057,sat,91.57093214988708
0.055,sat,527.2748277187347
