epsilon,result,runtime
0.265,sat,1.6559324264526367
0.133,sat,1.9680392742156982
0.131,sat,1.7731752395629883
0.065,sat,1.943009853363037
0.063,sat,1.7075376510620117
0.031,sat,2.3260116577148438
0.029,sat,7.774433612823486
0.015,unsat,3355.2504982948303
0.013000000000000001,cancelled,3368.7088487148285
0.023,unsat,3425.7438213825226
0.019000000000000003,cancelled,3430.1302785873413
0.027000000000000003,sat,33.37607765197754
0.025,sat,101.37605285644531
