epsilon,result,runtime
0.265,sat,2.199803590774536
0.133,sat,2.568774461746216
0.131,sat,2.6292097568511963
0.065,sat,23.905458450317383
0.063,sat,64.42958116531372
0.029,unsat,3541.3183126449585
0.031,timeout,3600
0.045,unsat,3515.675846338272
0.047,unsat,3526.4126200675964
0.055,sat,127.44985389709473
0.053000000000000005,sat,156.64506888389587
0.049,timeout,3600
0.051000000000000004,timeout,3600
