epsilon,result,runtime
0.133,sat,3.3621766567230225
0.265,cancelled,6.950798511505127
0.265,sat,3.39774751663208
0.08700000000000001,sat,7.87941837310791
0.043000000000000003,unsat,3401.9726498126984
0.041,cancelled,3394.371522665024
0.057,unsat,3383.100424528122
0.07100000000000001,unsat,3490.5902881622314
0.079,sat,30.841803073883057
0.075,sat,33.25577640533447
0.07300000000000001,error,884.2229900360107
