epsilon,result,runtime
0.133,sat,2.106144666671753
0.265,cancelled,4.864599227905273
0.043000000000000003,sat,2.1001455783843994
0.08700000000000001,cancelled,4.857687711715698
0.027000000000000003,sat,2.1332976818084717
0.011,error,3206.0162234306335
0.015,sat,7.465657949447632
0.005,unsat,2.020885705947876
0.007,unsat,210.85268568992615
0.013000000000000001,timeout,3600
0.009000000000000001,error,371.11962485313416
