epsilon,result,runtime
0.133,sat,2.0965306758880615
0.265,cancelled,5.05692982673645
0.08700000000000001,sat,12.463032722473145
0.043000000000000003,unsat,3441.4406435489655
0.041,cancelled,3429.5978531837463
0.07100000000000001,sat,156.9638946056366
0.057,unsat,3484.970518350601
0.055,cancelled,3328.2263514995575
0.061,unsat,3430.6504051685333
0.065,unsat,3559.607091665268
0.069,sat,805.1207964420319
0.067,sat,1640.1896007061005
