epsilon,result,runtime
0.265,sat,2.118906021118164
0.133,sat,2.10642147064209
0.131,sat,2.2161858081817627
0.065,sat,2.6427178382873535
0.063,sat,3.294346570968628
0.031,unsat,3426.6915731430054
0.029,cancelled,3423.9792478084564
0.051000000000000004,sat,27.24313998222351
0.041,sat,43.0772922039032
0.039,sat,53.93341422080994
0.035,sat,148.64840698242188
0.033,error,842.7546589374542
