epsilon,result,runtime
0.133,sat,2.0935356616973877
0.265,cancelled,5.256578683853149
0.265,sat,2.107844114303589
0.08700000000000001,sat,2.1335954666137695
0.043000000000000003,sat,2.814922332763672
0.041,sat,6.268234968185425
0.019000000000000003,unsat,3402.3015761375427
0.031,sat,13.286206722259521
0.021,unsat,3458.050589799881
0.025,sat,44.58817172050476
0.027000000000000003,cancelled,0.4134085178375244
0.023,error,713.8178327083588
