epsilon,result,runtime
0.265,sat,2.1568474769592285
0.133,sat,21.42960023880005
0.131,sat,60.59004783630371
0.065,unsat,3562.1541171073914
0.063,cancelled,3521.044843196869
0.08700000000000001,unsat,3368.6186378002167
0.107,unsat,3370.6153922080994
0.11900000000000001,unsat,3459.568254470825
0.109,cancelled,3464.4435074329376
0.123,unsat,3486.991545200348
0.125,unsat,3489.047780752182
0.129,sat,62.04950761795044
0.127,error,783.6113409996033
