epsilon,result,runtime
0.265,sat,1.90647292137146
0.133,sat,4.529505252838135
0.131,sat,2.4144506454467773
0.063,unsat,3423.6665704250336
0.065,unsat,3536.8302466869354
0.097,unsat,3506.6722614765167
0.115,sat,37.81166052818298
0.099,unsat,3503.864899635315
0.107,unsat,3495.413773059845
0.10500000000000001,cancelled,3437.0645101070404
0.111,sat,97.04939818382263
0.109,error,805.7471606731415
