epsilon,result,runtime
0.265,sat,3.3114583492279053
0.133,sat,3.3170056343078613
0.131,sat,3.2854702472686768
0.065,sat,7.587474584579468
0.063,sat,7.697253704071045
0.031,sat,249.78886890411377
0.013000000000000001,error,2259.2590143680573
0.029,unsat,3385.7127923965454
0.015,cancelled,883.2368128299713
