epsilon,result,runtime
0.265,sat,1.8498306274414062
0.133,sat,2.0235114097595215
0.131,sat,1.9482884407043457
0.065,sat,2.2018516063690186
0.063,sat,2.301964521408081
0.029,unsat,3469.1431398391724
0.047,sat,6.568497180938721
0.031,unsat,3488.4146735668182
0.039,sat,2.3847506046295166
0.037000000000000005,sat,11.562238454818726
0.035,sat,33.051430463790894
0.033,sat,46.43733763694763
