epsilon,result,runtime
0.265,sat,2.2052810192108154
0.133,sat,2.2091445922851562
0.131,sat,7.188587665557861
0.063,unsat,3396.2237136363983
0.097,sat,36.989237785339355
0.065,unsat,3481.5595030784607
0.081,unsat,3432.5843245983124
0.079,cancelled,3402.501835346222
0.091,sat,118.89333438873291
0.08700000000000001,sat,153.76775813102722
0.085,unsat,3517.091225385666
0.083,cancelled,3485.3457419872284
