epsilon,result,runtime
0.265,sat,1.9742467403411865
0.133,sat,2.3764431476593018
0.131,sat,2.678354501724243
0.063,unsat,3501.487805366516
0.065,unsat,3513.211285352707
0.097,sat,35.98257350921631
0.099,cancelled,33.077542781829834
0.075,unsat,3375.2175023555756
0.085,unsat,3499.9425308704376
0.08700000000000001,unsat,3583.077425479889
0.091,unsat,3517.9773046970367
0.095,sat,56.97268223762512
0.093,error,934.5249330997467
