epsilon,result,runtime
0.265,sat,2.0886390209198
0.133,sat,2.441554546356201
0.131,sat,2.5907421112060547
0.065,unsat,3430.625649213791
0.063,cancelled,3428.573779821396
0.107,sat,37.97604012489319
0.08700000000000001,unsat,3489.2768592834473
0.085,cancelled,3451.5554485321045
0.099,sat,73.06293272972107
0.093,unsat,3522.4073429107666
0.091,cancelled,3449.6006274223328
0.097,sat,991.7598059177399
0.095,error,1701.4198746681213
