epsilon,result,runtime
0.265,sat,2.0921671390533447
0.133,sat,2.0383095741271973
0.131,sat,2.1975975036621094
0.065,sat,2.4636929035186768
0.063,sat,2.721580743789673
0.031,unsat,3481.572415113449
0.029,cancelled,3479.090707063675
0.051000000000000004,sat,11.421641111373901
0.041,sat,3424.8804457187653
0.039,sat,3446.709037065506
0.035,unsat,3381.224016904831
0.033,cancelled,3349.3126401901245
0.037000000000000005,error,1418.6246004104614
