epsilon,result,runtime
0.265,sat,1.9941515922546387
0.133,sat,31.693785429000854
0.131,sat,106.72253608703613
0.065,unsat,3483.2270333766937
0.063,cancelled,3406.6097931861877
0.08700000000000001,unsat,3564.392242908478
0.107,unsat,3569.2763438224792
0.109,unsat,3516.3213436603546
0.11900000000000001,unsat,3559.9765865802765
0.121,unsat,3487.507225036621
0.125,unsat,3503.221843481064
0.129,sat,125.63290452957153
0.127,sat,196.73256754875183
