epsilon,result,runtime
0.265,sat,1.9071440696716309
0.133,sat,2.0678765773773193
0.131,sat,1.9742486476898193
0.065,sat,2.2346746921539307
0.063,sat,2.128729820251465
0.031,sat,3.2694895267486572
0.029,sat,5.057193040847778
0.015,error,2162.4415135383606
0.013000000000000001,error,3132.639929294586
0.011,unsat,2955.2393221855164
0.017,unsat,3522.2920117378235
0.023,unsat,3393.6508519649506
0.021,cancelled,1867.0928020477295
0.027000000000000003,sat,34.61370658874512
0.025,sat,58.4286048412323
