epsilon,result,runtime
0.265,sat,2.195112943649292
0.133,unsat,3481.9950382709503
0.131,cancelled,3479.996396303177
0.219,sat,3.364546298980713
0.177,sat,37.720030307769775
0.17500000000000002,sat,31.3582923412323
0.153,sat,31.37878108024597
0.155,cancelled,32.92449998855591
0.14500000000000002,sat,131.15592551231384
0.139,unsat,3517.757045507431
0.137,cancelled,3386.737401485443
0.14300000000000002,sat,228.83574151992798
0.14100000000000001,error,947.6889264583588
