epsilon,result,runtime
0.133,sat,3.340644359588623
0.265,cancelled,7.151343584060669
0.265,sat,3.377619504928589
0.08700000000000001,sat,3.407949209213257
0.043000000000000003,sat,4.078458786010742
0.041,sat,4.182758092880249
0.019000000000000003,unsat,3402.499129295349
0.031,sat,11.555566549301147
0.021,unsat,3479.5113043785095
0.027000000000000003,sat,23.616580963134766
0.023,unsat,3394.2382168769836
0.025,unsat,3500.479210138321
