epsilon,result,runtime
0.133,sat,1.9635217189788818
0.265,cancelled,4.918433904647827
0.265,sat,2.0141332149505615
0.08700000000000001,sat,23.45370841026306
0.043000000000000003,unsat,3408.468284368515
0.041,cancelled,3385.158387899399
0.07100000000000001,unsat,3444.293340921402
0.057,cancelled,3447.881762981415
0.077,unsat,3500.022676229477
0.081,unsat,3519.851261138916
0.083,sat,18.719371795654297
0.085,cancelled,2.8264000415802
