epsilon,result,runtime
0.265,sat,3.3968069553375244
0.133,sat,3.4171431064605713
0.131,sat,3.3454465866088867
0.065,sat,3.4403488636016846
0.063,sat,3.3573648929595947
0.031,sat,10.436777114868164
0.029,sat,34.66781663894653
0.013000000000000001,error,2363.4172689914703
0.015,error,2332.1070771217346
0.011,unsat,1.8910911083221436
0.023,unsat,3350.8654973506927
0.017,cancelled,3358.885823726654
0.025,unsat,3438.8904802799225
0.027000000000000003,unsat,3440.3672268390656
