epsilon,result,runtime
0.133,sat,3.4086475372314453
0.265,cancelled,7.399605751037598
0.08700000000000001,sat,7.426618337631226
0.041,unsat,3546.7115767002106
0.043000000000000003,unsat,3561.36080121994
0.065,sat,104.20216345787048
0.063,unsat,3414.0271179676056
0.053000000000000005,cancelled,3313.320798397064
