epsilon,result,runtime
0.265,sat,2.022670269012451
0.133,sat,2.076828718185425
0.131,sat,1.8337798118591309
0.065,sat,47.072521924972534
0.063,sat,45.07607293128967
0.029,unsat,3481.192366838455
0.031,unsat,3563.6078350543976
0.045,unsat,3416.814907312393
0.047,unsat,3559.2483446598053
0.055,sat,85.4437096118927
0.053000000000000005,sat,64.73590993881226
0.051000000000000004,sat,100.69562458992004
0.049,error,869.7186136245728
