epsilon,result,runtime
0.133,sat,2.1797807216644287
0.265,cancelled,5.15065598487854
0.08700000000000001,sat,75.3194968700409
0.043000000000000003,unsat,3400.6940157413483
0.041,cancelled,3325.5579907894135
0.07100000000000001,unsat,3417.6680092811584
0.057,cancelled,3421.7362546920776
0.081,sat,185.74293398857117
0.077,sat,1299.8310492038727
0.075,unsat,3404.6979508399963
0.07300000000000001,cancelled,2296.0957791805267
