epsilon,result,runtime
0.265,sat,2.163043260574341
0.133,sat,2.1488893032073975
0.065,sat,2.173551559448242
0.131,cancelled,5.070640563964844
0.131,sat,2.2868869304656982
0.041,sat,2.2339577674865723
0.021,sat,3.5718839168548584
0.019000000000000003,unsat,3539.8688921928406
0.009000000000000001,cancelled,3542.2382440567017
