epsilon,result,runtime
0.265,sat,2.1353213787078857
0.133,sat,2.0974082946777344
0.131,sat,2.087139368057251
0.065,sat,11.963037490844727
0.063,sat,113.50928783416748
0.031,unsat,3567.6435573101044
0.029,cancelled,3464.366326570511
0.051000000000000004,unsat,3514.026300430298
0.041,cancelled,3518.5080733299255
0.055,unsat,3551.771147966385
0.057,unsat,3565.815043449402
0.061,sat,220.32278418540955
0.059000000000000004,sat,789.5841171741486
