epsilon,result,runtime
0.265,sat,2.1834304332733154
0.133,sat,2.2141289710998535
0.065,sat,2.07956862449646
0.131,cancelled,4.885645151138306
0.131,sat,2.123643636703491
0.021,unsat,3471.1282551288605
0.041,unsat,3509.2826516628265
0.053000000000000005,sat,70.89739489555359
0.043000000000000003,unsat,3520.746213912964
0.047,unsat,3497.7871322631836
0.051000000000000004,sat,98.94305229187012
0.049,error,934.823320388794
