epsilon,result,runtime
0.265,sat,2.0697638988494873
0.133,sat,2.0725200176239014
0.131,sat,1.9700956344604492
0.065,unsat,3512.949614048004
0.063,cancelled,3511.287185192108
0.107,sat,8.619813203811646
0.08700000000000001,sat,55.30712175369263
0.085,sat,60.56345534324646
0.07300000000000001,unsat,3376.2144656181335
0.075,unsat,3489.7157049179077
0.079,unsat,3416.2615563869476
0.083,sat,32.40051221847534
0.081,unsat,3595.400817155838
