epsilon,result,runtime
0.265,sat,2.0091323852539062
0.133,sat,2.008023977279663
0.065,sat,2.1965887546539307
0.131,cancelled,5.019699335098267
0.131,sat,2.202375888824463
0.041,sat,2.121673822402954
0.021,sat,2.1595942974090576
0.009000000000000001,sat,2.1703484058380127
0.019000000000000003,cancelled,5.049181222915649
0.003,unsat,1.9310684204101562
0.005,unsat,93.78306889533997
0.007,error,377.9225947856903
