epsilon,result,runtime
0.265,sat,2.120025634765625
0.133,sat,2.128939151763916
0.131,sat,2.1215696334838867
0.065,sat,54.206586837768555
0.063,sat,676.8430070877075
0.031,unsat,3481.7073714733124
0.029,cancelled,2857.4505643844604
0.041,unsat,3459.4979751110077
0.051000000000000004,unsat,3461.47269654274
0.057,unsat,3384.9749944210052
0.053000000000000005,cancelled,3390.102810382843
0.061,unsat,3469.618646621704
0.059000000000000004,cancelled,3473.8636825084686
