epsilon,result,runtime
0.133,sat,2.0753002166748047
0.265,cancelled,5.088798761367798
0.08700000000000001,sat,2.809894561767578
0.043000000000000003,unsat,3454.7566528320312
0.041,cancelled,3452.324779987335
0.07100000000000001,sat,185.22675013542175
0.057,unsat,3536.3443949222565
0.055,cancelled,3351.1858253479004
0.065,unsat,3474.2781643867493
0.061,cancelled,3478.1488432884216
0.067,unsat,3502.5527119636536
0.069,unsat,3507.4418590068817
