epsilon,result,runtime
0.265,sat,2.0578198432922363
0.133,sat,2.1383862495422363
0.131,sat,1.9558477401733398
0.065,sat,2.0530948638916016
0.063,sat,1.8795626163482666
0.031,sat,1.9922981262207031
0.029,sat,1.7860064506530762
0.013000000000000001,unsat,3446.5601105690002
0.021,sat,2.2464241981506348
0.017,sat,6.312608957290649
0.015,unsat,3463.235055208206
