epsilon,result,runtime
0.133,sat,1.9808101654052734
0.265,cancelled,4.939640283584595
0.08700000000000001,sat,2.8616278171539307
0.043000000000000003,unsat,3469.429566860199
0.041,cancelled,3466.6820933818817
0.07100000000000001,sat,33.815640926361084
0.057,unsat,3493.151662349701
0.055,cancelled,3459.474852323532
0.061,sat,134.1638994216919
0.065,cancelled,138.07549715042114
0.059000000000000004,sat,3.1698615550994873
