epsilon,result,runtime
0.265,sat,3.3087167739868164
0.133,sat,4.025549411773682
0.131,sat,8.850819826126099
0.063,unsat,3411.0973329544067
0.065,unsat,3426.435047149658
0.099,unsat,3510.5323989391327
0.097,cancelled,3517.4032814502716
0.109,sat,51.7522554397583
0.11900000000000001,cancelled,55.61912274360657
0.10500000000000001,sat,269.1543927192688
0.10300000000000001,unsat,3546.1630856990814
0.101,cancelled,3277.093765974045
