epsilon,result,runtime
0.265,sat,2.1666259765625
0.133,sat,2.183814525604248
0.131,sat,2.083165407180786
0.065,sat,103.34551811218262
0.063,unsat,3480.298802137375
0.031,cancelled,3382.57630443573
