epsilon,result,runtime
0.265,sat,2.0652246475219727
0.131,unsat,3378.6067702770233
0.199,sat,43.3978488445282
0.133,unsat,3520.535496711731
0.165,unsat,3486.5589139461517
0.183,sat,35.28831648826599
0.167,unsat,3514.3416833877563
0.17500000000000002,sat,1103.4264993667603
0.17300000000000001,sat,1406.704915046692
0.169,unsat,3382.852237701416
0.171,sat,3179.015233039856
