epsilon,result,runtime
0.265,sat,1.666243553161621
0.133,unsat,3463.5709130764008
0.131,cancelled,3462.146912574768
0.219,sat,3.3886122703552246
0.177,sat,6.333441257476807
0.17500000000000002,sat,7.999717950820923
0.153,sat,52.25688290596008
0.155,cancelled,47.57443118095398
0.14500000000000002,sat,397.40490102767944
0.139,unsat,3444.7345612049103
0.137,cancelled,3047.3934195041656
0.14100000000000001,sat,453.30468487739563
0.14300000000000002,cancelled,457.6385729312897
