epsilon,result,runtime
0.265,sat,2.1912639141082764
0.133,sat,2.5985004901885986
0.131,sat,2.779197931289673
0.065,unsat,3444.440411090851
0.063,cancelled,3442.8907029628754
0.107,sat,40.26854991912842
0.08700000000000001,sat,55.115607500076294
0.085,sat,54.14143967628479
0.075,sat,243.02503991127014
0.07300000000000001,sat,233.95595717430115
0.067,unsat,3410.3950786590576
0.069,unsat,3528.3737409114838
0.07100000000000001,error,1074.1364557743073
