epsilon,result,runtime
0.265,sat,2.0340545177459717
0.133,sat,2.1334826946258545
0.131,sat,1.71806001663208
0.065,unsat,3473.071655035019
0.063,cancelled,3471.7250990867615
0.107,sat,3.439455986022949
0.08700000000000001,sat,13.439134120941162
0.085,sat,21.678138971328735
0.075,sat,67.34930062294006
0.07300000000000001,sat,131.686665058136
0.067,unsat,3390.1859192848206
0.069,unsat,3512.756883621216
0.07100000000000001,sat,149.89208364486694
