epsilon,result,runtime
0.265,sat,2.1735663414001465
0.133,sat,2.1545603275299072
0.065,sat,1.9345526695251465
0.131,cancelled,4.655658960342407
0.021,sat,1.8315629959106445
0.041,cancelled,4.574366092681885
0.013000000000000001,unsat,3388.329661130905
0.007,cancelled,3391.2365765571594
0.017,sat,3.3521246910095215
0.015,sat,6.126014232635498
