epsilon,result,runtime
0.133,sat,2.0649285316467285
0.265,cancelled,5.074929714202881
0.08700000000000001,sat,2.1774098873138428
0.043000000000000003,sat,3.3118536472320557
0.041,sat,2.613481283187866
0.021,unsat,3458.4231507778168
0.019000000000000003,cancelled,3465.7938373088837
0.033,sat,22.509257555007935
0.027000000000000003,sat,42.286417722702026
0.023,unsat,3474.6185607910156
0.025,unsat,3498.2834491729736
