epsilon,result,runtime
0.265,sat,2.0684750080108643
0.133,sat,2.150111198425293
0.131,sat,2.1120879650115967
0.065,unsat,3408.5972855091095
0.063,cancelled,3406.6637959480286
0.107,sat,3.366032600402832
0.08700000000000001,sat,58.45343470573425
0.085,sat,57.794512033462524
0.07300000000000001,unsat,3419.5092549324036
0.075,unsat,3503.4259071350098
0.081,sat,32.48227405548096
0.079,sat,150.30073285102844
0.077,sat,51.27021336555481
