epsilon,result,runtime
0.265,sat,3.35691237449646
0.133,sat,5.522739410400391
0.131,sat,7.3050148487091064
0.063,unsat,3428.594880580902
0.065,unsat,3439.634836435318
0.097,unsat,3418.2182915210724
0.099,unsat,3419.7476058006287
0.115,sat,17.668835401535034
0.113,sat,19.3805410861969
0.10500000000000001,sat,17.652712106704712
0.107,cancelled,15.918308973312378
0.10300000000000001,sat,34.61447048187256
0.101,sat,36.721166133880615
