epsilon,result,runtime
0.133,sat,2.0673139095306396
0.265,cancelled,4.994345664978027
0.08700000000000001,sat,2.8759348392486572
0.043000000000000003,unsat,3354.5120718479156
0.041,cancelled,3352.1328406333923
0.07100000000000001,sat,14.509456634521484
0.057,sat,64.90861582756042
0.055,sat,63.85583186149597
0.049,sat,126.09041166305542
