epsilon,result,runtime
0.133,sat,2.0263960361480713
0.265,cancelled,4.892868280410767
0.08700000000000001,sat,2.1709468364715576
0.043000000000000003,unsat,3523.192289829254
0.041,cancelled,3521.123464822769
0.07100000000000001,sat,2.115471363067627
0.057,sat,12.584781646728516
0.055,sat,20.478606700897217
0.049,sat,33.31506085395813
0.047,sat,47.919410943984985
0.045,sat,27.048613786697388
