epsilon,result,runtime
0.265,sat,2.9436919689178467
0.133,sat,3.73134708404541
0.131,sat,3.984168291091919
0.063,unsat,3552.0564017295837
0.065,unsat,3562.4104211330414
0.097,sat,9.615881204605103
0.099,cancelled,9.652573108673096
0.085,sat,61.1100332736969
0.075,sat,74.71055817604065
0.07300000000000001,sat,141.75535106658936
0.069,unsat,3573.3798537254333
0.067,cancelled,3445.3661637306213
0.07100000000000001,sat,3.9865684509277344
