epsilon,result,runtime
0.265,sat,3.350449800491333
0.133,sat,3.3884661197662354
0.131,sat,3.2912580966949463
0.065,sat,3.3135221004486084
0.063,sat,3.298950672149658
0.031,sat,3.3463621139526367
0.029,sat,3.238161563873291
0.015,sat,6.209168195724487
0.005,unsat,3.0126240253448486
0.013000000000000001,error,2735.6626739501953
0.007,unsat,1.9969468116760254
0.009000000000000001,unsat,3482.864397287369
0.011,error,912.2299613952637
