epsilon,result,runtime
0.265,sat,49.32609987258911
0.133,unsat,3431.5195446014404
0.131,cancelled,3382.5094327926636
0.219,unsat,3421.064263343811
0.177,cancelled,3425.2934811115265
0.249,sat,46.27526259422302
0.23500000000000001,unsat,3468.685068845749
0.233,cancelled,3422.572283744812
0.23900000000000002,sat,68.05449771881104
0.243,cancelled,71.6276535987854
0.23700000000000002,sat,416.07242608070374
