epsilon,result,runtime
0.265,sat,2.1649010181427
0.133,sat,2.206001043319702
0.131,sat,2.0601303577423096
0.065,sat,47.55289101600647
0.063,sat,45.979114055633545
0.029,unsat,3390.9720714092255
0.031,unsat,3493.169981479645
0.047,unsat,3590.0290336608887
0.045,cancelled,3495.4677550792694
0.053000000000000005,unsat,3442.765475511551
0.057,unsat,3538.947460412979
0.059000000000000004,sat,94.88347840309143
0.061,cancelled,2.848801374435425
