epsilon,result,runtime
0.133,sat,3.257706880569458
0.265,cancelled,7.168557643890381
0.265,sat,3.253476619720459
0.08700000000000001,unsat,3451.6279611587524
0.043000000000000003,cancelled,3454.908975124359
0.117,sat,4.5751800537109375
0.10300000000000001,unsat,3523.9679844379425
0.101,cancelled,3519.701719045639
0.111,sat,5.8451879024505615
0.107,sat,7.280019521713257
0.10500000000000001,sat,651.3402664661407
