epsilon,result,runtime
0.133,sat,3.3307571411132812
0.265,cancelled,7.5105297565460205
0.08700000000000001,unsat,3467.373028755188
0.043000000000000003,cancelled,3471.0985674858093
0.10300000000000001,sat,57.99167251586914
0.117,cancelled,61.893134117126465
0.093,sat,49.683737993240356
0.097,cancelled,53.87886571884155
0.089,unsat,3477.4885592460632
0.091,unsat,3478.9006521701813
