epsilon,result,runtime
0.133,sat,1.864877462387085
0.265,cancelled,4.75661039352417
0.265,sat,1.9019947052001953
0.08700000000000001,sat,2.0611612796783447
0.043000000000000003,sat,2.1413469314575195
0.041,sat,1.9516215324401855
0.019000000000000003,sat,2.347855567932129
0.021,cancelled,0.44866085052490234
0.005,unsat,2.7240591049194336
0.013000000000000001,sat,2.115199089050293
0.007,unsat,1669.9022240638733
0.011,unsat,3589.4211933612823
0.009000000000000001,cancelled,1908.766333580017
