epsilon,result,runtime
0.265,sat,2.204474687576294
0.133,sat,2.5317039489746094
0.131,sat,2.4055469036102295
0.063,unsat,3535.4495844841003
0.065,unsat,3545.0292286872864
0.097,unsat,3372.9488735198975
0.115,sat,45.14476037025452
0.107,sat,75.76046323776245
0.099,unsat,3556.8318881988525
0.10300000000000001,sat,1094.517971277237
0.101,sat,1323.304300069809
