epsilon,result,runtime
0.265,sat,2.008533000946045
0.133,sat,2.010310411453247
0.131,sat,2.1236348152160645
0.065,sat,4.05326247215271
0.063,sat,62.0041937828064
0.031,unsat,3420.0138580799103
0.029,cancelled,3359.918442964554
0.041,unsat,3383.4270832538605
0.051000000000000004,unsat,3495.8939549922943
0.053000000000000005,unsat,3544.8351311683655
0.059000000000000004,sat,78.29612040519714
0.057,unsat,3549.65242767334
0.055,cancelled,34.041632890701294
