epsilon,result,runtime
0.265,sat,1.8615703582763672
0.133,sat,1.9405691623687744
0.131,sat,2.1928117275238037
0.065,sat,2.1713247299194336
0.063,sat,2.1534786224365234
0.031,unsat,3500.071072101593
0.029,cancelled,3498.3012614250183
0.051000000000000004,sat,4.482794761657715
0.041,sat,19.16814684867859
0.039,sat,28.35450768470764
0.035,sat,45.93520259857178
0.033,error,759.7915503978729
