epsilon,result,runtime
0.265,sat,2.1186585426330566
0.133,sat,2.1007277965545654
0.131,sat,2.1456825733184814
0.065,unsat,3536.8209137916565
0.063,cancelled,3534.833041906357
0.107,sat,4.541929244995117
0.08700000000000001,sat,54.77594017982483
0.085,sat,47.978211402893066
0.075,unsat,3546.3526735305786
0.07300000000000001,cancelled,3547.462985277176
0.081,sat,2165.950472354889
0.079,unsat,3530.51771402359
0.077,cancelled,1364.8427383899689
