epsilon,result,runtime
0.133,sat,2.0305261611938477
0.265,cancelled,5.0216546058654785
0.08700000000000001,sat,2.921001434326172
0.043000000000000003,sat,4.298766851425171
0.041,sat,10.552632570266724
0.021,unsat,3391.5528423786163
0.019000000000000003,cancelled,3407.604897260666
0.033,sat,22.682859182357788
0.027000000000000003,sat,24.238775730133057
0.025,unsat,3586.862216949463
0.023,cancelled,3588.50022149086
