epsilon,result,runtime
0.133,sat,2.1090517044067383
0.265,cancelled,5.346507787704468
0.265,sat,2.1103675365448
0.08700000000000001,sat,2.0356507301330566
0.043000000000000003,sat,3.4089412689208984
0.041,sat,6.227821350097656
0.019000000000000003,unsat,3457.8793659210205
0.031,sat,13.026817321777344
0.021,unsat,3469.0363907814026
0.027000000000000003,sat,18.398208379745483
0.025,sat,47.08254528045654
0.023,error,738.6991059780121
