epsilon,result,runtime
0.265,sat,2.188898801803589
0.133,sat,41.17843747138977
0.131,sat,41.85000514984131
0.063,unsat,3411.7476167678833
0.065,unsat,3549.943439245224
0.097,unsat,3389.0749011039734
0.099,unsat,3581.202968597412
0.115,unsat,3546.427459716797
0.113,cancelled,3226.858979701996
0.125,sat,1347.6952018737793
0.121,unsat,3450.8935816287994
0.11900000000000001,cancelled,2103.236272096634
0.123,sat,1041.1068232059479
