epsilon,result,runtime
0.265,sat,2.071780204772949
0.133,sat,2.1245713233947754
0.131,sat,1.8666045665740967
0.065,sat,1.8034119606018066
0.063,sat,2.0419366359710693
0.031,sat,2.0910916328430176
0.029,sat,1.7331814765930176
0.013000000000000001,sat,1.732015609741211
0.015,cancelled,0.19570684432983398
0.007,sat,3.0653464794158936
0.001,unsat,1.8780992031097412
0.005,sat,2.0095438957214355
0.003,unsat,185.80357694625854
