epsilon,result,runtime
0.265,sat,3.282219886779785
0.133,sat,46.77014493942261
0.131,sat,163.13721442222595
0.065,unsat,3442.75358915329
0.063,cancelled,3323.361372947693
0.107,unsat,3451.6864149570465
0.08700000000000001,cancelled,3455.9938468933105
0.115,unsat,3402.3663563728333
0.121,unsat,3403.1972999572754
0.127,sat,485.2360689640045
0.123,unsat,3384.9924285411835
0.125,error,3357.039747953415
