epsilon,result,runtime
0.133,sat,2.147775411605835
0.265,cancelled,5.216400384902954
0.08700000000000001,sat,5.0972580909729
0.041,unsat,3421.4422216415405
0.065,sat,40.86920499801636
0.043000000000000003,unsat,3511.0376954078674
0.053000000000000005,sat,52.09452748298645
0.055,cancelled,20.29318618774414
0.049,unsat,3424.2910211086273
0.047,cancelled,3427.6396646499634
0.051000000000000004,sat,35.62087559700012
