epsilon,result,runtime
0.265,sat,2.030989646911621
0.133,sat,2.1140167713165283
0.131,sat,2.1124136447906494
0.065,sat,2.161936044692993
0.063,sat,1.8853747844696045
0.031,sat,5.7482826709747314
0.029,sat,3.6534321308135986
0.013000000000000001,error,2766.9288296699524
0.015,unsat,3398.7643072605133
0.011,cancelled,637.2219536304474
0.019000000000000003,unsat,3383.361809015274
0.023,unsat,3577.2870297431946
0.027000000000000003,sat,90.14304375648499
0.025,error,1026.2974865436554
