epsilon,result,runtime
0.133,sat,1.918529748916626
0.265,cancelled,4.805976152420044
0.08700000000000001,sat,6.35996413230896
0.041,unsat,3426.9632420539856
0.043000000000000003,unsat,3532.1704964637756
0.065,unsat,3493.40527009964
0.063,cancelled,3402.7302129268646
0.07300000000000001,sat,197.1666865348816
0.079,cancelled,200.91005969047546
0.067,unsat,3519.5239770412445
0.069,unsat,3540.0611097812653
0.07100000000000001,sat,804.184404373169
