epsilon,result,runtime
0.265,sat,3.3476743698120117
0.133,sat,122.13254189491272
0.131,sat,237.82575511932373
0.063,unsat,3412.1906876564026
0.065,unsat,3559.1317088603973
0.097,unsat,3546.347615003586
0.099,unsat,3563.959231853485
0.115,unsat,3444.1340610980988
0.113,cancelled,3406.4151339530945
0.125,unsat,3477.976791858673
0.121,cancelled,3482.3248898983
0.129,sat,153.9868142604828
0.127,sat,226.57796716690063
