epsilon,result,runtime
0.265,sat,1.9684958457946777
0.133,sat,2.3131113052368164
0.131,sat,2.5058653354644775
0.065,unsat,3506.7311029434204
0.063,cancelled,3504.675362586975
0.107,sat,2349.3053929805756
0.08700000000000001,unsat,3446.8902723789215
0.085,cancelled,1097.476978302002
0.099,unsat,3482.099654197693
0.093,cancelled,3487.024751663208
0.10300000000000001,unsat,3376.922497987747
0.101,cancelled,3380.5519120693207
0.10500000000000001,error,907.8607711791992
