epsilon,result,runtime
0.265,sat,3.292534351348877
0.133,sat,3.3169710636138916
0.065,sat,3.3208601474761963
0.131,cancelled,6.447064638137817
0.021,unsat,3423.209234237671
0.041,unsat,3459.29581618309
0.053000000000000005,sat,8.123181343078613
0.047,sat,55.51999521255493
0.045,sat,73.52266097068787
0.043000000000000003,sat,262.18689465522766
