epsilon,result,runtime
0.265,sat,3.0286338329315186
0.133,sat,3.830127239227295
0.131,sat,4.088320970535278
0.065,sat,687.7732503414154
0.063,unsat,3527.552971601486
0.031,cancelled,2846.7864565849304
