epsilon,result,runtime
0.265,sat,2.141146659851074
0.133,unsat,3432.9441850185394
0.131,cancelled,3431.1002235412598
0.219,sat,3.34477162361145
0.177,sat,44.889955043792725
0.17500000000000002,sat,39.893123149871826
0.153,sat,14.952372550964355
0.155,cancelled,15.361827850341797
0.14500000000000002,sat,36.92345881462097
0.139,sat,915.0446562767029
0.137,unsat,3429.8615300655365
0.135,cancelled,2555.1265122890472
