epsilon,result,runtime
0.265,sat,2.079512357711792
0.133,sat,2.106760263442993
0.131,sat,2.032114267349243
0.065,unsat,3410.69447350502
0.063,cancelled,3408.819248199463
0.107,sat,36.29906225204468
0.08700000000000001,sat,72.77602028846741
0.085,sat,36.018595933914185
0.075,sat,90.8868727684021
0.069,unsat,3390.2670443058014
0.07300000000000001,unsat,3529.567410469055
0.07100000000000001,cancelled,46.8446044921875
