epsilon,result,runtime
0.133,sat,2.1632633209228516
0.265,cancelled,5.57598876953125
0.265,sat,2.1509947776794434
0.08700000000000001,sat,22.005884408950806
0.043000000000000003,unsat,3451.0685477256775
0.041,cancelled,3429.199747800827
0.07100000000000001,sat,99.80871534347534
0.057,unsat,3386.4785928726196
0.055,cancelled,3286.7634587287903
0.061,unsat,3461.4499735832214
0.065,unsat,3463.838991880417
0.069,sat,90.86970710754395
0.067,sat,447.70216155052185
