epsilon,result,runtime
0.265,sat,2.288159132003784
0.133,sat,23.271751880645752
0.131,sat,28.24380087852478
0.065,unsat,3452.8664190769196
0.063,cancelled,3445.8124437332153
0.08700000000000001,unsat,3434.339246749878
0.107,unsat,3470.3583018779755
0.109,unsat,3573.7471554279327
0.11900000000000001,unsat,3578.4992938041687
0.125,sat,110.77777409553528
0.121,unsat,3569.0552566051483
0.123,timeout,3600
