epsilon,result,runtime
0.265,sat,3.2225334644317627
0.133,unsat,3432.1219987869263
0.131,cancelled,3429.1726155281067
0.177,sat,2.6892011165618896
0.219,cancelled,5.75011134147644
0.219,sat,2.695749282836914
0.161,sat,66.96015644073486
0.147,unsat,3539.7612566947937
0.14500000000000002,cancelled,3473.024338722229
0.155,sat,445.74678921699524
0.151,unsat,3495.9125640392303
0.149,cancelled,3050.1686787605286
0.153,sat,157.56751084327698
