epsilon,result,runtime
0.265,sat,3.2776997089385986
0.133,sat,32.162166357040405
0.131,sat,95.73495030403137
0.065,unsat,3535.1552369594574
0.063,cancelled,3468.3818805217743
0.08700000000000001,unsat,3245.2974479198456
0.107,unsat,3262.4873085021973
0.11900000000000001,unsat,3385.4191620349884
0.109,cancelled,3406.606518507004
0.123,sat,56.37512421607971
0.125,cancelled,60.36955237388611
0.121,sat,19.32190775871277
