epsilon,result,runtime
0.265,sat,2.1825146675109863
0.133,unsat,3379.7003853321075
0.131,cancelled,3377.702662706375
0.219,sat,3.443112850189209
0.177,sat,7.221019268035889
0.17500000000000002,sat,17.044981956481934
0.153,sat,53.014283657073975
0.155,cancelled,39.890121936798096
0.14500000000000002,sat,253.7845163345337
0.139,unsat,3516.28578042984
0.137,cancelled,3262.5686795711517
0.14300000000000002,unsat,3524.496241569519
0.14100000000000001,cancelled,3527.8505141735077
