epsilon,result,runtime
0.265,sat,3.329068660736084
0.133,sat,3.3091037273406982
0.131,sat,3.3481855392456055
0.065,sat,7.6602349281311035
0.063,sat,30.902801752090454
0.031,unsat,3407.293148756027
0.029,cancelled,3381.1068720817566
0.051000000000000004,unsat,3586.118308067322
0.041,cancelled,3589.8349912166595
0.057,sat,39.54142212867737
0.055,unsat,3485.130083322525
0.053000000000000005,cancelled,3445.814939260483
