epsilon,result,runtime
0.133,sat,3.27510929107666
0.265,cancelled,6.829574346542358
0.265,sat,3.271132707595825
0.08700000000000001,sat,3.144930839538574
0.043000000000000003,sat,3.1592607498168945
0.041,sat,3.1529173851013184
0.019000000000000003,unsat,3456.68546128273
0.031,sat,33.18771028518677
0.021,timeout,3600
0.025,unsat,3518.4972858428955
0.029,sat,29.615995168685913
0.027000000000000003,unsat,3590.189445257187
