epsilon,result,runtime
0.265,sat,2.0599186420440674
0.133,sat,35.290093421936035
0.131,sat,32.849748849868774
0.065,unsat,3514.418473958969
0.063,cancelled,3515.3164789676666
0.107,unsat,3409.2587819099426
0.08700000000000001,cancelled,3412.7186136245728
0.121,sat,99.06309986114502
0.113,unsat,3388.9487738609314
0.115,unsat,3496.161178588867
0.11900000000000001,sat,103.2161762714386
0.117,sat,405.5436894893646
