epsilon,result,runtime
0.265,sat,5.745845317840576
0.133,unsat,3462.901817560196
0.131,cancelled,3457.2321531772614
0.219,sat,5.893867015838623
0.177,sat,91.4209303855896
0.17500000000000002,sat,91.2401475906372
0.155,sat,267.2514340877533
0.153,sat,370.79808354377747
0.14300000000000002,unsat,3297.6070861816406
0.14100000000000001,cancelled,3208.794251680374
0.149,unsat,3450.773487329483
0.147,cancelled,3454.6453897953033
0.151,sat,59.057008266448975
