epsilon,result,runtime
0.265,sat,2.5367705821990967
0.133,sat,2.547985553741455
0.131,sat,2.151951313018799
0.065,unsat,3509.1601519584656
0.063,cancelled,3507.6989283561707
0.107,sat,27.961286783218384
0.085,unsat,3522.598485469818
0.08700000000000001,unsat,3554.7569925785065
0.095,sat,29.88334321975708
0.097,cancelled,34.33753991127014
0.091,sat,3050.1095247268677
0.089,unsat,3577.0564539432526
