epsilon,result,runtime
0.265,sat,1.8694300651550293
0.133,sat,1.8658175468444824
0.131,sat,1.8648655414581299
0.065,sat,2.2704639434814453
0.063,sat,3.9576876163482666
0.031,unsat,3426.961109161377
0.029,cancelled,3423.4856934547424
0.051000000000000004,sat,17.94282364845276
0.041,sat,29.17111587524414
0.039,sat,10.576928853988647
0.035,sat,96.87902855873108
0.033,sat,95.04041790962219
