epsilon,result,runtime
0.265,sat,1.9333181381225586
0.133,sat,2.1216330528259277
0.131,sat,1.983731985092163
0.065,sat,2.3977956771850586
0.063,sat,2.384643316268921
0.031,unsat,3557.732899427414
0.029,cancelled,3555.9337706565857
0.051000000000000004,sat,49.07805013656616
0.041,unsat,3448.82816362381
0.039,cancelled,3399.8859519958496
0.045,unsat,3290.709055185318
0.047,unsat,3344.4541985988617
0.049,unsat,3348.921026468277
