epsilon,result,runtime
0.265,sat,2.4878294467926025
0.133,sat,3.692533493041992
0.131,sat,5.142334699630737
0.063,unsat,3457.8940649032593
0.065,unsat,3469.0953283309937
0.099,unsat,3425.8042781352997
0.097,cancelled,3433.0811648368835
0.11900000000000001,sat,44.06117010116577
0.109,sat,96.93676400184631
0.107,sat,126.54187035560608
0.10300000000000001,unsat,3430.0394217967987
0.101,cancelled,3357.558178424835
0.10500000000000001,error,927.6627173423767
