epsilon,result,runtime
0.265,sat,2.078894853591919
0.133,sat,2.1001052856445312
0.065,sat,2.1042819023132324
0.131,cancelled,4.849741220474243
0.131,sat,2.1128127574920654
0.041,sat,6.731579780578613
0.021,unsat,3381.7452278137207
0.019000000000000003,cancelled,3375.2393324375153
0.027000000000000003,unsat,3422.508588552475
0.035,sat,44.29536199569702
0.033,unsat,3587.0606548786163
0.029,cancelled,115.7790539264679
