epsilon,result,runtime
0.265,sat,2.255064010620117
0.133,unsat,3443.9101486206055
0.131,cancelled,3441.7839562892914
0.219,sat,3.418661594390869
0.17500000000000002,sat,12.31991958618164
0.177,cancelled,23.507460117340088
0.159,sat,21.653207540512085
0.147,sat,26.25920534133911
0.14500000000000002,sat,16.694666862487793
0.139,sat,16.0599308013916
0.137,sat,12.85027813911438
0.135,error,730.1698853969574
