epsilon,result,runtime
0.133,sat,2.122504234313965
0.265,cancelled,5.14560604095459
0.265,sat,2.159486770629883
0.08700000000000001,sat,15.251796960830688
0.043000000000000003,unsat,3459.2555327415466
0.041,cancelled,3444.1081824302673
0.07100000000000001,sat,101.1531548500061
0.057,unsat,3520.3588824272156
0.055,cancelled,3419.435176372528
0.065,sat,134.5732786655426
0.061,unsat,3399.6726870536804
0.059000000000000004,cancelled,3265.301383495331
0.063,error,1368.2235946655273
