epsilon,result,runtime
0.265,sat,1.9113237857818604
0.133,sat,2.2591612339019775
0.131,sat,2.4710886478424072
0.065,unsat,3492.423986196518
0.063,cancelled,3490.3524055480957
0.107,sat,66.03512144088745
0.08700000000000001,unsat,3383.371236562729
0.085,cancelled,3317.529840707779
0.099,sat,45.11473536491394
0.093,unsat,3443.27250957489
0.091,cancelled,3398.3463773727417
0.097,sat,44.21061158180237
0.095,error,834.089911699295
