epsilon,result,runtime
0.265,sat,2.1303884983062744
0.133,sat,16.95501160621643
0.131,sat,24.659775972366333
0.063,unsat,3413.8322961330414
0.065,unsat,3563.7855775356293
0.097,unsat,3509.4846844673157
0.099,unsat,3461.1293766498566
0.115,unsat,3406.3448209762573
0.113,cancelled,3323.9836473464966
0.121,sat,220.54393434524536
0.125,cancelled,224.3839828968048
0.11900000000000001,sat,1015.5567693710327
0.117,error,1754.6981790065765
