epsilon,result,runtime
0.265,sat,2.1377975940704346
0.133,sat,2.5649051666259766
0.131,sat,2.393415927886963
0.065,unsat,3408.7201330661774
0.063,cancelled,3406.989730119705
0.107,sat,7.39533543586731
0.08700000000000001,sat,22.447112798690796
0.085,sat,22.7654128074646
0.075,sat,218.3390669822693
0.07300000000000001,sat,241.396568775177
0.069,unsat,3453.7214815616608
0.067,cancelled,3423.093995332718
0.07100000000000001,error,749.1214489936829
