epsilon,result,runtime
0.265,sat,3.4011778831481934
0.133,sat,93.2122004032135
0.131,sat,276.1698429584503
0.065,unsat,3404.15661072731
0.063,cancelled,3218.9479036331177
0.08700000000000001,unsat,3434.5464310646057
0.107,unsat,3473.6295335292816
0.11900000000000001,unsat,3414.640423297882
0.109,cancelled,3457.415893316269
0.125,unsat,3475.08380651474
0.123,cancelled,3479.2009270191193
0.127,sat,240.11179065704346
0.129,cancelled,243.7958631515503
