epsilon,result,runtime
0.265,sat,2.0418593883514404
0.133,unsat,3467.377278327942
0.131,cancelled,3465.4609377384186
0.219,sat,3.329601764678955
0.177,sat,4.087343215942383
0.17500000000000002,sat,6.890060663223267
0.153,sat,41.95146870613098
0.155,cancelled,36.08505392074585
0.14500000000000002,sat,56.6412193775177
0.139,sat,189.42552089691162
0.137,unsat,3488.8014500141144
0.135,cancelled,3359.5233130455017
