epsilon,result,runtime
0.265,sat,2.183180570602417
0.133,sat,9.895521402359009
0.131,sat,8.305229902267456
0.065,unsat,3396.927892923355
0.063,cancelled,3396.681416988373
0.107,unsat,3466.6145570278168
0.08700000000000001,cancelled,3470.444854259491
0.115,unsat,3485.080990552902
0.121,unsat,3488.93470621109
0.127,sat,45.526546478271484
0.123,unsat,3479.9685463905334
0.125,unsat,3581.654376745224
