epsilon,result,runtime
0.265,sat,3.2870984077453613
0.133,sat,3.2857234477996826
0.131,sat,3.437875509262085
0.065,sat,4.526128768920898
0.063,sat,6.335996150970459
0.031,unsat,3377.1813826560974
0.029,cancelled,3372.3459265232086
0.051000000000000004,sat,15.258278608322144
0.041,sat,80.51112461090088
0.039,sat,133.9350390434265
0.035,unsat,3467.031329870224
0.033,cancelled,3399.5395078659058
0.037000000000000005,sat,75.02145266532898
