epsilon,result,runtime
0.265,sat,2.092966318130493
0.133,sat,6.421235084533691
0.131,sat,53.157392263412476
0.065,unsat,3490.6341483592987
0.063,cancelled,3442.080790281296
0.08700000000000001,unsat,3418.428724050522
0.107,unsat,3528.4683091640472
0.11900000000000001,unsat,3448.6640434265137
0.109,cancelled,3561.890602827072
0.125,unsat,3420.216811656952
0.123,cancelled,3423.7674036026
0.129,sat,523.4975175857544
0.127,error,1224.8653855323792
