epsilon,result,runtime
0.133,sat,1.965827465057373
0.265,cancelled,4.978635787963867
0.08700000000000001,sat,7.2206337451934814
0.043000000000000003,unsat,3553.7070763111115
0.041,cancelled,3546.6456096172333
0.07100000000000001,sat,57.57690906524658
0.057,sat,60.64175510406494
0.055,sat,37.82845449447632
0.049,sat,198.45728063583374
0.047,timeout,3600
0.045,timeout,3600
