epsilon,result,runtime
0.133,sat,2.0785396099090576
0.265,cancelled,5.094511270523071
0.08700000000000001,sat,35.766212701797485
0.043000000000000003,unsat,3406.3316321372986
0.041,cancelled,3370.6204030513763
0.07100000000000001,sat,84.78949236869812
0.057,unsat,3571.3492913246155
0.055,cancelled,3486.755073070526
0.061,unsat,3451.86172914505
0.067,sat,83.5268805027008
0.065,unsat,3571.5878434181213
0.063,cancelled,31.642915964126587
