epsilon,result,runtime
0.265,sat,1.8715500831604004
0.133,sat,20.18993306159973
0.131,sat,17.183547735214233
0.063,unsat,3397.092272043228
0.065,unsat,3513.9588294029236
0.097,unsat,3399.3379657268524
0.099,unsat,3579.824886083603
0.115,unsat,3430.7663049697876
0.113,cancelled,3140.7598848342896
0.121,unsat,3478.9985630512238
0.125,unsat,3488.3971819877625
0.129,sat,37.50397825241089
0.127,error,793.2136631011963
