epsilon,result,runtime
0.133,sat,2.1154091358184814
0.265,cancelled,5.1304872035980225
0.265,sat,2.092946767807007
0.08700000000000001,sat,4.859622955322266
0.043000000000000003,unsat,3544.495054960251
0.041,cancelled,3540.0491943359375
0.07100000000000001,sat,45.001397371292114
0.057,sat,83.55793333053589
0.055,sat,46.702882289886475
0.049,sat,1360.5331790447235
0.047,unsat,3392.436585664749
0.045,cancelled,2043.1295955181122
