epsilon,result,runtime
0.265,sat,4.3365960121154785
0.133,sat,4.366153001785278
0.131,sat,4.360101938247681
0.065,unsat,3268.8150386810303
0.063,cancelled,3264.5906722545624
0.08700000000000001,sat,73.97923851013184
0.107,cancelled,78.64270353317261
0.079,unsat,3427.144427061081
0.07300000000000001,cancelled,3433.1710555553436
0.081,unsat,3552.0503656864166
0.085,sat,24.50895071029663
0.083,timeout,3600
