epsilon,result,runtime
0.133,sat,2.160997152328491
0.265,cancelled,5.101679563522339
0.265,sat,2.1685054302215576
0.043000000000000003,sat,2.0831830501556396
0.08700000000000001,cancelled,4.793681859970093
0.013000000000000001,sat,2.115668296813965
0.027000000000000003,cancelled,4.864278078079224
0.027000000000000003,sat,2.100985527038574
0.003,unsat,1.7278637886047363
0.007,sat,1.9553568363189697
0.009000000000000001,cancelled,0.2970097064971924
0.005,error,509.35802817344666
