epsilon,result,runtime
0.265,sat,2.079780101776123
0.133,sat,2.1183838844299316
0.131,sat,2.068223237991333
0.065,sat,2.0763049125671387
0.063,sat,2.1411259174346924
0.029,unsat,3445.139390230179
0.047,sat,19.810544729232788
0.039,sat,41.015273094177246
0.031,unsat,3519.660679101944
0.035,unsat,3491.521944284439
0.033,cancelled,3494.124660015106
0.037000000000000005,sat,102.30941820144653
