epsilon,result,runtime
0.133,sat,2.067542314529419
0.265,cancelled,4.795671701431274
0.08700000000000001,sat,2.0109198093414307
0.043000000000000003,sat,2.3655178546905518
0.041,sat,2.538832187652588
0.019000000000000003,unsat,3461.535539865494
0.021,unsat,3457.2710814476013
0.031,sat,16.59490418434143
0.029,sat,92.51026129722595
0.025,unsat,3382.290494441986
0.023,cancelled,3308.766972064972
0.027000000000000003,error,927.152072429657
