epsilon,result,runtime
0.265,sat,3.468179941177368
0.133,sat,3.4886019229888916
0.131,sat,3.4201786518096924
0.065,sat,3.3697757720947266
0.031,sat,3.1941018104553223
0.063,cancelled,6.704045057296753
0.019000000000000003,unsat,3519.177670955658
0.009000000000000001,cancelled,3523.4342181682587
0.025,sat,11.860145807266235
0.023,sat,13.613855123519897
0.021,sat,10.760974645614624
