epsilon,result,runtime
0.133,sat,2.1134085655212402
0.265,cancelled,5.059159278869629
0.265,sat,2.070963144302368
0.08700000000000001,sat,42.80685567855835
0.041,unsat,3397.942696094513
0.043000000000000003,unsat,3488.9460287094116
0.065,unsat,3423.004467487335
0.063,cancelled,3382.8198585510254
0.079,sat,69.90850162506104
0.07300000000000001,unsat,3483.082968711853
0.07100000000000001,cancelled,3413.232384443283
0.075,sat,58.16518306732178
0.077,cancelled,62.2447829246521
