epsilon,result,runtime
0.265,sat,4.509860515594482
0.133,sat,9.226248979568481
0.131,sat,25.313101053237915
0.065,unsat,3316.3257598876953
0.063,cancelled,3295.894079208374
0.107,sat,4.498672723770142
0.08700000000000001,sat,12.007685422897339
0.085,sat,25.542999267578125
0.075,sat,68.78505158424377
0.07300000000000001,sat,78.00845122337341
0.069,sat,1472.281865119934
0.067,unsat,3559.9631173610687
