epsilon,result,runtime
0.265,sat,7.847176790237427
0.133,sat,11.396494626998901
0.131,sat,63.28352451324463
0.065,unsat,3033.060567378998
0.063,cancelled,2974.412611246109
0.107,sat,127.77696132659912
0.08700000000000001,unsat,3261.0590109825134
0.085,cancelled,3133.291332960129
0.093,unsat,3032.113236427307
0.099,unsat,3335.889075279236
0.101,unsat,3549.695297241211
0.10500000000000001,sat,136.9841125011444
0.10300000000000001,unsat,3505.589149236679
