epsilon,result,runtime
0.265,sat,1.9352731704711914
0.133,sat,2.3284246921539307
0.131,sat,1.968280553817749
0.063,unsat,2920.657429933548
0.097,sat,41.56631350517273
0.065,unsat,3092.0399379730225
0.081,sat,119.43178582191467
0.079,unsat,3136.590227842331
0.07100000000000001,cancelled,3138.104974269867
