epsilon,result,runtime
0.265,sat,2.545130729675293
0.133,sat,2.69995379447937
0.131,sat,2.181431531906128
0.065,unsat,2738.792954683304
0.063,cancelled,2736.8810906410217
0.107,sat,4.543232202529907
0.08700000000000001,sat,13.434495449066162
0.085,unsat,2803.2269389629364
0.075,cancelled,2798.150010585785
