epsilon,result,runtime
0.265,sat,1.925947904586792
0.133,sat,2.3553473949432373
0.131,sat,54.913489818573
0.063,unsat,2967.8914098739624
0.065,unsat,3216.4796142578125
0.099,unsat,2888.968784570694
0.097,cancelled,3083.0760266780853
0.109,sat,16.693866968154907
0.11900000000000001,cancelled,19.793092489242554
0.10500000000000001,unsat,3222.6655106544495
0.10300000000000001,cancelled,3226.429807662964
0.107,unsat,3564.6403200626373
