epsilon,result,runtime
0.133,sat,4.50362753868103
0.265,cancelled,7.703312873840332
0.08700000000000001,unsat,3406.0183272361755
0.043000000000000003,cancelled,3409.357467651367
0.117,sat,7.634486436843872
0.10300000000000001,sat,93.5267481803894
0.101,sat,103.48686242103577
0.093,unsat,3176.967225790024
0.097,sat,65.3541111946106
0.095,timeout,3600
