epsilon,result,runtime
0.133,sat,4.491414308547974
0.265,cancelled,7.993984699249268
0.08700000000000001,sat,4.527365207672119
0.041,unsat,2924.6583619117737
0.043000000000000003,timeout,3600
0.065,unsat,3508.979341983795
0.063,cancelled,2848.94935631752
0.079,sat,74.37337279319763
0.07300000000000001,unsat,2742.260838985443
0.07100000000000001,cancelled,2667.866925239563
0.077,sat,1765.7320210933685
0.075,unsat,3561.249675512314
