epsilon,result,runtime
0.133,sat,2.6895856857299805
0.265,cancelled,5.702094793319702
0.043000000000000003,unsat,131.93991827964783
0.089,unsat,2801.920795440674
0.08700000000000001,cancelled,2940.103130340576
0.117,sat,71.53329515457153
0.10300000000000001,sat,204.1019196510315
0.101,unsat,2953.4627597332
0.095,cancelled,2826.0589125156403
