epsilon,result,runtime
0.265,sat,1.9670367240905762
0.133,sat,2.38620662689209
0.131,sat,1.2791903018951416
0.063,unsat,2688.696281194687
0.097,sat,9.158623933792114
0.081,sat,5.188339471817017
0.07300000000000001,sat,18.144037008285522
0.065,unsat,3321.6430904865265
0.069,unsat,2834.0199303627014
0.067,cancelled,2251.1120574474335
0.07100000000000001,timeout,3600
