epsilon,result,runtime
0.265,sat,27.09998345375061
0.131,sat,21.746886491775513
0.133,cancelled,54.39429020881653
0.043000000000000003,unsat,5.024490833282471
0.08700000000000001,unsat,2977.0488946437836
0.085,cancelled,2989.6744799613953
0.101,unsat,3208.084956884384
0.115,unsat,3586.433895111084
0.117,unsat,3033.9260783195496
0.123,unsat,3044.4594926834106
0.127,sat,24.998226165771484
0.125,sat,685.4575612545013
