epsilon,result,runtime
0.265,sat,7.409242391586304
0.133,sat,7.388691663742065
0.131,sat,7.319055080413818
0.065,sat,7.371417045593262
0.063,sat,7.2751171588897705
0.029,unsat,428.9219081401825
0.047,sat,5.969403028488159
0.031,unsat,3470.8204419612885
0.039,unsat,3136.2644758224487
0.037000000000000005,cancelled,124.61465406417847
0.043000000000000003,unsat,3288.7129304409027
0.041,cancelled,3294.9978935718536
0.045,sat,5.713391304016113
