epsilon,result,runtime
0.133,sat,1.9285619258880615
0.265,cancelled,4.684259414672852
0.08700000000000001,sat,1.9779298305511475
0.043000000000000003,unsat,2918.666827440262
0.041,cancelled,2916.876063346863
0.07100000000000001,sat,4.532593488693237
0.057,sat,4.505350828170776
0.055,sat,4.4729695320129395
0.049,sat,4.512231111526489
0.047,sat,24.347760915756226
0.045,unsat,3594.7308371067047
