epsilon,result,runtime
0.265,sat,3.110538959503174
0.133,sat,3.137061834335327
0.131,sat,3.07848858833313
0.065,sat,3.129298448562622
0.063,sat,3.295637845993042
0.031,sat,4.039870500564575
0.029,sat,4.028513193130493
0.013000000000000001,unsat,53.72790503501892
0.021,sat,3.0473437309265137
0.015,unsat,384.823903799057
0.019000000000000003,sat,3.3368844985961914
0.017,unsat,2195.8756082057953
