epsilon,result,runtime
0.265,sat,1.9443731307983398
0.133,sat,2.3949837684631348
0.131,sat,2.492926836013794
0.063,unsat,2779.7912118434906
0.097,sat,17.215299367904663
0.081,sat,5.784160614013672
0.07300000000000001,sat,39.63861346244812
0.069,sat,40.73142671585083
0.067,sat,34.42275381088257
0.065,unsat,3586.013414144516
