epsilon,result,runtime
0.265,sat,13.005824327468872
0.133,sat,19.94676184654236
0.131,sat,20.057063579559326
0.065,unsat,3117.7195851802826
0.063,cancelled,3104.409238576889
0.107,sat,149.67479705810547
0.08700000000000001,unsat,3203.663723230362
0.085,cancelled,3054.0663623809814
0.093,unsat,2985.6909103393555
0.099,unsat,3535.1191368103027
0.101,unsat,3533.838527917862
0.10300000000000001,unsat,3018.7973158359528
0.10500000000000001,sat,90.97013473510742
