epsilon,result,runtime
0.133,sat,4.396701335906982
0.265,cancelled,8.412818670272827
0.043000000000000003,sat,12.306227684020996
0.08700000000000001,cancelled,15.851239204406738
0.013000000000000001,unsat,4.045626401901245
0.027000000000000003,unsat,3117.5586562156677
0.029,unsat,3423.0437173843384
0.035,unsat,3114.351855993271
0.037000000000000005,unsat,3156.5274209976196
0.039,unsat,3536.741003036499
0.041,unsat,3374.802460670471
