epsilon,result,runtime
0.265,sat,5.489576101303101
0.133,sat,8.103141069412231
0.131,sat,2.0344433784484863
0.063,unsat,2772.041524887085
0.065,unsat,3319.840601682663
0.097,unsat,2675.2840251922607
0.115,sat,321.7321434020996
0.099,unsat,3457.998259305954
0.107,unsat,3019.490508556366
0.10500000000000001,cancelled,2021.4773802757263
0.111,unsat,2807.1591527462006
0.109,cancelled,2810.9190726280212
0.113,unsat,3595.1349442005157
