epsilon,result,runtime
0.265,sat,7.528557062149048
0.133,sat,7.490345478057861
0.131,sat,6.246917724609375
0.063,unsat,3464.7209973335266
0.065,timeout,3600
0.097,unsat,3231.1717841625214
0.115,sat,54.312023878097534
0.099,unsat,3488.8504021167755
0.107,sat,318.0794606208801
0.101,unsat,2983.231809616089
0.10500000000000001,unsat,3431.0356302261353
0.10300000000000001,cancelled,443.8273870944977
