epsilon,result,runtime
0.265,sat,7.812112331390381
0.133,sat,28.237524032592773
0.131,sat,25.51676893234253
0.065,unsat,3529.6413888931274
0.063,cancelled,3526.018540620804
0.08700000000000001,sat,92.33045434951782
0.107,cancelled,98.01698970794678
0.079,unsat,3046.057641029358
0.07300000000000001,cancelled,3051.722744703293
0.083,unsat,3170.8622393608093
0.081,cancelled,3176.671971797943
0.085,sat,381.1203761100769
