epsilon,result,runtime
0.133,sat,39.47114539146423
0.265,cancelled,43.721688747406006
0.08700000000000001,unsat,2878.733056783676
0.043000000000000003,cancelled,2883.3932824134827
0.117,unsat,3346.7332406044006
0.10300000000000001,cancelled,3353.543795108795
0.127,sat,50.95462679862976
0.123,sat,70.75333499908447
0.121,sat,757.0386564731598
0.11900000000000001,unsat,3497.9486339092255
