epsilon,result,runtime
0.265,sat,2.0603888034820557
0.133,sat,3.6657662391662598
0.131,sat,2.171339988708496
0.065,unsat,3238.676239967346
0.063,cancelled,3238.050555229187
0.107,sat,16.025455236434937
0.085,unsat,2730.726809024811
0.08700000000000001,unsat,3007.650427341461
0.097,unsat,2946.689088344574
0.095,cancelled,2696.283794403076
0.10300000000000001,sat,42.82702302932739
0.101,sat,52.78465294837952
0.099,sat,46.33699011802673
