epsilon,result,runtime
0.265,sat,42.073599338531494
0.131,sat,5.889540433883667
0.133,cancelled,54.02202224731445
0.043000000000000003,unsat,212.59241676330566
0.08700000000000001,unsat,3275.1134972572327
0.085,cancelled,3494.5032591819763
0.115,unsat,3228.591501235962
0.101,cancelled,3232.002452135086
0.125,sat,6.300241947174072
0.121,sat,270.09021186828613
0.11900000000000001,unsat,3148.9439125061035
0.117,cancelled,2888.19726896286
