epsilon,result,runtime
0.133,sat,5.862840414047241
0.265,cancelled,9.612983465194702
0.08700000000000001,unsat,3257.630029439926
0.043000000000000003,cancelled,3262.517318248749
0.117,sat,7.795844078063965
0.101,unsat,3226.843947172165
0.109,sat,4.542226314544678
0.10300000000000001,timeout,3600
0.107,sat,5.676292657852173
0.10500000000000001,timeout,3600
