epsilon,result,runtime
0.133,sat,6.246155023574829
0.265,cancelled,10.76603078842163
0.043000000000000003,unsat,43.12801814079285
0.08700000000000001,unsat,3484.893074274063
0.089,unsat,3474.236581325531
0.111,unsat,3022.091406106949
0.109,cancelled,2991.0403575897217
0.125,sat,96.8387439250946
0.11900000000000001,unsat,3481.940696954727
0.117,cancelled,3385.1226859092712
0.123,sat,125.85225534439087
0.121,sat,238.71735453605652
