epsilon,result,runtime
0.265,sat,5.821405410766602
0.133,sat,5.863014459609985
0.065,sat,5.6971046924591064
0.131,cancelled,9.036505937576294
0.021,unsat,3.855869770050049
0.041,unsat,2992.988160133362
0.043000000000000003,unsat,3306.3080546855927
0.055,sat,36.77117204666138
0.053000000000000005,unsat,3481.251739025116
0.047,cancelled,3123.0194249153137
