epsilon,result,runtime
0.265,sat,7.7754833698272705
0.133,sat,16.12258243560791
0.131,sat,17.156269311904907
0.065,sat,37.71973252296448
0.063,sat,25.52402138710022
0.031,unsat,3211.759548664093
0.029,cancelled,3212.0597569942474
0.051000000000000004,unsat,3120.4039969444275
0.041,cancelled,3126.8091735839844
0.057,sat,341.44168519973755
0.053000000000000005,unsat,3199.9883105754852
0.055,timeout,3600
