epsilon,result,runtime
0.133,sat,12.43170714378357
0.265,cancelled,16.53409695625305
0.08700000000000001,unsat,3239.526524066925
0.043000000000000003,cancelled,3243.4517929553986
0.117,sat,7.864490747451782
0.101,unsat,3305.6730642318726
0.109,sat,4.39786434173584
0.10500000000000001,sat,91.86929035186768
0.10300000000000001,sat,3468.5051679611206
