epsilon,result,runtime
0.265,sat,5.377871513366699
0.133,sat,7.7568323612213135
0.131,sat,2.2662460803985596
0.065,unsat,3431.4172978401184
0.063,cancelled,3434.797198534012
0.107,unsat,3429.2997336387634
0.08700000000000001,cancelled,3432.8709881305695
0.121,sat,46.330281496047974
0.113,unsat,2949.9398939609528
0.115,unsat,3019.4821021556854
0.117,sat,123.75353074073792
0.11900000000000001,cancelled,108.33948111534119
