epsilon,result,runtime
0.265,sat,3.3282861709594727
0.133,sat,7.791428327560425
0.131,sat,8.042049407958984
0.065,sat,4.103111028671265
0.063,sat,73.07731366157532
0.029,unsat,2758.3383548259735
0.031,unsat,2931.4462773799896
0.045,unsat,3232.007307767868
0.055,sat,20.048301219940186
0.047,unsat,3415.389149427414
0.051000000000000004,unsat,3389.963074207306
0.049,cancelled,3329.6774294376373
0.053000000000000005,unsat,3577.836116552353
