epsilon,result,runtime
0.265,sat,5.766115427017212
0.133,sat,7.3337602615356445
0.131,sat,7.309765577316284
0.063,unsat,3081.1285316944122
0.097,sat,21.48626184463501
0.081,sat,71.38902258872986
0.07300000000000001,sat,42.71453547477722
0.065,unsat,3366.0200905799866
0.069,unsat,3385.120299100876
0.067,cancelled,3272.534435033798
0.07100000000000001,sat,216.5174481868744
