epsilon,result,runtime
0.265,sat,5.26957631111145
0.133,sat,6.726834535598755
0.131,sat,1.3569402694702148
0.063,unsat,2993.2715167999268
0.065,unsat,3440.0180196762085
0.097,unsat,3209.5759720802307
0.099,unsat,3142.090756416321
0.115,unsat,3057.6210401058197
0.113,cancelled,2684.985782623291
0.121,unsat,2908.4852912425995
0.125,unsat,2975.1769890785217
0.129,sat,46.00842332839966
0.127,sat,112.63898587226868
