epsilon,result,runtime
0.133,sat,2.753152847290039
0.265,cancelled,5.744070053100586
0.08700000000000001,sat,19.594165086746216
0.041,unsat,175.4557089805603
0.065,unsat,3127.545203924179
0.043000000000000003,cancelled,3331.8575932979584
0.07300000000000001,unsat,2901.174449443817
0.079,unsat,3031.1447274684906
0.081,unsat,3047.0259425640106
0.085,sat,8.987732887268066
0.083,unsat,3569.090862751007
