epsilon,result,runtime
0.133,sat,7.997953653335571
0.265,cancelled,14.100552320480347
0.043000000000000003,unsat,111.1888439655304
0.08700000000000001,unsat,3047.654056072235
0.089,unsat,3032.308075428009
0.111,unsat,3174.7696311473846
0.109,cancelled,3075.9183435440063
0.125,sat,7.812303304672241
0.117,sat,77.407381772995
0.11900000000000001,cancelled,98.58173871040344
0.115,sat,75.36631751060486
0.113,timeout,3600
