epsilon,result,runtime
0.133,sat,1.9448156356811523
0.265,cancelled,4.925165176391602
0.08700000000000001,sat,1.9759914875030518
0.043000000000000003,sat,3.395549774169922
0.041,sat,1.3388416767120361
0.021,sat,4.9483888149261475
0.009000000000000001,unsat,1.745811939239502
0.013000000000000001,unsat,1.73073410987854
0.015,unsat,79.0769190788269
0.017,unsat,234.10797953605652
0.019000000000000003,unsat,726.9889600276947
