epsilon,result,runtime
0.133,sat,7.816271781921387
0.265,cancelled,13.632709503173828
0.08700000000000001,sat,3150.864642381668
0.043000000000000003,unsat,3493.5087871551514
0.041,cancelled,342.5620665550232
0.07100000000000001,unsat,3080.614743947983
0.057,cancelled,3084.832479953766
0.077,unsat,3054.496784210205
0.081,unsat,3118.7438304424286
0.085,sat,2355.027704000473
0.083,timeout,3600
