epsilon,result,runtime
0.265,sat,9.63058352470398
0.133,sat,9.65475344657898
0.131,sat,9.146841049194336
0.065,unsat,3092.6696372032166
0.063,cancelled,3083.789242506027
0.08700000000000001,sat,6.192395925521851
0.107,cancelled,10.41567587852478
0.079,sat,6.206874132156372
0.07300000000000001,sat,6.256194829940796
0.07100000000000001,sat,6.046701431274414
0.067,sat,6.03486704826355
0.069,cancelled,0.2917351722717285
