epsilon,result,runtime
0.133,sat,6.183406114578247
0.265,cancelled,9.955342769622803
0.043000000000000003,unsat,223.60793209075928
0.089,unsat,3070.2070817947388
0.08700000000000001,cancelled,3309.9410309791565
0.117,sat,7.900633811950684
0.10300000000000001,sat,129.68865060806274
0.101,unsat,3317.6819789409637
0.095,cancelled,3203.1061310768127
