epsilon,result,runtime
0.265,sat,7.804780006408691
0.133,sat,7.878235816955566
0.131,sat,7.828721284866333
0.065,unsat,3216.898632287979
0.063,cancelled,3209.0534524917603
0.107,sat,7.781148910522461
0.08700000000000001,sat,26.00252604484558
0.085,sat,25.50704526901245
0.075,unsat,3216.274104118347
0.07300000000000001,cancelled,3209.289850473404
0.081,unsat,3211.7205908298492
0.079,cancelled,3217.3531527519226
0.083,sat,103.50820302963257
