epsilon,result,runtime
0.265,sat,1.8837814331054688
0.133,sat,2.269923210144043
0.131,sat,17.753607273101807
0.063,unsat,2684.3369340896606
0.097,sat,9.063521385192871
0.081,sat,1.9215476512908936
0.065,unsat,2943.882652282715
0.07300000000000001,unsat,2929.861674785614
0.07100000000000001,cancelled,2714.868996858597
0.077,sat,3.315220594406128
0.075,unsat,3553.1670665740967
