epsilon,result,runtime
0.265,sat,2.2893123626708984
0.133,sat,4.616554021835327
0.131,sat,1.9977879524230957
0.065,unsat,3432.2960114479065
0.063,cancelled,3432.8147139549255
0.107,sat,4.522984266281128
0.085,unsat,3170.022650241852
0.08700000000000001,unsat,3322.289913892746
0.095,unsat,3182.5529062747955
0.101,sat,2.655970335006714
0.099,sat,2.6477229595184326
0.097,unsat,3340.1152470111847
