epsilon,result,runtime
0.133,sat,1.8175537586212158
0.265,cancelled,4.7772886753082275
0.08700000000000001,sat,2.023022413253784
0.043000000000000003,sat,2.3847944736480713
0.041,sat,1.8687691688537598
0.019000000000000003,sat,2.042041778564453
0.021,cancelled,0.42028212547302246
0.005,unsat,2.943051815032959
0.011,unsat,26.429359436035156
0.015,sat,2.0100765228271484
0.013000000000000001,unsat,134.57081699371338
