epsilon,result,runtime
0.265,sat,7.651851177215576
0.133,sat,7.662793397903442
0.131,sat,7.43206524848938
0.063,unsat,3219.38156414032
0.065,timeout,3600
0.097,unsat,3434.158514022827
0.115,sat,6.153357982635498
0.107,sat,17.613577127456665
0.10300000000000001,sat,17.930198431015015
0.101,sat,53.24445557594299
0.099,timeout,3600
