epsilon,result,runtime
0.265,sat,6.050943613052368
0.133,sat,17.1864070892334
0.131,sat,17.631719827651978
0.065,sat,97.4080867767334
0.063,sat,259.0811376571655
0.031,unsat,3288.313873529434
0.029,cancelled,3121.1163527965546
0.051000000000000004,sat,3138.992050409317
0.041,timeout,3600
0.039,timeout,3600
0.043000000000000003,timeout,3600
0.037000000000000005,unsat,3388.6880564689636
0.045,unsat,3264.6972618103027
0.047,unsat,3367.1083240509033
0.049,unsat,3290.2507376670837
