epsilon,result,runtime
0.265,sat,7.727815628051758
0.133,sat,7.753963470458984
0.065,sat,7.634557247161865
0.131,cancelled,12.585639476776123
0.021,unsat,3077.703732728958
0.041,unsat,3579.973757982254
0.043000000000000003,unsat,3140.9917075634003
0.055,sat,416.9408233165741
0.053000000000000005,unsat,3399.4846312999725
0.047,cancelled,336.87064266204834
