epsilon,result,runtime
0.265,sat,6.156886577606201
0.133,sat,6.2518470287323
0.131,sat,6.179317951202393
0.065,unsat,3293.8677492141724
0.063,cancelled,3288.021283388138
0.107,sat,6.182182788848877
0.085,sat,18.398158311843872
0.08700000000000001,cancelled,33.192325830459595
0.07100000000000001,sat,7.5028016567230225
0.077,cancelled,12.611170053482056
0.069,sat,7.594255208969116
0.067,sat,63.265650033950806
