epsilon,result,runtime
0.265,sat,11.710436820983887
0.131,sat,20.492478847503662
0.133,cancelled,41.04166841506958
0.043000000000000003,unsat,4.908066034317017
0.085,unsat,3155.4502046108246
0.08700000000000001,unsat,3200.8593158721924
0.109,unsat,3163.9268822669983
0.107,cancelled,3113.4503860473633
0.123,unsat,3182.5740327835083
0.117,cancelled,3187.7228689193726
0.127,sat,110.49904298782349
0.125,sat,1242.6682975292206
