epsilon,result,runtime
0.265,sat,2.8125908374786377
0.133,sat,5.564256429672241
0.131,sat,2.363391876220703
0.065,unsat,2750.790763616562
0.063,cancelled,2751.0130620002747
0.107,sat,4.557703971862793
0.08700000000000001,sat,197.73329877853394
0.085,sat,352.8315808773041
0.07300000000000001,unsat,2943.674627304077
0.075,unsat,3273.511932373047
0.081,sat,265.3508951663971
0.079,unsat,3420.982502222061
0.077,cancelled,2990.506381750107
