epsilon,result,runtime
0.265,sat,7.690083265304565
0.131,sat,7.538841247558594
0.133,cancelled,22.257548809051514
0.085,sat,41.55569243431091
0.041,unsat,168.91915845870972
0.043000000000000003,unsat,3203.8158066272736
0.063,unsat,3175.5452194213867
0.065,unsat,3078.943405151367
0.075,unsat,3138.2143099308014
0.07300000000000001,cancelled,253.93245029449463
0.081,unsat,3400.123311519623
0.079,cancelled,3404.036295413971
0.083,timeout,3600
