epsilon,result,runtime
0.133,sat,2.6395320892333984
0.265,cancelled,5.5585949420928955
0.265,sat,2.547128677368164
0.08700000000000001,sat,2.7717504501342773
0.043000000000000003,unsat,2704.7649772167206
0.041,cancelled,2702.0746743679047
0.07100000000000001,sat,4.607008218765259
0.055,unsat,2871.6778004169464
0.057,unsat,3285.692275762558
0.063,unsat,3223.6235637664795
0.065,unsat,2826.5101811885834
0.067,sat,3.792055368423462
0.069,cancelled,0.12613844871520996
