epsilon,result,runtime
0.265,sat,4.541858196258545
0.133,sat,6.0880091190338135
0.131,sat,5.867518901824951
0.065,sat,4.461093902587891
0.063,sat,4.4725565910339355
0.031,unsat,3289.976954936981
0.029,cancelled,3285.2711844444275
0.051000000000000004,sat,4.513757705688477
0.041,unsat,2994.9193518161774
0.039,cancelled,2990.4798760414124
0.047,sat,1742.162847518921
0.045,unsat,2969.9245994091034
0.043000000000000003,cancelled,1227.7467167377472
