epsilon,result,runtime
0.265,sat,4.5117833614349365
0.133,sat,20.09856653213501
0.131,sat,14.606651782989502
0.065,unsat,3070.2729527950287
0.063,cancelled,3071.075514793396
0.107,sat,24.785220623016357
0.085,unsat,2887.879096031189
0.08700000000000001,unsat,3080.123697280884
0.097,unsat,2944.910686969757
0.095,cancelled,2785.391700029373
0.10300000000000001,sat,365.590204000473
0.101,unsat,3312.8816282749176
0.099,cancelled,2947.4312946796417
