epsilon,result,runtime
0.265,sat,4.460927963256836
0.133,sat,4.521980285644531
0.131,sat,4.460299730300903
0.063,unsat,2928.0984971523285
0.065,unsat,3192.0999784469604
0.097,unsat,3020.390009880066
0.115,sat,9.501654386520386
0.099,unsat,3403.17804980278
0.107,unsat,3364.519044160843
0.10500000000000001,cancelled,2743.4393842220306
0.111,sat,15.120045185089111
0.109,sat,15.75443696975708
