epsilon,result,runtime
0.265,sat,5.772927522659302
0.133,sat,12.184571981430054
0.065,sat,5.806775808334351
0.131,cancelled,16.993348360061646
0.021,unsat,986.0806930065155
0.041,unsat,3323.460031747818
0.053000000000000005,sat,132.33845400810242
0.047,sat,342.2038788795471
0.043000000000000003,unsat,2972.3535356521606
0.045,sat,306.8427710533142
