epsilon,result,runtime
0.265,sat,3.322528123855591
0.133,sat,3.353520393371582
0.065,sat,3.346345901489258
0.131,cancelled,6.485101222991943
0.041,sat,4.526994705200195
0.019000000000000003,unsat,7.39044189453125
0.021,unsat,89.83110117912292
0.029,unsat,3380.1348400115967
0.031,unsat,3594.6002526283264
0.037000000000000005,unsat,2831.231086730957
0.035,cancelled,2973.795383453369
0.039,sat,1212.7892875671387
