epsilon,result,runtime
0.133,sat,6.174328327178955
0.265,cancelled,10.33677363395691
0.08700000000000001,sat,6.12340235710144
0.041,unsat,3156.2077350616455
0.043000000000000003,unsat,3387.3761880397797
0.065,unsat,3191.7474715709686
0.063,cancelled,2979.3736443519592
0.079,unsat,3041.743201494217
0.07300000000000001,cancelled,3047.197476387024
0.081,unsat,3564.2163779735565
0.083,timeout,3600
0.085,sat,48.361043214797974
