epsilon,result,runtime
0.133,sat,7.560847043991089
0.265,cancelled,13.501222848892212
0.043000000000000003,sat,7.788843393325806
0.08700000000000001,cancelled,12.74909520149231
0.08700000000000001,sat,7.795580863952637
0.027000000000000003,sat,18.467557907104492
0.011,unsat,106.81946277618408
0.019000000000000003,sat,27.26558232307434
0.013000000000000001,unsat,313.8068256378174
0.015,unsat,3409.7259800434113
0.017,unsat,3537.9451117515564
