epsilon,result,runtime
0.265,sat,9.068231105804443
0.131,sat,20.569456338882446
0.133,cancelled,36.69440698623657
0.043000000000000003,unsat,3.1357028484344482
0.085,unsat,3133.1395473480225
0.08700000000000001,unsat,3450.78506064415
0.109,unsat,3431.9623067379
0.107,cancelled,3111.9437906742096
0.123,sat,239.06363344192505
0.117,unsat,2912.0418956279755
0.115,cancelled,2672.9492394924164
0.121,unsat,3164.7254750728607
0.11900000000000001,cancelled,3168.4781885147095
