epsilon,result,runtime
0.265,sat,7.5770697593688965
0.133,sat,7.61063814163208
0.131,sat,43.93277859687805
0.065,unsat,3425.919498205185
0.063,cancelled,3381.872386932373
0.107,sat,7.910407304763794
0.08700000000000001,unsat,3181.1593000888824
0.085,cancelled,3173.198272705078
0.093,unsat,3075.611141204834
0.099,unsat,3395.7186391353607
0.101,unsat,2999.2209379673004
0.10300000000000001,unsat,2995.4335989952087
0.10500000000000001,sat,2689.18865275383
