epsilon,result,runtime
0.133,sat,7.440002202987671
0.265,cancelled,12.112568855285645
0.08700000000000001,sat,7.375349760055542
0.041,unsat,12.195297956466675
0.043000000000000003,unsat,70.50007724761963
0.065,timeout,3600
0.063,timeout,3600
0.067,unsat,3504.442314863205
0.061,cancelled,3468.316870689392
0.07300000000000001,unsat,3236.558013677597
0.079,unsat,3292.4898765087128
0.081,unsat,3497.5387461185455
0.085,sat,54.718488931655884
0.083,timeout,3600
