epsilon,result,runtime
0.265,sat,2.5835630893707275
0.133,sat,3.6111652851104736
0.131,sat,0.7941937446594238
0.065,unsat,2701.6073126792908
0.063,cancelled,2702.068379640579
0.107,sat,16.08831787109375
0.08700000000000001,sat,61.91528677940369
0.085,unsat,2691.5021555423737
0.075,cancelled,2649.762536764145
