epsilon,result,runtime
0.265,sat,2.5893545150756836
0.133,sat,4.098459482192993
0.131,sat,2.2516696453094482
0.063,unsat,3486.778440475464
0.097,sat,23.43093991279602
0.065,timeout,3600
0.079,unsat,2929.6113619804382
0.081,unsat,3190.762896299362
0.089,sat,192.94619393348694
0.08700000000000001,unsat,3321.8334152698517
0.083,cancelled,3309.193253517151
