epsilon,result,runtime
0.265,sat,4.517396688461304
0.131,sat,4.37660551071167
0.133,cancelled,15.57759404182434
0.085,unsat,2837.1045677661896
0.043000000000000003,cancelled,2840.739347934723
0.115,sat,4.554937362670898
0.099,sat,18.37093210220337
0.101,cancelled,30.220758199691772
0.089,unsat,2984.328218460083
0.095,sat,108.34866237640381
0.093,unsat,3134.9390461444855
0.091,cancelled,38.1338369846344
