epsilon,result,runtime
0.265,sat,7.690109491348267
0.133,sat,25.468212842941284
0.131,sat,25.74075150489807
0.065,unsat,3157.4167416095734
0.063,cancelled,3148.6960220336914
0.107,sat,47.294063568115234
0.08700000000000001,unsat,3171.250604867935
0.085,cancelled,3124.1148352622986
0.099,sat,197.48621559143066
0.093,unsat,3280.186266183853
0.091,cancelled,3082.960211753845
0.095,sat,155.05121755599976
0.097,cancelled,160.89730834960938
