epsilon,result,runtime
0.133,sat,7.825652122497559
0.265,cancelled,11.123991250991821
0.08700000000000001,sat,6.832568645477295
0.043000000000000003,sat,8.893813371658325
0.041,sat,7.3412766456604
0.019000000000000003,unsat,11.948883771896362
0.031,sat,53.1280243396759
0.021,unsat,127.25277853012085
0.025,unsat,3567.51025056839
0.027000000000000003,unsat,3533.3340077400208
0.029,sat,154.09111094474792
