epsilon,result,runtime
0.133,sat,6.165729999542236
0.265,cancelled,10.642499923706055
0.08700000000000001,sat,51.22742462158203
0.043000000000000003,unsat,3286.0023946762085
0.041,cancelled,3234.8778064250946
0.07100000000000001,unsat,3510.2669682502747
0.057,cancelled,3516.116137742996
0.081,sat,56.52044200897217
0.077,unsat,3533.7050547599792
0.075,cancelled,3477.341341495514
0.079,timeout,3600
