epsilon,result,runtime
0.265,sat,24.967249631881714
0.133,sat,338.86595845222473
0.131,sat,358.93571376800537
0.065,timeout,3600
0.063,timeout,3600
0.061,unsat,2757.7834434509277
0.067,unsat,3238.7825121879578
0.097,unsat,2983.5951941013336
0.099,unsat,3521.043226480484
0.115,unsat,2813.360499382019
0.113,cancelled,2721.0280210971832
0.125,sat,461.4232211112976
0.121,sat,676.1805272102356
0.11900000000000001,unsat,2834.152683496475
0.117,cancelled,2635.4435579776764
