epsilon,result,runtime
0.133,sat,5.469669580459595
0.265,cancelled,11.53503131866455
0.043000000000000003,sat,5.479218482971191
0.08700000000000001,cancelled,10.084065437316895
0.027000000000000003,sat,29.299550533294678
0.011,unsat,3521.21307349205
0.013000000000000001,unsat,3592.6637930870056
0.019000000000000003,unsat,3389.7769634723663
0.021,unsat,3458.5651247501373
0.025,sat,42.27166199684143
0.023,unsat,3312.914899587631
