epsilon,result,runtime
0.265,sat,3.35410737991333
0.133,sat,3.3665852546691895
0.131,sat,4.453056573867798
0.063,unsat,3451.6702873706818
0.065,unsat,3461.8571252822876
0.099,sat,94.82084703445435
0.097,sat,127.90706491470337
0.081,unsat,3089.0343675613403
0.079,cancelled,3064.0956223011017
0.091,unsat,3323.5362515449524
0.08700000000000001,cancelled,3329.7551505565643
0.095,unsat,3435.472442150116
0.093,cancelled,3439.805046081543
