epsilon,result,runtime
0.133,sat,4.4693779945373535
0.265,cancelled,9.085724353790283
0.08700000000000001,sat,4.436959743499756
0.043000000000000003,sat,13.284659624099731
0.041,sat,26.008216381072998
0.019000000000000003,unsat,3387.2492468357086
0.021,unsat,3365.8071336746216
0.031,unsat,3429.0117406845093
0.029,cancelled,3432.663005590439
0.037000000000000005,sat,103.88598251342773
0.035,sat,241.07918858528137
0.033,timeout,3600
