epsilon,result,runtime
0.265,sat,32.476497411727905
0.131,unsat,2795.7932579517365
0.199,sat,30.935285329818726
0.133,timeout,3600
0.167,sat,1521.776073217392
0.165,unsat,3452.1221582889557
0.149,cancelled,1237.9028923511505
