epsilon,result,runtime
0.265,sat,16.149517059326172
0.133,unsat,2795.864274740219
0.131,cancelled,2780.01726603508
0.219,sat,18.30252480506897
0.177,sat,18.254400968551636
0.17500000000000002,sat,25.633299827575684
0.153,sat,425.8177523612976
0.155,cancelled,400.0055022239685
0.14500000000000002,sat,328.26185131073
0.139,timeout,3600
0.137,timeout,3600
0.14100000000000001,sat,2862.3847963809967
0.135,timeout,3600
