epsilon,result,runtime
0.265,sat,22.2778537273407
0.131,unsat,2838.5812907218933
0.199,sat,28.297991037368774
0.165,sat,457.897581577301
0.133,timeout,3600
0.149,sat,420.8377056121826
0.147,sat,424.69634079933167
0.139,timeout,3600
0.14100000000000001,timeout,3600
0.14300000000000002,sat,545.1643488407135
0.137,unsat,2921.7362308502197
0.135,cancelled,2218.3573973178864
