epsilon,result,runtime
0.265,sat,6.537336826324463
0.133,sat,6.512895822525024
0.131,sat,6.359631538391113
0.065,sat,12.779060125350952
0.063,sat,13.240445613861084
0.029,unsat,3479.1453769207
0.031,unsat,3527.6021299362183
0.047,sat,149.79754281044006
0.045,sat,357.0715079307556
0.037000000000000005,unsat,2888.4274196624756
0.041,sat,603.4442274570465
0.039,timeout,3600
