epsilon,result,runtime
0.265,sat,25.977566719055176
0.133,sat,82.9352695941925
0.131,sat,105.57430076599121
0.063,unsat,2845.8498520851135
0.065,unsat,3007.0679094791412
0.097,sat,492.89648175239563
0.099,cancelled,432.5316843986511
0.075,timeout,3600
0.085,timeout,3600
0.081,timeout,3600
0.079,timeout,3600
0.083,unsat,3424.831566810608
0.077,cancelled,3443.6191036701202
0.091,sat,375.9056324958801
0.089,sat,666.7342309951782
0.08700000000000001,timeout,3600
