epsilon,result,runtime
0.265,sat,25.83923649787903
0.131,unsat,2882.6026289463043
0.199,sat,18.281259536743164
0.165,sat,523.726628780365
0.133,timeout,3600
0.149,unsat,2679.3091683387756
0.147,cancelled,2644.238076210022
0.159,unsat,2909.152831554413
0.155,cancelled,2928.9104430675507
0.163,sat,1272.1626470088959
0.161,unsat,3213.3429629802704
