epsilon,result,runtime
0.265,sat,20.846559524536133
0.131,unsat,3285.2524740695953
0.199,sat,14.863924741744995
0.133,timeout,3600
0.167,sat,1039.2030200958252
0.165,unsat,2967.2892496585846
0.149,cancelled,1701.1663973331451
