epsilon,result,runtime
0.265,sat,24.985693216323853
0.133,timeout,3600
0.131,timeout,3600
0.129,unsat,3198.9637081623077
0.199,sat,386.8909115791321
0.135,timeout,3600
0.167,unsat,2790.557513475418
0.165,cancelled,2799.9287185668945
0.177,timeout,3600
0.187,timeout,3600
0.183,timeout,3600
0.181,timeout,3600
0.179,unsat,3114.2984986305237
0.185,unsat,3205.305438041687
0.193,sat,465.2320909500122
0.191,sat,688.499505519867
0.189,sat,1912.7618312835693
