epsilon,result,runtime
0.265,sat,25.719439268112183
0.133,timeout,3600
0.131,timeout,3600
0.135,unsat,3008.6502509117126
0.129,cancelled,3063.50213432312
0.221,sat,28.70846128463745
0.179,sat,596.6984095573425
0.177,sat,581.5958597660065
0.157,unsat,3496.140767097473
0.155,cancelled,3575.9221959114075
0.169,sat,2278.6611099243164
0.163,timeout,3600
0.161,unsat,2984.5992732048035
0.165,timeout,3600
0.167,timeout,3600
