epsilon,result,runtime
0.265,sat,16.041501760482788
0.133,timeout,3600
0.131,timeout,3600
0.135,unsat,2698.7089450359344
0.129,cancelled,2752.0654816627502
0.221,sat,28.598093509674072
0.179,sat,30.94323182106018
0.177,sat,29.964489221572876
0.155,sat,115.6863944530487
0.157,cancelled,86.74147415161133
0.147,sat,635.4375357627869
0.14100000000000001,sat,849.816831111908
0.137,unsat,2665.5352210998535
0.139,timeout,3600
