epsilon,result,runtime
0.133,sat,21.646382093429565
0.265,cancelled,34.404669761657715
0.08700000000000001,sat,474.61524081230164
0.043000000000000003,unsat,3115.30797791481
0.041,cancelled,2641.179867744446
0.057,unsat,3114.822637796402
0.07100000000000001,timeout,3600
0.07300000000000001,timeout,3600
0.069,timeout,3600
0.075,unsat,3359.8696167469025
0.067,cancelled,2913.0909974575043
0.081,sat,2336.681131839752
0.079,unsat,2926.0030467510223
0.077,cancelled,589.409744977951
