epsilon,result,runtime
0.265,sat,16.548871994018555
0.133,timeout,3600
0.131,timeout,3600
0.135,unsat,2630.693031311035
0.129,cancelled,2668.0907485485077
0.221,sat,26.7507963180542
0.179,sat,40.3188681602478
0.177,sat,45.26222276687622
0.157,unsat,2816.6889955997467
0.155,cancelled,2889.448507785797
0.169,sat,223.4838695526123
0.163,unsat,3318.2133300304413
0.161,cancelled,3095.5008964538574
0.167,sat,1103.1116843223572
0.165,timeout,3600
