epsilon,result,runtime
0.265,sat,31.46230459213257
0.133,sat,31.382403135299683
0.065,sat,31.721294164657593
0.131,cancelled,62.809879779815674
0.041,sat,35.09006214141846
0.021,timeout,3600
0.019000000000000003,timeout,3600
0.017,timeout,3600
0.023,timeout,3600
0.015,unsat,3349.5467479228973
0.033,sat,81.09271764755249
0.025,timeout,3600
0.029,sat,1013.540322303772
0.027000000000000003,unsat,3556.7112033367157
