epsilon,result,runtime
0.265,sat,23.666937828063965
0.133,unsat,2545.219218015671
0.131,cancelled,2521.70175075531
0.219,sat,18.317389249801636
0.177,sat,251.95263814926147
0.17500000000000002,sat,400.77771949768066
0.153,sat,239.89055275917053
0.155,cancelled,68.75934958457947
0.14500000000000002,sat,261.9324450492859
0.139,timeout,3600
0.137,timeout,3600
0.135,unsat,2502.040514945984
0.14100000000000001,timeout,3600
0.14300000000000002,sat,914.2608616352081
