epsilon,result,runtime
0.265,sat,19.622243404388428
0.133,sat,35.56363105773926
0.131,sat,28.769810438156128
0.065,unsat,3375.014393091202
0.063,cancelled,3361.2878952026367
0.107,sat,50.202399253845215
0.08700000000000001,sat,356.7502715587616
0.085,sat,757.6912367343903
0.075,sat,1266.112655878067
0.07300000000000001,sat,1386.2149012088776
0.069,sat,3102.4966955184937
0.067,timeout,3600
