epsilon,result,runtime
0.265,sat,26.075671672821045
0.133,sat,33.95602560043335
0.131,sat,47.89172387123108
0.063,unsat,3004.7245812416077
0.065,timeout,3600
0.097,unsat,3032.026518344879
0.115,sat,598.1455035209656
0.099,timeout,3600
0.107,sat,829.840362071991
0.10500000000000001,unsat,3342.609274148941
0.101,cancelled,2970.702201604843
