epsilon,result,runtime
0.265,sat,17.237804174423218
0.133,timeout,3600
0.131,timeout,3600
0.129,timeout,3600
0.135,timeout,3600
0.137,sat,486.8701777458191
0.063,unsat,2648.749527692795
0.127,unsat,3261.5236740112305
0.095,cancelled,76.93783283233643
