epsilon,result,runtime
0.265,sat,20.879578351974487
0.131,sat,670.5689697265625
0.133,cancelled,717.6861855983734
0.085,unsat,3412.529572248459
0.043000000000000003,cancelled,3423.6372916698456
0.101,unsat,2788.7245626449585
0.115,timeout,3600
0.117,unsat,2750.7024178504944
0.113,cancelled,1972.6476709842682
0.125,unsat,2693.4825785160065
0.121,cancelled,2704.4139091968536
0.129,sat,1336.3288886547089
0.127,unsat,3133.949870109558
