epsilon,result,runtime
0.265,sat,20.773945093154907
0.133,sat,23.715367078781128
0.131,sat,22.583221435546875
0.065,sat,21.15418243408203
0.063,sat,16.196696758270264
0.031,sat,25.06781840324402
0.029,sat,21.229785203933716
0.013000000000000001,sat,18.655170917510986
0.015,cancelled,1.343735694885254
0.003,unsat,20.31880497932434
0.007,unsat,3015.740887403488
0.011,sat,15.05407428741455
0.009000000000000001,unsat,3368.4931054115295
