epsilon,result,runtime
0.265,sat,20.10487127304077
0.133,sat,27.876343727111816
0.131,sat,22.509910583496094
0.065,sat,22.248109817504883
0.063,sat,24.66868782043457
0.031,sat,24.672483205795288
0.029,sat,27.220603466033936
0.013000000000000001,sat,29.285614013671875
0.015,cancelled,3.1299877166748047
0.003,unsat,26.519999504089355
0.009000000000000001,unsat,3159.8164591789246
0.007,cancelled,3213.506400823593
0.011,sat,21.681976795196533
