epsilon,result,runtime
0.133,sat,20.805583000183105
0.265,cancelled,38.04604458808899
0.043000000000000003,unsat,2706.792239665985
0.08700000000000001,timeout,3600
0.089,timeout,3600
0.085,timeout,3600
0.091,unsat,3541.0238633155823
0.083,cancelled,2685.356447696686
0.117,sat,115.0841908454895
0.10500000000000001,sat,631.4078388214111
0.10300000000000001,sat,650.5310163497925
0.097,unsat,2967.8644847869873
0.095,cancelled,2831.6528549194336
0.101,sat,416.8699984550476
0.099,timeout,3600
