epsilon,result,runtime
0.265,sat,5.645226716995239
0.131,sat,76.57000207901001
0.133,cancelled,95.68215370178223
0.085,unsat,3205.481935977936
0.043000000000000003,cancelled,3211.0081248283386
0.115,unsat,3074.542804479599
0.101,cancelled,3081.6701922416687
0.125,sat,265.5196852684021
0.121,unsat,3264.8220674991608
0.11900000000000001,cancelled,2999.675964832306
0.123,unsat,3550.2170181274414
