epsilon,result,runtime
0.265,sat,8.205389976501465
0.133,sat,10.717721223831177
0.131,sat,11.496872663497925
0.065,unsat,3529.7989418506622
0.063,cancelled,3521.3032534122467
0.107,sat,151.38445496559143
0.08700000000000001,unsat,3020.647888660431
0.085,cancelled,2869.814608812332
0.099,sat,213.4647297859192
0.091,unsat,3126.9636301994324
0.093,unsat,3462.148551464081
0.095,unsat,3468.8446576595306
0.097,unsat,3517.7402753829956
