epsilon,result,runtime
0.265,sat,5.512140512466431
0.133,sat,5.579524755477905
0.131,sat,5.599981307983398
0.063,unsat,3146.0360989570618
0.065,unsat,3200.126472711563
0.099,sat,28.11463499069214
0.097,sat,133.00000882148743
0.081,sat,66.62529492378235
0.079,sat,236.47289037704468
0.07100000000000001,unsat,3242.3797936439514
0.07300000000000001,sat,3306.721080303192
0.075,cancelled,300.7077910900116
