epsilon,result,runtime
0.265,sat,7.986037015914917
0.133,sat,10.063107013702393
0.131,sat,10.48692274093628
0.063,unsat,3063.478978872299
0.097,sat,168.2750494480133
0.065,unsat,3498.76779460907
0.081,unsat,3307.0340487957
0.079,cancelled,3072.777195453644
0.091,unsat,3193.9439837932587
0.08700000000000001,cancelled,3200.9181394577026
0.095,sat,945.3224396705627
0.093,sat,1867.2732405662537
