epsilon,result,runtime
0.265,sat,26.51572871208191
0.133,timeout,3600
0.131,timeout,3600
0.129,unsat,2867.953805208206
0.135,unsat,2849.1426289081573
0.199,sat,585.299476146698
0.201,cancelled,576.7922801971436
0.177,unsat,2652.051420688629
0.157,cancelled,2672.465166091919
0.191,sat,963.8813169002533
0.185,unsat,2788.677274465561
0.183,cancelled,1825.7462854385376
0.189,sat,834.8987774848938
0.187,sat,1177.8040125370026
