epsilon,result,runtime
0.133,sat,20.011457204818726
0.265,cancelled,31.659916877746582
0.043000000000000003,unsat,3257.9261140823364
0.08700000000000001,timeout,3600
0.089,unsat,3186.9871044158936
0.085,cancelled,2869.9841713905334
0.10300000000000001,sat,382.20952224731445
0.117,cancelled,393.79267024993896
0.093,timeout,3600
0.097,timeout,3600
0.095,unsat,3221.035831451416
0.099,timeout,3600
0.101,sat,728.6882538795471
