epsilon,result,runtime
0.133,sat,25.28052568435669
0.265,cancelled,34.74354124069214
0.08700000000000001,unsat,2951.2902779579163
0.043000000000000003,cancelled,2960.813081264496
0.117,sat,31.484267711639404
0.101,sat,444.10780572891235
0.10300000000000001,cancelled,501.5546543598175
0.095,sat,442.9002728462219
0.091,timeout,3600
0.089,timeout,3600
0.093,sat,604.8694639205933
