epsilon,result,runtime
0.265,sat,28.242814302444458
0.133,sat,37.31466245651245
0.131,sat,32.314480781555176
0.065,unsat,2955.201271533966
0.063,cancelled,2933.3679926395416
0.107,sat,448.60811281204224
0.08700000000000001,unsat,3000.619285106659
0.085,cancelled,2552.226665496826
0.099,sat,406.3972635269165
0.093,sat,541.1647531986237
0.091,sat,567.5559251308441
0.089,unsat,2822.923870563507
