epsilon,result,runtime
0.265,sat,29.543847799301147
0.133,timeout,3600
0.131,timeout,3600
0.129,timeout,3600
0.135,timeout,3600
0.137,unsat,3131.7694733142853
0.127,cancelled,3201.4396374225616
0.221,sat,513.1967234611511
0.179,unsat,3295.788048505783
0.177,cancelled,2783.376304626465
0.20500000000000002,sat,1035.82390832901
0.193,unsat,3279.6809887886047
0.191,cancelled,2243.827127933502
0.197,timeout,3600
0.199,timeout,3600
0.201,sat,856.4651679992676
0.195,unsat,2962.9045565128326
