epsilon,result,runtime
0.265,sat,22.048952102661133
0.133,timeout,3600
0.131,timeout,3600
0.135,unsat,3418.4074709415436
0.129,cancelled,3464.4017145633698
0.221,sat,86.43248867988586
0.179,unsat,2921.2477567195892
0.177,cancelled,2835.2751836776733
0.20500000000000002,sat,317.3931465148926
0.193,timeout,3600
0.191,timeout,3600
0.189,unsat,2854.0364849567413
0.195,timeout,3600
0.201,sat,1618.6337776184082
0.199,unsat,3518.030440568924
0.197,cancelled,841.0665884017944
