epsilon,result,runtime
0.133,sat,2.130092144012451
0.265,cancelled,5.17778754234314
0.265,sat,2.1470282077789307
0.08700000000000001,unsat,3542.6704955101013
0.043000000000000003,cancelled,3546.1223981380463
0.117,sat,39.634220123291016
0.10300000000000001,sat,117.19890427589417
0.101,unsat,3424.937087535858
0.093,cancelled,3351.239169359207
