epsilon,result,runtime
0.265,sat,6.685162305831909
0.133,timeout,3600
0.131,timeout,3600
0.129,unsat,3340.7334110736847
0.199,sat,7.570654392242432
0.167,sat,99.50618600845337
0.135,timeout,3600
0.151,sat,208.60068106651306
0.149,sat,228.93507504463196
0.14100000000000001,timeout,3600
0.14300000000000002,timeout,3600
0.14500000000000002,unsat,3295.233049631119
0.139,cancelled,3455.145274400711
0.147,sat,664.0631947517395
