epsilon,result,runtime
0.265,sat,25.95211696624756
0.131,unsat,3055.1933228969574
0.199,sat,25.211484670639038
0.133,timeout,3600
0.165,sat,426.1915225982666
0.167,cancelled,19.018186569213867
0.153,sat,439.90462708473206
0.14300000000000002,timeout,3600
0.14100000000000001,timeout,3600
0.139,unsat,2708.644417285919
0.14500000000000002,unsat,3409.8843495845795
0.149,sat,2810.82665848732
0.147,sat,2732.617434024811
