epsilon,result,runtime
0.265,sat,19.228033542633057
0.133,sat,701.8605370521545
0.131,sat,2139.864321708679
0.065,timeout,3600
0.063,unsat,2955.0451798439026
0.067,unsat,2904.9596745967865
0.099,timeout,3600
0.097,unsat,3184.1070318222046
0.101,timeout,3600
0.115,timeout,3600
0.117,unsat,3337.6902556419373
0.113,cancelled,1669.4731974601746
0.125,unsat,3353.629016637802
0.121,cancelled,3369.3436317443848
0.127,sat,2742.0575675964355
0.129,cancelled,2750.905707836151
