epsilon,result,runtime
0.133,sat,25.165945291519165
0.265,cancelled,36.25235366821289
0.08700000000000001,sat,580.5507912635803
0.043000000000000003,timeout,3600
0.041,unsat,2998.842645406723
0.045,unsat,3160.585923433304
0.065,timeout,3600
0.067,timeout,3600
0.063,timeout,3600
0.069,unsat,3558.5773022174835
0.061,cancelled,3132.079690694809
0.075,sat,544.243469953537
0.079,cancelled,551.4256727695465
0.07300000000000001,unsat,3434.9955582618713
0.07100000000000001,cancelled,3447.642059803009
