epsilon,result,runtime
0.265,sat,1.9561543464660645
0.133,unsat,3380.0223071575165
0.131,cancelled,3378.835111618042
0.219,sat,3.316953659057617
0.177,sat,43.32917833328247
0.17500000000000002,sat,43.57469892501831
0.155,unsat,3427.3911793231964
0.153,cancelled,3439.777592897415
0.161,sat,233.96698141098022
0.167,cancelled,237.42251896858215
0.157,unsat,3383.703582763672
0.159,timeout,3600
