epsilon,result,runtime
0.265,sat,13.928283929824829
0.133,sat,16.439752101898193
0.131,sat,13.74411153793335
0.065,sat,20.969199657440186
0.063,sat,19.186132192611694
0.031,sat,879.2366998195648
0.029,timeout,3600
0.013000000000000001,timeout,3600
0.011,unsat,297.1581218242645
0.015,unsat,3499.058826446533
0.021,unsat,2723.4821903705597
0.023,timeout,3600
0.025,timeout,3600
0.027000000000000003,timeout,3600
