epsilon,result,runtime
0.133,sat,19.57350492477417
0.265,cancelled,33.851606130599976
0.08700000000000001,sat,125.67096734046936
0.041,unsat,3421.056849002838
0.043000000000000003,timeout,3600
0.063,unsat,3260.2050721645355
0.065,timeout,3600
0.075,sat,576.6637160778046
0.077,cancelled,301.7085819244385
0.07100000000000001,unsat,3042.2883443832397
0.069,cancelled,3053.5605063438416
0.07300000000000001,sat,1290.5678193569183
