epsilon,result,runtime
0.265,sat,21.207419395446777
0.133,sat,21.746153354644775
0.131,sat,21.039780378341675
0.065,unsat,3155.216572999954
0.063,cancelled,3134.532952070236
0.107,sat,26.608330726623535
0.08700000000000001,sat,39.05658721923828
0.085,sat,35.844274282455444
0.075,sat,292.01393389701843
0.07300000000000001,sat,536.821542263031
0.069,sat,708.3903918266296
0.067,sat,1561.8844060897827
