epsilon,result,runtime
0.265,sat,31.103198528289795
0.131,unsat,3142.2817006111145
0.199,sat,24.216169595718384
0.165,sat,31.07319927215576
0.133,unsat,3384.6190502643585
0.149,sat,339.24406909942627
0.147,sat,390.07467460632324
0.139,sat,367.1528856754303
0.14100000000000001,cancelled,257.35235929489136
0.135,sat,641.37841629982
0.137,cancelled,657.1620144844055
