epsilon,result,runtime
0.265,sat,5.5561041831970215
0.133,sat,7.0180885791778564
0.131,sat,6.802574396133423
0.065,unsat,3269.42405462265
0.063,cancelled,3264.683701276779
0.107,sat,630.0098826885223
0.08700000000000001,unsat,3497.95392203331
0.085,cancelled,2868.6331429481506
0.099,sat,574.7604157924652
0.093,sat,2354.0071563720703
0.091,sat,2062.3286724090576
0.089,sat,1199.335051059723
