epsilon,result,runtime
0.265,sat,34.85468602180481
0.133,sat,81.44479417800903
0.131,sat,100.6120457649231
0.065,unsat,2797.4323546886444
0.063,cancelled,2748.30633687973
0.08700000000000001,unsat,2884.3391466140747
0.107,timeout,3600
0.109,unsat,3076.7912151813507
0.121,sat,465.5205681324005
0.111,timeout,3600
0.115,sat,831.0617253780365
0.117,cancelled,104.22464060783386
0.113,timeout,3600
