epsilon,result,runtime
0.133,sat,15.676323652267456
0.265,cancelled,24.107131004333496
0.08700000000000001,sat,21.836432695388794
0.043000000000000003,sat,132.17173790931702
0.041,sat,159.90604543685913
0.019000000000000003,timeout,3600
0.021,timeout,3600
0.023,unsat,3112.4101886749268
0.017,cancelled,3188.9002137184143
0.033,sat,476.5489082336426
0.029,unsat,3382.78187584877
0.027000000000000003,cancelled,2906.053645133972
0.031,sat,2322.175919532776
