epsilon,result,runtime
0.265,sat,17.918482303619385
0.133,sat,23.377997159957886
0.131,sat,17.354816913604736
0.063,sat,873.5785982608795
0.065,cancelled,908.4775049686432
0.021,unsat,3416.072343349457
0.041,unsat,3497.875726222992
0.043000000000000003,unsat,3310.0648908615112
0.053000000000000005,unsat,3578.8554770946503
0.051000000000000004,cancelled,351.82295656204224
0.059000000000000004,sat,1353.473683834076
0.057,timeout,3600
0.055,unsat,3401.1995191574097
