epsilon,result,runtime
0.265,sat,3.4122722148895264
0.133,sat,3.4159533977508545
0.131,sat,3.319852828979492
0.065,sat,3.3154456615448
0.063,sat,3.184431791305542
0.031,sat,3.271747350692749
0.029,sat,3.0450944900512695
0.013000000000000001,sat,3.009242296218872
0.015,cancelled,0.31696033477783203
0.003,unsat,3.944962978363037
0.007,unsat,146.7245819568634
0.011,sat,3.287067413330078
0.009000000000000001,error,763.8646409511566
