epsilon,result,runtime
0.265,sat,25.390234231948853
0.133,sat,26.504271030426025
0.131,sat,26.98297643661499
0.065,sat,31.254497289657593
0.063,sat,32.79764795303345
0.029,unsat,3278.760828733444
0.031,timeout,3600
0.047,sat,488.549608707428
0.045,sat,1193.8950941562653
0.037000000000000005,timeout,3600
0.039,timeout,3600
0.041,sat,1397.3993248939514
0.035,timeout,3600
0.033,unsat,3128.920534849167
