epsilon,result,runtime
0.265,sat,24.255201816558838
0.133,sat,36.329139947891235
0.131,sat,26.57395625114441
0.065,unsat,2818.013406276703
0.063,cancelled,2805.2711894512177
0.107,sat,145.4896867275238
0.08700000000000001,timeout,3600
0.085,unsat,3445.978504896164
0.083,cancelled,17.464853763580322
0.099,sat,535.4073510169983
0.093,sat,544.9108557701111
0.091,sat,1173.1959331035614
0.089,sat,1970.216152191162
