epsilon,result,runtime
0.265,sat,30.433554649353027
0.133,timeout,3600
0.131,timeout,3600
0.129,timeout,3600
0.135,timeout,3600
0.127,timeout,3600
0.137,timeout,3600
0.139,unsat,2938.5405542850494
0.125,cancelled,3006.876088142395
0.221,sat,22.155616760253906
0.181,sat,119.2069501876831
0.179,sat,193.26907896995544
0.159,sat,247.96249723434448
0.157,sat,278.1171329021454
0.147,unsat,2812.795342206955
0.153,sat,566.3223128318787
0.149,timeout,3600
0.151,sat,495.9356632232666
