epsilon,result,runtime
0.265,sat,28.336868047714233
0.131,sat,491.28459763526917
0.133,cancelled,556.6929750442505
0.085,unsat,2722.698058605194
0.043000000000000003,cancelled,2738.1244649887085
0.101,timeout,3600
0.115,timeout,3600
0.117,timeout,3600
0.099,timeout,3600
0.107,unsat,2698.973251581192
0.109,timeout,3600
0.123,sat,1725.1660225391388
0.121,timeout,3600
0.113,unsat,2759.282862186432
0.111,cancelled,1801.8779020309448
0.11900000000000001,timeout,3600
