epsilon,result,runtime
0.265,sat,27.120888233184814
0.133,sat,28.199655532836914
0.131,sat,19.525928735733032
0.063,unsat,2987.2821435928345
0.097,sat,68.15371036529541
0.065,timeout,3600
0.081,sat,1420.0891649723053
0.079,sat,1642.4909431934357
0.07100000000000001,unsat,3398.279280900955
0.07300000000000001,timeout,3600
0.075,timeout,3600
0.077,unsat,3207.7762818336487
