epsilon,result,runtime
0.265,sat,26.335607767105103
0.133,sat,46.14309763908386
0.131,sat,35.507028102874756
0.065,timeout,3600
0.063,timeout,3600
0.061,unsat,2782.8034930229187
0.067,timeout,3600
0.099,timeout,3600
0.097,timeout,3600
0.101,timeout,3600
0.095,unsat,2815.989451646805
0.117,sat,450.2685639858246
0.109,sat,372.352712392807
0.10500000000000001,sat,410.6960437297821
0.10300000000000001,unsat,2887.061156272888
