epsilon,result,runtime
0.133,sat,19.817521810531616
0.265,cancelled,28.907946825027466
0.08700000000000001,sat,559.3891515731812
0.043000000000000003,unsat,2874.6407475471497
0.041,cancelled,2316.4005556106567
0.07100000000000001,unsat,3224.8685750961304
0.057,cancelled,3236.612882375717
0.081,timeout,3600
0.077,timeout,3600
0.075,unsat,3193.5099143981934
0.079,timeout,3600
0.083,sat,512.4437930583954
0.085,cancelled,129.83885049819946
