epsilon,result,runtime
0.265,sat,22.39976477622986
0.133,timeout,3600
0.131,timeout,3600
0.129,unsat,3379.2621626853943
0.199,sat,22.39022421836853
0.135,unsat,3451.6816008090973
0.167,sat,106.29679465293884
0.165,sat,161.50738072395325
0.151,sat,353.13291597366333
0.149,sat,537.1914954185486
0.14100000000000001,timeout,3600
0.14300000000000002,sat,3522.0055272579193
0.139,timeout,3600
0.137,timeout,3600
