epsilon,result,runtime
0.265,sat,27.03318500518799
0.133,timeout,3600
0.131,timeout,3600
0.129,timeout,3600
0.135,timeout,3600
0.137,unsat,2930.8050858974457
0.127,cancelled,3002.071722507477
0.179,sat,19.36866593360901
0.221,cancelled,31.612263917922974
0.151,sat,371.262921333313
0.163,cancelled,384.8910987377167
0.14500000000000002,sat,1710.0278222560883
0.14100000000000001,timeout,3600
0.139,unsat,2798.932450532913
0.14300000000000002,timeout,3600
