epsilon,result,runtime
0.265,sat,24.568218231201172
0.131,unsat,3013.531815767288
0.199,sat,37.123855113983154
0.133,unsat,3547.7099204063416
0.165,sat,493.95547699928284
0.167,cancelled,70.94467759132385
0.153,unsat,3494.438755750656
0.14300000000000002,cancelled,3512.160709142685
0.159,sat,2010.8969421386719
0.157,timeout,3600
0.155,timeout,3600
