epsilon,result,runtime
0.265,sat,31.262903451919556
0.133,unsat,2852.2506580352783
0.131,cancelled,2820.7881009578705
0.219,sat,21.58998727798462
0.177,sat,539.9389505386353
0.17500000000000002,sat,530.0363848209381
0.155,unsat,2736.074675798416
0.153,cancelled,2787.5976662635803
0.167,sat,674.3723907470703
0.159,unsat,2787.495414018631
0.161,timeout,3600
0.165,sat,558.7962410449982
0.163,timeout,3600
