epsilon,result,runtime
0.265,sat,24.1974835395813
0.133,timeout,3600
0.131,timeout,3600
0.129,unsat,3553.6899030208588
0.199,sat,26.62032127380371
0.135,timeout,3600
0.167,sat,284.3508982658386
0.165,sat,620.1885957717896
0.149,sat,810.5928988456726
0.151,cancelled,503.5484721660614
0.139,timeout,3600
0.14300000000000002,timeout,3600
0.14500000000000002,timeout,3600
0.14100000000000001,timeout,3600
0.147,sat,1688.4885156154633
0.137,timeout,3600
