epsilon,result,runtime
0.265,sat,24.261125802993774
0.133,timeout,3600
0.131,timeout,3600
0.135,unsat,2939.7078375816345
0.129,cancelled,2988.493916988373
0.179,sat,24.112342357635498
0.221,cancelled,37.913806676864624
0.163,sat,709.3855812549591
0.149,unsat,2974.9849905967712
0.147,cancelled,2266.0824887752533
0.157,sat,1819.9989178180695
0.153,unsat,2888.592397928238
0.151,cancelled,1069.29048037529
0.155,timeout,3600
