epsilon,result,runtime
0.265,sat,6.986830949783325
0.133,sat,8.721517562866211
0.131,sat,8.563456535339355
0.063,unsat,3062.17369055748
0.097,sat,98.58428764343262
0.065,unsat,3421.781622648239
0.081,unsat,3114.657517194748
0.079,cancelled,2888.636382818222
0.08700000000000001,unsat,3307.0176525115967
0.091,sat,3410.623942375183
0.093,cancelled,103.58203125
0.089,sat,1809.1698381900787
