epsilon,result,runtime
0.265,sat,23.387508869171143
0.133,sat,26.562255382537842
0.131,sat,23.567103147506714
0.065,unsat,2733.7898848056793
0.063,cancelled,2713.6929564476013
0.107,sat,71.15073561668396
0.085,unsat,2845.3091156482697
0.08700000000000001,unsat,3056.035899400711
0.095,sat,524.6447930335999
0.097,cancelled,654.3501451015472
0.091,sat,1793.5193524360657
0.089,unsat,2763.095367193222
