epsilon,result,runtime
0.265,sat,0.538149356842041
0.133,sat,0.5560224056243896
0.131,sat,0.4982297420501709
0.065,sat,132.4535253047943
0.063,sat,129.19587540626526
0.029,unsat,54.847214221954346
0.031,unsat,93.8621335029602
0.045,unsat,3472.201824426651
0.047,unsat,3537.8332056999207
0.053000000000000005,unsat,3482.5157124996185
0.055,unsat,3512.0943987369537
0.057,unsat,3517.42090511322
0.059000000000000004,unsat,3544.7131905555725
0.061,error,289.0137288570404
