epsilon,result,runtime
0.265,sat,0.8332622051239014
0.131,sat,8.231487274169922
0.133,cancelled,16.441205501556396
0.043000000000000003,unsat,690.1930022239685
0.085,unsat,3587.865667819977
0.109,sat,10.321717739105225
0.097,sat,214.65318393707275
0.091,sat,137.0165011882782
0.08700000000000001,unsat,3552.663892507553
0.089,error,606.750762462616
