epsilon,result,runtime
0.133,sat,0.4431016445159912
0.265,cancelled,3.3089733123779297
0.08700000000000001,sat,0.8994905948638916
0.043000000000000003,unsat,3526.5561933517456
0.041,cancelled,3525.9399745464325
0.07100000000000001,sat,1.8053460121154785
0.057,sat,36.3453311920166
0.055,sat,249.4371371269226
0.049,unsat,3465.882174730301
0.047,cancelled,3251.1412477493286
0.053000000000000005,sat,49.8905827999115
0.051000000000000004,sat,201.0467667579651
