epsilon,result,runtime
0.265,sat,0.5061845779418945
0.133,sat,0.8591351509094238
0.131,sat,0.6276443004608154
0.065,sat,0.8949122428894043
0.063,sat,1.9276976585388184
0.031,unsat,3528.8562099933624
0.029,cancelled,3527.4399774074554
0.051000000000000004,sat,3.3251309394836426
0.041,sat,14.93138575553894
0.039,sat,54.75203466415405
0.035,unsat,3482.251217842102
0.033,cancelled,3439.2025117874146
0.037000000000000005,sat,43.74666094779968
