epsilon,result,runtime
0.133,sat,0.49411463737487793
0.265,cancelled,3.372830390930176
0.08700000000000001,sat,0.4797194004058838
0.043000000000000003,sat,0.4727039337158203
0.041,sat,0.4889652729034424
0.021,sat,1.062143087387085
0.009000000000000001,unsat,0.4659116268157959
0.013000000000000001,unsat,4.237603664398193
0.015,unsat,35.419970750808716
0.017,unsat,293.13133001327515
0.019000000000000003,unsat,393.83140230178833
