epsilon,result,runtime
0.265,sat,0.8144721984863281
0.133,sat,1.4756102561950684
0.131,sat,1.386460304260254
0.063,unsat,3574.290784597397
0.065,unsat,3580.2206382751465
0.097,sat,0.9218778610229492
0.099,cancelled,2.8170340061187744
0.085,sat,15.022202014923096
0.075,unsat,3463.48494887352
0.07300000000000001,cancelled,3448.5523216724396
0.081,sat,232.94093871116638
0.079,sat,578.8794569969177
0.077,error,568.6025583744049
