epsilon,result,runtime
0.265,sat,1.0059726238250732
0.133,unsat,3549.868435382843
0.131,cancelled,3548.9574551582336
0.219,sat,1.7323968410491943
0.177,sat,16.20832657814026
0.17500000000000002,sat,12.304882526397705
0.153,sat,29.824599027633667
0.155,cancelled,31.673346757888794
0.14500000000000002,sat,12.795987844467163
0.137,sat,136.5872893333435
0.139,cancelled,155.24707341194153
0.135,error,342.322651386261
