epsilon,result,runtime
0.265,sat,0.496417760848999
0.133,sat,14.129601001739502
0.131,sat,14.275757074356079
0.063,unsat,3473.7352640628815
0.065,unsat,3544.0750453472137
0.097,unsat,3488.848363637924
0.099,unsat,3476.042095184326
0.115,sat,166.59265756607056
0.113,sat,583.8916590213776
0.10500000000000001,unsat,3461.603944301605
0.107,unsat,3553.2283053398132
0.111,sat,915.6621084213257
0.109,sat,1497.0516602993011
