epsilon,result,runtime
0.133,sat,0.49770212173461914
0.265,cancelled,3.4926517009735107
0.08700000000000001,sat,14.039921283721924
0.043000000000000003,unsat,3530.1730144023895
0.041,cancelled,3516.312360048294
0.07100000000000001,sat,24.086292266845703
0.057,unsat,3501.0081791877747
0.055,cancelled,3477.0939264297485
0.065,sat,70.2072639465332
0.061,sat,3141.759918689728
0.059000000000000004,error,3157.3397357463837
