epsilon,result,runtime
0.265,sat,0.4093294143676758
0.133,sat,0.43343353271484375
0.131,sat,0.38688206672668457
0.065,sat,0.4009373188018799
0.063,sat,0.2630655765533447
0.031,sat,0.3591458797454834
0.029,sat,0.22123074531555176
0.013000000000000001,sat,0.2965679168701172
0.015,cancelled,0.23734712600708008
0.003,unsat,0.4385812282562256
0.009000000000000001,sat,0.5338032245635986
0.005,unsat,0.43294620513916016
0.007,unsat,7.645502328872681
