epsilon,result,runtime
0.265,sat,0.8011224269866943
0.133,sat,129.7792022228241
0.131,sat,128.02303409576416
0.063,unsat,3537.3690099716187
0.065,unsat,3545.5485546588898
0.099,unsat,3463.7608346939087
0.097,cancelled,3472.5337479114532
0.109,unsat,3472.020688533783
0.11900000000000001,unsat,3517.675573825836
0.125,sat,14.777994394302368
0.121,unsat,3535.333728790283
0.123,error,3542.494357585907
