epsilon,result,runtime
0.133,sat,0.4980316162109375
0.265,cancelled,3.4324216842651367
0.043000000000000003,sat,0.4637594223022461
0.08700000000000001,cancelled,3.2007369995117188
0.08700000000000001,sat,0.43500375747680664
0.027000000000000003,sat,0.49560976028442383
0.011,unsat,0.37547850608825684
0.019000000000000003,sat,0.5573325157165527
0.013000000000000001,unsat,7.080425977706909
0.017,sat,0.46364927291870117
0.015,sat,0.49429965019226074
