epsilon,result,runtime
0.133,sat,1.0886263847351074
0.265,cancelled,3.9467201232910156
0.08700000000000001,sat,3.6892809867858887
0.043000000000000003,unsat,3469.368234872818
0.041,cancelled,3465.9410712718964
0.07100000000000001,sat,7.681807279586792
0.057,sat,8.867796897888184
0.055,sat,9.16069507598877
0.049,sat,28.10381555557251
0.047,sat,37.67352294921875
0.045,sat,31.73589515686035
