epsilon,result,runtime
0.265,sat,0.8507215976715088
0.133,sat,0.8576691150665283
0.131,sat,0.7966477870941162
0.065,sat,8.77176833152771
0.063,sat,6.77119255065918
0.029,unsat,3500.414354324341
0.031,unsat,3540.5057158470154
0.047,sat,2543.297916173935
0.045,unsat,3584.381578207016
0.037000000000000005,cancelled,1078.535651922226
