epsilon,result,runtime
0.265,sat,1.0115702152252197
0.133,sat,1.0656232833862305
0.131,sat,0.9861996173858643
0.063,unsat,3487.8727807998657
0.065,unsat,3494.1884751319885
0.097,sat,2.5344223976135254
0.099,cancelled,3.5554754734039307
0.085,sat,30.084529161453247
0.075,unsat,3509.5068402290344
0.07300000000000001,cancelled,3479.633685350418
0.081,sat,1635.2121477127075
0.079,sat,1739.1732449531555
0.077,error,341.0750949382782
