epsilon,result,runtime
0.133,sat,0.9975876808166504
0.265,cancelled,3.9642300605773926
0.265,sat,1.0065128803253174
0.08700000000000001,sat,1.0515012741088867
0.041,unsat,3466.178442955017
0.065,sat,6.397430658340454
0.053000000000000005,sat,10.048382043838501
0.043000000000000003,unsat,3513.8980906009674
0.049,sat,15.754112243652344
0.047,sat,2217.341301202774
0.045,error,2330.877056837082
