epsilon,result,runtime
0.265,sat,0.7265515327453613
0.133,sat,1.296543836593628
0.131,sat,1.2777976989746094
0.065,unsat,3504.631039381027
0.063,cancelled,3504.367758512497
0.107,sat,12.191177606582642
0.08700000000000001,unsat,3472.234662771225
0.085,cancelled,3460.266753435135
0.099,sat,245.90165209770203
0.093,sat,1284.1129009723663
0.091,sat,2039.2219700813293
0.089,error,1164.7578799724579
