epsilon,result,runtime
0.133,sat,0.46319079399108887
0.265,cancelled,3.5009632110595703
0.08700000000000001,sat,4.751246452331543
0.041,unsat,3472.7016167640686
0.065,sat,5.42108154296875
0.053000000000000005,sat,11.01261019706726
0.043000000000000003,unsat,3579.919368982315
0.047,unsat,3499.7542757987976
0.049,unsat,3423.3423874378204
0.051000000000000004,sat,126.5729410648346
