epsilon,result,runtime
0.265,sat,1.0467472076416016
0.133,sat,1.0368256568908691
0.131,sat,1.0387866497039795
0.065,unsat,3514.257397413254
0.063,cancelled,3513.4560029506683
0.107,sat,14.849597692489624
0.085,sat,337.7018234729767
0.08700000000000001,cancelled,359.88826966285706
0.07100000000000001,unsat,3536.392613887787
0.077,unsat,3587.1131772994995
0.081,unsat,3463.414425134659
0.079,cancelled,3517.3453929424286
0.083,sat,98.60688591003418
