epsilon,result,runtime
0.133,sat,0.5007472038269043
0.265,cancelled,3.464881420135498
0.265,sat,0.4728055000305176
0.08700000000000001,sat,0.4693930149078369
0.043000000000000003,sat,0.4823880195617676
0.041,sat,0.3867340087890625
0.019000000000000003,unsat,1.7329566478729248
0.031,sat,0.43035435676574707
0.021,unsat,3.9143834114074707
0.027000000000000003,sat,0.43633055686950684
0.023,unsat,62.77597737312317
0.025,unsat,73.4613287448883
