epsilon,result,runtime
0.265,sat,0.43880510330200195
0.133,sat,0.48503661155700684
0.131,sat,0.38898396492004395
0.065,sat,0.4079751968383789
0.063,sat,0.3996758460998535
0.031,unsat,3514.2187464237213
0.029,cancelled,3514.1752746105194
0.041,sat,1.7029259204864502
0.051000000000000004,cancelled,5.127163410186768
0.037000000000000005,sat,7.949694871902466
0.035,sat,11.706843852996826
0.033,sat,33.31902480125427
