epsilon,result,runtime
0.265,sat,0.516737699508667
0.133,sat,0.838914155960083
0.131,sat,0.7657804489135742
0.065,unsat,3486.1928713321686
0.063,cancelled,3485.9861867427826
0.107,sat,1.7097067832946777
0.08700000000000001,sat,17.354559898376465
0.085,sat,16.148749113082886
0.075,unsat,3542.8379912376404
0.07300000000000001,cancelled,3542.2953646183014
0.081,sat,14.234713792800903
0.077,sat,3010.4780287742615
0.079,cancelled,3031.2866485118866
