epsilon,result,runtime
0.265,sat,1.7141597270965576
0.133,sat,7.6552574634552
0.131,sat,19.238734245300293
0.065,unsat,3527.680650949478
0.063,cancelled,3514.418244600296
0.107,sat,11.436042547225952
0.08700000000000001,sat,28.597211360931396
0.085,sat,17.401988983154297
0.07300000000000001,unsat,3552.5969767570496
0.075,unsat,3574.03427028656
0.079,sat,17.684622764587402
0.081,cancelled,3.1390960216522217
0.077,sat,6.262458086013794
