epsilon,result,runtime
0.265,sat,0.8108959197998047
0.133,sat,1.4158732891082764
0.131,sat,0.6333091259002686
0.063,unsat,3497.924195289612
0.097,sat,10.250528335571289
0.081,sat,47.46784687042236
0.065,unsat,3568.93523979187
0.07300000000000001,sat,121.15658402442932
0.07100000000000001,sat,239.83746647834778
0.067,unsat,3526.7320404052734
0.069,error,3533.143695831299
