epsilon,result,runtime
0.265,sat,0.8100652694702148
0.133,sat,1.4282307624816895
0.131,sat,1.4028682708740234
0.065,sat,1857.4839038848877
0.031,unsat,14.41521668434143
0.063,unsat,3481.1657145023346
0.047,cancelled,1610.4060685634613
