epsilon,result,runtime
0.265,sat,0.5373895168304443
0.133,sat,0.5215280055999756
0.131,sat,0.46479129791259766
0.065,unsat,3463.940571784973
0.063,cancelled,3463.5603728294373
0.107,sat,19.69009041786194
0.08700000000000001,sat,20.68986487388611
0.085,sat,30.160462856292725
0.07300000000000001,unsat,3521.0583481788635
0.075,unsat,3554.372707128525
0.081,sat,1880.2078897953033
0.079,unsat,3557.807501554489
0.077,cancelled,1676.6441104412079
