epsilon,result,runtime
0.265,sat,0.32515621185302734
0.133,sat,0.39627790451049805
0.131,sat,0.42118048667907715
0.065,sat,0.7115609645843506
0.063,sat,0.37728023529052734
0.031,unsat,3495.837901353836
0.029,cancelled,3496.0004482269287
0.051000000000000004,sat,51.43635129928589
0.041,unsat,3541.209557056427
0.039,cancelled,3489.9631762504578
0.047,sat,27.300012350082397
0.045,sat,28.77861762046814
0.043000000000000003,sat,2.3070285320281982
