epsilon,result,runtime
0.265,sat,0.4124751091003418
0.133,sat,0.7010276317596436
0.131,sat,0.24254775047302246
0.063,unsat,3474.461447954178
0.097,sat,2.055182695388794
0.081,sat,18.709755182266235
0.065,unsat,3510.068140745163
0.07300000000000001,sat,2080.627131462097
0.07100000000000001,unsat,3568.5941474437714
0.067,cancelled,1494.0922236442566
