epsilon,result,runtime
0.133,sat,0.467146635055542
0.265,cancelled,3.4528281688690186
0.08700000000000001,sat,0.4646289348602295
0.041,unsat,3485.5554049015045
0.065,sat,4.238425254821777
0.043000000000000003,unsat,3586.1837663650513
0.053000000000000005,timeout,3600
0.055,unsat,3546.360905647278
0.051000000000000004,cancelled,39.16572380065918
0.059000000000000004,unsat,3528.09206366539
0.061,unsat,3531.9345853328705
0.063,sat,7.015504837036133
