epsilon,result,runtime
0.265,sat,0.4807605743408203
0.133,sat,0.4844856262207031
0.131,sat,0.47841572761535645
0.065,sat,1.0349745750427246
0.063,sat,0.24722814559936523
0.031,unsat,3483.4993801116943
0.029,cancelled,3483.9513170719147
0.051000000000000004,sat,6.4058825969696045
0.041,sat,7.2165443897247314
0.039,sat,7.205259084701538
0.035,sat,8.009239673614502
0.033,sat,5.765851259231567
