epsilon,result,runtime
0.265,sat,1.7502059936523438
0.133,sat,1.7973909378051758
0.131,sat,1.7550256252288818
0.065,unsat,3496.816414833069
0.063,cancelled,3495.2032268047333
0.107,sat,28.05938458442688
0.08700000000000001,sat,2141.916583776474
0.085,unsat,3576.8965361118317
0.075,cancelled,1467.0310881137848
