epsilon,result,runtime
0.265,sat,0.4824330806732178
0.133,sat,0.49738240242004395
0.131,sat,0.46866774559020996
0.065,sat,1.5594046115875244
0.063,sat,0.5964479446411133
0.029,unsat,3548.2194805145264
0.047,sat,6.128521203994751
0.031,unsat,3562.552390575409
0.039,unsat,3557.75692486763
0.037000000000000005,cancelled,3558.8661506175995
0.041,unsat,3532.5553665161133
0.043000000000000003,unsat,3534.876673936844
0.045,sat,0.548698902130127
