epsilon,result,runtime
0.133,sat,1.048290491104126
0.265,cancelled,4.074462413787842
0.08700000000000001,sat,16.122072458267212
0.043000000000000003,unsat,3493.2930777072906
0.041,cancelled,3477.2712104320526
0.057,unsat,3457.15811920166
0.07100000000000001,timeout,3600
0.07300000000000001,unsat,3498.35977101326
0.069,cancelled,3362.156540632248
0.081,sat,28.87900686264038
0.075,sat,332.7752377986908
0.077,cancelled,368.7564752101898
