epsilon,result,runtime
0.265,sat,0.45035314559936523
0.133,sat,0.8219213485717773
0.131,sat,0.7008821964263916
0.065,unsat,3490.2098689079285
0.063,cancelled,3490.017671585083
0.107,sat,22.976366758346558
0.08700000000000001,sat,599.1756453514099
0.085,sat,2127.786099910736
0.075,unsat,3538.4968197345734
0.07300000000000001,cancelled,1986.843913078308
0.079,unsat,3535.270392894745
0.081,unsat,3536.164512872696
0.083,error,265.0260910987854
