epsilon,result,runtime
0.265,sat,0.5322854518890381
0.133,sat,1.5626051425933838
0.131,sat,0.6179506778717041
0.063,unsat,3459.8844165802
0.097,sat,11.530109882354736
0.081,sat,12.435272693634033
0.065,unsat,3520.7619485855103
0.07300000000000001,sat,133.0468463897705
0.07100000000000001,sat,1876.794410943985
0.067,unsat,3527.606199026108
0.069,error,1922.631313085556
