epsilon,result,runtime
0.265,sat,0.7384481430053711
0.133,sat,0.7549631595611572
0.131,sat,0.7835512161254883
0.065,sat,6.651414394378662
0.063,sat,7.2089385986328125
0.031,unsat,3530.630547761917
0.029,cancelled,3529.5076212882996
0.051000000000000004,sat,11.91510534286499
0.041,unsat,3568.858775138855
0.039,cancelled,3557.0917308330536
0.047,sat,159.91687536239624
0.045,unsat,3568.050826072693
0.043000000000000003,cancelled,3408.269858121872
