epsilon,result,runtime
0.133,sat,0.46884822845458984
0.265,cancelled,3.51971697807312
0.265,sat,0.4864940643310547
0.08700000000000001,sat,1.6628432273864746
0.043000000000000003,sat,2.258957862854004
0.041,sat,4.926541566848755
0.019000000000000003,unsat,4.897660255432129
0.021,unsat,13.942460060119629
0.029,unsat,3483.6807401180267
0.031,unsat,3537.226249694824
0.037000000000000005,unsat,3505.2369656562805
0.035,cancelled,3545.2289555072784
0.039,sat,1.2549920082092285
