epsilon,result,runtime
0.265,sat,0.4373362064361572
0.133,sat,0.49491381645202637
0.131,sat,0.44896674156188965
0.065,unsat,3541.384865999222
0.063,cancelled,3541.1254847049713
0.107,sat,1.768019199371338
0.08700000000000001,sat,270.87452006340027
0.085,sat,270.4141192436218
0.07300000000000001,unsat,3494.3041393756866
0.075,unsat,3503.546711921692
0.081,sat,2098.120790243149
0.079,unsat,3515.6961028575897
0.077,cancelled,1413.8003778457642
