epsilon,result,runtime
0.265,sat,0.8278932571411133
0.131,sat,1.823678731918335
0.133,cancelled,9.93982720375061
0.085,sat,28.239285230636597
0.041,unsat,3527.2401587963104
0.043000000000000003,unsat,3562.1969385147095
0.065,sat,360.1906771659851
0.063,unsat,3591.1586995124817
0.053000000000000005,cancelled,3228.2076437473297
