epsilon,result,runtime
0.265,sat,0.46722888946533203
0.133,sat,0.5036323070526123
0.131,sat,0.463026762008667
0.063,sat,303.1385669708252
0.065,cancelled,309.3718571662903
0.021,unsat,34.91512179374695
0.043000000000000003,unsat,3507.7484817504883
0.041,cancelled,3550.321384906769
0.049,unsat,3511.6285722255707
0.055,unsat,3513.8912167549133
0.057,unsat,3494.497044324875
0.059000000000000004,sat,3531.0968482494354
0.061,cancelled,38.19852662086487
