epsilon,result,runtime
0.265,sat,0.5070524215698242
0.133,sat,0.4784207344055176
0.131,sat,0.41923952102661133
0.065,sat,0.45004916191101074
0.063,sat,0.4989187717437744
0.029,unsat,3461.7515518665314
0.047,sat,5.082123517990112
0.031,unsat,3553.6452054977417
0.039,unsat,3538.58189868927
0.037000000000000005,cancelled,3461.235122680664
0.043000000000000003,sat,18.416903018951416
0.041,error,269.13324332237244
