epsilon,result,runtime
0.265,sat,0.4535675048828125
0.133,sat,0.8549139499664307
0.131,sat,0.5136017799377441
0.065,unsat,3545.5380482673645
0.063,cancelled,3545.606875181198
0.107,sat,9.867246389389038
0.08700000000000001,sat,662.2645401954651
0.085,sat,1497.4312462806702
0.075,unsat,3470.092262506485
0.07300000000000001,cancelled,2624.5465683937073
0.079,unsat,3492.743898630142
0.081,unsat,3584.54287648201
0.083,error,338.1377589702606
