epsilon,result,runtime
0.265,sat,0.7797043323516846
0.133,sat,0.8573565483093262
0.131,sat,0.7177724838256836
0.065,sat,0.7961289882659912
0.031,sat,0.7934801578521729
0.063,cancelled,3.90537691116333
0.009000000000000001,sat,0.813068151473999
0.019000000000000003,cancelled,3.804899215698242
0.003,unsat,0.6798787117004395
0.005,unsat,0.6469264030456543
0.007,unsat,15.820757865905762
