epsilon,result,runtime
0.265,sat,0.8303413391113281
0.133,sat,1.4488773345947266
0.131,sat,1.31357741355896
0.063,unsat,3476.584036588669
0.097,sat,14.782382011413574
0.081,sat,19.04949164390564
0.065,unsat,3550.446914434433
0.07300000000000001,unsat,3481.5480630397797
0.07100000000000001,cancelled,3455.636082172394
0.077,unsat,3535.6908464431763
0.075,cancelled,3539.144342660904
0.079,error,260.2314794063568
