epsilon,result,runtime
0.265,sat,0.5262110233306885
0.133,sat,3.879333257675171
0.131,sat,5.452580690383911
0.063,unsat,3467.739002466202
0.065,unsat,3578.8207688331604
0.097,unsat,3525.5206944942474
0.099,unsat,3516.9213213920593
0.113,sat,97.26521396636963
0.115,cancelled,197.35915446281433
0.107,unsat,3493.2254362106323
0.10300000000000001,cancelled,3496.613405227661
0.111,sat,391.01268434524536
0.109,sat,519.343416929245
