epsilon,result,runtime
0.265,sat,0.5040652751922607
0.133,sat,0.8783383369445801
0.131,sat,0.591623067855835
0.065,sat,1.4829800128936768
0.063,sat,1.0145998001098633
0.029,unsat,3463.0408549308777
0.031,unsat,3512.1457695961
0.047,unsat,3460.69979095459
0.045,cancelled,3417.797141313553
0.057,sat,193.07772588729858
0.053000000000000005,unsat,3554.972283601761
0.051000000000000004,cancelled,3362.043660402298
0.055,sat,319.5962233543396
