epsilon,result,runtime
0.265,sat,0.5147745609283447
0.133,sat,0.8640966415405273
0.131,sat,0.7361114025115967
0.065,sat,0.895275354385376
0.063,sat,0.346294641494751
0.031,sat,0.31897974014282227
0.029,sat,0.25200939178466797
0.013000000000000001,sat,0.33647823333740234
0.015,cancelled,0.2872152328491211
0.007,sat,0.5633425712585449
0.003,unsat,0.45981359481811523
0.001,cancelled,0.0007007122039794922
0.005,unsat,3.4301187992095947
