epsilon,result,runtime
0.265,sat,0.47129392623901367
0.133,sat,11.308619737625122
0.131,sat,13.270788669586182
0.063,unsat,3492.0278885364532
0.065,unsat,3543.534105539322
0.097,sat,227.7369349002838
0.099,cancelled,184.92922496795654
0.075,unsat,3575.38809132576
0.085,unsat,3578.735508918762
0.08700000000000001,unsat,3524.5825655460358
0.091,unsat,3579.8072316646576
0.095,sat,999.5040099620819
0.093,sat,1091.5082030296326
