epsilon,result,runtime
0.265,sat,0.851262092590332
0.133,sat,0.869983434677124
0.131,sat,0.8232378959655762
0.065,sat,9.274584770202637
0.063,sat,73.60125041007996
0.029,unsat,53.80245757102966
0.031,unsat,247.59821200370789
0.047,unsat,3546.425377845764
0.045,cancelled,3424.851510286331
0.057,unsat,3479.383067369461
0.053000000000000005,cancelled,3482.9700286388397
0.061,sat,169.92995405197144
0.059000000000000004,sat,224.4986448287964
