epsilon,result,runtime
0.265,sat,0.47498512268066406
0.133,sat,0.44800519943237305
0.131,sat,0.4185941219329834
0.065,sat,0.4514913558959961
0.063,sat,0.45177316665649414
0.031,sat,1.7308261394500732
0.029,sat,0.6034479141235352
0.013000000000000001,unsat,31.8213472366333
0.015,unsat,114.65232944488525
0.021,unsat,3561.2664272785187
0.025,sat,7.562695026397705
0.023,unsat,3490.2010593414307
