epsilon,result,runtime
0.133,sat,1.0328519344329834
0.265,cancelled,4.0557169914245605
0.265,sat,1.107362985610962
0.08700000000000001,sat,1.0306248664855957
0.043000000000000003,sat,1.0321547985076904
0.019000000000000003,unsat,0.33275365829467773
0.041,sat,0.6516087055206299
0.031,sat,5.791257619857788
0.023,unsat,13.110381603240967
0.025,unsat,39.52071785926819
0.027000000000000003,unsat,105.88866782188416
0.029,unsat,176.24965906143188
