epsilon,result,runtime
0.265,sat,0.48067235946655273
0.133,sat,0.8391275405883789
0.131,sat,0.8164160251617432
0.065,sat,906.0772695541382
0.031,unsat,144.1741602420807
0.063,unsat,3504.331485748291
0.047,cancelled,2454.6769762039185
