epsilon,result,runtime
0.265,sat,0.7505214214324951
0.133,sat,0.7601079940795898
0.065,sat,0.7639555931091309
0.131,cancelled,3.865381956100464
0.131,sat,0.7623453140258789
0.041,sat,0.7508647441864014
0.021,sat,0.7631549835205078
0.019000000000000003,sat,0.7013454437255859
0.009000000000000001,sat,0.6002073287963867
0.003,sat,0.49234724044799805
0.007,cancelled,3.390092134475708
0.001,sat,0.39942240715026855
