epsilon,result,runtime
0.265,sat,0.44832825660705566
0.133,sat,0.45995306968688965
0.131,sat,0.4213676452636719
0.065,sat,0.6611433029174805
0.063,sat,0.2390275001525879
0.029,unsat,3469.5557131767273
0.047,sat,1.9808542728424072
0.031,unsat,3480.7942550182343
0.039,sat,1.3719325065612793
0.037000000000000005,sat,0.7286136150360107
0.035,sat,9.867185115814209
0.033,sat,149.66351056098938
