epsilon,result,runtime
0.265,sat,1.1616325378417969
0.133,sat,1.1848735809326172
0.131,sat,1.0483739376068115
0.065,sat,1.5109317302703857
0.063,sat,2.797179937362671
0.029,unsat,21.780999898910522
0.031,unsat,40.72581911087036
0.047,sat,95.90322971343994
0.037000000000000005,unsat,3270.274920940399
0.045,unsat,3566.0747966766357
0.041,cancelled,210.2763228416443
