epsilon,result,runtime
0.265,sat,0.8077940940856934
0.133,sat,7.803117036819458
0.131,sat,9.41014814376831
0.063,unsat,3468.958191871643
0.065,unsat,3478.2190935611725
0.097,sat,2.2164294719696045
0.099,cancelled,2.3207602500915527
0.085,sat,15.621408700942993
0.075,sat,18.40769672393799
0.07300000000000001,sat,42.1417453289032
0.069,sat,355.20089316368103
0.067,sat,326.0433123111725
