epsilon,result,runtime
0.133,sat,1.693174123764038
0.265,cancelled,4.811015367507935
0.265,sat,1.672029972076416
0.08700000000000001,sat,14.268234729766846
0.043000000000000003,unsat,3586.906194448471
0.041,cancelled,3572.837275505066
0.07100000000000001,sat,13.43088436126709
0.057,unsat,3463.4662227630615
0.055,cancelled,3450.2522151470184
0.065,sat,24.569679975509644
0.061,sat,434.93986654281616
0.059000000000000004,sat,440.92181849479675
