epsilon,result,runtime
0.265,sat,0.8410096168518066
0.133,sat,0.8232197761535645
0.131,sat,1.784339427947998
0.065,sat,1.7586791515350342
0.063,sat,1.7501046657562256
0.031,sat,4.55750846862793
0.029,sat,4.7798011302948
0.013000000000000001,unsat,5.084417819976807
0.015,unsat,27.40732216835022
0.021,unsat,2463.2733795642853
0.025,sat,4.922800064086914
0.023,error,2802.0680928230286
