epsilon,result,runtime
0.133,sat,0.473055362701416
0.265,cancelled,3.16632342338562
0.265,sat,0.4463818073272705
0.08700000000000001,sat,0.28344225883483887
0.043000000000000003,sat,0.6573975086212158
0.041,sat,3.7514259815216064
0.019000000000000003,unsat,18.524154901504517
0.021,unsat,58.66495990753174
0.031,unsat,3458.9525084495544
0.029,cancelled,3415.949611902237
0.037000000000000005,sat,8.646374225616455
0.035,sat,13.655768156051636
0.033,error,430.23742032051086
