epsilon,result,runtime
0.133,sat,1.0329387187957764
0.265,cancelled,3.9931137561798096
0.08700000000000001,sat,18.405906915664673
0.043000000000000003,unsat,3519.099098920822
0.041,cancelled,3500.86639547348
0.07100000000000001,unsat,3469.8314261436462
0.057,cancelled,3473.2573385238647
0.081,sat,27.8441059589386
0.077,sat,378.4921522140503
0.075,sat,618.3521690368652
0.07300000000000001,sat,329.0622384548187
