epsilon,result,runtime
0.265,sat,0.4779534339904785
0.133,sat,0.502638578414917
0.131,sat,0.5092465877532959
0.065,sat,129.7485911846161
0.063,sat,240.22797226905823
0.029,unsat,529.1909580230713
0.031,unsat,2838.4725670814514
0.047,unsat,3481.9341955184937
0.045,cancelled,1290.1846551895142
0.057,unsat,3478.562996864319
0.053000000000000005,cancelled,3482.1263189315796
0.059000000000000004,unsat,3472.195775985718
0.061,error,3527.7793922424316
