epsilon,result,runtime
0.265,sat,0.5057227611541748
0.133,sat,0.498455286026001
0.065,sat,0.499835729598999
0.131,sat,0.5318887233734131
0.131,cancelled,3.3346107006073
0.041,sat,0.46923208236694336
0.021,sat,0.4756946563720703
0.019000000000000003,sat,0.2549421787261963
0.009000000000000001,unsat,0.30849528312683105
0.007,cancelled,0.3637077808380127
0.015,sat,1.2026939392089844
0.011,unsat,5.6018195152282715
0.013000000000000001,unsat,11.210721969604492
