epsilon,result,runtime
0.265,sat,1.7519171237945557
0.133,sat,4.9471845626831055
0.131,sat,6.73991322517395
0.065,unsat,3508.7155396938324
0.063,cancelled,3505.2889716625214
0.107,sat,1256.7871112823486
0.08700000000000001,unsat,3570.3592545986176
0.085,cancelled,2313.748574256897
0.099,unsat,3512.201180458069
0.093,cancelled,3515.644539833069
0.101,unsat,3474.9026713371277
0.10300000000000001,unsat,3536.8709740638733
0.10500000000000001,sat,168.4613552093506
