epsilon,result,runtime
0.133,sat,0.44843602180480957
0.265,cancelled,3.3653488159179688
0.08700000000000001,sat,0.4169480800628662
0.043000000000000003,unsat,3539.18399810791
0.041,cancelled,3539.011584043503
0.07100000000000001,sat,11.43824052810669
0.057,sat,60.55093765258789
0.055,sat,665.2615468502045
0.049,error,3520.2319605350494
0.047,unsat,3545.207414150238
0.053000000000000005,sat,642.4105882644653
0.051000000000000004,error,1468.0538175106049
