epsilon,result,runtime
0.133,sat,0.8107521533966064
0.265,cancelled,3.9127845764160156
0.265,sat,0.8082449436187744
0.08700000000000001,sat,1.725351095199585
0.043000000000000003,sat,3.283925771713257
0.041,sat,1.8946244716644287
0.021,sat,6.249708652496338
0.009000000000000001,unsat,0.6313385963439941
0.013000000000000001,unsat,106.0389621257782
0.015,unsat,484.15530371665955
0.019000000000000003,unsat,3487.5686268806458
0.017,cancelled,2874.809639930725
