epsilon,result,runtime
0.265,sat,1.768923282623291
0.133,sat,65.56520748138428
0.131,sat,65.66656470298767
0.063,unsat,3547.952374458313
0.065,unsat,3578.4854691028595
0.099,unsat,3462.161212205887
0.097,cancelled,3491.5853374004364
0.11900000000000001,sat,66.96684670448303
0.107,sat,1316.7953402996063
0.109,cancelled,1390.8428962230682
0.10300000000000001,sat,1614.9905469417572
0.101,sat,1679.3837716579437
