epsilon,result,runtime
0.265,sat,0.7837345600128174
0.133,sat,0.8043453693389893
0.131,sat,0.7562336921691895
0.063,sat,11.488553285598755
0.065,cancelled,19.315119981765747
0.021,unsat,10.071667194366455
0.043000000000000003,unsat,3460.550776720047
0.041,cancelled,3478.7801077365875
0.055,unsat,3489.614548921585
0.049,cancelled,3493.043528318405
0.057,sat,182.68937873840332
0.059000000000000004,cancelled,186.03302121162415
