epsilon,result,runtime
0.265,sat,1.056548833847046
0.133,sat,1.0609610080718994
0.131,sat,1.2798197269439697
0.063,sat,12.457989931106567
0.065,cancelled,19.309677600860596
0.021,unsat,0.629530668258667
0.041,unsat,3468.0660030841827
0.043000000000000003,unsat,3505.2108817100525
0.053000000000000005,unsat,3522.562598466873
0.051000000000000004,cancelled,3484.286215543747
0.059000000000000004,sat,191.04787874221802
0.057,unsat,3498.2797865867615
0.055,cancelled,3307.645697116852
