epsilon,result,runtime
0.265,sat,0.6063954830169678
0.133,sat,0.9642508029937744
0.131,sat,1.0870285034179688
0.065,sat,20.315706491470337
0.063,sat,55.64272403717041
0.031,unsat,3478.2998657226562
0.029,cancelled,3442.4547080993652
0.051000000000000004,unsat,3530.856290102005
0.041,cancelled,3534.3000752925873
0.057,sat,641.1163177490234
0.055,unsat,3540.345509290695
0.053000000000000005,cancelled,2899.342425584793
