epsilon,result,runtime
0.133,sat,0.8333609104156494
0.265,sat,0.8092319965362549
0.265,cancelled,8.104073286056519
0.08700000000000001,sat,2.6962411403656006
0.041,unsat,3490.4004061222076
0.043000000000000003,timeout,3600
0.065,unsat,3493.444320201874
0.063,cancelled,3402.447146654129
0.07300000000000001,sat,184.83246779441833
0.079,cancelled,188.9454710483551
0.067,unsat,3481.356099128723
0.069,unsat,3523.5687856674194
0.07100000000000001,sat,62.32650542259216
