epsilon,result,runtime
0.265,sat,0.7016887664794922
0.133,sat,1.3751842975616455
0.131,sat,0.5984668731689453
0.065,unsat,3474.930171728134
0.063,cancelled,3475.3069989681244
0.107,sat,1.8454980850219727
0.08700000000000001,sat,14.717139959335327
0.085,sat,21.117687940597534
0.075,unsat,3562.166983604431
0.07300000000000001,cancelled,3554.2809228897095
0.081,sat,24.268329620361328
0.079,sat,732.2537944316864
0.077,sat,842.1222898960114
