epsilon,result,runtime
0.133,sat,0.8019607067108154
0.265,cancelled,3.6769235134124756
0.08700000000000001,sat,0.7916834354400635
0.043000000000000003,sat,0.8384959697723389
0.041,sat,0.8468513488769531
0.019000000000000003,unsat,258.5612256526947
0.031,sat,0.5707523822784424
0.025,sat,0.5755774974822998
0.023,sat,4.64921236038208
0.021,unsat,327.27684211730957
