epsilon,result,runtime
0.265,sat,0.8734474182128906
0.133,sat,1.4324703216552734
0.131,sat,1.356158971786499
0.065,sat,4.260304689407349
0.063,sat,4.437424182891846
0.031,error,2561.2835788726807
0.029,unsat,3497.31747508049
0.047,sat,4.140832424163818
0.039,sat,6.120375394821167
0.035,sat,10.257905960083008
0.033,error,1190.5106797218323
