epsilon,result,runtime
0.265,sat,0.8626487255096436
0.133,sat,1.5074763298034668
0.131,sat,1.6665961742401123
0.065,sat,643.9743001461029
0.031,unsat,45.54389572143555
0.063,unsat,3540.1613759994507
0.047,cancelled,2853.0543582439423
