epsilon,result,runtime
0.133,sat,0.4002084732055664
0.265,cancelled,3.175727605819702
0.043000000000000003,sat,0.442643404006958
0.08700000000000001,cancelled,3.137371301651001
0.013000000000000001,sat,0.4247419834136963
0.027000000000000003,cancelled,3.1425180435180664
0.027000000000000003,sat,0.4753890037536621
0.003,unsat,0.4091055393218994
0.007,unsat,0.8229348659515381
0.009000000000000001,unsat,8.177451372146606
0.011,sat,7.966564893722534
