epsilon,result,runtime
0.265,sat,0.4949045181274414
0.133,sat,11.666309833526611
0.131,sat,30.199359893798828
0.063,unsat,3470.2368512153625
0.065,unsat,3520.873735666275
0.097,unsat,3578.616736650467
0.099,unsat,3551.453978538513
0.113,unsat,3564.898357629776
0.115,unsat,3567.041897058487
0.123,sat,2030.3138780593872
0.121,unsat,3594.568035364151
0.117,cancelled,1565.0880136489868
