epsilon,result,runtime
0.133,sat,0.8839809894561768
0.265,cancelled,4.213731288909912
0.265,sat,0.8827755451202393
0.08700000000000001,sat,11.890394926071167
0.043000000000000003,unsat,3508.7140238285065
0.041,cancelled,3497.034241914749
0.07100000000000001,sat,733.80273604393
0.057,unsat,3579.944021463394
0.055,cancelled,2846.3014504909515
0.061,unsat,3463.5807778835297
0.065,unsat,3502.3450496196747
0.069,unsat,3462.968058347702
0.067,cancelled,3505.196325302124
