epsilon,result,runtime
0.265,sat,0.3525965213775635
0.133,sat,0.7459933757781982
0.131,sat,0.26293277740478516
0.063,unsat,3476.896476984024
0.097,sat,10.92180323600769
0.081,sat,11.862984657287598
0.065,unsat,3548.441125869751
0.07300000000000001,sat,84.42120409011841
0.07100000000000001,sat,276.89345026016235
0.067,unsat,3475.5505921840668
0.069,error,3332.548543214798
