epsilon,result,runtime
0.265,sat,0.44392943382263184
0.133,sat,0.7524750232696533
0.131,sat,0.3195047378540039
0.065,unsat,3526.5634167194366
0.063,cancelled,3526.694634437561
0.107,sat,1.457245111465454
0.08700000000000001,sat,2.98055362701416
0.085,sat,0.3410158157348633
0.075,sat,1.228966474533081
0.07300000000000001,sat,5.728128910064697
0.067,sat,216.94608283042908
0.069,cancelled,226.84934997558594
