epsilon,result,runtime
0.265,sat,0.47948193550109863
0.133,sat,0.8255267143249512
0.131,sat,0.822894811630249
0.063,sat,118.94204759597778
0.065,cancelled,125.06333088874817
0.021,unsat,2.3301010131835938
0.041,unsat,3512.637260198593
0.043000000000000003,unsat,3581.365763902664
0.053000000000000005,unsat,3573.2292206287384
0.051000000000000004,cancelled,3502.5213556289673
0.057,unsat,3528.6902997493744
0.059000000000000004,unsat,3560.0722646713257
0.061,error,314.042195558548
