epsilon,result,runtime
0.265,sat,0.4519774913787842
0.133,sat,0.7940959930419922
0.131,sat,0.7222161293029785
0.065,unsat,3470.490706920624
0.063,cancelled,3470.177262544632
0.107,sat,28.704596519470215
0.08700000000000001,sat,118.67070865631104
0.085,sat,100.5028715133667
0.075,sat,114.36302947998047
0.07300000000000001,sat,126.68389248847961
0.069,unsat,3517.606081724167
0.067,cancelled,3494.4542121887207
0.07100000000000001,error,323.0896019935608
