epsilon,result,runtime
0.265,sat,0.491779088973999
0.133,sat,0.8546676635742188
0.131,sat,0.502922773361206
0.065,sat,1.1754765510559082
0.063,sat,0.612330436706543
0.029,unsat,56.59579038619995
0.047,sat,27.00519108772278
0.031,unsat,92.72864508628845
0.037000000000000005,unsat,3464.6108903884888
0.039,unsat,3566.674746274948
0.043000000000000003,sat,164.04581022262573
0.041,unsat,3497.2008826732635
