epsilon,result,runtime
0.265,sat,0.4700624942779541
0.133,sat,0.4870438575744629
0.065,sat,0.49112462997436523
0.131,cancelled,3.2170259952545166
0.131,sat,0.4925243854522705
0.041,sat,0.48746585845947266
0.021,sat,0.5292894840240479
0.019000000000000003,sat,0.4919421672821045
0.009000000000000001,sat,0.8181521892547607
0.003,unsat,0.4215381145477295
0.007,unsat,1.7400717735290527
0.005,cancelled,1.0703198909759521
