epsilon,result,runtime
0.265,sat,0.44514894485473633
0.131,sat,777.7513701915741
0.133,cancelled,784.112010717392
0.043000000000000003,unsat,21.89965009689331
0.085,unsat,3475.64235162735
0.08700000000000001,unsat,3551.3976006507874
0.109,unsat,3566.5270705223083
0.107,cancelled,3469.5440068244934
0.117,unsat,3471.377798318863
0.123,unsat,3513.2389154434204
0.125,unsat,3520.0904397964478
0.127,unsat,3537.7510199546814
0.129,sat,132.81100749969482
