epsilon,result,runtime
0.265,sat,0.5121233463287354
0.133,sat,0.541717529296875
0.131,sat,0.47983360290527344
0.065,sat,1.5841796398162842
0.063,sat,0.8425931930541992
0.029,unsat,3549.158389568329
0.031,unsat,3571.8570442199707
0.047,sat,154.1062512397766
0.045,unsat,3485.8063678741455
0.037000000000000005,cancelled,3351.542706012726
