epsilon,result,runtime
0.133,sat,0.4875943660736084
0.265,cancelled,3.443809986114502
0.265,sat,0.48275208473205566
0.08700000000000001,sat,1.5106184482574463
0.041,unsat,3471.985873937607
0.065,sat,4.750346899032593
0.043000000000000003,unsat,3487.3040499687195
0.053000000000000005,sat,1.384681224822998
0.055,cancelled,1.7399311065673828
0.049,sat,9.438246011734009
0.047,sat,9.90807580947876
0.045,sat,0.689816951751709
