epsilon,result,runtime
0.265,sat,0.8299915790557861
0.133,sat,1.4094150066375732
0.131,sat,1.3892269134521484
0.063,unsat,3459.538032054901
0.097,sat,0.34305500984191895
0.065,unsat,3467.6423239707947
0.081,sat,7.753149032592773
0.079,sat,8.558943033218384
0.07300000000000001,sat,6.7864954471588135
0.07100000000000001,sat,10.172646045684814
0.069,sat,96.7801501750946
0.067,sat,100.16771721839905
