epsilon,result,runtime
0.265,sat,0.47084569931030273
0.133,sat,0.48607850074768066
0.131,sat,0.3947908878326416
0.065,sat,0.7713959217071533
0.063,sat,6.716896295547485
0.029,unsat,538.5369708538055
0.031,unsat,1112.5539882183075
0.047,unsat,3486.824897289276
0.045,cancelled,2926.407210588455
0.057,sat,26.69301700592041
0.053000000000000005,sat,71.99898076057434
0.051000000000000004,sat,228.0011215209961
0.049,error,440.2503237724304
