epsilon,result,runtime
0.265,sat,0.5340433120727539
0.133,sat,0.4922614097595215
0.131,sat,0.5478005409240723
0.065,sat,1.0615112781524658
0.063,sat,1.6500425338745117
0.029,unsat,138.03942322731018
0.031,unsat,395.3675305843353
0.047,unsat,3511.655312538147
0.045,cancelled,3262.317268848419
0.057,sat,10.351571798324585
0.053000000000000005,sat,11.227290153503418
0.051000000000000004,sat,12.250540733337402
0.049,sat,16.64053511619568
