epsilon,result,runtime
0.133,sat,0.48673033714294434
0.265,cancelled,3.4336330890655518
0.265,sat,0.49174928665161133
0.08700000000000001,sat,18.15118098258972
0.041,unsat,3472.563297510147
0.065,sat,7.150996208190918
0.043000000000000003,unsat,3508.3099370002747
0.055,sat,244.2098298072815
0.053000000000000005,unsat,3482.9507219791412
0.047,cancelled,3235.329946756363
