epsilon,result,runtime
0.265,sat,0.7868316173553467
0.133,sat,1.4199573993682861
0.131,sat,0.7619533538818359
0.063,unsat,3574.278064966202
0.065,unsat,3580.7748198509216
0.099,sat,25.444825172424316
0.097,sat,97.53278493881226
0.081,unsat,3533.349887609482
0.079,cancelled,3467.8089747428894
0.08700000000000001,unsat,3486.445793867111
0.091,unsat,3559.836707830429
0.095,sat,585.7806119918823
0.093,sat,748.7839493751526
