epsilon,result,runtime
0.133,sat,0.5366177558898926
0.265,cancelled,3.2987096309661865
0.08700000000000001,sat,9.4182710647583
0.043000000000000003,unsat,3484.6453137397766
0.041,cancelled,3475.328459262848
0.057,unsat,3508.3767507076263
0.07100000000000001,unsat,3568.8016061782837
0.079,sat,251.91014504432678
0.075,sat,1987.9965453147888
0.07300000000000001,error,2428.9632914066315
