epsilon,result,runtime
0.133,sat,0.8020472526550293
0.265,cancelled,4.204657793045044
0.043000000000000003,sat,0.7265119552612305
0.08700000000000001,cancelled,3.7885868549346924
0.08700000000000001,sat,0.7193417549133301
0.027000000000000003,sat,4.875386714935303
0.011,unsat,12.544550895690918
0.013000000000000001,unsat,38.14514231681824
0.019000000000000003,unsat,3467.8495903015137
0.023,sat,2.8543753623962402
0.021,error,3491.3012936115265
