epsilon,result,runtime
0.265,sat,0.49880194664001465
0.133,sat,0.8085277080535889
0.131,sat,0.2883944511413574
0.065,sat,1.6808736324310303
0.063,sat,0.9434006214141846
0.031,unsat,3521.2506716251373
0.029,cancelled,3522.166037797928
0.051000000000000004,sat,17.95259952545166
0.041,unsat,3493.7652769088745
0.039,cancelled,3475.9743461608887
0.047,sat,997.8808422088623
0.045,timeout,3600
0.043000000000000003,timeout,3600
