epsilon,result,runtime
0.265,sat,0.7667491436004639
0.133,sat,0.7824170589447021
0.131,sat,0.7968180179595947
0.065,unsat,3560.9908180236816
0.063,cancelled,3560.5405151844025
0.107,sat,1.7873339653015137
0.08700000000000001,sat,18.62241005897522
0.085,sat,17.593578577041626
0.075,unsat,3555.159234523773
0.07300000000000001,cancelled,3555.2877066135406
0.079,sat,18.492764711380005
0.081,cancelled,22.053176403045654
0.077,sat,58.28179860115051
