epsilon,result,runtime
0.265,sat,0.37087202072143555
0.133,sat,0.759230375289917
0.131,sat,0.3104736804962158
0.065,unsat,3576.947958946228
0.063,cancelled,3577.1201887130737
0.107,sat,9.671759128570557
0.08700000000000001,sat,54.19830513000488
0.085,sat,42.62101459503174
0.07300000000000001,unsat,3545.5647447109222
0.075,unsat,3587.530730485916
0.081,sat,338.79164600372314
0.079,sat,1627.5092370510101
0.077,sat,1263.999006986618
