epsilon,result,runtime
0.265,sat,0.5311346054077148
0.133,sat,0.8982808589935303
0.131,sat,0.8531661033630371
0.065,sat,33.92833423614502
0.031,unsat,183.25278544425964
0.063,sat,220.27232837677002
0.045,unsat,3504.2079389095306
0.047,unsat,3511.91450715065
0.053000000000000005,unsat,3466.50909781456
0.055,unsat,3575.3915808200836
0.059000000000000004,sat,468.5904941558838
0.057,sat,391.7831928730011
