epsilon,result,runtime
0.265,sat,0.9703884124755859
0.133,sat,1.0512163639068604
0.131,sat,0.9261336326599121
0.063,unsat,3478.2981600761414
0.097,sat,24.374252796173096
0.065,unsat,3549.7687578201294
0.081,unsat,3499.4006609916687
0.079,cancelled,3462.3601636886597
0.091,sat,38.381192207336426
0.08700000000000001,sat,1009.618275642395
0.085,sat,2719.760556459427
0.083,error,1914.4621317386627
