epsilon,result,runtime
0.133,sat,0.5273394584655762
0.265,cancelled,3.553257942199707
0.265,sat,0.5321652889251709
0.08700000000000001,sat,0.32883548736572266
0.043000000000000003,sat,0.4239330291748047
0.019000000000000003,unsat,3.6124966144561768
0.041,sat,4.126433372497559
0.031,unsat,3562.5050694942474
0.029,cancelled,3565.7369096279144
0.037000000000000005,sat,9.305771112442017
0.035,unsat,3512.4664120674133
0.033,cancelled,3503.3852281570435
