epsilon,result,runtime
0.265,sat,0.43114185333251953
0.133,sat,0.457822322845459
0.131,sat,0.9602351188659668
0.065,sat,2.4466652870178223
0.063,sat,18.369681358337402
0.031,unsat,3480.1974263191223
0.029,cancelled,3463.2888491153717
0.051000000000000004,sat,59.59170126914978
0.041,timeout,3600
0.039,unsat,3581.2636063098907
0.043000000000000003,unsat,3563.507786512375
0.047,unsat,3544.729758501053
0.045,cancelled,28.84146022796631
0.049,sat,221.4205355644226
