epsilon,result,runtime
0.265,sat,0.4267418384552002
0.133,sat,0.4714646339416504
0.131,sat,0.5126185417175293
0.065,sat,1.0244379043579102
0.063,sat,6.635601758956909
0.029,unsat,3480.4797389507294
0.031,unsat,3556.9927699565887
0.047,sat,1792.847971200943
0.045,unsat,3513.149819612503
0.037000000000000005,cancelled,1787.6858973503113
