epsilon,result,runtime
0.265,sat,0.5384774208068848
0.133,sat,0.4801805019378662
0.131,sat,0.40125250816345215
0.065,sat,0.4577031135559082
0.063,sat,0.37235283851623535
0.031,sat,0.9909462928771973
0.029,sat,0.8508667945861816
0.013000000000000001,unsat,0.3124063014984131
0.015,unsat,2.2095072269439697
0.021,unsat,100.0950059890747
0.023,unsat,226.66692876815796
0.027000000000000003,sat,6.4077208042144775
0.025,unsat,162.55938863754272
