epsilon,result,runtime
0.265,sat,0.477799654006958
0.133,sat,2.9478869438171387
0.131,sat,27.815775394439697
0.063,unsat,3507.0381875038147
0.065,unsat,3552.325488805771
0.099,unsat,3479.3174788951874
0.097,cancelled,3499.297334432602
0.11900000000000001,sat,89.91476082801819
0.109,sat,180.77008199691772
0.107,sat,1364.9170126914978
0.10300000000000001,sat,3279.5996437072754
0.101,error,2146.4986476898193
