epsilon,result,runtime
0.265,sat,0.4579486846923828
0.133,sat,0.8274405002593994
0.131,sat,0.6217546463012695
0.063,sat,29.241922855377197
0.065,cancelled,35.165560722351074
0.021,unsat,6.977255821228027
0.043000000000000003,unsat,3563.158941268921
0.041,cancelled,3577.0170526504517
0.049,unsat,3533.3280856609344
0.055,unsat,3534.66849732399
0.059000000000000004,sat,166.26996445655823
0.057,error,410.2265136241913
