epsilon,result,runtime
0.265,sat,0.8562242984771729
0.133,sat,1.4157040119171143
0.131,sat,1.5628950595855713
0.065,sat,3.6279966831207275
0.063,sat,9.692667245864868
0.029,unsat,345.6633846759796
0.031,unsat,1011.0639760494232
0.047,sat,774.2350664138794
0.045,unsat,3504.901571035385
0.037000000000000005,cancelled,3385.721309185028
