epsilon,result,runtime
0.265,sat,0.492870569229126
0.133,sat,0.9424893856048584
0.131,sat,6.751985549926758
0.065,unsat,3542.8277158737183
0.063,cancelled,3536.6820199489594
0.08700000000000001,sat,29.06151795387268
0.107,cancelled,32.30186986923218
0.079,sat,22.32121253013611
0.07300000000000001,sat,1009.7349669933319
0.07100000000000001,sat,1228.9606113433838
0.067,unsat,3535.141697883606
0.069,error,3383.8911547660828
