epsilon,result,runtime
0.265,sat,0.50339674949646
0.133,sat,0.4767470359802246
0.131,sat,0.3882884979248047
0.065,sat,0.7517836093902588
0.063,sat,1.9284589290618896
0.029,unsat,3524.537297964096
0.047,sat,4.841839551925659
0.039,sat,10.834945678710938
0.031,unsat,3569.6570625305176
0.035,unsat,3463.492382287979
0.033,cancelled,3447.9819123744965
0.037000000000000005,error,309.6858642101288
