epsilon,result,runtime
0.265,sat,0.6286513805389404
0.133,sat,0.9704923629760742
0.131,sat,0.3987603187561035
0.065,sat,0.6947364807128906
0.063,sat,1.2728233337402344
0.029,unsat,188.05367302894592
0.047,sat,31.488736867904663
0.031,unsat,719.4031920433044
0.039,unsat,3585.912910461426
0.037000000000000005,cancelled,3096.3564116954803
0.041,unsat,3494.7962164878845
0.045,sat,11.840290307998657
0.043000000000000003,unsat,3515.240627527237
