epsilon,result,runtime
0.265,sat,0.454632043838501
0.133,sat,0.44889044761657715
0.131,sat,0.39346885681152344
0.065,sat,635.5883877277374
0.063,sat,2064.612536430359
0.031,unsat,3474.091513156891
0.029,cancelled,2045.2834956645966
0.041,unsat,3496.247347354889
0.051000000000000004,unsat,3571.4023113250732
0.053000000000000005,unsat,3518.925938129425
0.057,unsat,3467.2899029254913
0.061,unsat,3507.24960231781
0.059000000000000004,cancelled,3534.156537294388
