epsilon,result,runtime
0.265,sat,0.4863739013671875
0.133,sat,0.7927782535552979
0.131,sat,0.31433558464050293
0.065,sat,0.5851707458496094
0.063,sat,0.27290964126586914
0.031,unsat,3466.908050775528
0.029,cancelled,3467.200774669647
0.051000000000000004,sat,1.7167418003082275
0.041,sat,5.245751619338989
0.039,sat,5.900006294250488
0.035,sat,7.018364191055298
0.033,sat,7.6419501304626465
