epsilon,result,runtime
0.265,sat,0.7811121940612793
0.133,sat,1.4133195877075195
0.131,sat,1.4633934497833252
0.065,sat,1.433039903640747
0.063,sat,1.4563634395599365
0.031,unsat,3578.743328332901
0.029,cancelled,3577.9316399097443
0.041,unsat,3499.1493327617645
0.051000000000000004,unsat,3519.91681933403
0.057,sat,631.638564825058
0.055,sat,1194.1590061187744
0.053000000000000005,sat,1931.880493402481
