epsilon,result,runtime
0.265,sat,0.8696324825286865
0.133,sat,1.406263828277588
0.065,sat,0.8743412494659424
0.131,cancelled,4.5077900886535645
0.041,sat,1.5821220874786377
0.019000000000000003,unsat,6.331694602966309
0.021,unsat,15.30818247795105
0.031,sat,10.614464044570923
0.025,unsat,118.18238425254822
0.027000000000000003,unsat,302.9343070983887
0.029,unsat,552.4766342639923
