epsilon,result,runtime
0.265,sat,0.8665900230407715
0.133,sat,0.8091797828674316
0.131,sat,0.8391671180725098
0.063,unsat,3477.1640043258667
0.097,sat,11.07007122039795
0.065,unsat,3498.391080379486
0.081,sat,243.24215650558472
0.079,sat,307.16599774360657
0.07100000000000001,unsat,3464.694206237793
0.07300000000000001,unsat,3501.4164152145386
0.075,unsat,3467.845850467682
0.077,error,3467.376195192337
