epsilon,result,runtime
0.265,sat,0.39862895011901855
0.133,sat,0.4447355270385742
0.131,sat,0.38621950149536133
0.065,sat,0.7535593509674072
0.063,sat,0.4151577949523926
0.031,sat,1.1025824546813965
0.029,sat,0.6579246520996094
0.013000000000000001,unsat,1.5799000263214111
0.015,unsat,19.54106044769287
0.023,unsat,3489.0769622325897
0.021,cancelled,3513.7099709510803
0.027000000000000003,sat,6.590691566467285
0.025,sat,7.643969297409058
