epsilon,result,runtime
0.265,sat,0.4225482940673828
0.133,sat,0.4334142208099365
0.131,sat,0.4057290554046631
0.065,sat,0.675957202911377
0.063,sat,0.21990680694580078
0.029,unsat,3463.5089049339294
0.047,sat,1.5141944885253906
0.039,sat,4.181344985961914
0.035,sat,6.3669843673706055
0.033,sat,8.18282151222229
0.031,error,3523.388322353363
