epsilon,result,runtime
0.265,sat,0.46203136444091797
0.133,sat,0.8246874809265137
0.131,sat,4.95261287689209
0.065,unsat,3473.733149766922
0.063,cancelled,3469.2358779907227
0.107,sat,10.10175371170044
0.08700000000000001,sat,11.695614576339722
0.085,sat,5.791680574417114
0.075,sat,18.239603996276855
0.07300000000000001,sat,47.13214993476868
0.067,unsat,3496.2704062461853
0.069,unsat,3584.1887958049774
0.07100000000000001,error,304.2126727104187
