epsilon,result,runtime
0.265,sat,0.4786338806152344
0.133,sat,0.8353559970855713
0.131,sat,0.2515830993652344
0.065,unsat,3559.2542703151703
0.063,cancelled,3559.6264250278473
0.107,sat,1.1001369953155518
0.08700000000000001,sat,9.46070909500122
0.085,sat,10.072899103164673
0.075,sat,36.57318830490112
0.07300000000000001,sat,134.76017880439758
0.069,sat,2043.9588046073914
0.067,error,2099.39714384079
