epsilon,result,runtime
0.133,sat,0.8207612037658691
0.265,cancelled,4.009471654891968
0.08700000000000001,sat,9.867417097091675
0.043000000000000003,unsat,3572.2438039779663
0.041,cancelled,3562.5538206100464
0.057,unsat,3497.836560487747
0.07100000000000001,unsat,3498.054743051529
0.079,sat,5.105764865875244
0.075,sat,15.187356233596802
0.07300000000000001,sat,49.638402700424194
