epsilon,result,runtime
0.265,sat,0.44735264778137207
0.133,sat,0.8285021781921387
0.131,sat,3.589156150817871
0.065,unsat,3515.184433221817
0.063,cancelled,3512.1049151420593
0.107,sat,15.534409284591675
0.08700000000000001,sat,314.5073776245117
0.085,unsat,3463.5646023750305
0.075,cancelled,3168.083767414093
