epsilon,result,runtime
0.265,sat,0.498399019241333
0.133,sat,0.8217918872833252
0.131,sat,0.2358841896057129
0.065,unsat,3554.2002630233765
0.063,cancelled,3554.536617040634
0.107,sat,1.6699633598327637
0.08700000000000001,sat,2.110599994659424
0.085,sat,47.22681522369385
0.075,sat,46.85061502456665
0.07300000000000001,sat,33.678935289382935
0.069,unsat,3512.9440076351166
0.067,cancelled,3479.741171836853
0.07100000000000001,sat,50.701770544052124
