epsilon,result,runtime
0.265,sat,1.0000696182250977
0.133,sat,29.91890811920166
0.131,sat,27.817397594451904
0.065,unsat,3568.1364908218384
0.063,cancelled,3569.4269716739655
0.107,unsat,3562.7723248004913
0.08700000000000001,cancelled,3566.3075735569
0.121,sat,60.64778470993042
0.115,sat,135.45245361328125
0.113,sat,1485.1470024585724
0.109,sat,2987.479802131653
0.111,cancelled,1576.837840795517
