epsilon,result,runtime
0.133,sat,0.7530176639556885
0.265,cancelled,3.8837428092956543
0.08700000000000001,sat,5.981723070144653
0.041,unsat,3490.6176748275757
0.043000000000000003,unsat,3502.7592046260834
0.065,sat,0.5656859874725342
0.063,sat,0.7822620868682861
0.053000000000000005,sat,0.6207313537597656
0.051000000000000004,sat,2.373429775238037
0.047,sat,2.1788218021392822
0.045,sat,0.4400150775909424
