epsilon,result,runtime
0.265,sat,0.5173032283782959
0.133,sat,0.8802001476287842
0.131,sat,0.824012041091919
0.065,sat,649.6163928508759
0.063,sat,648.3969991207123
0.029,unsat,430.7056727409363
0.031,unsat,2192.8210368156433
0.047,unsat,3493.37557721138
0.045,cancelled,1736.9745788574219
0.053000000000000005,unsat,3487.072301387787
0.057,unsat,3488.0916612148285
0.061,sat,1798.8595032691956
0.059000000000000004,error,1987.6358942985535
