epsilon,result,runtime
0.133,sat,0.8403170108795166
0.265,cancelled,3.7140684127807617
0.043000000000000003,sat,0.4823639392852783
0.08700000000000001,cancelled,3.1925578117370605
0.013000000000000001,sat,0.2699921131134033
0.027000000000000003,cancelled,2.905116081237793
0.003,sat,0.44544076919555664
0.007,cancelled,3.13417387008667
0.001,sat,0.14889883995056152
