epsilon,result,runtime
0.265,sat,0.5417056083679199
0.133,sat,0.859513521194458
0.131,sat,0.9342062473297119
0.065,unsat,3494.758798599243
0.063,cancelled,3494.2778153419495
0.107,sat,1.6970062255859375
0.08700000000000001,sat,2.087240219116211
0.085,sat,4.575701475143433
0.07300000000000001,sat,185.70094227790833
0.075,cancelled,196.96008324623108
0.069,unsat,3513.3451800346375
0.067,cancelled,3516.697310447693
0.07100000000000001,error,290.1472964286804
