epsilon,result,runtime
0.265,sat,0.40126514434814453
0.133,sat,0.8967781066894531
0.131,sat,3.047110080718994
0.065,sat,3.3676819801330566
0.063,sat,0.591745138168335
0.029,unsat,2088.8657763004303
0.047,sat,1.1136538982391357
0.039,sat,13.958028554916382
0.031,unsat,3550.2278249263763
0.035,unsat,3551.3456621170044
0.033,cancelled,2117.683117866516
0.037000000000000005,sat,13.932506322860718
