epsilon,result,runtime
0.265,sat,0.7984433174133301
0.133,sat,1.3459274768829346
0.131,sat,1.418445110321045
0.063,unsat,3533.7058396339417
0.097,sat,1.044419288635254
0.081,sat,11.581408500671387
0.065,unsat,3577.841245651245
0.07300000000000001,sat,41.760140895843506
0.07100000000000001,sat,26.57795810699463
0.069,sat,903.1007039546967
0.067,error,1123.0032708644867
