epsilon,result,runtime
0.133,sat,0.5024268627166748
0.265,cancelled,3.399322748184204
0.08700000000000001,sat,1.0502440929412842
0.041,unsat,3479.01619720459
0.065,sat,5.393975257873535
0.053000000000000005,sat,45.87731075286865
0.043000000000000003,unsat,3543.487160682678
0.047,unsat,3582.7820506095886
0.049,timeout,3600
0.051000000000000004,error,256.0872583389282
