epsilon,result,runtime
0.265,sat,0.7683515548706055
0.133,sat,2.2036893367767334
0.131,sat,2.3033463954925537
0.065,unsat,3507.787282705307
0.063,cancelled,3507.0637912750244
0.107,sat,11.344174146652222
0.08700000000000001,unsat,3499.0946180820465
0.085,cancelled,3487.9683754444122
0.099,sat,62.143200397491455
0.093,sat,871.0952157974243
0.091,unsat,3528.8286221027374
0.089,cancelled,2724.863201379776
