epsilon,result,runtime
0.133,sat,0.4314558506011963
0.265,cancelled,3.1776702404022217
0.08700000000000001,sat,0.47150564193725586
0.043000000000000003,unsat,3532.2587790489197
0.041,cancelled,3531.838702440262
0.07100000000000001,sat,8.853819847106934
0.057,sat,9.82529330253601
0.055,sat,4.685901880264282
0.049,sat,5.274354696273804
0.047,unsat,3463.3599960803986
0.045,cancelled,3465.117999792099
