epsilon,result,runtime
0.265,sat,0.3380711078643799
0.133,sat,1.3515169620513916
0.131,sat,0.7879211902618408
0.063,unsat,3510.746174812317
0.065,unsat,3521.9683299064636
0.097,sat,7.101916074752808
0.099,cancelled,1.6733808517456055
0.085,sat,1538.714354276657
0.075,unsat,3587.6337506771088
0.07300000000000001,cancelled,2049.0099041461945
0.079,unsat,3479.2746872901917
0.081,unsat,3519.5675189495087
0.083,error,277.30250239372253
