epsilon,result,runtime
0.133,sat,0.3983275890350342
0.265,cancelled,3.0601367950439453
0.08700000000000001,sat,0.3882119655609131
0.043000000000000003,sat,0.8254930973052979
0.041,sat,0.3967311382293701
0.019000000000000003,unsat,2.644425630569458
0.031,sat,4.465303659439087
0.021,unsat,16.484404802322388
0.027000000000000003,sat,6.541877269744873
0.023,unsat,221.71799564361572
0.025,unsat,261.7895805835724
