epsilon,result,runtime
0.133,sat,0.8867020606994629
0.265,cancelled,4.336669683456421
0.265,sat,0.8889517784118652
0.08700000000000001,sat,1.7695937156677246
0.041,unsat,3465.9767515659332
0.043000000000000003,unsat,3473.3903522491455
0.065,sat,0.67226243019104
0.063,sat,0.5074670314788818
0.051000000000000004,sat,22.826372861862183
0.053000000000000005,cancelled,27.531267166137695
0.047,sat,282.0520222187042
0.045,error,625.8357737064362
