epsilon,result,runtime
0.133,sat,0.446657657623291
0.265,cancelled,3.1721596717834473
0.265,sat,0.4249567985534668
0.08700000000000001,sat,0.4348149299621582
0.043000000000000003,sat,1.3367750644683838
0.041,sat,0.6114556789398193
0.019000000000000003,unsat,84.21226978302002
0.021,unsat,492.2366166114807
0.031,unsat,3595.338750600815
0.029,cancelled,3188.30179643631
0.037000000000000005,sat,12.965863704681396
0.035,sat,116.8316822052002
0.033,sat,478.085373878479
