epsilon,result,runtime
0.265,sat,0.4300708770751953
0.133,sat,0.9226348400115967
0.131,sat,1.3148982524871826
0.065,sat,1.3505992889404297
0.063,sat,7.637853622436523
0.029,unsat,31.01937699317932
0.031,unsat,49.33382725715637
0.047,unsat,3486.486242055893
0.045,cancelled,3482.2916111946106
0.057,sat,42.00110697746277
0.053000000000000005,sat,42.13679265975952
0.051000000000000004,sat,64.84043002128601
0.049,error,306.1723635196686
