epsilon,result,runtime
0.265,sat,0.5286927223205566
0.133,sat,1.9823925495147705
0.131,sat,0.8864514827728271
0.063,unsat,3515.7626683712006
0.065,unsat,3551.9328758716583
0.099,sat,347.50332903862
0.097,sat,892.7202327251434
0.081,unsat,3493.614408969879
0.079,cancelled,2984.9888911247253
0.091,sat,864.1790845394135
0.08700000000000001,unsat,3473.9160537719727
0.085,cancelled,2609.813328742981
0.089,error,907.5956346988678
