epsilon,result,runtime
0.133,sat,1.113863229751587
0.265,cancelled,4.152697563171387
0.265,sat,1.1374216079711914
0.08700000000000001,sat,7.096860647201538
0.043000000000000003,unsat,3519.700436592102
0.041,cancelled,3512.7896213531494
0.07100000000000001,sat,12.060566425323486
0.057,sat,51.38045024871826
0.055,sat,113.4820008277893
0.049,unsat,3498.3315637111664
0.047,cancelled,3423.655946969986
0.051000000000000004,unsat,3492.6129784584045
0.053000000000000005,unsat,3495.342384338379
