epsilon,result,runtime
0.265,sat,0.5383570194244385
0.133,sat,0.8905601501464844
0.131,sat,0.4849410057067871
0.063,unsat,3482.625286579132
0.065,unsat,3488.0226669311523
0.097,sat,0.6387369632720947
0.099,cancelled,1.6463189125061035
0.085,sat,16.274410247802734
0.075,sat,18.776489734649658
0.07300000000000001,sat,200.47543263435364
0.069,sat,971.3690645694733
0.067,sat,816.6744949817657
