epsilon,result,runtime
0.265,sat,1.1458234786987305
0.133,sat,7.865263223648071
0.131,sat,6.351734161376953
0.065,unsat,3520.1374320983887
0.063,cancelled,3520.7901458740234
0.107,sat,137.0231056213379
0.08700000000000001,unsat,3573.148989677429
0.085,cancelled,3436.206055164337
0.099,sat,1571.3396809101105
0.093,unsat,3587.626057624817
0.091,cancelled,2016.3347685337067
0.095,unsat,3470.98420214653
0.097,error,3555.686858892441
