epsilon,result,runtime
0.265,sat,0.44237422943115234
0.133,sat,0.4670591354370117
0.065,sat,0.38130927085876465
0.131,cancelled,3.0567615032196045
0.041,sat,0.4064798355102539
0.021,sat,0.44116854667663574
0.019000000000000003,sat,0.4457259178161621
0.009000000000000001,sat,0.47097039222717285
0.003,unsat,0.4022402763366699
0.005,unsat,0.33187079429626465
0.007,unsat,11.360998630523682
