epsilon,result,runtime
0.265,sat,0.4968256950378418
0.133,sat,0.8519876003265381
0.131,sat,0.7847702503204346
0.063,unsat,3501.2143938541412
0.097,sat,11.357553958892822
0.065,unsat,3525.098150730133
0.081,sat,17.769511461257935
0.079,sat,14.2415030002594
0.07300000000000001,unsat,3542.413441181183
0.07100000000000001,cancelled,3548.6677463054657
0.077,sat,172.07397603988647
0.075,sat,185.61021208763123
