epsilon,result,runtime
0.265,sat,1.0263357162475586
0.133,sat,2.173729419708252
0.131,sat,0.6875569820404053
0.065,unsat,3465.0449419021606
0.063,cancelled,3465.602154970169
0.107,sat,12.877204895019531
0.08700000000000001,unsat,3493.161923646927
0.085,cancelled,3480.4668378829956
0.099,sat,55.35310482978821
0.093,sat,383.7336473464966
0.091,sat,1418.3669350147247
0.089,error,1270.2643008232117
