epsilon,result,runtime
0.133,sat,0.7477078437805176
0.265,cancelled,3.802129030227661
0.08700000000000001,sat,0.8184146881103516
0.043000000000000003,sat,1.3818423748016357
0.041,sat,1.4469363689422607
0.019000000000000003,unsat,7.624194622039795
0.021,unsat,22.27015209197998
0.031,unsat,3515.3665413856506
0.029,cancelled,3500.4500691890717
0.037000000000000005,sat,1.4818828105926514
0.035,sat,3.309910297393799
0.033,sat,2.511478900909424
