epsilon,result,runtime
0.265,sat,0.510263204574585
0.133,sat,0.5009934902191162
0.131,sat,0.4270744323730469
0.065,sat,3.7361910343170166
0.063,sat,1.9879794120788574
0.029,unsat,669.697331905365
0.031,unsat,789.7067492008209
0.047,unsat,3492.162018060684
0.045,cancelled,3376.997607946396
0.057,sat,18.592808723449707
0.051000000000000004,unsat,3508.4820952415466
0.053000000000000005,unsat,3553.566365003586
0.055,sat,25.801844358444214
