epsilon,result,runtime
0.133,sat,0.48752737045288086
0.265,cancelled,3.5219762325286865
0.265,sat,0.47104668617248535
0.08700000000000001,sat,1.077023983001709
0.043000000000000003,unsat,3494.9109761714935
0.041,cancelled,3494.0155835151672
0.07100000000000001,sat,1.7249529361724854
0.057,sat,1.7750098705291748
0.055,sat,2.1231729984283447
0.049,sat,35.020835876464844
0.047,sat,44.60988664627075
0.045,error,344.5900242328644
