epsilon,result,runtime
0.133,sat,0.8142697811126709
0.265,cancelled,4.245366096496582
0.265,sat,0.8469085693359375
0.043000000000000003,sat,0.8494811058044434
0.08700000000000001,cancelled,4.012261867523193
0.027000000000000003,sat,1.7938337326049805
0.011,unsat,6.740957260131836
0.019000000000000003,sat,5.217908143997192
0.013000000000000001,unsat,82.7601809501648
0.017,sat,7.5225653648376465
0.015,unsat,255.36784148216248
