epsilon,result,runtime
0.133,sat,0.46273040771484375
0.265,cancelled,3.399041175842285
0.265,sat,0.4724457263946533
0.08700000000000001,sat,0.4647834300994873
0.043000000000000003,sat,0.4722473621368408
0.041,sat,0.41905999183654785
0.019000000000000003,sat,0.44486331939697266
0.021,cancelled,0.10042047500610352
0.005,unsat,0.5956227779388428
0.011,sat,0.6529171466827393
0.013000000000000001,cancelled,0.07494616508483887
0.009000000000000001,sat,0.6798131465911865
0.007,sat,0.667792558670044
