epsilon,result,runtime
0.265,sat,0.44107532501220703
0.133,sat,0.8022122383117676
0.131,sat,0.4698755741119385
0.063,unsat,3525.3917186260223
0.097,sat,6.963293075561523
0.081,sat,18.920881986618042
0.065,unsat,3562.494786500931
0.07300000000000001,sat,378.46449971199036
0.07100000000000001,sat,527.6680836677551
0.067,unsat,3467.607917070389
0.069,error,3403.844000816345
