epsilon,result,runtime
0.265,sat,0.5274770259857178
0.133,sat,0.8187832832336426
0.131,sat,2.703423261642456
0.063,unsat,3499.1178064346313
0.065,unsat,3541.721581697464
0.097,sat,37.62603807449341
0.099,cancelled,3.5580875873565674
0.085,sat,72.68536877632141
0.075,unsat,3535.9746372699738
0.07300000000000001,cancelled,3463.219582796097
0.081,sat,717.2134656906128
0.079,unsat,3543.092648267746
0.077,cancelled,2825.9669959545135
