epsilon,result,runtime
0.133,sat,0.43578338623046875
0.265,cancelled,3.323866128921509
0.265,sat,0.4476785659790039
0.08700000000000001,sat,0.4462549686431885
0.043000000000000003,unsat,3468.4993929862976
0.041,cancelled,3468.2053804397583
0.07100000000000001,sat,0.7939620018005371
0.057,sat,20.15568971633911
0.055,sat,18.227910041809082
0.047,sat,30.048754692077637
0.049,cancelled,36.30416393280029
0.045,error,323.9213619232178
