epsilon,result,runtime
0.133,sat,0.8453617095947266
0.265,cancelled,4.1328794956207275
0.265,sat,0.8501114845275879
0.08700000000000001,sat,1.7912495136260986
0.043000000000000003,sat,798.2291572093964
0.019000000000000003,unsat,4.1573097705841064
0.041,unsat,3503.6866068840027
0.029,cancelled,2703.4040772914886
