epsilon,result,runtime
0.265,sat,0.5518467426300049
0.133,sat,0.5586848258972168
0.131,sat,0.3773233890533447
0.065,sat,0.6951217651367188
0.031,sat,0.48748111724853516
0.063,cancelled,3.622988700866699
0.063,sat,0.7275993824005127
0.009000000000000001,unsat,0.3402125835418701
0.021,sat,0.9077374935150146
0.013000000000000001,unsat,0.5177946090698242
0.015,unsat,13.252336978912354
0.017,unsat,63.77021598815918
0.019000000000000003,unsat,98.57655930519104
