epsilon,result,runtime
0.265,sat,1.766916036605835
0.133,sat,11.066048383712769
0.131,sat,10.163539409637451
0.063,unsat,3518.348189353943
0.065,unsat,3529.4578404426575
0.099,sat,339.7448613643646
0.097,sat,1390.3472855091095
0.081,unsat,3531.8770372867584
0.079,cancelled,2491.0311257839203
0.08700000000000001,unsat,3476.6069865226746
0.091,unsat,3566.3661239147186
0.095,sat,1836.493414402008
0.093,error,2066.1669619083405
