epsilon,result,runtime
0.265,sat,0.8638222217559814
0.133,sat,3.6043758392333984
0.131,sat,2.413316249847412
0.063,unsat,3463.367270231247
0.065,unsat,3572.1386983394623
0.097,unsat,3460.9524483680725
0.115,sat,32.95748710632324
0.099,unsat,3522.9630558490753
0.107,sat,606.3081407546997
0.10500000000000001,sat,582.596587896347
0.10300000000000001,sat,900.2576823234558
0.101,sat,1015.2339842319489
