epsilon,result,runtime
0.133,sat,0.7613420486450195
0.265,cancelled,4.152076005935669
0.265,sat,0.7468643188476562
0.08700000000000001,sat,22.67326593399048
0.043000000000000003,unsat,3496.5445742607117
0.041,cancelled,3474.068412542343
0.07100000000000001,unsat,3541.895809173584
0.057,cancelled,3545.268568277359
0.077,sat,31.16172981262207
0.081,cancelled,34.45220375061035
0.075,sat,222.68798899650574
0.07300000000000001,error,506.19178795814514
