epsilon,result,runtime
0.133,sat,0.5351760387420654
0.265,cancelled,3.500561475753784
0.08700000000000001,sat,1.128014087677002
