epsilon,result,runtime
0.265,sat,4.600625038146973
0.133,sat,5.7626917362213135
0.131,sat,5.5150933265686035
0.063,unsat,3447.0720920562744
0.097,sat,79.74163031578064
0.065,unsat,3567.9429495334625
0.081,unsat,3239.7564957141876
0.079,cancelled,3221.5424864292145
0.091,sat,163.59297704696655
0.085,sat,634.5503256320953
0.08700000000000001,cancelled,813.2438380718231
0.083,unsat,3388.308937072754
