epsilon,result,runtime
0.265,sat,6.167039155960083
0.133,sat,6.19979453086853
0.131,sat,6.111792802810669
0.063,unsat,3434.2319345474243
0.097,sat,5.803691625595093
0.081,sat,5.510759592056274
0.065,timeout,3600
0.07300000000000001,unsat,3383.824588060379
0.07100000000000001,cancelled,3251.5805990695953
0.077,unsat,2999.4244430065155
0.075,cancelled,3002.9009895324707
0.079,sat,48.39846873283386
