epsilon,result,runtime
0.265,sat,5.849054336547852
0.133,sat,7.4314353466033936
0.131,sat,10.75433349609375
0.063,sat,58.77849197387695
0.065,cancelled,75.13665461540222
0.021,unsat,1761.5101130008698
0.041,timeout,3600
0.043000000000000003,timeout,3600
0.039,unsat,3546.151552915573
0.045,timeout,3600
0.053000000000000005,unsat,3402.883802175522
0.055,unsat,3389.2696611881256
0.059000000000000004,unsat,3556.178186893463
0.057,cancelled,1757.5929641723633
0.061,unsat,3530.723692178726
