epsilon,result,runtime
0.265,sat,1.9713413715362549
0.133,sat,2.2891180515289307
0.131,sat,2.2406041622161865
0.065,sat,2.4829511642456055
0.063,sat,1.6855101585388184
0.031,unsat,3364.6408789157867
0.029,cancelled,3363.6012046337128
0.051000000000000004,sat,69.6065125465393
0.041,unsat,3463.63641500473
0.039,cancelled,3394.2314789295197
0.045,unsat,3423.2864139080048
0.047,timeout,3600
0.049,unsat,3564.8530752658844
