epsilon,result,runtime
0.133,sat,4.510861396789551
0.265,cancelled,8.162319421768188
0.043000000000000003,unsat,3453.340101957321
0.08700000000000001,timeout,3600
0.089,unsat,3423.178736448288
0.085,cancelled,3283.7813744544983
0.117,sat,4.455238580703735
0.101,sat,47.01059317588806
0.10300000000000001,cancelled,58.51727318763733
0.093,unsat,3500.4678106307983
0.095,timeout,3600
0.099,sat,62.98778009414673
0.097,unsat,3586.9209592342377
