epsilon,result,runtime
0.133,sat,2.5937137603759766
0.265,cancelled,5.527045011520386
0.265,sat,2.5961756706237793
0.08700000000000001,sat,2.832594871520996
0.043000000000000003,unsat,3456.1753599643707
0.041,cancelled,3453.6477448940277
0.07100000000000001,sat,4.440652132034302
0.057,sat,71.70986104011536
0.055,sat,360.12472319602966
0.049,timeout,3600
0.047,timeout,3600
0.051000000000000004,timeout,3600
0.045,timeout,3600
0.053000000000000005,unsat,3554.1753606796265
