epsilon,result,runtime
0.265,sat,1.898705244064331
0.133,sat,1.9138495922088623
0.131,sat,1.9394960403442383
0.065,sat,2.9381914138793945
0.031,sat,2.0930795669555664
0.063,cancelled,5.866057872772217
0.009000000000000001,unsat,1.7557642459869385
0.021,unsat,2821.2510380744934
0.019000000000000003,cancelled,2829.043522834778
0.027000000000000003,sat,159.5019347667694
0.023,unsat,3361.513124704361
0.025,unsat,3562.6839294433594
