epsilon,result,runtime
0.265,sat,2.544509172439575
0.133,sat,2.874525547027588
0.131,sat,20.708974361419678
0.065,unsat,2817.158135652542
0.063,cancelled,2796.9541387557983
0.107,sat,50.902527809143066
0.08700000000000001,unsat,3264.016842842102
0.085,cancelled,3213.1693246364594
0.099,unsat,3502.0031061172485
0.093,cancelled,3505.6232154369354
0.101,unsat,3503.0703299045563
0.10300000000000001,unsat,3541.929530620575
0.10500000000000001,sat,54.870283126831055
