epsilon,result,runtime
0.133,sat,2.5985281467437744
0.265,cancelled,5.587578535079956
0.043000000000000003,sat,1.6768085956573486
0.08700000000000001,cancelled,4.3359527587890625
0.013000000000000001,unsat,1.656799554824829
0.027000000000000003,sat,3.642782211303711
0.029,cancelled,1.9380321502685547
0.017,unsat,7.1540751457214355
0.021,unsat,405.87048530578613
0.023,unsat,3562.64306139946
0.025,timeout,3600
