epsilon,result,runtime
0.133,sat,2.5527472496032715
0.265,cancelled,5.469759702682495
0.08700000000000001,sat,2.7030885219573975
0.041,unsat,3382.842489719391
0.065,sat,2.56599497795105
0.053000000000000005,sat,2.735424041748047
0.043000000000000003,timeout,3600
0.047,timeout,3600
0.049,unsat,3556.870332479477
0.045,cancelled,157.3648841381073
0.051000000000000004,unsat,3547.5442910194397
