epsilon,result,runtime
0.265,sat,6.136309862136841
0.133,sat,6.258984565734863
0.065,sat,6.277571439743042
0.131,cancelled,10.014522790908813
0.131,sat,6.268417835235596
0.021,unsat,3.968784809112549
0.041,unsat,3208.4237682819366
0.043000000000000003,unsat,3201.787481069565
0.055,sat,2.746112108230591
0.047,unsat,2972.643159866333
0.053000000000000005,unsat,3457.7848694324493
0.049,cancelled,476.6132879257202
