epsilon,result,runtime
0.265,sat,16.154213905334473
0.131,sat,49.468069076538086
0.133,cancelled,75.36912083625793
0.043000000000000003,unsat,3001.2507491111755
0.085,unsat,3376.9157807826996
0.08700000000000001,timeout,3600
0.109,unsat,3462.1445429325104
0.107,cancelled,244.83362579345703
0.123,sat,2484.805630683899
0.117,timeout,3600
0.115,unsat,3329.8455855846405
0.113,cancelled,2223.6232023239136
0.121,unsat,3548.9356389045715
0.11900000000000001,cancelled,3552.3568818569183
