epsilon,result,runtime
0.133,sat,10.433820009231567
0.265,cancelled,20.126559019088745
0.08700000000000001,unsat,3044.5970253944397
0.043000000000000003,cancelled,3053.9652774333954
0.10300000000000001,sat,7.756872653961182
0.117,cancelled,13.618435144424438
0.117,sat,7.773740768432617
0.093,sat,100.74851417541504
0.097,cancelled,106.2737283706665
0.091,sat,711.6332678794861
0.089,unsat,3336.903300046921
