epsilon,result,runtime
0.265,sat,2.5818052291870117
0.133,sat,2.6707375049591064
0.131,sat,2.5964176654815674
0.065,unsat,3361.5574011802673
0.063,cancelled,3359.2491970062256
0.107,sat,4.526587009429932
0.08700000000000001,sat,4.517123460769653
0.085,sat,4.501673221588135
0.07300000000000001,unsat,3413.1633138656616
0.079,sat,9.01523232460022
0.075,unsat,3461.026779651642
0.077,sat,140.96694350242615
