epsilon,result,runtime
0.265,sat,2.7072434425354004
0.133,sat,2.679152011871338
0.131,sat,7.195183038711548
0.063,unsat,3434.946917295456
0.097,sat,12.578065872192383
0.065,unsat,3537.253499984741
0.081,unsat,3433.9960062503815
0.079,cancelled,3360.2333629131317
0.08700000000000001,timeout,3600
0.091,timeout,3600
0.089,unsat,3262.277629852295
0.085,cancelled,3267.057445526123
0.093,timeout,3600
0.095,timeout,3600
