epsilon,result,runtime
0.133,sat,4.5305585861206055
0.265,cancelled,7.9223105907440186
0.043000000000000003,unsat,2.92221736907959
0.089,unsat,2839.556339740753
0.08700000000000001,cancelled,2849.259064912796
0.117,sat,4.4960618019104
0.10300000000000001,sat,4.4941725730896
0.101,sat,4.30087423324585
0.095,sat,36.36485505104065
0.093,unsat,3510.7295095920563
0.091,cancelled,3482.1412489414215
