epsilon,result,runtime
0.265,sat,4.531039237976074
0.133,sat,4.557262659072876
0.131,sat,4.5437328815460205
0.065,unsat,3333.028193473816
0.063,cancelled,3328.670500278473
0.08700000000000001,sat,4.504103899002075
0.107,cancelled,8.144705533981323
0.079,sat,47.16132187843323
0.07100000000000001,unsat,2807.2473196983337
0.07300000000000001,unsat,3409.840691804886
0.077,sat,35.64515948295593
0.075,unsat,3578.4161932468414
