epsilon,result,runtime
0.133,sat,4.547592401504517
0.265,cancelled,8.38292384147644
0.08700000000000001,sat,4.53197455406189
0.041,unsat,3444.949595451355
0.065,sat,2.690723180770874
0.053000000000000005,sat,2.710312604904175
0.043000000000000003,unsat,3468.3611953258514
0.047,unsat,2672.3902859687805
0.049,unsat,2892.2094988822937
0.051000000000000004,unsat,3592.4925236701965
