epsilon,result,runtime
0.133,sat,4.3632731437683105
0.265,cancelled,6.520357608795166
0.08700000000000001,sat,4.3552916049957275
0.041,unsat,3167.5764544010162
0.043000000000000003,unsat,3326.993616580963
0.065,unsat,3294.638810634613
0.063,cancelled,3146.0669836997986
0.079,sat,7.7687811851501465
0.07300000000000001,unsat,3057.9760637283325
0.07100000000000001,cancelled,3050.3369529247284
0.077,sat,222.2951762676239
0.075,unsat,3250.291620016098
