epsilon,result,runtime
0.265,sat,7.721656799316406
0.133,sat,7.762191295623779
0.131,sat,7.904026508331299
0.063,unsat,3308.6559884548187
0.097,sat,5.99467396736145
0.081,sat,34.68349027633667
0.065,unsat,3452.310479402542
0.07100000000000001,unsat,3370.2921867370605
0.07300000000000001,unsat,3450.358782052994
0.077,unsat,3300.4889829158783
0.075,cancelled,3302.651120185852
0.079,unsat,3283.971527338028
