epsilon,result,runtime
0.133,sat,6.140647888183594
0.265,cancelled,10.5812087059021
0.043000000000000003,unsat,3365.753487586975
0.08700000000000001,timeout,3600
0.089,unsat,3339.472060918808
0.085,cancelled,3118.4119668006897
0.117,sat,7.873323440551758
0.10300000000000001,sat,81.11984586715698
0.101,sat,71.26457357406616
0.095,sat,80.61929631233215
0.091,unsat,3003.9142768383026
0.093,unsat,3379.6690056324005
