epsilon,result,runtime
0.265,sat,10.33015513420105
0.133,sat,10.07649827003479
0.131,sat,9.839449167251587
0.063,unsat,3001.0494816303253
0.097,sat,43.8508083820343
0.081,sat,6.065368413925171
0.065,timeout,3600
0.07300000000000001,unsat,3413.324514389038
0.07100000000000001,cancelled,2912.3283512592316
0.075,unsat,3251.2506334781647
0.079,sat,101.45192837715149
0.077,timeout,3600
