epsilon,result,runtime
0.133,sat,2.415072441101074
0.265,cancelled,5.410401821136475
0.043000000000000003,sat,1.8978853225708008
0.08700000000000001,cancelled,4.626286745071411
0.013000000000000001,sat,2.0366814136505127
0.027000000000000003,cancelled,4.736418008804321
0.003,unsat,1.8210105895996094
0.007,unsat,4.022813081741333
0.011,sat,2.088540554046631
0.009000000000000001,unsat,7.229498386383057
