epsilon,result,runtime
0.265,sat,9.507810831069946
0.133,sat,17.24561071395874
0.131,sat,7.559481620788574
0.063,unsat,3142.318905353546
0.065,unsat,3407.1120522022247
0.099,unsat,3227.9360065460205
0.097,cancelled,3491.404596567154
0.11900000000000001,sat,64.21443796157837
0.109,sat,118.0033495426178
0.10300000000000001,sat,82.1503381729126
0.107,cancelled,141.33067226409912
0.101,timeout,3600
