epsilon,result,runtime
0.265,sat,12.417125940322876
0.133,sat,112.94906783103943
0.131,sat,254.0025713443756
0.065,unsat,3193.2487304210663
0.063,cancelled,3040.895384311676
0.08700000000000001,unsat,3120.4500529766083
0.107,timeout,3600
0.109,unsat,3266.116381883621
0.111,unsat,3226.891679048538
0.121,unsat,2974.45610499382
0.11900000000000001,cancelled,2544.793132543564
0.127,unsat,3265.6486887931824
0.125,cancelled,3271.675380706787
0.129,timeout,3600
