epsilon,result,runtime
0.265,sat,9.234587907791138
0.133,unsat,3296.483222961426
0.131,cancelled,3287.2875175476074
0.219,sat,7.610458612442017
0.177,sat,7.740941762924194
0.17500000000000002,sat,8.036254405975342
0.155,sat,94.56997609138489
0.153,sat,754.2550427913666
0.14300000000000002,unsat,3353.227387189865
0.14100000000000001,cancelled,2717.883147239685
0.149,sat,139.14481496810913
0.147,sat,316.64805126190186
0.14500000000000002,timeout,3600
