epsilon,result,runtime
0.133,sat,4.499263048171997
0.265,cancelled,8.13325572013855
0.08700000000000001,sat,4.503551959991455
0.043000000000000003,unsat,3312.4031863212585
0.041,cancelled,3307.8346729278564
0.07100000000000001,unsat,3459.9170899391174
0.057,cancelled,3463.4470233917236
0.077,sat,42.04648160934448
0.081,cancelled,45.317853689193726
0.075,timeout,3600
0.07300000000000001,timeout,3600
