epsilon,result,runtime
0.133,sat,4.363321781158447
0.265,cancelled,7.347816705703735
0.08700000000000001,sat,4.540708303451538
0.043000000000000003,sat,4.56704568862915
0.041,sat,4.458969354629517
0.021,sat,15.029893398284912
0.009000000000000001,unsat,2.885983943939209
0.013000000000000001,unsat,194.00401902198792
0.015,unsat,331.4253468513489
0.019000000000000003,unsat,3530.4619841575623
0.017,cancelled,2967.2929191589355
