epsilon,result,runtime
0.133,sat,4.47355580329895
0.265,cancelled,8.193065404891968
0.08700000000000001,unsat,3356.0795607566833
0.043000000000000003,cancelled,3359.4521861076355
0.117,sat,4.459716081619263
0.10300000000000001,sat,4.446681261062622
0.101,sat,4.391779661178589
0.093,sat,29.774643898010254
0.095,cancelled,25.41202712059021
0.091,sat,54.10651898384094
0.089,sat,70.70231938362122
