epsilon,result,runtime
0.133,sat,7.873225927352905
0.265,cancelled,13.633517503738403
0.08700000000000001,sat,7.536675453186035
0.043000000000000003,sat,7.57449197769165
0.041,sat,7.5680131912231445
0.019000000000000003,sat,7.664492607116699
0.021,cancelled,0.3313560485839844
0.005,sat,6.895107269287109
0.011,cancelled,11.583722591400146
0.001,unsat,5.132664203643799
0.003,sat,5.5253612995147705
