epsilon,result,runtime
0.265,sat,5.662168025970459
0.133,sat,5.737683296203613
0.065,sat,8.008088111877441
0.131,cancelled,12.960678577423096
0.021,sat,5.78531289100647
0.041,cancelled,10.563031196594238
0.007,unsat,4.935100317001343
0.013000000000000001,unsat,166.45457077026367
0.015,unsat,1072.147329568863
0.019000000000000003,sat,14.468498706817627
0.017,unsat,3401.985071182251
