epsilon,result,runtime
0.133,sat,6.115832567214966
0.265,cancelled,10.257795333862305
0.265,sat,6.259808301925659
0.043000000000000003,unsat,10.456670761108398
0.08700000000000001,unsat,3383.2307057380676
0.111,sat,23.031948804855347
0.089,timeout,3600
0.099,unsat,3155.405401945114
0.10500000000000001,sat,35.44869661331177
0.101,unsat,3355.2848591804504
0.10300000000000001,unsat,3563.201970100403
