epsilon,result,runtime
0.265,sat,4.4874536991119385
0.133,sat,12.346115112304688
0.131,sat,4.35206937789917
0.065,sat,70.20210981369019
0.063,sat,78.12088322639465
0.031,unsat,2968.956351041794
0.029,cancelled,2965.500024795532
0.051000000000000004,unsat,3222.777018547058
0.041,cancelled,3226.354491710663
0.055,unsat,3376.5150208473206
0.057,unsat,3378.9850521087646
0.061,unsat,3228.1639652252197
0.059000000000000004,cancelled,3233.6424040794373
