epsilon,result,runtime
0.133,sat,2.6636905670166016
0.265,cancelled,5.646551609039307
0.08700000000000001,sat,5.338266372680664
0.041,unsat,2945.6801431179047
0.065,sat,2.630969285964966
0.053000000000000005,sat,2.639695167541504
0.043000000000000003,unsat,3343.153161764145
0.047,unsat,3563.970346927643
0.051000000000000004,sat,55.011727809906006
0.049,unsat,3562.579436779022
