epsilon,result,runtime
0.133,sat,2.6252312660217285
0.265,cancelled,5.5861735343933105
0.08700000000000001,sat,19.196913719177246
0.043000000000000003,unsat,3437.75607919693
0.041,cancelled,3418.6835520267487
0.057,unsat,3132.8701770305634
0.07100000000000001,timeout,3600
0.07300000000000001,timeout,3600
0.069,timeout,3600
0.075,unsat,3544.837970495224
0.067,cancelled,3086.5509662628174
0.081,sat,53.68217468261719
0.077,unsat,3535.3546504974365
0.079,timeout,3600
