epsilon,result,runtime
0.265,sat,2.6384193897247314
0.133,sat,2.7332026958465576
0.131,sat,2.612218141555786
0.063,unsat,3398.935125350952
0.065,unsat,3445.137496471405
0.099,sat,43.22728896141052
0.097,unsat,2853.153633594513
0.081,cancelled,2769.712508916855
