epsilon,result,runtime
0.265,sat,4.642505407333374
0.131,sat,6.161480665206909
0.133,cancelled,20.345681190490723
0.085,unsat,3475.4680075645447
0.043000000000000003,cancelled,3480.4642713069916
0.115,sat,7.795274257659912
0.101,sat,26.182860851287842
0.099,sat,67.22273445129395
0.093,sat,26.986418962478638
0.091,sat,88.69104814529419
0.08700000000000001,sat,33.695265769958496
0.089,cancelled,36.24185371398926
