epsilon,result,runtime
0.265,sat,2.605457305908203
0.133,sat,2.6681129932403564
0.131,sat,2.252894163131714
0.065,sat,21.416964054107666
0.063,sat,18.252886056900024
0.031,unsat,3340.4206595420837
0.029,cancelled,3341.483223438263
0.051000000000000004,unsat,3105.726836204529
0.041,cancelled,3109.0751707553864
0.057,unsat,3255.398814678192
0.055,cancelled,3259.062973499298
0.061,sat,22.18359899520874
0.059000000000000004,unsat,3569.0213997364044
