epsilon,result,runtime
0.265,sat,9.267205953598022
0.131,sat,9.336760759353638
0.133,cancelled,35.370874643325806
0.043000000000000003,unsat,3196.45454955101
0.085,unsat,3448.904731988907
0.109,sat,15.847511768341064
0.097,sat,75.88931632041931
0.08700000000000001,unsat,3132.8938636779785
0.091,unsat,3493.663349866867
0.093,unsat,3537.723785877228
0.095,unsat,3146.3868324756622
