epsilon,result,runtime
0.265,sat,7.754613399505615
0.133,sat,7.788297176361084
0.131,sat,7.817143440246582
0.065,unsat,3083.126135110855
0.063,cancelled,3075.6719088554382
0.107,sat,7.944399833679199
0.08700000000000001,sat,53.698835134506226
0.085,sat,103.56374931335449
0.07300000000000001,unsat,3287.7612693309784
0.075,unsat,3369.869937181473
0.079,unsat,3353.440451860428
0.083,sat,49.47832131385803
0.081,unsat,3447.0849664211273
