epsilon,result,runtime
0.265,sat,4.510591506958008
0.133,sat,4.523292779922485
0.131,sat,4.52839732170105
0.065,unsat,3398.452341079712
0.063,cancelled,3394.16104722023
0.08700000000000001,sat,4.495001792907715
0.107,cancelled,8.092445135116577
0.079,sat,19.919268131256104
0.07300000000000001,unsat,3110.3733031749725
0.07100000000000001,cancelled,3090.197402238846
0.075,sat,5.942277908325195
0.077,cancelled,9.584097623825073
