epsilon,result,runtime
0.133,sat,6.188287973403931
0.265,cancelled,10.214977025985718
0.043000000000000003,unsat,36.55761981010437
0.089,unsat,2806.552038669586
0.08700000000000001,cancelled,2851.9971754550934
0.117,sat,6.535318374633789
0.10300000000000001,sat,20.44937229156494
0.101,sat,49.307212352752686
0.095,timeout,3600
0.093,timeout,3600
0.097,sat,109.33382248878479
0.091,unsat,3399.568482875824
