epsilon,result,runtime
0.133,sat,5.667467832565308
0.265,cancelled,10.096953392028809
0.08700000000000001,sat,6.242291688919067
0.041,unsat,2985.741772413254
0.065,sat,6.082460641860962
0.053000000000000005,sat,235.40583539009094
0.043000000000000003,unsat,3343.6721127033234
0.047,unsat,3129.8825879096985
0.049,unsat,3325.7478885650635
0.051000000000000004,timeout,3600
