epsilon,result,runtime
0.265,sat,2.3413867950439453
0.133,sat,2.5770676136016846
0.131,sat,2.21633243560791
0.065,sat,2.3498761653900146
0.063,sat,2.371098279953003
0.031,unsat,2691.5883281230927
0.029,cancelled,2689.621864080429
0.051000000000000004,sat,4.516449451446533
0.041,sat,2154.843627691269
0.039,unsat,3477.654777765274
0.035,cancelled,1330.904000043869
