epsilon,result,runtime
0.265,sat,2.0101146697998047
0.133,sat,2.384730577468872
0.131,sat,2.2323970794677734
0.065,sat,2.251572608947754
0.063,sat,1.6427035331726074
0.031,sat,2.2167649269104004
0.029,sat,0.8272547721862793
0.013000000000000001,unsat,247.60497522354126
0.021,sat,9.054794549942017
0.015,unsat,3375.712901830673
0.017,unsat,3556.0236563682556
0.019000000000000003,unsat,3579.993875980377
