epsilon,result,runtime
0.133,sat,6.186574697494507
0.265,cancelled,8.722254514694214
0.08700000000000001,sat,6.175779104232788
0.043000000000000003,timeout,3600
0.041,timeout,3600
0.045,unsat,2978.856692790985
0.039,cancelled,2976.0052285194397
0.059000000000000004,sat,7.684464931488037
0.07100000000000001,cancelled,10.986855745315552
0.049,unsat,2962.3564944267273
0.055,sat,97.95502543449402
0.053000000000000005,unsat,3402.4140346050262
0.051000000000000004,cancelled,337.32850527763367
