epsilon,result,runtime
0.265,sat,2.5942771434783936
0.133,sat,2.646775960922241
0.131,sat,2.447026491165161
0.065,sat,2.6319150924682617
0.063,sat,2.543330192565918
0.031,sat,3.9689273834228516
0.029,sat,0.984971284866333
0.013000000000000001,unsat,5.38873028755188
0.015,unsat,706.5959348678589
0.021,unsat,3561.9115347862244
0.025,sat,10.207226991653442
0.023,unsat,3578.8815195560455
