epsilon,result,runtime
0.265,sat,3.325953960418701
0.133,sat,3.34033465385437
0.089,sat,3.3737688064575195
0.045,sat,4.08319878578186
0.043000000000000003,sat,3.1283469200134277
0.021,sat,4.314594745635986
0.019000000000000003,sat,3.9387567043304443
0.009000000000000001,sat,2.8423779010772705
0.007,sat,2.527238368988037
0.003,sat,2.617840051651001
0.001,unsat,2.0630619525909424
