epsilon,result,runtime
0.265,sat,6.192959308624268
0.133,sat,10.93297028541565
0.131,sat,29.643874645233154
0.065,sat,74.3251256942749
0.063,sat,73.92918086051941
0.031,unsat,3323.620372772217
0.029,cancelled,3299.732663631439
0.051000000000000004,unsat,3156.2571477890015
0.041,cancelled,3162.3725757598877
0.057,unsat,3403.5863287448883
0.055,cancelled,3409.6149451732635
0.061,timeout,3600
0.059000000000000004,timeout,3600
