epsilon,result,runtime
0.133,sat,4.535575866699219
0.265,cancelled,8.440850734710693
0.043000000000000003,unsat,2.947593927383423
0.089,sat,4.536787986755371
0.08700000000000001,sat,50.059208154678345
0.063,unsat,3281.9424064159393
0.065,unsat,3323.428461074829
0.075,unsat,3430.3762390613556
0.077,unsat,3464.5497074127197
0.081,unsat,3376.6960093975067
0.083,unsat,3471.728093624115
0.085,unsat,3551.196353197098
