epsilon,result,runtime
0.265,sat,2.792189359664917
0.133,sat,2.812548875808716
0.131,sat,2.5487048625946045
0.065,sat,2.563903331756592
0.063,sat,2.4666690826416016
0.029,unsat,16.234167337417603
0.031,unsat,24.56855535507202
0.045,unsat,2901.1048307418823
0.047,unsat,3507.0820598602295
0.055,sat,1519.8930022716522
0.053000000000000005,unsat,3138.4765405654907
0.049,cancelled,2220.9898512363434
