epsilon,result,runtime
0.133,sat,6.282019853591919
0.265,cancelled,8.670471668243408
0.08700000000000001,sat,5.996781349182129
0.043000000000000003,unsat,3313.908525943756
0.041,cancelled,3307.9221708774567
0.07100000000000001,sat,6.137019157409668
0.057,unsat,3072.506956577301
0.055,cancelled,3066.545138835907
0.065,timeout,3600
0.061,timeout,3600
0.063,unsat,3243.1224546432495
0.069,sat,26.44370937347412
0.067,timeout,3600
