epsilon,result,runtime
0.133,sat,2.6290953159332275
0.265,sat,2.681165933609009
0.265,cancelled,5.587626934051514
0.043000000000000003,unsat,1.6494801044464111
0.08700000000000001,timeout,3600
0.089,timeout,3600
0.091,unsat,3470.6521956920624
0.085,cancelled,3480.333682537079
0.117,unsat,3138.8675644397736
0.10500000000000001,cancelled,3142.6292629241943
0.123,sat,42.065545082092285
0.127,cancelled,45.638596534729004
0.11900000000000001,unsat,3403.8390159606934
0.121,unsat,3407.8608973026276
