epsilon,result,runtime
0.265,sat,4.51788067817688
0.133,sat,4.585680961608887
0.131,sat,4.440921068191528
0.063,unsat,3179.0181846618652
0.097,sat,2.500016450881958
0.081,sat,30.964080572128296
0.065,unsat,3364.8828241825104
0.07100000000000001,unsat,3212.246779203415
0.07300000000000001,unsat,3550.33566904068
0.077,unsat,3444.42520236969
0.075,cancelled,3247.722227573395
0.079,unsat,3577.7378735542297
