epsilon,result,runtime
0.265,sat,3.347701072692871
0.133,sat,3.3691020011901855
0.131,sat,3.1257476806640625
0.063,sat,85.84027123451233
0.065,cancelled,95.93039608001709
0.021,unsat,10.36552381515503
0.041,unsat,3242.374172925949
0.043000000000000003,unsat,3314.79017829895
0.053000000000000005,sat,87.33229565620422
0.051000000000000004,sat,142.71337866783142
0.045,unsat,3372.748762369156
0.047,timeout,3600
0.049,unsat,3570.362906217575
