epsilon,result,runtime
0.133,sat,2.57138729095459
0.265,cancelled,5.583893060684204
0.08700000000000001,sat,2.793879747390747
0.043000000000000003,unsat,3252.713975906372
0.041,cancelled,3249.935625553131
0.07100000000000001,sat,4.152219295501709
0.055,unsat,3070.092717409134
0.063,sat,23.913390398025513
0.057,timeout,3600
0.061,sat,85.3762879371643
0.059000000000000004,unsat,3553.510064125061
