epsilon,result,runtime
0.265,sat,2.7161624431610107
0.133,sat,26.528542280197144
0.131,sat,21.351816654205322
0.065,unsat,3433.862830877304
0.063,cancelled,3436.4022891521454
0.08700000000000001,unsat,3369.6907629966736
0.107,timeout,3600
0.109,unsat,2682.6967375278473
0.111,unsat,3336.7774114608765
0.121,unsat,3527.0648522377014
0.11900000000000001,cancelled,2648.3792836666107
0.127,sat,46.793577909469604
0.125,sat,335.36442470550537
0.123,unsat,3591.32794213295
