epsilon,result,runtime
0.133,sat,7.613326787948608
0.265,cancelled,10.480921506881714
0.043000000000000003,unsat,6.2544896602630615
0.08700000000000001,unsat,3003.387231349945
0.111,sat,5.899716377258301
0.089,unsat,3005.9483535289764
0.101,sat,6.291515111923218
0.099,sat,22.21353578567505
0.095,sat,103.6046495437622
0.093,sat,352.0168092250824
0.091,unsat,3149.341414451599
