epsilon,result,runtime
0.133,sat,6.199467897415161
0.265,cancelled,8.543649435043335
0.265,sat,6.227818965911865
0.08700000000000001,sat,6.179264545440674
0.041,unsat,581.609543800354
0.065,sat,5.734966993331909
0.043000000000000003,unsat,3073.9926629066467
0.053000000000000005,unsat,3046.0244579315186
0.059000000000000004,sat,44.85462808609009
0.057,sat,39.290605783462524
0.055,unsat,3335.582028388977
