epsilon,result,runtime
0.265,sat,2.3007497787475586
0.133,sat,2.5812971591949463
0.131,sat,2.5956130027770996
0.065,sat,2.627636671066284
0.063,sat,2.290573835372925
0.031,sat,2.007540464401245
0.013000000000000001,unsat,1.7009522914886475
0.029,sat,2.9786643981933594
0.019000000000000003,unsat,94.85063242912292
0.025,unsat,3424.529176235199
0.021,cancelled,3526.963600873947
0.027000000000000003,sat,37.29736351966858
