epsilon,result,runtime
0.265,sat,2.615478992462158
0.133,sat,2.7099826335906982
0.131,sat,2.3222854137420654
0.065,unsat,2975.2629430294037
0.063,cancelled,2973.0406069755554
0.107,sat,61.1921923160553
0.085,unsat,3379.9169538021088
0.08700000000000001,timeout,3600
0.097,sat,693.8873450756073
0.095,unsat,3548.2870104312897
0.091,cancelled,3005.91340303421
