epsilon,result,runtime
0.265,sat,2.6010069847106934
0.133,sat,2.7234363555908203
0.131,sat,2.555388927459717
0.063,unsat,3192.8038895130157
0.097,sat,2.7240383625030518
0.081,sat,2.616988182067871
0.07300000000000001,sat,2.68353271484375
0.069,sat,44.40811562538147
0.065,unsat,3468.186420440674
0.067,unsat,3581.277683734894
