epsilon,result,runtime
0.133,sat,6.054030895233154
0.265,cancelled,8.55289888381958
0.08700000000000001,sat,6.045792818069458
0.043000000000000003,sat,6.0882017612457275
0.041,sat,5.851834774017334
0.021,sat,4.64423680305481
0.009000000000000001,unsat,3.8224375247955322
0.013000000000000001,unsat,3.7883801460266113
0.015,unsat,21.108466863632202
0.017,unsat,247.26437783241272
0.019000000000000003,unsat,3479.077564239502
