epsilon,result,runtime
0.133,sat,7.694844961166382
0.265,cancelled,13.725953817367554
0.08700000000000001,sat,7.914968490600586
0.041,unsat,2988.865044593811
0.043000000000000003,unsat,3245.0708389282227
0.065,unsat,3322.6812314987183
0.063,cancelled,3089.058260202408
0.079,sat,7.89619255065918
0.07300000000000001,sat,15.024258136749268
0.07100000000000001,timeout,3600
0.067,timeout,3600
0.069,unsat,3275.092057466507
