epsilon,result,runtime
0.265,sat,6.1852805614471436
0.133,sat,6.276196718215942
0.131,sat,6.221213102340698
0.065,unsat,3362.5318088531494
0.063,cancelled,3356.469787120819
0.107,sat,21.895963430404663
0.08700000000000001,unsat,3383.610463619232
0.085,cancelled,3361.780900478363
0.093,unsat,3404.9355032444
0.101,sat,18.79607844352722
0.099,timeout,3600
0.095,timeout,3600
0.097,timeout,3600
