epsilon,result,runtime
0.265,sat,2.514458417892456
0.133,sat,2.6610846519470215
0.131,sat,2.2068355083465576
0.065,unsat,3441.0162341594696
0.063,cancelled,3439.0818614959717
0.08700000000000001,sat,4.543057203292847
0.107,cancelled,7.94676399230957
0.107,sat,4.541914701461792
0.07300000000000001,unsat,3490.7325387001038
0.081,sat,26.517237186431885
0.079,timeout,3600
0.077,unsat,3500.9949996471405
0.075,cancelled,3581.7758367061615
