epsilon,result,runtime
0.133,sat,4.511719703674316
0.265,cancelled,8.123747825622559
0.08700000000000001,sat,29.221770763397217
0.041,unsat,3223.5876548290253
0.043000000000000003,timeout,3600
0.065,timeout,3600
0.063,unsat,3510.3323106765747
0.067,timeout,3600
0.077,timeout,3600
0.079,sat,280.3974871635437
0.07100000000000001,unsat,2811.479201078415
0.075,unsat,3371.511237859726
0.07300000000000001,cancelled,16.709203004837036
