epsilon,result,runtime
0.133,sat,2.771109104156494
0.265,cancelled,5.840938329696655
0.08700000000000001,unsat,3179.398453950882
0.043000000000000003,cancelled,3182.8409020900726
0.117,sat,4.507584571838379
0.101,sat,40.98671579360962
0.10300000000000001,cancelled,52.470674991607666
0.095,sat,76.75143790245056
0.091,unsat,2805.809821367264
0.089,cancelled,2729.1398952007294
0.093,sat,129.7859079837799
