epsilon,result,runtime
0.133,sat,4.43268895149231
0.265,cancelled,7.899501800537109
0.043000000000000003,sat,4.51855993270874
0.08700000000000001,cancelled,7.455923318862915
0.027000000000000003,sat,4.571476697921753
0.011,unsat,3.017184257507324
0.013000000000000001,unsat,58.50551891326904
0.021,unsat,3370.0567717552185
0.019000000000000003,cancelled,3422.085732460022
0.025,sat,5.814971685409546
0.023,sat,12.773191452026367
