epsilon,result,runtime
0.265,sat,2.0720343589782715
0.133,sat,2.3278250694274902
0.131,sat,2.2182178497314453
0.065,sat,2.397322177886963
0.063,sat,2.3286354541778564
0.031,sat,2.0046215057373047
0.029,sat,1.6592111587524414
0.013000000000000001,unsat,1.7622861862182617
0.015,unsat,34.216557025909424
0.023,sat,2.6342551708221436
0.017,unsat,3388.5598380565643
0.021,unsat,3455.044986009598
0.019000000000000003,cancelled,23.319193124771118
