epsilon,result,runtime
0.265,sat,4.195704936981201
0.133,sat,7.468777179718018
0.131,sat,14.47042202949524
0.063,unsat,3166.874971628189
0.097,sat,9.447951555252075
0.065,unsat,3354.3313086032867
0.081,unsat,2825.510886192322
0.079,cancelled,2669.9637093544006
0.08700000000000001,sat,83.42143416404724
0.091,cancelled,86.963782787323
0.083,sat,23.551679849624634
0.085,cancelled,27.65746283531189
