epsilon,result,runtime
0.265,sat,6.080486536026001
0.133,sat,6.168673753738403
0.131,sat,6.194280385971069
0.065,sat,60.75379657745361
0.063,unsat,3161.417112827301
0.031,cancelled,3112.0800290107727
