epsilon,result,runtime
0.265,sat,27.483957529067993
0.133,sat,27.734230518341064
0.131,sat,26.21110987663269
0.065,unsat,2802.98472738266
0.063,cancelled,2776.8848519325256
0.107,sat,38.72633504867554
0.08700000000000001,sat,2340.7113122940063
0.085,unsat,2946.5895347595215
0.075,cancelled,660.9374673366547
