epsilon,result,runtime
0.265,sat,27.34430742263794
0.133,sat,39.19260573387146
0.131,sat,38.48848867416382
0.065,unsat,3371.935690164566
0.063,cancelled,3342.998676776886
0.107,sat,1763.2019772529602
0.08700000000000001,unsat,3429.9237039089203
0.085,cancelled,1666.7280368804932
0.093,unsat,3449.7791192531586
0.099,unsat,3480.679658651352
0.101,unsat,3409.2497503757477
0.10300000000000001,unsat,3441.655419588089
0.10500000000000001,unsat,3299.734339952469
