epsilon,result,runtime
0.265,sat,24.722472190856934
0.133,sat,647.3270337581635
0.131,sat,610.9976568222046
0.065,unsat,3237.456350326538
0.063,cancelled,3244.5152826309204
0.107,sat,2556.1929087638855
0.08700000000000001,timeout,3600
0.085,unsat,3536.9779472351074
0.083,cancelled,2517.1953313350677
0.093,timeout,3600
0.099,timeout,3600
0.095,unsat,2653.9398698806763
0.097,timeout,3600
0.10300000000000001,timeout,3600
0.101,timeout,3600
0.10500000000000001,timeout,3600
