epsilon,result,runtime
0.133,sat,21.906184196472168
0.265,cancelled,36.1731059551239
0.043000000000000003,sat,18.717243432998657
0.08700000000000001,cancelled,31.267288208007812
0.027000000000000003,sat,71.66908168792725
0.011,unsat,3398.572467327118
0.013000000000000001,timeout,3600
0.019000000000000003,timeout,3600
0.021,unsat,3527.3268263339996
0.017,cancelled,35.72160506248474
0.025,sat,175.35337781906128
0.023,sat,367.81054306030273
