epsilon,result,runtime
0.265,sat,21.701308965682983
0.133,sat,21.91768789291382
0.131,sat,13.534492492675781
0.065,sat,23.413440942764282
0.063,sat,19.92793607711792
0.029,unsat,2783.7558014392853
0.031,unsat,2901.402461528778
0.047,sat,111.14161133766174
0.045,sat,682.231294631958
0.037000000000000005,unsat,3339.8433594703674
0.039,unsat,3103.126345872879
0.043000000000000003,sat,901.657069683075
0.041,timeout,3600
