epsilon,result,runtime
0.133,sat,19.87421464920044
0.265,cancelled,38.060030698776245
0.08700000000000001,timeout,3600
0.043000000000000003,timeout,3600
0.067,unsat,3386.504817724228
0.065,cancelled,3407.1976342201233
0.111,sat,83.40640950202942
0.091,unsat,2874.1013400554657
0.089,cancelled,2790.8457221984863
0.10300000000000001,sat,225.3381209373474
0.095,sat,1206.240082025528
0.097,cancelled,1483.9858055114746
0.093,timeout,3600
