epsilon,result,runtime
0.265,sat,25.85504150390625
0.133,sat,446.6100959777832
0.131,sat,489.38407588005066
0.065,unsat,2811.0860300064087
0.063,cancelled,2745.167290687561
0.107,sat,2234.690784931183
0.08700000000000001,unsat,3481.711438894272
0.085,cancelled,1247.723581790924
0.099,unsat,3287.0177986621857
0.093,cancelled,3313.4988265037537
0.10300000000000001,sat,3158.0327730178833
0.101,timeout,3600
