epsilon,result,runtime
0.265,sat,26.53894591331482
0.133,sat,27.201317310333252
0.131,sat,23.407268524169922
0.065,sat,24.578371047973633
0.063,sat,26.86003065109253
0.029,unsat,3038.022584915161
0.047,sat,23.12779426574707
0.039,sat,389.64356327056885
0.031,timeout,3600
0.035,sat,1397.752958536148
0.033,timeout,3600
