epsilon,result,runtime
0.133,sat,16.166978359222412
0.265,cancelled,35.83836483955383
0.08700000000000001,unsat,3220.720051050186
0.043000000000000003,cancelled,3231.3736143112183
0.117,sat,21.855821132659912
0.10300000000000001,sat,564.4855291843414
0.101,sat,556.6045572757721
0.095,unsat,3188.369244337082
0.093,cancelled,3244.554749727249
0.099,unsat,2924.5131697654724
0.097,cancelled,2953.300332069397
