epsilon,result,runtime
0.265,sat,17.27752923965454
0.133,sat,18.770987033843994
0.131,sat,17.178406715393066
0.065,sat,809.590080499649
0.063,sat,903.3342230319977
0.031,timeout,3600
0.029,timeout,3600
0.027000000000000003,unsat,2728.6994590759277
0.033,unsat,3017.521958589554
0.049,unsat,3392.6203565597534
0.047,cancelled,3571.1010267734528
0.057,unsat,3504.8138892650604
0.053000000000000005,cancelled,3527.3478775024414
0.061,sat,1831.7994267940521
0.059000000000000004,timeout,3600
