epsilon,result,runtime
0.265,sat,19.63340425491333
0.133,sat,21.209532737731934
0.131,sat,17.102600812911987
0.065,sat,17.930652379989624
0.063,sat,22.305442094802856
0.029,unsat,2618.6565883159637
0.031,timeout,3600
0.047,timeout,3600
0.049,sat,521.3794188499451
0.045,timeout,3600
0.037000000000000005,unsat,3257.8850066661835
0.039,unsat,3280.932619571686
0.041,unsat,3460.955042362213
0.043000000000000003,unsat,3204.766899585724
