epsilon,result,runtime
0.133,sat,21.821882247924805
0.265,cancelled,39.82819676399231
0.08700000000000001,sat,127.80268907546997
0.043000000000000003,timeout,3600
0.041,timeout,3600
0.039,unsat,3150.660528421402
0.045,unsat,3456.219869852066
0.065,sat,1097.1683294773102
0.067,cancelled,944.124561548233
0.057,sat,1603.741951227188
0.051000000000000004,unsat,3416.7430069446564
0.049,cancelled,1815.9155986309052
0.055,sat,1753.452302455902
0.053000000000000005,timeout,3600
