epsilon,result,runtime
0.265,sat,21.041590929031372
0.133,sat,21.058168172836304
0.131,sat,21.68632221221924
0.065,sat,22.047938585281372
0.063,sat,19.585890293121338
0.031,sat,79.87270641326904
0.029,sat,130.9861512184143
0.015,unsat,2922.3818078041077
0.013000000000000001,cancelled,3037.5617451667786
0.019000000000000003,unsat,3138.39994597435
0.023,timeout,3600
0.025,timeout,3600
0.021,unsat,3170.395646572113
0.027000000000000003,sat,930.2600531578064
