epsilon,result,runtime
0.133,sat,15.729118347167969
0.265,cancelled,33.960756063461304
0.08700000000000001,sat,17.014660835266113
0.043000000000000003,sat,179.22349953651428
0.041,sat,259.49055075645447
0.019000000000000003,timeout,3600
0.021,timeout,3600
0.023,unsat,2956.5726540088654
0.017,cancelled,3100.76646232605
0.029,unsat,3402.4920933246613
0.033,timeout,3600
0.037000000000000005,sat,864.5380022525787
0.035,unsat,3576.8465638160706
0.031,cancelled,2526.380269765854
