epsilon,result,runtime
0.265,sat,32.42146301269531
0.133,sat,31.99057364463806
0.131,sat,32.997867822647095
0.065,sat,633.4033448696136
0.063,unsat,3283.793352842331
0.031,cancelled,2705.11439538002
