epsilon,result,runtime
0.133,sat,23.609760284423828
0.265,cancelled,47.58125948905945
0.08700000000000001,timeout,3600
0.043000000000000003,timeout,3600
0.067,unsat,3195.0663146972656
0.065,cancelled,3205.3277785778046
0.111,sat,443.73092818260193
0.091,unsat,3436.2063624858856
0.089,cancelled,2993.334219455719
0.097,sat,379.48692655563354
0.10300000000000001,cancelled,400.9263756275177
0.095,sat,440.4544343948364
0.093,sat,1058.7775592803955
