epsilon,result,runtime
0.265,sat,22.37014651298523
0.133,sat,22.67438268661499
0.131,sat,23.228188276290894
0.065,sat,23.123308897018433
0.063,sat,15.668887615203857
0.031,timeout,3600
0.029,timeout,3600
0.027000000000000003,unsat,3287.2462475299835
0.033,timeout,3600
0.047,timeout,3600
0.049,unsat,3343.759949207306
0.045,cancelled,30.049431800842285
0.057,sat,400.7749397754669
0.053000000000000005,sat,1189.0728704929352
0.051000000000000004,sat,1536.4207372665405
