epsilon,result,runtime
0.133,sat,16.962433099746704
0.265,cancelled,32.15414047241211
0.043000000000000003,sat,14.895829916000366
0.08700000000000001,cancelled,29.897358655929565
0.027000000000000003,sat,13.960677146911621
0.013000000000000001,unsat,3201.4691236019135
0.011,cancelled,3188.070590734482
0.021,sat,117.31274557113647
0.017,timeout,3600
0.015,timeout,3600
0.019000000000000003,timeout,3600
