epsilon,result,runtime
0.133,sat,28.393264293670654
0.265,cancelled,45.123191595077515
0.08700000000000001,sat,27.23470640182495
0.043000000000000003,sat,26.895026445388794
0.041,sat,28.769901275634766
0.019000000000000003,unsat,2900.640664100647
0.031,sat,166.8469626903534
0.021,timeout,3600
0.025,timeout,3600
0.027000000000000003,timeout,3600
0.029,sat,238.72169756889343
0.023,timeout,3600
