epsilon,result,runtime
0.265,sat,12.660409927368164
0.133,sat,19.11683750152588
0.131,sat,19.45383596420288
0.065,sat,21.14639377593994
0.063,sat,50.32563257217407
0.031,timeout,3600
0.029,timeout,3600
0.033,unsat,3218.654496192932
0.027000000000000003,cancelled,3179.292767047882
0.043000000000000003,unsat,3131.949466943741
0.051000000000000004,timeout,3600
0.055,sat,536.0763692855835
0.053000000000000005,timeout,3600
0.047,timeout,3600
0.045,timeout,3600
0.049,unsat,3378.2918848991394
