epsilon,result,runtime
0.265,sat,15.510412216186523
0.133,sat,21.109190464019775
0.131,sat,14.063824653625488
0.065,sat,20.907905340194702
0.063,sat,16.491392850875854
0.031,sat,17.438299894332886
0.029,sat,17.241531133651733
0.013000000000000001,unsat,3387.5234911441803
0.021,sat,44.55490517616272
0.015,timeout,3600
0.019000000000000003,sat,87.57235336303711
0.017,timeout,3600
