epsilon,result,runtime
0.265,sat,22.944113969802856
0.133,sat,23.15439009666443
0.131,sat,23.963387489318848
0.065,sat,473.53840589523315
0.063,sat,485.92943716049194
0.029,unsat,3172.7225937843323
0.031,unsat,3301.6776084899902
0.045,unsat,3150.5133917331696
0.047,timeout,3600
0.055,sat,1060.4705357551575
0.053000000000000005,sat,1635.5528078079224
0.049,unsat,3500.745611667633
0.051000000000000004,unsat,3381.337751865387
