epsilon,result,runtime
0.133,sat,16.84371566772461
0.265,cancelled,27.391887664794922
0.08700000000000001,sat,24.11818528175354
0.043000000000000003,unsat,3386.3767306804657
0.041,cancelled,3363.318160057068
0.07100000000000001,sat,21.9698748588562
0.057,sat,29.53831958770752
0.055,sat,108.92373132705688
0.049,sat,649.3982858657837
0.047,sat,3014.8147311210632
0.045,unsat,3027.395619869232
