epsilon,result,runtime
0.133,sat,21.3991961479187
0.265,cancelled,34.09772825241089
0.08700000000000001,sat,23.499459743499756
0.043000000000000003,sat,1246.804547071457
0.041,unsat,3574.647809743881
0.019000000000000003,cancelled,2369.5902597904205
