epsilon,result,runtime
0.133,sat,19.14570641517639
0.265,cancelled,35.95258355140686
0.08700000000000001,sat,491.2746980190277
0.041,unsat,2774.442271232605
0.043000000000000003,timeout,3600
0.065,unsat,3175.5723259449005
0.063,cancelled,2907.5351910591125
0.07300000000000001,unsat,3262.580906391144
0.079,unsat,3331.7869250774384
0.081,timeout,3600
0.083,timeout,3600
0.085,sat,492.54075860977173
