epsilon,result,runtime
0.133,sat,27.483798027038574
0.265,cancelled,51.30006432533264
0.043000000000000003,sat,29.01886820793152
0.08700000000000001,cancelled,45.82731366157532
0.027000000000000003,sat,113.48979353904724
0.011,unsat,3021.236376285553
0.013000000000000001,unsat,3324.281117916107
0.021,sat,318.7650134563446
0.019000000000000003,timeout,3600
0.015,unsat,3516.34104180336
0.017,unsat,3390.519891023636
