epsilon,result,runtime
0.133,sat,19.94096279144287
0.265,cancelled,30.926850080490112
0.08700000000000001,sat,16.92634415626526
0.041,unsat,3491.1950964927673
0.065,sat,18.816831588745117
0.043000000000000003,timeout,3600
0.055,sat,477.2404248714447
0.053000000000000005,sat,901.6717915534973
0.047,timeout,3600
0.049,unsat,3548.9838473796844
0.045,cancelled,346.1918635368347
0.051000000000000004,timeout,3600
