epsilon,result,runtime
0.133,sat,17.680158138275146
0.265,cancelled,25.975923538208008
0.08700000000000001,unsat,3242.825685739517
0.043000000000000003,cancelled,3251.0053100585938
0.117,sat,32.9636070728302
0.10300000000000001,timeout,3600
0.101,timeout,3600
0.10500000000000001,sat,1138.4899208545685
0.099,timeout,3600
0.093,unsat,3416.3081164360046
0.091,cancelled,1038.4653806686401
0.097,timeout,3600
0.095,timeout,3600
