epsilon,result,runtime
0.265,sat,24.848509788513184
0.133,sat,28.166657209396362
0.131,sat,29.005869150161743
0.065,sat,37.02704358100891
0.063,sat,33.17813992500305
0.029,unsat,3016.921109676361
0.031,unsat,3224.1707332134247
0.047,sat,1808.9222557544708
0.045,timeout,3600
0.037000000000000005,timeout,3600
0.039,timeout,3600
0.035,timeout,3600
0.041,unsat,3475.816253185272
0.033,cancelled,1834.3090603351593
0.043000000000000003,timeout,3600
