epsilon,result,runtime
0.265,sat,16.149659395217896
0.131,sat,323.8988800048828
0.133,cancelled,368.93590021133423
0.085,timeout,3600
0.043000000000000003,timeout,3600
0.063,timeout,3600
0.065,timeout,3600
0.067,unsat,3353.0515513420105
0.061,cancelled,3370.4374129772186
0.089,unsat,3264.7429428100586
0.109,unsat,3503.516030073166
0.111,timeout,3600
0.121,timeout,3600
0.123,sat,764.3878221511841
0.11900000000000001,unsat,3417.3752443790436
0.115,cancelled,2414.180610179901
