epsilon,result,runtime
0.133,sat,30.301956176757812
0.265,cancelled,41.48262643814087
0.08700000000000001,sat,207.1506063938141
0.043000000000000003,timeout,3600
0.041,timeout,3600
0.039,unsat,3370.476952791214
0.045,timeout,3600
0.065,unsat,3215.0136246681213
0.067,timeout,3600
0.077,sat,690.1727595329285
0.075,sat,679.3060903549194
0.07100000000000001,sat,1445.7240500450134
0.069,timeout,3600
