epsilon,result,runtime
0.265,sat,25.95541024208069
0.133,sat,25.92183232307434
0.065,sat,28.956932306289673
0.131,cancelled,35.745314598083496
0.041,sat,75.41628456115723
0.021,unsat,3119.2676515579224
0.019000000000000003,cancelled,3044.721911907196
0.033,sat,240.93276834487915
0.027000000000000003,sat,1197.884226322174
0.025,timeout,3600
0.023,unsat,3190.85688662529
