epsilon,result,runtime
0.133,sat,19.787684202194214
0.265,cancelled,31.834681749343872
0.08700000000000001,sat,26.53827476501465
0.043000000000000003,sat,1309.1184051036835
0.041,timeout,3600
0.019000000000000003,timeout,3600
0.021,unsat,2664.4342527389526
0.017,cancelled,1407.1924068927765
0.027000000000000003,unsat,3090.8117678165436
0.033,unsat,3348.4000544548035
0.035,unsat,3005.991500377655
0.037000000000000005,unsat,3240.4744107723236
0.039,unsat,3205.3838350772858
