epsilon,result,runtime
0.265,sat,24.22929573059082
0.133,sat,446.3625566959381
0.131,sat,1528.7426817417145
0.065,timeout,3600
0.063,timeout,3600
0.067,unsat,2794.631864309311
0.061,cancelled,1696.3175120353699
0.089,unsat,3032.2012577056885
0.109,unsat,3486.0860664844513
0.111,unsat,3399.98681807518
0.121,unsat,3015.029949426651
0.11900000000000001,cancelled,59.19682216644287
0.125,unsat,3177.1165602207184
0.127,unsat,3318.5268251895905
0.129,sat,942.3011476993561
