epsilon,result,runtime
0.133,sat,27.89500641822815
0.265,cancelled,52.278462648391724
0.08700000000000001,sat,26.079732656478882
0.043000000000000003,unsat,3256.203135251999
0.041,cancelled,3230.7815370559692
0.07100000000000001,sat,793.8116278648376
0.057,sat,1655.9889922142029
0.055,unsat,3203.4107687473297
0.049,cancelled,2367.9169595241547
