epsilon,result,runtime
0.133,sat,26.1893949508667
0.265,cancelled,43.18739199638367
0.08700000000000001,sat,564.5472867488861
0.041,unsat,2834.668222427368
0.043000000000000003,timeout,3600
0.065,timeout,3600
0.063,timeout,3600
0.067,unsat,2785.8544466495514
0.061,cancelled,2654.2697870731354
0.07300000000000001,unsat,2679.533923149109
0.079,timeout,3600
0.081,timeout,3600
0.077,timeout,3600
0.083,timeout,3600
0.075,timeout,3600
0.085,unsat,2881.3586564064026
