epsilon,result,runtime
0.265,sat,22.235909461975098
0.133,sat,22.707478046417236
0.065,sat,21.854090929031372
0.131,cancelled,39.06266927719116
0.041,unsat,3287.1013984680176
0.021,cancelled,3307.320557117462
0.055,sat,546.1472818851471
0.049,unsat,3259.2837212085724
0.047,cancelled,2713.5780313014984
0.053000000000000005,sat,2544.079639673233
0.051000000000000004,unsat,3561.068132162094
