epsilon,result,runtime
0.265,sat,16.53670620918274
0.133,sat,21.4854474067688
0.131,sat,18.399921417236328
0.065,sat,22.400038719177246
0.063,sat,20.320252656936646
0.031,sat,62.12604331970215
0.029,sat,108.87141537666321
0.015,unsat,2896.7889325618744
0.013000000000000001,cancelled,2991.7294034957886
0.023,unsat,3111.2740437984467
0.019000000000000003,cancelled,3129.4503750801086
0.027000000000000003,sat,244.66100478172302
0.025,timeout,3600
