epsilon,result,runtime
0.133,sat,11.100298643112183
0.265,cancelled,16.446102142333984
0.043000000000000003,sat,12.756547689437866
0.08700000000000001,cancelled,18.255533933639526
0.027000000000000003,sat,12.249875545501709
0.011,unsat,3158.0874791145325
0.019000000000000003,sat,16.441035985946655
0.015,sat,45.58784294128418
0.013000000000000001,timeout,3600
