epsilon,result,runtime
0.265,sat,23.47705054283142
0.131,sat,553.7929017543793
0.133,cancelled,625.0174059867859
0.085,unsat,3142.2602565288544
0.043000000000000003,cancelled,3166.8918130397797
0.115,sat,441.95963525772095
0.101,timeout,3600
0.099,timeout,3600
0.097,unsat,3265.122224330902
0.10300000000000001,timeout,3600
0.109,timeout,3600
0.107,unsat,3091.085565805435
0.111,sat,2794.970558643341
0.113,cancelled,2542.4819107055664
