epsilon,result,runtime
0.133,sat,19.84083914756775
0.265,cancelled,33.1903178691864
0.08700000000000001,unsat,3044.8751060962677
0.043000000000000003,cancelled,3054.487530231476
0.117,sat,25.18846893310547
0.10300000000000001,sat,35.224785804748535
0.101,sat,37.93979859352112
0.093,sat,73.76250195503235
0.095,cancelled,39.27489948272705
0.091,sat,2283.3042471408844
0.089,timeout,3600
