epsilon,result,runtime
0.265,sat,21.401185512542725
0.133,sat,22.26977252960205
0.131,sat,21.824133157730103
0.065,sat,23.12570858001709
0.063,sat,24.927486896514893
0.031,sat,62.10203719139099
0.029,sat,74.67043828964233
0.013000000000000001,unsat,3409.7390508651733
0.015,timeout,3600
0.023,sat,164.25462198257446
0.021,timeout,3600
0.017,unsat,3301.0829656124115
0.019000000000000003,timeout,3600
