epsilon,result,runtime
0.265,sat,22.866109609603882
0.133,sat,31.013532638549805
0.131,sat,30.420575618743896
0.063,unsat,3263.03892493248
0.065,timeout,3600
0.097,sat,635.7853214740753
0.099,cancelled,385.5904862880707
0.075,unsat,3267.2835035324097
0.085,timeout,3600
0.08700000000000001,unsat,3334.1157455444336
0.083,cancelled,3052.1752417087555
0.093,sat,377.00929975509644
0.091,sat,438.1412003040314
0.089,unsat,3492.2482483386993
