epsilon,result,runtime
0.265,sat,26.698216915130615
0.133,sat,35.67608022689819
0.131,sat,36.66773271560669
0.065,unsat,3258.7332859039307
0.063,cancelled,3225.619932413101
0.08700000000000001,unsat,3131.205424785614
0.107,unsat,3362.593559026718
0.11900000000000001,sat,190.80379986763
0.109,sat,1204.5611293315887
0.113,cancelled,788.8632810115814
