epsilon,result,runtime
0.265,sat,31.332860708236694
0.133,sat,33.742202043533325
0.131,sat,33.62964630126953
0.065,sat,81.6335916519165
0.063,sat,87.34766459465027
0.031,unsat,3318.83580327034
0.029,cancelled,3269.728692293167
0.051000000000000004,sat,618.299115896225
0.041,unsat,3479.6879317760468
0.039,cancelled,2861.3204865455627
0.047,sat,1585.4042654037476
0.045,timeout,3600
0.043000000000000003,timeout,3600
