epsilon,result,runtime
0.265,sat,22.882424354553223
0.133,sat,73.53275465965271
0.131,sat,590.606014251709
0.065,unsat,3365.9362347126007
0.063,cancelled,2833.721233844757
0.107,unsat,2794.6429595947266
0.08700000000000001,cancelled,2813.11235332489
0.115,unsat,3498.4450895786285
0.121,timeout,3600
0.125,sat,1307.0001018047333
0.123,timeout,3600
0.117,unsat,3419.379252433777
0.11900000000000001,unsat,3151.1247873306274
