epsilon,result,runtime
0.265,sat,23.871546745300293
0.133,sat,30.38748526573181
0.131,sat,23.244141340255737
0.065,sat,957.8654360771179
0.063,sat,995.0122790336609
0.031,timeout,3600
0.029,timeout,3600
0.033,timeout,3600
0.027000000000000003,timeout,3600
0.025,unsat,3087.187944173813
0.035,timeout,3600
0.049,timeout,3600
0.047,unsat,3311.4605054855347
0.057,sat,2822.5711925029755
0.051000000000000004,unsat,3495.054871559143
0.053000000000000005,timeout,3600
0.055,unsat,3572.344151735306
