epsilon,result,runtime
0.133,sat,34.59218144416809
0.265,cancelled,45.77062177658081
0.08700000000000001,sat,43.570337533950806
0.041,unsat,3399.185542821884
0.043000000000000003,timeout,3600
0.065,sat,346.90679717063904
0.063,sat,301.43009853363037
0.053000000000000005,sat,869.0706491470337
0.051000000000000004,sat,922.0736804008484
0.047,timeout,3600
0.045,timeout,3600
0.049,sat,1180.6329205036163
