epsilon,result,runtime
0.265,sat,24.613011598587036
0.133,sat,30.857502460479736
0.131,sat,36.49537014961243
0.065,unsat,2946.0907623767853
0.063,cancelled,2917.633838891983
0.107,sat,610.6270985603333
0.08700000000000001,sat,1135.9224076271057
0.085,sat,1454.2678871154785
0.075,timeout,3600
0.07300000000000001,timeout,3600
0.077,unsat,3132.947026491165
0.07100000000000001,cancelled,2211.235722541809
0.081,sat,1404.1970579624176
0.079,sat,2673.881867647171
