epsilon,result,runtime
0.265,sat,28.464860916137695
0.133,sat,39.250627517700195
0.131,sat,32.74853515625
0.065,timeout,3600
0.063,timeout,3600
0.067,unsat,3435.9764516353607
0.061,cancelled,3425.3773033618927
0.109,sat,658.0305471420288
0.089,unsat,3337.7632219791412
0.08700000000000001,cancelled,2680.0311994552612
0.095,sat,636.6449897289276
0.101,cancelled,654.5281052589417
0.091,sat,2120.178061246872
0.093,cancelled,2141.22065448761
