epsilon,result,runtime
0.265,sat,22.087955951690674
0.133,sat,23.890121936798096
0.131,sat,21.160724639892578
0.065,sat,29.296890020370483
0.063,sat,35.56959295272827
0.031,timeout,3600
0.029,timeout,3600
0.027000000000000003,unsat,3230.465074777603
0.033,unsat,3519.54110789299
0.049,sat,917.9990978240967
0.047,sat,1409.300789117813
0.039,timeout,3600
0.041,timeout,3600
0.043000000000000003,unsat,3286.723876953125
0.037000000000000005,cancelled,3549.8604295253754
0.045,timeout,3600
