epsilon,result,runtime
0.133,sat,29.869566202163696
0.265,cancelled,62.062443017959595
0.08700000000000001,sat,28.68420910835266
0.043000000000000003,sat,28.830562591552734
0.041,sat,30.339828968048096
0.021,sat,126.02551245689392
0.019000000000000003,sat,464.27998661994934
0.007,unsat,20.31160283088684
0.009000000000000001,unsat,462.8403980731964
0.013000000000000001,unsat,3048.468069076538
0.015,unsat,3373.6315875053406
0.017,unsat,3503.022820711136
