epsilon,result,runtime
0.265,sat,17.920291900634766
0.133,sat,20.90530562400818
0.131,sat,19.10931396484375
0.063,unsat,2953.3721890449524
0.097,sat,21.267404317855835
0.065,unsat,3044.030120611191
0.079,sat,478.2751524448395
0.081,cancelled,504.574773311615
0.07300000000000001,sat,1218.8203978538513
0.069,timeout,3600
0.067,timeout,3600
0.07100000000000001,timeout,3600
