epsilon,result,runtime
0.265,sat,25.775432348251343
0.131,sat,440.559139251709
0.133,cancelled,492.3822343349457
0.043000000000000003,unsat,2595.9943885803223
0.085,timeout,3600
0.08700000000000001,unsat,3183.1613755226135
0.089,unsat,3052.2646849155426
0.109,unsat,3188.0512042045593
0.121,sat,409.42786049842834
0.111,timeout,3600
0.115,timeout,3600
0.117,timeout,3600
0.11900000000000001,sat,1424.735882282257
0.113,timeout,3600
