epsilon,result,runtime
0.265,sat,29.37415623664856
0.133,sat,29.275291681289673
0.065,sat,26.791938066482544
0.131,cancelled,37.54443383216858
0.041,sat,33.57505249977112
0.021,unsat,3269.247303724289
0.019000000000000003,cancelled,3235.9864015579224
0.033,sat,59.50294613838196
0.027000000000000003,sat,761.2945759296417
0.025,timeout,3600
0.023,timeout,3600
