epsilon,result,runtime
0.265,sat,26.87876272201538
0.133,sat,28.437097549438477
0.131,sat,26.276403427124023
0.065,sat,1481.7437529563904
0.063,unsat,3373.8246006965637
0.031,cancelled,1948.966658115387
