epsilon,result,runtime
0.265,sat,30.40386390686035
0.133,sat,122.93477320671082
0.131,sat,88.41877627372742
0.065,unsat,2897.5521235466003
0.063,cancelled,2912.46101975441
0.107,sat,3183.2353088855743
0.08700000000000001,unsat,3558.407487630844
0.085,cancelled,375.6612317562103
0.099,unsat,2768.582629919052
0.093,cancelled,2800.596594810486
0.101,unsat,3286.6382060050964
0.10300000000000001,timeout,3600
0.10500000000000001,unsat,3384.794045686722
