epsilon,result,runtime
0.265,sat,21.422086715698242
0.133,sat,24.165361404418945
0.065,sat,19.77327275276184
0.131,cancelled,37.90492057800293
0.041,sat,23.585803270339966
0.021,sat,29.381013870239258
0.019000000000000003,sat,21.2033531665802
0.009000000000000001,sat,22.839848279953003
0.003,unsat,21.39212703704834
0.005,unsat,729.3347687721252
0.007,unsat,3561.143968820572
