epsilon,result,runtime
0.265,sat,25.40617299079895
0.133,sat,33.58176279067993
0.131,sat,29.990793466567993
0.065,unsat,3035.539152622223
0.063,cancelled,3017.18905210495
0.107,sat,191.301411151886
0.08700000000000001,timeout,3600
0.085,timeout,3600
0.083,unsat,3486.9311125278473
0.089,timeout,3600
0.097,sat,471.79644751548767
0.099,cancelled,177.3483920097351
0.093,sat,367.9255359172821
0.091,sat,2062.769779443741
