epsilon,result,runtime
0.133,sat,23.0870463848114
0.265,cancelled,35.682579040527344
0.08700000000000001,sat,263.23022294044495
0.043000000000000003,timeout,3600
0.041,timeout,3600
0.045,timeout,3600
0.039,timeout,3600
0.037000000000000005,unsat,3300.6442108154297
0.047,timeout,3600
0.067,unsat,3550.2069029808044
0.065,cancelled,3556.616955280304
0.079,sat,485.46519923210144
0.07300000000000001,sat,556.4852120876312
0.07100000000000001,sat,746.858029127121
0.069,sat,1282.0276210308075
