epsilon,result,runtime
0.265,sat,26.045658826828003
0.133,sat,26.071256399154663
0.131,sat,27.831666707992554
0.065,sat,321.07051706314087
0.063,sat,674.3333551883698
0.029,unsat,3047.000638961792
0.031,timeout,3600
0.047,unsat,3341.480706691742
0.045,cancelled,3252.5817539691925
0.057,sat,599.174604177475
0.053000000000000005,timeout,3600
0.051000000000000004,timeout,3600
0.055,sat,940.4130094051361
0.049,unsat,3182.4647147655487
