epsilon,result,runtime
0.265,sat,22.42882800102234
0.133,sat,29.503300666809082
0.131,sat,26.196062564849854
0.065,sat,599.2657651901245
0.063,sat,599.2055871486664
0.031,timeout,3600
0.029,timeout,3600
0.027000000000000003,unsat,2636.6192219257355
0.033,unsat,3047.0750041007996
0.047,unsat,3447.9611270427704
0.049,timeout,3600
0.055,sat,1114.2144885063171
0.057,cancelled,603.0307791233063
0.053000000000000005,sat,1622.6760239601135
0.051000000000000004,sat,1873.5121183395386
