epsilon,result,runtime
0.265,sat,23.792909860610962
0.133,sat,25.12651562690735
0.131,sat,24.795380353927612
0.065,sat,25.45389151573181
0.063,sat,22.289594888687134
0.031,sat,475.1820914745331
0.013000000000000001,unsat,3091.8876786231995
0.029,timeout,3600
0.021,unsat,3519.8913609981537
0.019000000000000003,cancelled,3503.3907980918884
0.025,timeout,3600
0.023,timeout,3600
0.027000000000000003,timeout,3600
