epsilon,result,runtime
0.133,sat,21.904744386672974
0.265,cancelled,27.144323348999023
0.08700000000000001,sat,25.262088775634766
0.043000000000000003,sat,27.83767008781433
0.041,sat,23.062278509140015
0.019000000000000003,timeout,3600
0.021,timeout,3600
0.017,timeout,3600
0.023,timeout,3600
0.025,unsat,3072.8052082061768
0.015,cancelled,3111.474555015564
0.035,sat,29.853518962860107
0.031,sat,126.60601329803467
0.029,sat,362.4708070755005
0.027000000000000003,unsat,3558.150324344635
