epsilon,result,runtime
0.265,sat,26.156144857406616
0.133,sat,28.435187578201294
0.131,sat,28.400614976882935
0.065,sat,613.0710880756378
0.063,sat,922.5612778663635
0.031,unsat,2810.0004415512085
0.029,cancelled,2484.7157080173492
0.051000000000000004,unsat,3365.2304587364197
0.041,cancelled,3377.7223987579346
0.057,sat,1411.2519261837006
0.055,sat,1733.382209777832
0.053000000000000005,unsat,3408.533452987671
