epsilon,result,runtime
0.265,sat,26.537183046340942
0.133,sat,26.26407790184021
0.131,sat,39.7319061756134
0.065,timeout,3600
0.063,timeout,3600
0.067,timeout,3600
0.061,timeout,3600
0.059000000000000004,unsat,3362.8693504333496
0.099,sat,59.740063428878784
0.069,timeout,3600
0.085,sat,500.93058252334595
0.083,unsat,3522.4225471019745
0.075,cancelled,2918.3107097148895
