epsilon,result,runtime
0.133,sat,18.135172128677368
0.265,cancelled,33.444960832595825
0.08700000000000001,sat,31.050652742385864
0.043000000000000003,sat,685.5823032855988
0.041,sat,979.8725867271423
0.019000000000000003,timeout,3600
0.021,timeout,3600
0.023,unsat,3099.4510202407837
0.017,cancelled,3479.0582370758057
0.029,timeout,3600
0.033,timeout,3600
0.031,unsat,3497.273767709732
0.035,timeout,3600
0.037000000000000005,sat,938.5707449913025
0.039,cancelled,884.9124209880829
