epsilon,result,runtime
0.133,sat,25.489499807357788
0.265,cancelled,49.987701416015625
0.265,sat,25.709991693496704
0.08700000000000001,unsat,2872.7001411914825
0.043000000000000003,cancelled,2883.2057242393494
0.117,sat,48.48330235481262
0.10300000000000001,sat,154.4158205986023
0.093,sat,691.0149893760681
0.101,cancelled,833.8117146492004
0.091,sat,1962.5672025680542
0.089,unsat,2795.831192970276
