epsilon,result,runtime
0.265,sat,24.780089855194092
0.133,sat,24.87408185005188
0.131,sat,24.80161428451538
0.065,sat,25.945943117141724
0.063,sat,30.926878690719604
0.029,unsat,3518.793420314789
0.031,timeout,3600
0.047,sat,176.93926334381104
0.045,sat,184.90452671051025
0.039,sat,318.8927459716797
0.037000000000000005,sat,419.1648142337799
0.035,sat,1159.8118560314178
0.033,unsat,3481.053326845169
