epsilon,result,runtime
0.265,sat,25.49629235267639
0.133,sat,25.677262783050537
0.131,sat,20.38692617416382
0.065,unsat,3407.888627767563
0.063,cancelled,3387.4648184776306
0.107,sat,19.566811084747314
0.08700000000000001,sat,20.647818326950073
0.085,sat,21.745870351791382
0.075,sat,49.27515625953674
0.07300000000000001,sat,60.451929330825806
0.067,sat,557.4786179065704
0.069,cancelled,638.9111347198486
