epsilon,result,runtime
0.265,sat,26.46002173423767
0.133,sat,30.59093451499939
0.131,sat,25.757915019989014
0.065,sat,31.726115226745605
0.063,sat,29.016551733016968
0.031,timeout,3600
0.029,timeout,3600
0.033,timeout,3600
0.027000000000000003,timeout,3600
0.035,sat,1364.730817079544
0.011,unsat,1842.193942308426
0.025,timeout,3600
0.017,unsat,3093.803517103195
0.019000000000000003,timeout,3600
0.021,timeout,3600
0.023,unsat,3040.788640499115
