epsilon,result,runtime
0.133,sat,27.726823568344116
0.265,cancelled,40.46898078918457
0.043000000000000003,unsat,2810.247985601425
0.08700000000000001,timeout,3600
0.089,unsat,3427.5846025943756
0.085,cancelled,2663.306446790695
0.117,sat,26.968872547149658
0.10300000000000001,sat,138.15407061576843
0.101,sat,156.47261881828308
0.095,sat,720.0834686756134
0.093,sat,1156.4353585243225
0.091,sat,2114.410019159317
