epsilon,result,runtime
0.265,sat,25.873852968215942
0.133,sat,134.6638286113739
0.131,sat,759.6890397071838
0.065,unsat,3038.7083990573883
0.063,cancelled,2389.104276895523
0.107,sat,1166.6276125907898
0.08700000000000001,timeout,3600
0.085,timeout,3600
0.083,timeout,3600
0.089,timeout,3600
0.081,unsat,3446.2657561302185
0.091,sat,3095.456996202469
0.099,cancelled,823.4647731781006
