epsilon,result,runtime
0.265,sat,4.809219598770142
0.133,unsat,3469.75017285347
0.131,cancelled,3465.136831998825
0.177,sat,9.144009351730347
0.219,cancelled,13.145010471343994
0.161,sat,67.7985622882843
0.14500000000000002,unsat,3106.867374420166
0.153,sat,97.30865550041199
0.149,sat,26.56573796272278
0.147,unsat,3321.580198287964
