epsilon,result,runtime
0.265,sat,12.58822250366211
0.133,sat,22.791990041732788
0.131,sat,21.083381414413452
0.063,unsat,2990.0967292785645
0.065,unsat,3009.187151670456
0.097,sat,42.97408318519592
0.099,cancelled,41.66539478302002
0.085,unsat,3145.9402515888214
0.075,cancelled,3148.871241569519
0.089,unsat,3144.9559242725372
0.091,unsat,3473.293386697769
0.093,unsat,3394.5104908943176
0.095,unsat,3273.218733072281
