epsilon,result,runtime
0.265,sat,1.974663257598877
0.133,sat,2.017163038253784
0.131,sat,1.7103407382965088
0.063,sat,13.936736822128296
0.065,cancelled,21.27571153640747
0.021,unsat,144.78410148620605
0.041,unsat,2876.017124414444
0.043000000000000003,unsat,2843.7739675045013
0.051000000000000004,unsat,2688.0881230831146
0.053000000000000005,unsat,3308.506009578705
0.057,unsat,3391.668552875519
0.059000000000000004,unsat,3174.5938284397125
0.061,unsat,3539.640579223633
