epsilon,result,runtime
0.265,sat,3.3739640712738037
0.133,sat,36.79550790786743
0.131,sat,33.47481989860535
0.063,unsat,2774.030808210373
0.097,sat,15.254759550094604
0.065,unsat,3328.326515197754
0.081,unsat,3217.558179616928
0.079,cancelled,2689.7668194770813
0.091,sat,31.270758152008057
0.085,sat,30.9005024433136
0.08700000000000001,cancelled,69.47642230987549
0.083,unsat,3551.5333380699158
