epsilon,result,runtime
0.265,sat,3.3859188556671143
0.133,sat,13.431225299835205
0.131,sat,13.563373804092407
0.065,unsat,3233.2053158283234
0.063,cancelled,3229.8172357082367
0.08700000000000001,sat,16.11450481414795
0.107,cancelled,19.742594718933105
0.079,unsat,2675.8411548137665
0.07300000000000001,cancelled,2679.9724595546722
0.083,sat,2487.03586935997
0.081,unsat,3557.8487820625305
