epsilon,result,runtime
0.265,sat,59.282386779785156
0.133,sat,2185.917752981186
0.131,sat,2955.524442911148
0.065,timeout,3600
0.063,unsat,3175.500074148178
0.099,unsat,3037.6600184440613
0.067,cancelled,3452.8211669921875
0.11900000000000001,sat,46.40382432937622
0.109,unsat,2715.774751186371
0.107,cancelled,2669.4712426662445
0.115,unsat,3010.944390773773
0.113,cancelled,3014.658767223358
0.117,unsat,3586.499438047409
