epsilon,result,runtime
0.265,sat,91.49458074569702
0.133,unsat,3391.1005170345306
0.131,cancelled,3299.7600672245026
0.219,sat,46.74349021911621
0.17500000000000002,sat,18.947978019714355
0.177,cancelled,72.05238747596741
0.159,sat,78.22056865692139
0.14500000000000002,unsat,3384.5995194911957
0.153,sat,39.69366240501404
0.147,timeout,3600
0.149,unsat,2964.8030412197113
0.151,unsat,2882.8032505512238
