epsilon,result,runtime
0.265,sat,2.627918004989624
0.133,sat,4.82085657119751
0.131,sat,0.780867338180542
0.065,unsat,3195.2319638729095
0.063,cancelled,3196.4904606342316
0.107,sat,4.496416330337524
0.08700000000000001,sat,21.00093388557434
0.085,sat,26.84824800491333
0.075,sat,14.285993576049805
0.07300000000000001,unsat,2671.300845384598
0.069,cancelled,2671.5696682929993
