epsilon,result,runtime
0.265,sat,3.3325376510620117
0.133,sat,20.893394470214844
0.131,sat,21.227846145629883
0.063,unsat,3211.388660669327
0.065,unsat,3261.5937695503235
0.097,sat,40.53041696548462
0.099,cancelled,1.8952667713165283
0.085,sat,1882.7712857723236
0.075,unsat,2936.827582836151
0.07300000000000001,cancelled,1053.9421532154083
0.081,sat,23.408351182937622
0.079,unsat,3556.6249816417694
0.077,cancelled,3533.2914757728577
