epsilon,result,runtime
0.265,sat,4.506582260131836
0.131,sat,31.76607346534729
0.133,cancelled,43.303662061691284
0.043000000000000003,unsat,2851.373990535736
0.085,unsat,3518.254690170288
0.08700000000000001,unsat,3052.5700211524963
0.109,unsat,2997.0932998657227
0.107,cancelled,610.8531081676483
0.117,unsat,3330.4875190258026
0.123,timeout,3600
0.125,unsat,2694.118485927582
0.121,cancelled,2431.7659022808075
0.129,sat,88.19721937179565
0.127,unsat,3554.0194442272186
