epsilon,result,runtime
0.265,sat,29.39122772216797
0.133,unsat,3502.277752637863
0.131,cancelled,3473.168686389923
0.219,sat,23.079803705215454
0.177,sat,124.26823377609253
0.17500000000000002,sat,127.30563640594482
0.155,sat,2982.5082330703735
0.153,timeout,3600
0.14300000000000002,unsat,3390.9245269298553
0.14100000000000001,cancelled,2819.8682403564453
0.147,unsat,3377.6815147399902
0.149,unsat,3512.631579399109
0.151,unsat,3588.7411246299744
