epsilon,result,runtime
0.265,sat,3.2364182472229004
0.133,sat,3.23028302192688
0.131,sat,3.2765791416168213
0.063,unsat,2787.893447160721
0.097,sat,16.850605010986328
0.065,unsat,2845.690511226654
0.079,unsat,3084.6807181835175
0.089,sat,19.9092013835907
0.085,sat,13.778055667877197
0.083,sat,16.21078324317932
0.081,unsat,3592.8161573410034
