epsilon,result,runtime
0.265,sat,2.626059055328369
0.133,sat,7.181557655334473
0.131,sat,3.2619237899780273
0.065,unsat,2659.336350440979
0.063,cancelled,2660.586983680725
0.107,sat,237.4727966785431
0.08700000000000001,unsat,2773.932369709015
0.085,cancelled,2536.4966995716095
0.093,unsat,3380.2133197784424
0.101,sat,52.43992877006531
0.099,timeout,3600
0.095,sat,2804.437336921692
0.097,cancelled,2647.6590836048126
