epsilon,result,runtime
0.265,sat,10.939881801605225
0.133,sat,12.962529420852661
0.131,sat,28.94527769088745
0.065,unsat,2749.4869153499603
0.063,cancelled,2722.7582716941833
0.107,unsat,3397.613990545273
0.08700000000000001,cancelled,3401.0594441890717
0.121,sat,2262.492288827896
0.115,unsat,3147.498122215271
0.113,cancelled,884.9102404117584
0.117,unsat,3427.5093433856964
0.11900000000000001,unsat,3438.9685776233673
