epsilon,result,runtime
0.265,sat,4.602075815200806
0.133,sat,5.818647146224976
0.131,sat,5.468966007232666
0.063,sat,63.9000825881958
0.065,cancelled,77.19406509399414
0.021,unsat,5.0243916511535645
0.043000000000000003,unsat,3108.3108983039856
0.041,cancelled,3127.192909002304
0.049,unsat,3032.4452872276306
0.055,unsat,3061.424298763275
0.059000000000000004,sat,32.361748933792114
0.057,timeout,3600
