epsilon,result,runtime
0.265,sat,1.9927401542663574
0.131,sat,8.810894250869751
0.133,cancelled,16.804035425186157
0.085,unsat,2914.2141473293304
0.043000000000000003,cancelled,2917.213460922241
0.115,sat,96.77477979660034
0.099,sat,1642.7938532829285
0.101,cancelled,1747.9424982070923
0.093,sat,344.0976107120514
0.089,unsat,2990.1669902801514
0.08700000000000001,cancelled,2645.9922087192535
0.091,unsat,3595.867092847824
