epsilon,result,runtime
0.265,sat,1.9380037784576416
0.133,unsat,3215.9212284088135
0.131,cancelled,3214.0628054142
0.219,sat,72.79796648025513
0.177,sat,225.13394165039062
0.17500000000000002,sat,1800.1507258415222
0.155,sat,1494.0893335342407
0.153,timeout,3600
0.14300000000000002,unsat,3456.130425453186
0.14100000000000001,cancelled,3009.6849830150604
0.147,sat,1794.8088212013245
0.149,cancelled,1798.1123101711273
0.14500000000000002,sat,341.69097423553467
