epsilon,result,runtime
0.265,sat,1.9576892852783203
0.133,sat,1.9461054801940918
0.131,sat,2.00966477394104
0.065,unsat,2754.8311824798584
0.063,cancelled,2753.059607028961
0.107,sat,9.110482215881348
0.08700000000000001,sat,26.97774314880371
0.085,sat,37.531081438064575
0.07300000000000001,sat,8.968307733535767
0.075,cancelled,36.49642848968506
0.067,unsat,2663.770341873169
0.069,unsat,3300.6373414993286
0.07100000000000001,unsat,3573.344270467758
