epsilon,result,runtime
0.133,sat,3.087698459625244
0.265,cancelled,6.1698973178863525
0.265,sat,3.1184849739074707
0.08700000000000001,sat,79.34070324897766
0.041,unsat,3446.363761663437
0.043000000000000003,unsat,3588.6054649353027
0.065,unsat,2830.6904878616333
0.063,cancelled,2776.5603725910187
0.079,sat,606.5107679367065
0.07300000000000001,sat,1409.3906707763672
0.07100000000000001,sat,1446.7802789211273
0.067,unsat,3365.8476548194885
0.069,unsat,3581.8138375282288
