epsilon,result,runtime
0.265,sat,5.164976358413696
0.133,sat,77.207590341568
0.131,sat,1577.243404865265
0.065,unsat,2683.516301870346
0.063,cancelled,1178.2599864006042
0.08700000000000001,timeout,3600
0.107,timeout,3600
0.097,unsat,2949.961526632309
0.099,unsat,3460.769274711609
0.117,sat,434.3032739162445
0.115,timeout,3600
0.10500000000000001,unsat,3370.2851088047028
0.109,unsat,2864.202786207199
0.111,unsat,3009.492201089859
0.113,unsat,3551.7146892547607
