epsilon,result,runtime
0.265,sat,5.947001695632935
0.131,sat,58.00159668922424
0.133,cancelled,71.0496985912323
0.043000000000000003,unsat,2982.9213190078735
0.085,unsat,3334.798569917679
0.08700000000000001,unsat,3206.9212222099304
0.109,unsat,3117.2786095142365
0.107,cancelled,259.2914171218872
0.117,sat,71.67006325721741
0.123,cancelled,76.03549432754517
0.111,unsat,3207.2247104644775
0.113,timeout,3600
0.115,timeout,3600
