epsilon,result,runtime
0.133,sat,4.4681313037872314
0.265,cancelled,9.36878752708435
0.08700000000000001,sat,4.647589445114136
0.041,unsat,2709.0566387176514
0.065,sat,12.843374013900757
0.053000000000000005,sat,13.594507932662964
0.043000000000000003,unsat,2924.9870266914368
0.047,unsat,3140.799389362335
0.049,unsat,3003.511592388153
0.051000000000000004,unsat,3557.0247259140015
