epsilon,result,runtime
0.133,sat,3.3372116088867188
0.265,cancelled,6.651695489883423
0.08700000000000001,sat,34.40967917442322
0.041,unsat,2690.974067211151
0.065,sat,5.421867847442627
0.053000000000000005,sat,5.3603739738464355
0.043000000000000003,timeout,3600
0.049,sat,8.949427604675293
0.047,unsat,2900.7389628887177
0.045,cancelled,2039.6613008975983
