epsilon,result,runtime
0.133,sat,1.9576201438903809
0.265,cancelled,4.891631126403809
0.265,sat,1.95249605178833
0.08700000000000001,sat,4.998862028121948
0.043000000000000003,unsat,2934.693214416504
0.041,cancelled,2929.7742421627045
0.07100000000000001,sat,54.056543588638306
0.055,unsat,3239.888907432556
0.057,unsat,3482.5316915512085
0.065,sat,219.81631207466125
0.063,unsat,3060.006623983383
0.059000000000000004,cancelled,2656.6638021469116
