epsilon,result,runtime
0.265,sat,4.4844138622283936
0.133,unsat,2828.256516933441
0.131,cancelled,2823.8934512138367
0.219,sat,9.106958150863647
0.177,sat,9.178371667861938
0.17500000000000002,sat,8.901135444641113
0.153,sat,60.67037034034729
0.155,cancelled,51.87363314628601
0.14500000000000002,unsat,3288.611820459366
0.139,cancelled,3292.878253221512
0.147,sat,768.2082347869873
0.149,cancelled,771.7359566688538
