epsilon,result,runtime
0.133,sat,4.933051109313965
0.265,cancelled,7.926018238067627
0.08700000000000001,sat,9.050196170806885
0.043000000000000003,unsat,2899.8708143234253
0.041,cancelled,2890.9130141735077
0.07100000000000001,sat,52.501678466796875
0.057,unsat,3453.213434934616
0.055,cancelled,3400.827682495117
0.065,sat,29.043431758880615
0.059000000000000004,unsat,3061.66130566597
0.063,sat,26.265911102294922
0.061,unsat,3139.8198850154877
