epsilon,result,runtime
0.265,sat,3.377014636993408
0.133,sat,3.3345022201538086
0.131,sat,3.3492796421051025
0.065,sat,21.494131326675415
0.063,sat,26.59010672569275
0.029,unsat,3225.859323501587
0.031,unsat,3465.047750234604
0.047,unsat,2793.9144563674927
0.045,cancelled,2570.7846286296844
0.053000000000000005,sat,23.638110876083374
0.057,cancelled,26.835604667663574
0.051000000000000004,unsat,2932.1157760620117
0.049,cancelled,2935.4266862869263
