epsilon,result,runtime
0.133,sat,4.600282430648804
0.265,cancelled,6.732899188995361
0.08700000000000001,sat,33.76378011703491
0.043000000000000003,unsat,3282.1442844867706
0.041,cancelled,3248.5297989845276
0.057,unsat,2981.238870382309
0.07100000000000001,unsat,3530.642215013504
0.07300000000000001,timeout,3600
0.079,unsat,3306.818328857422
0.081,unsat,3549.0698091983795
0.083,unsat,3532.6370165348053
0.085,unsat,3286.6838240623474
