epsilon,result,runtime
0.265,sat,3.2743773460388184
0.133,sat,12.861116409301758
0.131,sat,12.403958797454834
0.065,unsat,2730.0306792259216
0.063,cancelled,2727.279995203018
0.08700000000000001,sat,16.012545824050903
0.107,cancelled,19.345005750656128
0.079,sat,15.911446332931519
0.07100000000000001,unsat,3364.2120480537415
0.07300000000000001,unsat,3446.017301082611
0.077,sat,16.216814041137695
0.075,unsat,3557.016261577606
