epsilon,result,runtime
0.265,sat,1.940708875656128
0.133,sat,12.887866497039795
0.131,sat,8.859033346176147
0.063,sat,17.259716272354126
0.065,cancelled,20.885098695755005
0.021,unsat,51.323275327682495
0.043000000000000003,unsat,2775.1426866054535
0.041,cancelled,2832.544708251953
0.049,unsat,3416.760633945465
0.055,unsat,3437.048089027405
0.057,unsat,3206.073348760605
0.061,sat,50.075968742370605
0.059000000000000004,unsat,3246.5270562171936
