epsilon,result,runtime
0.265,sat,2.0077860355377197
0.133,sat,2.0578651428222656
0.131,sat,1.984727382659912
0.065,sat,1.981668472290039
0.063,sat,2.07480525970459
0.029,unsat,2759.7702896595
0.031,unsat,3033.27698636055
0.047,unsat,3361.014194726944
0.045,cancelled,3096.9241695404053
0.057,unsat,2833.5219423770905
0.053000000000000005,cancelled,2837.160336971283
0.061,sat,23.739731550216675
0.059000000000000004,sat,61.349066734313965
