epsilon,result,runtime
0.133,sat,4.583642244338989
0.265,cancelled,8.857961893081665
0.043000000000000003,unsat,3443.955001592636
0.08700000000000001,timeout,3600
0.089,unsat,2974.1171214580536
0.085,cancelled,2829.6966376304626
0.10300000000000001,sat,5.9006781578063965
0.117,cancelled,10.133150339126587
0.097,sat,5.81700325012207
0.091,sat,41.49972343444824
0.093,cancelled,60.11068844795227
