epsilon,result,runtime
0.265,sat,8.189831733703613
0.133,sat,29.914284706115723
0.131,sat,30.02091360092163
0.065,sat,68.87933254241943
0.063,sat,62.583240032196045
0.031,unsat,3037.585355758667
0.029,cancelled,3038.2010135650635
0.051000000000000004,unsat,2975.2249760627747
0.041,cancelled,2981.466594696045
0.057,sat,733.900110244751
0.055,unsat,3040.95366358757
0.053000000000000005,cancelled,2307.095095872879
