epsilon,result,runtime
0.265,sat,7.726913690567017
0.131,unsat,2711.185648918152
0.199,sat,11.135164499282837
0.133,timeout,3600
0.165,unsat,2797.359182357788
0.183,sat,8.476176261901855
0.17500000000000002,sat,112.58609509468079
0.171,sat,98.72687983512878
0.167,unsat,3107.1375119686127
0.169,unsat,3572.3907713890076
