epsilon,result,runtime
0.265,sat,9.182470798492432
0.131,sat,1255.6131629943848
0.133,cancelled,1272.1915969848633
0.085,unsat,3438.0248222351074
0.043000000000000003,cancelled,3441.649064540863
0.115,unsat,3065.8552350997925
0.101,cancelled,3069.202893257141
0.125,unsat,2954.422990322113
0.121,cancelled,2958.1188175678253
0.127,unsat,3048.253291606903
0.129,unsat,3066.95422911644
