epsilon,result,runtime
0.265,sat,1.9843966960906982
0.133,sat,24.997349500656128
0.131,sat,23.114977598190308
0.065,unsat,2957.3132162094116
0.063,cancelled,2957.3827137947083
0.107,sat,23.55080223083496
0.08700000000000001,timeout,3600
0.085,timeout,3600
0.083,unsat,3286.7381162643433
0.097,sat,19.689953804016113
0.089,timeout,3600
0.093,unsat,3391.17583155632
0.091,cancelled,3082.974340200424
0.095,sat,13.858320236206055
