epsilon,result,runtime
0.265,sat,2.023064613342285
0.133,sat,2.029285430908203
0.131,sat,1.6169874668121338
0.065,sat,3.70094633102417
0.063,sat,43.561445236206055
0.029,unsat,3060.6470527648926
0.031,unsat,3105.5308072566986
0.045,unsat,2783.2575125694275
0.047,unsat,2905.06258392334
0.055,unsat,2670.5023336410522
0.053000000000000005,cancelled,2552.7735726833344
0.059000000000000004,unsat,2881.040809392929
0.057,cancelled,2884.514939546585
0.061,sat,36.791057109832764
