epsilon,result,runtime
0.265,sat,20.670520782470703
0.133,unsat,2930.8623554706573
0.131,cancelled,2910.327150821686
0.219,sat,15.981772899627686
0.17500000000000002,sat,194.70539498329163
0.177,cancelled,218.189368724823
0.147,sat,98.6750636100769
0.159,cancelled,103.09929656982422
0.14100000000000001,unsat,3207.384750843048
0.137,cancelled,3213.377958536148
0.14300000000000002,timeout,3600
0.14500000000000002,timeout,3600
