epsilon,result,runtime
0.265,sat,4.585505485534668
0.133,sat,4.59583306312561
0.131,sat,4.482727527618408
0.065,unsat,3381.2620091438293
0.063,cancelled,3376.9152450561523
0.107,sat,39.821706771850586
0.08700000000000001,unsat,3012.4049649238586
0.085,cancelled,2972.8924136161804
0.099,sat,28.18409276008606
0.091,sat,86.78792190551758
0.093,cancelled,122.48861932754517
0.089,unsat,3344.0884079933167
