epsilon,result,runtime
0.265,sat,3.2476727962493896
0.133,sat,102.17342066764832
0.131,sat,2110.918145418167
0.065,unsat,2897.833543777466
0.063,cancelled,886.5961427688599
0.08700000000000001,timeout,3600
0.107,timeout,3600
0.097,unsat,3513.47797870636
0.099,timeout,3600
0.117,sat,8.718884468078613
0.10500000000000001,unsat,3147.3892624378204
0.111,sat,297.21329402923584
0.115,cancelled,3547.960328102112
0.109,unsat,3580.4023418426514
