epsilon,result,runtime
0.265,sat,4.817107200622559
0.131,sat,1439.868109703064
0.133,cancelled,1450.8761386871338
0.085,unsat,3195.723306655884
0.043000000000000003,cancelled,3199.2234473228455
0.101,unsat,2984.67173910141
0.115,unsat,3432.727643728256
0.117,unsat,3393.7219417095184
0.123,unsat,3074.4340765476227
0.125,unsat,2913.5843546390533
0.127,unsat,3462.6096432209015
0.129,unsat,3566.0903720855713
