epsilon,result,runtime
0.133,sat,1.7682075500488281
0.265,cancelled,4.77010703086853
0.08700000000000001,unsat,3028.11577296257
0.043000000000000003,cancelled,3030.931176185608
0.10300000000000001,sat,26.03036117553711
0.117,cancelled,29.702219247817993
0.097,sat,177.51927995681763
0.093,unsat,2666.697669506073
0.091,cancelled,2489.1793944835663
0.095,unsat,3562.395863056183
