epsilon,result,runtime
0.265,sat,1.9278383255004883
0.133,sat,12.5513756275177
0.131,sat,8.058848857879639
0.065,unsat,2679.656665802002
0.063,cancelled,2682.0380692481995
0.107,sat,23.067967414855957
0.08700000000000001,sat,226.0331768989563
0.075,unsat,2878.330912590027
0.085,unsat,3274.279398918152
0.079,cancelled,192.52685165405273
