epsilon,result,runtime
0.133,sat,4.61490273475647
0.265,cancelled,9.767554759979248
0.265,sat,4.643788576126099
0.08700000000000001,sat,40.02281665802002
0.041,unsat,2999.9944541454315
0.065,sat,135.00520277023315
0.043000000000000003,unsat,3190.994047641754
0.053000000000000005,timeout,3600
0.055,timeout,3600
0.051000000000000004,unsat,3067.2261233329773
0.057,unsat,3074.691495656967
0.061,unsat,2738.899715900421
0.059000000000000004,cancelled,2730.778846502304
0.063,unsat,3589.6281521320343
