epsilon,result,runtime
0.265,sat,19.273731470108032
0.133,unsat,2727.8865048885345
0.131,cancelled,2708.7012345790863
0.219,sat,508.02606225013733
0.177,unsat,3028.2863068580627
0.17500000000000002,cancelled,2520.2221851348877
0.203,sat,1536.3659811019897
0.191,sat,1806.9108564853668
0.189,sat,1444.482600927353
0.181,sat,193.17174291610718
0.183,cancelled,1374.148307800293
0.179,unsat,3562.584769487381
