epsilon,result,runtime
0.265,sat,5.891785144805908
0.131,sat,403.0477638244629
0.133,cancelled,422.29378843307495
0.085,unsat,3148.4394307136536
0.043000000000000003,cancelled,3156.300717115402
0.115,unsat,3026.5587253570557
0.101,cancelled,3033.1001060009003
0.121,sat,653.114262342453
0.125,cancelled,658.0422677993774
0.11900000000000001,unsat,3209.198177576065
0.117,cancelled,3215.6174738407135
