epsilon,result,runtime
0.265,sat,1.9841065406799316
0.133,sat,1.976395606994629
0.131,sat,1.8018252849578857
0.063,unsat,3275.4259808063507
0.097,sat,2.0086984634399414
0.065,timeout,3600
0.081,unsat,2842.8593978881836
0.079,cancelled,2534.8971037864685
0.091,sat,3.3219032287597656
0.085,unsat,2966.2275404930115
0.089,sat,2.077376127243042
0.08700000000000001,unsat,3583.5232837200165
