epsilon,result,runtime
0.265,sat,1.9872910976409912
0.133,sat,3.778993606567383
0.131,sat,11.362215757369995
0.063,unsat,2854.0313136577606
0.097,sat,31.774281978607178
0.065,unsat,2974.2817747592926
0.081,sat,139.8620319366455
0.079,sat,1487.09525680542
0.07100000000000001,unsat,3244.6807949543
0.075,sat,135.18897128105164
0.07300000000000001,unsat,3558.33770942688
