epsilon,result,runtime
0.265,sat,5.009613275527954
0.131,unsat,2797.965762615204
0.133,unsat,2977.931355237961
0.199,sat,215.3640751838684
0.197,sat,103.09992504119873
0.165,unsat,2946.2648952007294
0.163,cancelled,2890.0060019493103
0.185,sat,187.97919940948486
0.17300000000000001,unsat,2910.9856112003326
0.17500000000000002,unsat,3449.9343881607056
0.181,sat,320.8814947605133
0.179,unsat,3107.5939180850983
0.177,cancelled,2441.2747910022736
