epsilon,result,runtime
0.265,sat,1.867858648300171
0.133,sat,1.917184829711914
0.065,sat,1.9560532569885254
0.131,cancelled,4.7166993618011475
0.021,unsat,935.1242117881775
0.041,unsat,2817.5817682743073
0.053000000000000005,sat,14.076348304748535
0.043000000000000003,unsat,2835.722034215927
0.047,unsat,2804.769304037094
0.051000000000000004,sat,41.359795331954956
0.049,unsat,3577.1110229492188
