epsilon,result,runtime
0.265,sat,51.854592084884644
0.131,unsat,3047.263193845749
0.133,unsat,3338.5860764980316
0.197,sat,1507.1742837429047
0.199,cancelled,1747.091490983963
0.17500000000000002,unsat,3207.1759202480316
0.155,cancelled,3210.7259945869446
0.189,timeout,3600
0.183,timeout,3600
0.191,unsat,3406.5403411388397
0.181,cancelled,3411.4833285808563
0.195,sat,1706.7475352287292
0.193,sat,1712.684360742569
