epsilon,result,runtime
0.265,sat,46.724847078323364
0.131,unsat,3441.5367419719696
0.133,unsat,3494.6702721118927
0.199,sat,16.90043544769287
0.165,sat,5.2894134521484375
0.197,cancelled,26.49170732498169
0.153,unsat,2841.199150800705
0.14300000000000002,cancelled,2844.0817663669586
0.159,sat,23.448376178741455
0.157,unsat,2765.5202333927155
0.155,cancelled,2742.211536169052
