epsilon,result,runtime
0.265,sat,12.828406572341919
0.133,sat,15.327524423599243
0.131,sat,11.71550965309143
0.063,unsat,2966.6646370887756
0.065,unsat,3343.430773496628
0.097,unsat,2921.0861608982086
0.115,sat,26.79685401916504
0.107,sat,42.61287713050842
0.099,unsat,2800.2210762500763
0.10300000000000001,sat,194.3641550540924
0.101,unsat,3565.987290620804
