epsilon,result,runtime
0.265,sat,4.541828393936157
0.133,sat,90.95100665092468
0.131,sat,84.40918016433716
0.063,unsat,3008.4995090961456
0.065,unsat,3110.9221193790436
0.099,unsat,3139.1755261421204
0.097,cancelled,3243.9012286663055
0.11900000000000001,sat,53.64560389518738
0.109,sat,72.94413924217224
0.107,sat,1198.4702906608582
0.10300000000000001,unsat,3091.4056515693665
0.101,cancelled,1913.193502664566
0.10500000000000001,unsat,3584.6955432891846
