epsilon,result,runtime
0.265,sat,3.3945982456207275
0.131,sat,156.9545259475708
0.133,cancelled,167.396231174469
0.085,unsat,3043.7772438526154
0.043000000000000003,cancelled,3049.9045746326447
0.101,unsat,2758.943695306778
0.115,unsat,3338.65122795105
0.123,sat,23.510693073272705
0.11900000000000001,sat,1132.7289152145386
0.117,unsat,3589.9779181480408
