epsilon,result,runtime
0.265,sat,3.3775794506073
0.133,sat,3.3783397674560547
0.131,sat,3.331951141357422
0.065,sat,37.14100122451782
0.063,unsat,2679.8165674209595
0.031,cancelled,2649.9820778369904
