epsilon,result,runtime
0.265,sat,3.384793519973755
0.133,sat,42.36304187774658
0.131,sat,40.97972321510315
0.065,unsat,2666.693885564804
0.063,cancelled,2664.693986415863
0.107,sat,25.543878078460693
0.08700000000000001,unsat,3108.7065892219543
0.085,cancelled,3083.1757593154907
0.093,sat,25.85100817680359
0.099,cancelled,29.226317644119263
0.091,sat,47.73527550697327
0.089,sat,50.81417536735535
