epsilon,result,runtime
0.265,sat,3.3654873371124268
0.131,sat,11.666015863418579
0.133,cancelled,21.841543197631836
0.085,sat,4.436858177185059
0.043000000000000003,unsat,3177.9087488651276
0.041,cancelled,3173.743565797806
0.069,sat,39.89914584159851
0.057,unsat,3426.35795211792
0.055,cancelled,3386.575075864792
0.063,sat,279.90054631233215
0.061,unsat,3414.929080247879
0.059000000000000004,cancelled,3135.0719220638275
