epsilon,result,runtime
0.265,sat,9.40390133857727
0.131,sat,43.900208473205566
0.133,cancelled,59.3261194229126
0.043000000000000003,unsat,3117.332976579666
0.085,unsat,3165.7567098140717
0.109,sat,217.94717526435852
0.08700000000000001,unsat,3101.8329730033875
0.097,unsat,3498.5469937324524
0.099,unsat,2872.9852838516235
0.10300000000000001,unsat,3164.660137653351
0.107,sat,41.659729957580566
0.10500000000000001,unsat,3581.20135307312
