epsilon,result,runtime
0.265,sat,1.935176134109497
0.133,unsat,2867.4237916469574
0.131,cancelled,2865.6849410533905
0.219,sat,3.334725856781006
0.177,sat,31.832305908203125
0.17500000000000002,sat,52.86351656913757
0.155,sat,172.82548332214355
0.153,unsat,2692.769068956375
0.14300000000000002,cancelled,2491.984274625778
