epsilon,result,runtime
0.265,sat,68.45775723457336
0.131,unsat,3416.136061668396
0.199,sat,63.20596098899841
0.133,timeout,3600
0.167,sat,231.84321570396423
0.165,sat,326.6320459842682
0.149,sat,782.2850234508514
0.147,unsat,3502.141165494919
0.139,cancelled,2785.14396071434
