epsilon,result,runtime
0.265,sat,5.502131462097168
0.133,sat,5.5526487827301025
0.131,sat,5.673502683639526
0.065,sat,13.136176109313965
0.063,sat,12.986032247543335
0.029,unsat,3545.4778954982758
0.047,sat,6.165502071380615
0.031,timeout,3600
0.039,sat,28.961941957473755
0.037000000000000005,sat,36.038525104522705
0.035,sat,70.42341208457947
0.033,unsat,3139.5301032066345
