epsilon,result,runtime
0.265,sat,14.110666275024414
0.133,unsat,3093.5420668125153
0.131,cancelled,3079.6590447425842
0.219,sat,16.683094263076782
0.177,sat,1256.1581575870514
0.17500000000000002,sat,1449.8177227973938
0.153,unsat,2825.479926109314
0.155,unsat,3045.928389310837
0.165,unsat,3058.0005621910095
0.163,cancelled,2627.535705804825
0.171,sat,360.96083903312683
0.169,sat,1762.1517360210419
0.167,sat,1400.971533536911
