epsilon,result,runtime
0.265,sat,1.8906455039978027
0.133,sat,214.29828715324402
0.065,unsat,2722.934571504593
0.131,unsat,3473.264662504196
0.097,cancelled,537.8351764678955
