epsilon,result,runtime
0.265,sat,3.386753797531128
0.133,sat,3.3800442218780518
0.131,sat,3.35001802444458
0.065,unsat,2979.9063351154327
0.063,cancelled,2976.713135242462
0.107,sat,23.43921971321106
0.08700000000000001,sat,25.158655881881714
0.085,sat,2.1780219078063965
0.07300000000000001,sat,1045.438206911087
0.075,cancelled,1053.1920664310455
0.067,unsat,2710.2082743644714
0.069,unsat,3339.6233065128326
0.07100000000000001,unsat,3570.7325100898743
