epsilon,result,runtime
0.265,sat,3.2853989601135254
0.133,sat,3.3128578662872314
0.131,sat,3.2853710651397705
0.063,unsat,2947.9572558403015
0.097,sat,1.9518461227416992
0.081,sat,13.259652614593506
0.065,timeout,3600
0.07300000000000001,timeout,3600
0.07100000000000001,unsat,3572.331615924835
0.075,unsat,3145.8148901462555
0.077,unsat,3477.6505970954895
0.079,unsat,3559.790333032608
