epsilon,result,runtime
0.265,sat,2.0081210136413574
0.131,unsat,2955.662946462631
0.199,sat,16.23650574684143
0.133,unsat,3208.1241602897644
0.167,sat,51.27204942703247
0.149,sat,26.322806358337402
0.165,cancelled,310.60933685302734
0.14300000000000002,unsat,3546.044093847275
0.139,cancelled,3549.368650197983
0.14500000000000002,sat,72.24197316169739
0.147,cancelled,76.00033903121948
