epsilon,result,runtime
0.133,sat,15.984240293502808
0.265,cancelled,22.039594888687134
0.08700000000000001,unsat,3252.256137609482
0.043000000000000003,cancelled,3258.018229007721
0.117,sat,372.4704086780548
0.10300000000000001,unsat,3235.9457156658173
0.101,cancelled,2863.63213968277
0.111,sat,529.2779071331024
0.10500000000000001,sat,50.58526849746704
0.107,cancelled,592.4540033340454
