epsilon,result,runtime
0.265,sat,7.575714111328125
0.133,sat,15.892179012298584
0.131,sat,17.178438186645508
0.065,sat,18.181262969970703
0.063,sat,12.64005732536316
0.031,unsat,7.703235387802124
0.029,cancelled,4.474932909011841
0.051000000000000004,sat,18.8877432346344
0.039,unsat,722.7224652767181
0.045,sat,14.913139343261719
0.041,unsat,1696.522117614746
0.043000000000000003,unsat,3162.996917963028
