epsilon,result,runtime
0.265,sat,8.165580749511719
0.133,sat,11.822268962860107
0.131,sat,12.36027717590332
0.063,sat,137.299733877182
0.065,cancelled,164.09470176696777
0.021,unsat,5.990957498550415
0.041,unsat,362.48208951950073
0.043000000000000003,unsat,425.59965777397156
0.051000000000000004,unsat,3104.2625136375427
0.057,sat,187.77116322517395
0.053000000000000005,timeout,3600
0.055,timeout,3600
