epsilon,result,runtime
0.265,sat,11.579106569290161
0.133,sat,19.145328521728516
0.131,sat,18.480465173721313
0.065,sat,15.386118412017822
0.063,sat,18.873398542404175
0.031,sat,17.93604063987732
0.013000000000000001,unsat,8.57390022277832
0.029,sat,17.48994278907776
0.019000000000000003,unsat,1468.9495368003845
0.025,sat,11.701159715652466
0.023,sat,30.965020179748535
0.021,unsat,3436.932147026062
