epsilon,result,runtime
0.265,sat,6.802758693695068
0.133,sat,12.002327680587769
0.131,sat,11.576285362243652
0.065,sat,9.062713146209717
0.063,sat,14.29773235321045
0.029,unsat,7.434689283370972
0.031,unsat,57.70575976371765
0.047,sat,122.69516277313232
0.045,sat,198.5276415348053
0.037000000000000005,unsat,3223.742383003235
0.039,unsat,3478.8526842594147
0.043000000000000003,sat,29.45376229286194
0.041,timeout,3600
