epsilon,result,runtime
0.265,sat,6.697367906570435
0.133,sat,11.079673051834106
0.131,sat,14.852550268173218
0.065,sat,12.80754828453064
0.031,unsat,7.798470973968506
0.063,sat,151.6591169834137
0.045,unsat,3068.004977464676
0.055,sat,21.63744068145752
0.051000000000000004,sat,107.2791953086853
0.047,timeout,3600
0.049,sat,395.9576711654663
