epsilon,result,runtime
0.265,sat,9.031625509262085
0.133,sat,14.006465911865234
0.131,sat,17.502031564712524
0.065,sat,17.46252727508545
0.031,unsat,6.6620495319366455
0.063,sat,13.1878342628479
0.047,sat,19.818519115447998
0.045,sat,19.554240703582764
0.039,sat,16.976925134658813
0.033,unsat,33.7708945274353
0.037000000000000005,sat,203.7401328086853
0.035,unsat,558.5438547134399
