epsilon,result,runtime
0.265,sat,7.4648356437683105
0.133,sat,14.391854047775269
0.131,sat,15.009515523910522
0.065,sat,14.491387128829956
0.063,sat,12.33538007736206
0.031,sat,14.434412717819214
0.013000000000000001,sat,6.306446552276611
0.029,cancelled,17.4521963596344
0.003,unsat,6.43388557434082
0.007,sat,7.463569164276123
0.009000000000000001,cancelled,1.807103157043457
0.005,unsat,6.663838148117065
