epsilon,result,runtime
0.265,sat,10.225349187850952
0.133,sat,16.257017135620117
0.131,sat,17.02200675010681
0.065,sat,14.516458988189697
0.031,unsat,8.075179100036621
0.063,sat,16.906174898147583
0.047,sat,356.8083884716034
0.037000000000000005,unsat,140.3965904712677
0.041,unsat,929.9757997989655
0.045,unsat,3306.5613577365875
0.043000000000000003,cancelled,1865.348301410675
