epsilon,result,runtime
0.265,sat,10.088937997817993
0.133,sat,11.712646245956421
0.131,sat,13.251722574234009
0.065,sat,12.948326110839844
0.063,sat,15.016104698181152
0.031,sat,333.884642124176
0.013000000000000001,unsat,7.846057176589966
0.021,unsat,10.365609645843506
0.025,unsat,520.0800507068634
0.027000000000000003,unsat,1117.2960834503174
0.029,unsat,2151.7000114917755
