epsilon,result,runtime
0.265,sat,14.258512258529663
0.133,sat,14.468577146530151
0.065,sat,12.347459077835083
0.131,cancelled,19.528359413146973
0.021,sat,9.211663484573364
0.041,cancelled,16.388376235961914
0.007,unsat,7.2512288093566895
0.013000000000000001,sat,9.178051710128784
0.015,cancelled,2.191451072692871
0.009000000000000001,unsat,8.893804550170898
0.011,unsat,406.10373282432556
