epsilon,result,runtime
0.265,sat,7.738425970077515
0.133,sat,15.532431602478027
0.131,sat,14.032491683959961
0.065,sat,11.169500350952148
0.063,sat,14.460097074508667
0.029,unsat,6.4111433029174805
0.031,unsat,34.04515838623047
0.047,sat,9.638922214508057
0.045,sat,12.606343984603882
0.037000000000000005,unsat,941.2428889274597
0.039,unsat,3234.730495452881
0.043000000000000003,sat,113.96955513954163
0.041,unsat,3453.4843027591705
