epsilon,result,runtime
0.265,sat,10.605941772460938
0.133,sat,13.567013502120972
0.131,sat,15.62471079826355
0.065,sat,17.561646223068237
0.031,unsat,8.004846572875977
0.063,sat,17.306852340698242
0.045,unsat,105.26078057289124
0.055,sat,48.084781646728516
0.047,unsat,313.9272074699402
0.049,unsat,673.5582315921783
0.051000000000000004,unsat,3451.829721212387
0.053000000000000005,unsat,3395.91415309906
