epsilon,result,runtime
0.265,sat,9.156450986862183
0.133,sat,14.172595262527466
0.131,sat,10.39812445640564
0.065,sat,11.085168600082397
0.031,sat,8.475847482681274
0.063,cancelled,21.883020877838135
0.019000000000000003,unsat,7.2620627880096436
0.009000000000000001,cancelled,14.03461480140686
0.023,unsat,26.856314659118652
0.025,unsat,89.85661792755127
0.029,sat,79.48619627952576
0.027000000000000003,unsat,943.8260188102722
