epsilon,result,runtime
0.265,sat,13.700008153915405
0.133,sat,13.824066638946533
0.065,sat,11.624084949493408
0.131,cancelled,18.652584552764893
0.021,sat,7.726907014846802
0.041,cancelled,13.892359972000122
0.007,unsat,5.880452394485474
0.013000000000000001,unsat,5.91472601890564
0.015,unsat,4.49561882019043
0.019000000000000003,sat,5.89467191696167
0.017,unsat,353.3536922931671
