epsilon,result,runtime
0.265,sat,15.838668823242188
0.133,sat,16.13471508026123
0.131,sat,13.44441843032837
0.065,sat,13.62306809425354
0.031,unsat,7.182934999465942
0.063,sat,15.947846412658691
0.047,sat,15.819056987762451
0.045,sat,163.69942688941956
0.037000000000000005,unsat,210.29399347305298
0.039,unsat,461.37151765823364
0.041,unsat,1150.0469143390656
0.043000000000000003,unsat,2307.6437606811523
