epsilon,result,runtime
0.265,sat,10.913744688034058
0.133,sat,16.66650080680847
0.131,sat,20.862568616867065
0.065,sat,21.457372426986694
0.063,sat,17.717531204223633
0.029,unsat,2172.243063926697
0.047,sat,20.14592933654785
0.039,sat,16.6212899684906
0.031,unsat,3134.9213926792145
0.035,sat,1863.099928855896
0.033,timeout,3600
