epsilon,result,runtime
0.265,sat,7.547603607177734
0.133,sat,11.570235013961792
0.131,sat,18.301762104034424
0.065,sat,170.05285596847534
0.031,unsat,5.647704601287842
0.063,sat,228.1444070339203
0.047,unsat,3151.8935208320618
0.045,cancelled,3092.9785006046295
0.057,sat,600.72021317482
0.053000000000000005,timeout,3600
0.051000000000000004,unsat,3378.6152555942535
0.049,cancelled,406.3055348396301
0.055,sat,715.9316885471344
