epsilon,result,runtime
0.265,sat,5.1600446701049805
0.133,sat,10.610413074493408
0.131,sat,10.880104303359985
0.065,sat,11.848328590393066
0.063,sat,10.115837812423706
0.031,sat,7.132592678070068
0.029,sat,6.609759569168091
0.013000000000000001,unsat,6.222639799118042
0.015,unsat,4.96924614906311
0.021,unsat,432.75175642967224
0.023,unsat,1154.951408147812
0.027000000000000003,sat,5.492443084716797
0.025,unsat,2230.8490195274353
