epsilon,result,runtime
0.265,sat,7.196768760681152
0.133,sat,10.859004259109497
0.131,sat,8.965571880340576
0.065,sat,9.155582189559937
0.063,sat,11.753681182861328
0.031,sat,6.605221271514893
0.029,sat,7.718686819076538
0.013000000000000001,unsat,5.106414556503296
0.015,unsat,58.25812602043152
0.023,sat,8.737167835235596
0.017,unsat,175.88679933547974
0.019000000000000003,unsat,444.95782995224
0.021,sat,844.0942304134369
