epsilon,result,runtime
0.265,sat,10.121172666549683
0.133,sat,14.390970945358276
0.065,sat,11.745644807815552
0.131,cancelled,24.183780193328857
0.041,sat,15.207469463348389
0.019000000000000003,unsat,7.3608009815216064
0.021,unsat,70.55871725082397
0.031,sat,673.9707400798798
0.025,unsat,558.5080127716064
0.027000000000000003,unsat,1346.5508229732513
0.029,unsat,3560.868862390518
