epsilon,result,runtime
0.265,sat,10.807555675506592
0.133,sat,17.35681176185608
0.131,sat,9.809890747070312
0.065,sat,16.62525701522827
0.063,sat,15.300507068634033
0.031,unsat,6.0288660526275635
0.029,cancelled,5.460132360458374
0.051000000000000004,sat,272.07667326927185
0.041,unsat,454.14150738716125
0.039,cancelled,181.8180010318756
0.045,unsat,3406.5409886837006
0.047,unsat,3541.3689835071564
0.049,unsat,3020.2100114822388
