epsilon,result,runtime
0.265,sat,10.964992761611938
0.133,sat,15.743007898330688
0.131,sat,15.252998352050781
0.065,sat,16.140674829483032
0.063,sat,18.762987852096558
0.031,sat,66.16469764709473
0.013000000000000001,unsat,6.559988260269165
0.029,sat,272.09283471107483
0.021,unsat,378.4899764060974
0.019000000000000003,cancelled,176.16995930671692
0.023,unsat,1231.9734332561493
0.025,unsat,2663.9558684825897
0.027000000000000003,timeout,3600
