epsilon,result,runtime
0.133,sat,11.963152647018433
0.265,cancelled,21.256383419036865
0.043000000000000003,sat,11.579110383987427
0.08700000000000001,cancelled,16.793235778808594
0.013000000000000001,unsat,7.312662601470947
0.027000000000000003,unsat,521.6676256656647
0.035,sat,11.45397162437439
0.031,sat,9.078267574310303
0.029,unsat,1050.2490978240967
