epsilon,result,runtime
0.133,sat,15.116234064102173
0.265,cancelled,25.428603649139404
0.08700000000000001,sat,12.64141035079956
0.043000000000000003,sat,14.867086172103882
0.019000000000000003,unsat,8.379472970962524
0.029,unsat,7.766896724700928
0.041,sat,74.00257444381714
0.033,unsat,186.1124348640442
0.037000000000000005,sat,266.9984884262085
0.035,unsat,519.3740181922913
