epsilon,result,runtime
0.265,sat,11.414054870605469
0.133,sat,18.76138663291931
0.131,sat,13.657419919967651
0.065,sat,16.878889799118042
0.063,sat,17.181355476379395
0.031,unsat,3197.028840303421
0.029,cancelled,3188.0494360923767
0.041,sat,14.767455339431763
0.051000000000000004,cancelled,28.144256830215454
0.035,sat,223.84188771247864
0.037000000000000005,cancelled,231.98877573013306
0.033,timeout,3600
