epsilon,result,runtime
0.133,sat,21.667333364486694
0.265,cancelled,31.509762048721313
0.043000000000000003,unsat,9.978013753890991
0.08700000000000001,sat,356.3248496055603
0.089,cancelled,345.07467007637024
0.057,unsat,2570.027439594269
0.07100000000000001,unsat,3035.173194169998
0.079,sat,135.5549566745758
0.07300000000000001,unsat,2718.144936323166
0.075,unsat,2831.3460536003113
0.077,unsat,3545.3390078544617
