epsilon,result,runtime
0.133,sat,11.564993143081665
0.265,cancelled,19.585406064987183
0.08700000000000001,sat,8.37381649017334
0.041,unsat,331.299391746521
0.065,sat,8.54505205154419
0.053000000000000005,sat,54.83924865722656
0.043000000000000003,unsat,1218.1668105125427
0.049,sat,145.77433276176453
0.047,unsat,3194.378965854645
0.045,cancelled,2253.2005276679993
