epsilon,result,runtime
0.265,sat,10.078816890716553
0.133,sat,16.584348917007446
0.131,sat,19.614904403686523
0.065,sat,21.216622591018677
0.063,sat,19.764379024505615
0.031,sat,21.389684200286865
0.013000000000000001,unsat,8.051495552062988
0.021,unsat,190.68918657302856
0.029,sat,623.8963561058044
0.023,unsat,477.0648846626282
0.025,unsat,1043.4930171966553
0.027000000000000003,unsat,2037.95894241333
