epsilon,result,runtime
0.265,sat,10.22727108001709
0.133,sat,20.088231325149536
0.131,sat,15.483631134033203
0.065,sat,16.56433868408203
0.063,sat,11.703498125076294
0.029,unsat,2439.6721041202545
0.047,sat,15.497599601745605
0.039,sat,12.226824283599854
0.035,sat,272.0391175746918
0.033,sat,124.20084071159363
0.031,unsat,3347.5221111774445
