epsilon,result,runtime
0.133,sat,18.14510989189148
0.265,cancelled,30.980655431747437
0.043000000000000003,sat,12.26162075996399
0.08700000000000001,cancelled,21.171207904815674
0.013000000000000001,unsat,9.7134370803833
0.027000000000000003,sat,12.175351858139038
0.029,cancelled,2.554837465286255
0.017,unsat,10.559816598892212
0.023,sat,330.50101709365845
0.019000000000000003,unsat,146.51890563964844
0.021,unsat,759.6095192432404
