epsilon,result,runtime
0.265,sat,12.279029607772827
0.133,sat,20.067030429840088
0.131,sat,18.35115361213684
0.065,sat,19.407613039016724
0.063,sat,21.29907989501953
0.031,sat,13.58385944366455
0.029,sat,13.739519119262695
0.013000000000000001,sat,13.319423198699951
0.015,cancelled,3.289813280105591
0.003,unsat,11.042146921157837
0.007,sat,11.974384307861328
0.009000000000000001,cancelled,1.0634729862213135
0.005,unsat,118.63545203208923
