epsilon,result,runtime
0.265,sat,9.15515947341919
0.133,sat,14.208065509796143
0.131,sat,17.64908003807068
0.065,sat,18.422619819641113
0.063,sat,16.55237579345703
0.029,unsat,2209.1066842079163
0.047,sat,14.709443807601929
0.039,sat,90.90471911430359
0.035,sat,99.04333734512329
0.033,sat,294.2412986755371
0.031,timeout,3600
