epsilon,result,runtime
0.265,sat,7.675153732299805
0.133,sat,15.575042486190796
0.131,sat,17.033308267593384
0.065,sat,17.993812799453735
0.031,sat,12.748006820678711
0.063,cancelled,27.284085512161255
0.009000000000000001,unsat,9.682867288589478
0.019000000000000003,sat,11.193716049194336
0.021,cancelled,0.9325764179229736
0.013000000000000001,unsat,32.38938903808594
0.017,sat,142.37836050987244
0.015,unsat,270.99181866645813
