epsilon,result,runtime
0.265,sat,4.65274715423584
0.133,sat,7.295944452285767
0.131,sat,7.484241962432861
0.065,sat,7.1081390380859375
0.031,unsat,3.3267359733581543
0.063,sat,6.279574632644653
0.045,unsat,78.38807559013367
0.055,sat,99.63238501548767
0.047,unsat,245.4964497089386
0.049,unsat,973.054877281189
0.051000000000000004,unsat,2980.2080433368683
0.053000000000000005,timeout,3600
