epsilon,result,runtime
0.265,sat,9.190449237823486
0.133,sat,15.917611837387085
0.131,sat,12.668575525283813
0.065,sat,12.213086128234863
0.031,unsat,8.695951461791992
0.063,sat,16.45103144645691
0.045,unsat,1953.0480318069458
0.047,timeout,3600
0.055,timeout,3600
0.057,sat,54.31968641281128
0.053000000000000005,unsat,3331.865028858185
0.049,cancelled,1319.1747210025787
