epsilon,result,runtime
0.265,sat,8.321755409240723
0.133,sat,13.377577304840088
0.131,sat,10.732789039611816
0.065,sat,11.495946645736694
0.063,sat,9.419860124588013
0.029,unsat,59.1177077293396
0.047,sat,11.443312883377075
0.039,sat,9.666525840759277
0.035,sat,91.85565328598022
0.031,unsat,352.058824300766
0.033,unsat,643.4070219993591
