epsilon,result,runtime
0.265,sat,6.491799831390381
0.133,sat,9.242120027542114
0.131,sat,8.04526400566101
0.065,sat,8.069376707077026
0.031,unsat,3.6523690223693848
0.063,sat,61.65540671348572
0.045,unsat,729.3488245010376
0.047,unsat,1070.4602963924408
0.053000000000000005,unsat,2520.062319278717
0.059000000000000004,sat,10.784017324447632
0.055,timeout,3600
0.057,timeout,3600
