epsilon,result,runtime
0.265,sat,9.951640367507935
0.133,sat,18.341043949127197
0.131,sat,18.764695644378662
0.065,sat,19.22251009941101
0.063,sat,16.493673086166382
0.029,unsat,291.9921164512634
0.047,sat,19.82758593559265
0.039,sat,136.57052874565125
0.031,unsat,556.2452142238617
0.033,unsat,2545.281212568283
0.035,unsat,3174.0457854270935
0.037000000000000005,sat,2292.211211681366
