epsilon,result,runtime
0.265,sat,9.2496657371521
0.133,sat,12.414883136749268
0.131,sat,11.833513736724854
0.065,sat,12.806822061538696
0.063,sat,13.17436695098877
0.029,unsat,617.4602568149567
0.047,sat,15.89095664024353
0.031,unsat,3467.4908394813538
0.039,timeout,3600
0.041,sat,139.53049659729004
0.037000000000000005,unsat,2823.6671109199524
0.033,cancelled,1886.7521350383759
