epsilon,result,runtime
0.265,sat,12.209611415863037
0.133,sat,18.198486328125
0.131,sat,16.356804847717285
0.065,sat,17.10781240463257
0.031,unsat,7.018362998962402
0.063,sat,17.773739337921143
0.045,unsat,2336.825036764145
0.055,sat,113.11823439598083
0.051000000000000004,sat,212.74574542045593
0.049,sat,115.57113194465637
0.047,unsat,3502.340565919876
