epsilon,result,runtime
0.265,sat,11.744256496429443
0.133,sat,14.089521884918213
0.131,sat,16.611377477645874
0.065,sat,12.753893852233887
0.031,unsat,8.260595798492432
0.063,sat,15.697007656097412
0.045,unsat,1540.4119808673859
0.055,sat,38.89178824424744
0.051000000000000004,sat,12.450801610946655
0.049,sat,217.21216440200806
0.047,unsat,3450.6987302303314
