epsilon,result,runtime
0.265,sat,7.4147093296051025
0.133,sat,13.628942728042603
0.131,sat,15.520968675613403
0.065,sat,15.001118659973145
0.063,sat,16.70222806930542
0.031,sat,15.558594465255737
0.013000000000000001,unsat,7.372957706451416
0.029,sat,15.336177825927734
0.019000000000000003,unsat,5.783725738525391
0.021,unsat,99.8150007724762
0.023,unsat,297.19550943374634
0.027000000000000003,sat,11.964310646057129
0.025,unsat,1155.4392411708832
