epsilon,result,runtime
0.265,sat,9.336204051971436
0.133,sat,14.124180555343628
0.131,sat,13.516158819198608
0.065,sat,18.98267674446106
0.063,sat,12.044504642486572
0.031,unsat,5.622485876083374
0.029,cancelled,4.602620601654053
0.041,unsat,196.74229741096497
0.051000000000000004,sat,268.92321968078613
0.053000000000000005,cancelled,71.92085480690002
0.045,unsat,922.5385317802429
0.049,sat,1931.2375745773315
0.047,unsat,3444.707352876663
