epsilon,result,runtime
0.265,sat,10.866071462631226
0.133,sat,16.769614934921265
0.131,sat,10.185561418533325
0.063,unsat,2251.5636620521545
0.097,sat,19.985128164291382
0.081,sat,20.69274401664734
0.07300000000000001,sat,16.580251216888428
0.069,sat,228.40193486213684
0.065,unsat,3179.1678891181946
0.067,unsat,3125.2242665290833
