epsilon,result,runtime
0.265,sat,7.82155966758728
0.133,sat,12.568447351455688
0.131,sat,8.863003015518188
0.065,sat,9.776743412017822
0.063,sat,12.810346841812134
0.031,sat,15.112414836883545
0.029,sat,10.191296100616455
0.013000000000000001,unsat,29.998969078063965
0.015,unsat,81.50852227210999
0.023,sat,183.36536622047424
0.017,unsat,491.16910099983215
0.019000000000000003,unsat,758.1320266723633
0.021,unsat,3271.480431318283
