epsilon,result,runtime
0.265,sat,9.084971189498901
0.133,sat,13.2957181930542
0.065,sat,17.111037254333496
0.131,cancelled,27.19207787513733
0.041,sat,18.676204442977905
0.021,sat,128.93091940879822
0.009000000000000001,unsat,8.215941905975342
0.013000000000000001,unsat,8.532659769058228
0.015,unsat,8.257508277893066
0.017,unsat,278.0989284515381
0.019000000000000003,unsat,703.1616730690002
