epsilon,result,runtime
0.265,sat,19.1356303691864
0.133,sat,21.06617259979248
0.131,sat,20.417486906051636
0.065,sat,56.957541704177856
0.031,unsat,9.605136394500732
0.063,sat,58.99239754676819
0.045,unsat,41.15279507637024
0.047,unsat,119.40601563453674
0.053000000000000005,unsat,996.7178030014038
0.055,unsat,1879.2254106998444
0.059000000000000004,unsat,2959.6120858192444
0.057,cancelled,2164.3524396419525
0.061,sat,219.55654621124268
