epsilon,result,runtime
0.133,sat,10.32967233657837
0.265,cancelled,17.46294856071472
0.043000000000000003,sat,6.3170530796051025
0.08700000000000001,cancelled,11.832373857498169
0.013000000000000001,unsat,5.242408752441406
0.027000000000000003,sat,5.848506927490234
0.029,cancelled,1.0489721298217773
0.021,unsat,4.868741750717163
0.017,cancelled,11.840887308120728
0.023,unsat,3.9379665851593018
0.025,unsat,20.43835139274597
