epsilon,result,runtime
0.265,sat,5.696515798568726
0.133,sat,11.405352592468262
0.131,sat,13.825521469116211
0.065,sat,13.432987689971924
0.063,sat,13.64039421081543
0.031,sat,7.0496227741241455
0.029,sat,6.884976148605347
0.013000000000000001,unsat,5.970654249191284
0.015,unsat,7.138032674789429
0.021,unsat,170.0714545249939
0.023,unsat,311.6021602153778
0.027000000000000003,sat,339.45145559310913
0.025,unsat,559.1356694698334
