epsilon,result,runtime
0.133,sat,8.111191272735596
0.265,cancelled,18.075596570968628
0.08700000000000001,sat,12.551844358444214
0.043000000000000003,sat,12.507052659988403
0.019000000000000003,unsat,7.617660999298096
0.041,sat,14.068772315979004
0.031,sat,60.5076379776001
0.023,unsat,359.9964807033539
0.029,sat,775.0578265190125
0.025,unsat,470.958692073822
0.027000000000000003,unsat,811.9824666976929
