epsilon,result,runtime
0.265,sat,13.736536741256714
0.133,sat,22.025264263153076
0.131,sat,17.65709924697876
0.065,sat,18.312175989151
0.063,sat,20.008437156677246
0.029,unsat,332.34631061553955
0.031,unsat,645.7285211086273
0.047,sat,371.773708820343
0.045,unsat,3384.177628517151
0.037000000000000005,cancelled,3307.3961923122406
