epsilon,result,runtime
0.265,sat,11.426430702209473
0.133,sat,16.989426612854004
0.065,sat,16.481011629104614
0.131,cancelled,31.094683170318604
0.021,unsat,9.247804641723633
0.041,unsat,207.93113565444946
0.043000000000000003,unsat,311.4366431236267
0.053000000000000005,unsat,3271.123954296112
0.055,unsat,3238.2871141433716
0.061,sat,36.944597244262695
0.059000000000000004,sat,298.0865182876587
0.057,unsat,3410.67507648468
