epsilon,result,runtime
0.265,sat,9.660510778427124
0.133,sat,14.517332792282104
0.131,sat,11.820701122283936
0.065,sat,18.778959274291992
0.063,sat,18.41101384162903
0.029,unsat,661.463258266449
0.031,unsat,936.9577260017395
0.045,sat,1939.8744087219238
0.047,cancelled,2204.325381755829
0.039,unsat,2766.201327562332
0.035,cancelled,2776.6103155612946
0.043000000000000003,unsat,3518.2691328525543
0.041,cancelled,3527.0966260433197
