epsilon,result,runtime
0.265,sat,9.25027847290039
0.133,sat,12.540120363235474
0.131,sat,12.134480476379395
0.065,sat,10.566987991333008
0.063,sat,14.851495265960693
0.029,unsat,183.1455841064453
0.047,sat,14.553695678710938
0.039,sat,8.01021432876587
0.035,sat,8.213313341140747
0.033,sat,7.800121784210205
0.031,unsat,509.18579149246216
