epsilon,result,runtime
0.133,sat,16.376096725463867
0.265,cancelled,26.84156608581543
0.08700000000000001,sat,14.85098648071289
0.043000000000000003,unsat,248.94278979301453
0.041,cancelled,234.60873293876648
0.07100000000000001,sat,10.126760482788086
0.055,unsat,3231.9497241973877
0.063,sat,54.59274077415466
0.057,unsat,3460.2032940387726
0.059000000000000004,unsat,2892.7313888072968
0.061,unsat,3013.190456867218
