epsilon,result,runtime
0.265,sat,10.964648723602295
0.133,sat,16.3524272441864
0.131,sat,16.20470666885376
0.065,sat,14.660454511642456
0.031,unsat,9.364335536956787
0.063,sat,15.270912408828735
0.045,sat,8.743798017501831
0.047,cancelled,20.554032802581787
0.035,unsat,10.429368495941162
0.039,unsat,209.44003677368164
0.041,unsat,662.7161688804626
0.043000000000000003,unsat,2742.3643634319305
