epsilon,result,runtime
0.265,sat,10.570017576217651
0.133,sat,16.785168170928955
0.065,sat,14.306833505630493
0.131,cancelled,30.38498020172119
0.021,unsat,8.176026582717896
0.041,unsat,9.319735527038574
0.043000000000000003,unsat,7.012681722640991
0.055,sat,303.33514499664307
0.047,unsat,304.53095722198486
0.049,unsat,984.059145450592
0.053000000000000005,unsat,3330.252371788025
0.051000000000000004,cancelled,1689.6598477363586
