epsilon,result,runtime
0.265,sat,7.855300426483154
0.133,sat,14.981843709945679
0.131,sat,11.951028823852539
0.065,sat,87.04666876792908
0.063,sat,89.7117383480072
0.029,unsat,320.6331193447113
0.047,sat,7.065303325653076
0.031,unsat,1002.6014273166656
0.039,unsat,3324.207249879837
0.037000000000000005,cancelled,2690.009175300598
0.043000000000000003,sat,63.99243521690369
0.041,unsat,2981.415867328644
