epsilon,result,runtime
0.265,sat,10.886682510375977
0.133,sat,20.08522391319275
0.131,sat,20.573381423950195
0.065,sat,18.07646346092224
0.031,unsat,9.438080310821533
0.063,sat,21.134695291519165
0.045,unsat,981.5808413028717
0.047,unsat,3183.043238401413
0.055,timeout,3600
0.057,sat,14.70827841758728
0.049,unsat,8.392127275466919
0.051000000000000004,unsat,179.51075267791748
0.053000000000000005,timeout,3600
