epsilon,result,runtime
0.265,sat,8.764108180999756
0.133,sat,13.600589275360107
0.131,sat,20.7763454914093
0.065,sat,16.925240755081177
0.063,sat,18.795010328292847
0.031,sat,196.1866614818573
0.013000000000000001,unsat,8.598702192306519
0.029,sat,290.6601448059082
0.019000000000000003,unsat,128.0368297100067
0.021,unsat,496.0743713378906
0.023,unsat,699.4459249973297
0.027000000000000003,sat,136.7123703956604
0.025,unsat,1993.9971814155579
