epsilon,result,runtime
0.265,sat,8.095276355743408
0.133,sat,13.643129348754883
0.131,sat,13.04575490951538
0.065,sat,18.510307788848877
0.063,sat,16.455586433410645
0.031,unsat,7.009047508239746
0.029,cancelled,3.1893978118896484
0.051000000000000004,sat,689.7207827568054
0.041,timeout,3600
0.039,unsat,3110.974799633026
0.043000000000000003,unsat,3378.6374835968018
0.047,unsat,3238.7798550128937
0.045,cancelled,90.21401810646057
0.049,timeout,3600
