epsilon,result,runtime
0.265,sat,8.337440013885498
0.133,sat,16.082520008087158
0.131,sat,15.08134126663208
0.065,sat,13.04616403579712
0.063,sat,14.255590915679932
0.031,sat,1591.6945264339447
0.013000000000000001,unsat,5.908448934555054
0.021,unsat,89.65004205703735
0.025,unsat,763.0233654975891
0.029,unsat,3426.9095487594604
0.027000000000000003,cancelled,964.8920893669128
