epsilon,result,runtime
0.265,sat,10.701766967773438
0.133,sat,17.129734992980957
0.131,sat,18.639437675476074
0.065,sat,17.654003858566284
0.063,sat,16.761233806610107
0.029,unsat,274.2608845233917
0.031,unsat,325.9568431377411
0.047,sat,49.188884019851685
0.045,sat,220.9890079498291
0.037000000000000005,unsat,2038.0475418567657
0.039,unsat,2330.141433954239
0.041,timeout,3600
0.043000000000000003,unsat,3168.197620153427
