epsilon,result,runtime
0.265,sat,8.176804542541504
0.133,sat,13.748250246047974
0.131,sat,15.611359596252441
0.063,sat,15.44424819946289
0.065,cancelled,42.099451303482056
0.021,unsat,9.619580745697021
0.043000000000000003,unsat,2774.1924936771393
0.041,cancelled,2807.523825645447
0.055,sat,18.823745489120483
0.049,sat,20.159439086914062
0.047,sat,285.597363948822
0.045,sat,2553.7824959754944
