epsilon,result,runtime
0.265,sat,7.192246198654175
0.133,sat,13.861851930618286
0.131,sat,14.640615224838257
0.065,sat,14.259241580963135
0.063,sat,13.451830625534058
0.031,sat,13.430163145065308
0.029,sat,8.700626134872437
0.013000000000000001,unsat,6.46563982963562
0.015,unsat,6.41355299949646
0.023,sat,106.40041160583496
0.017,unsat,78.56835794448853
0.019000000000000003,unsat,374.9572288990021
0.021,unsat,1007.6319196224213
