epsilon,result,runtime
0.265,sat,6.609435319900513
0.133,sat,12.591636896133423
0.131,sat,8.328788995742798
0.065,sat,10.965728998184204
0.063,sat,8.511701107025146
0.031,sat,63.96326470375061
0.013000000000000001,unsat,5.769944667816162
0.021,unsat,162.03537344932556
0.029,sat,293.5594308376312
0.023,unsat,395.57285594940186
0.025,unsat,1272.7026779651642
0.027000000000000003,unsat,2038.6649944782257
