epsilon,result,runtime
0.265,sat,13.419423580169678
0.133,sat,19.126422882080078
0.131,sat,19.629767656326294
0.065,sat,18.291263103485107
0.063,sat,10.502397775650024
0.029,unsat,3439.950790643692
0.047,sat,11.230648517608643
0.031,timeout,3600
0.039,timeout,3600
0.037000000000000005,timeout,3600
0.041,sat,618.7128069400787
0.035,timeout,3600
0.033,unsat,3315.8540003299713
