epsilon,result,runtime
0.265,sat,11.169592142105103
0.133,sat,17.485449075698853
0.131,sat,11.899127960205078
0.063,sat,109.47110748291016
0.065,cancelled,132.7151472568512
0.021,unsat,7.952716588973999
0.041,unsat,539.7928531169891
0.043000000000000003,unsat,676.5716094970703
0.053000000000000005,unsat,3147.084352016449
0.051000000000000004,cancelled,3004.1710407733917
0.059000000000000004,sat,18.739911794662476
0.057,sat,67.4575424194336
0.055,sat,46.772141456604004
