epsilon,result,runtime
0.265,sat,9.589974880218506
0.133,sat,16.291071891784668
0.131,sat,18.314934015274048
0.065,sat,18.489842653274536
0.063,sat,19.663907527923584
0.029,unsat,10.332860946655273
0.047,sat,18.339052438735962
0.031,unsat,77.18991255760193
0.039,sat,587.6607580184937
0.033,unsat,634.7488141059875
0.035,unsat,743.7836210727692
0.037000000000000005,unsat,3396.7840251922607
