epsilon,result,runtime
0.265,sat,4.657191276550293
0.133,sat,79.15900444984436
0.131,sat,88.43500256538391
0.063,unsat,3320.716501235962
0.097,sat,9.072465658187866
0.065,unsat,3549.401020050049
0.079,sat,34.77971935272217
0.081,cancelled,237.36594343185425
0.069,sat,714.2738938331604
0.07300000000000001,cancelled,718.2640986442566
0.067,unsat,3515.815714120865
