epsilon,result,runtime
0.265,sat,6.188120126724243
0.133,sat,13.898589849472046
0.131,sat,13.555734634399414
0.065,unsat,3397.7372481822968
0.063,cancelled,3392.1007347106934
0.107,sat,24.1756432056427
0.08700000000000001,unsat,3478.1516087055206
0.085,cancelled,3454.074563026428
0.093,sat,24.631799697875977
0.099,cancelled,28.299460649490356
0.089,sat,27.135000228881836
0.091,cancelled,30.145766019821167
