epsilon,result,runtime
0.265,sat,3.378894805908203
0.133,sat,269.33314871788025
0.131,sat,270.3127348423004
0.065,unsat,2953.597663640976
0.063,cancelled,2952.61847949028
0.107,unsat,3153.02454662323
0.08700000000000001,cancelled,3159.0883281230927
0.115,unsat,3343.23904132843
0.121,timeout,3600
0.123,sat,352.0986626148224
0.125,cancelled,108.43221306800842
0.11900000000000001,unsat,3162.8563075065613
0.117,cancelled,3170.7085750102997
