epsilon,result,runtime
0.265,sat,5.672879695892334
0.133,sat,7.158069372177124
0.131,sat,7.012974739074707
0.065,timeout,3600
0.063,timeout,3600
0.067,unsat,3331.945784807205
0.061,cancelled,3330.9165711402893
0.109,sat,62.20703434944153
0.089,sat,80.97527527809143
0.08700000000000001,sat,57.7469208240509
0.075,unsat,2989.3671860694885
0.077,timeout,3600
0.081,unsat,3148.47101855278
0.085,sat,614.1706054210663
0.083,unsat,3366.455248117447
