epsilon,result,runtime
0.265,sat,2.310222625732422
0.133,sat,15.714584827423096
0.131,sat,15.983713150024414
0.063,unsat,2659.1952028274536
0.097,sat,29.835497856140137
0.081,sat,525.7153701782227
0.065,unsat,3457.9147691726685
0.07300000000000001,unsat,3316.137732744217
0.07100000000000001,cancelled,3089.11652636528
0.077,unsat,3473.1477155685425
0.075,cancelled,3476.758076429367
0.079,unsat,3044.3093326091766
