epsilon,result,runtime
0.265,sat,10.105255842208862
0.133,timeout,3600
0.131,timeout,3600
0.135,unsat,3250.548394203186
0.129,cancelled,3271.4203174114227
0.221,sat,23.964502096176147
0.179,sat,40.52270007133484
0.177,sat,91.07392239570618
0.155,timeout,3600
0.157,timeout,3600
0.159,sat,750.4028856754303
0.153,unsat,3176.740010023117
0.14300000000000002,cancelled,2344.8702104091644
