epsilon,result,runtime
0.265,sat,6.962022066116333
0.133,sat,9.028680562973022
0.131,sat,8.52236533164978
0.065,sat,29.98027276992798
0.063,sat,15.846010208129883
0.031,unsat,3234.467547416687
0.029,cancelled,3239.2334434986115
0.041,sat,28.366047143936157
0.051000000000000004,cancelled,34.04519271850586
0.037000000000000005,sat,864.5325961112976
0.035,unsat,3306.9401025772095
0.033,cancelled,2442.8959188461304
