epsilon,result,runtime
0.265,sat,5.622740983963013
0.131,unsat,3286.6469480991364
0.199,sat,6.0088441371917725
0.133,timeout,3600
0.167,sat,536.4280796051025
0.165,sat,3309.713688135147
0.149,unsat,3525.574221134186
0.147,cancelled,1045.327877998352
0.159,unsat,3332.0941791534424
0.155,cancelled,3336.3718202114105
0.163,sat,398.0182855129242
0.161,unsat,3425.6699702739716
