epsilon,result,runtime
0.265,sat,58.61884021759033
0.133,timeout,3600
0.131,timeout,3600
0.129,timeout,3600
0.135,timeout,3600
0.127,timeout,3600
0.137,timeout,3600
0.125,timeout,3600
0.139,timeout,3600
0.123,unsat,2431.362322807312
0.203,sat,164.74810910224915
0.14100000000000001,timeout,3600
0.171,unsat,2332.0170724391937
0.187,sat,498.77013206481934
0.179,sat,171.20500779151917
0.17300000000000001,timeout,3600
0.17500000000000002,timeout,3600
0.177,unsat,2566.6245942115784
