epsilon,result,runtime
0.265,sat,15.584827661514282
0.133,unsat,3377.675095319748
0.131,cancelled,3361.856142282486
0.219,sat,82.33962917327881
0.177,sat,87.40785646438599
0.17500000000000002,sat,30.193419694900513
0.155,sat,300.3897271156311
0.153,sat,490.480211019516
0.14300000000000002,unsat,2984.7266099452972
0.14100000000000001,cancelled,2833.368463754654
0.147,sat,875.3897175788879
0.149,cancelled,880.9215342998505
0.14500000000000002,unsat,3522.67915558815
