epsilon,result,runtime
0.265,sat,9.457540512084961
0.133,timeout,3600
0.131,unsat,3592.6984951496124
0.129,cancelled,9.718957424163818
0.219,sat,46.86308455467224
0.17500000000000002,sat,5.853440761566162
0.177,cancelled,68.26361536979675
0.159,sat,61.66097164154053
0.147,sat,65.11723494529724
0.14500000000000002,sat,61.290773153305054
0.139,sat,389.9914815425873
0.137,sat,954.3731420040131
0.135,sat,3286.576883792877
