epsilon,result,runtime
0.265,sat,4.375999450683594
0.131,unsat,3072.678125858307
0.199,sat,30.639445304870605
0.133,unsat,3360.704015493393
0.165,unsat,3330.310343027115
0.167,unsat,3421.4669427871704
0.181,sat,30.962634801864624
0.183,cancelled,372.58529472351074
0.17500000000000002,sat,40.19065499305725
0.171,unsat,3245.9440064430237
0.169,cancelled,3205.6236946582794
0.17300000000000001,unsat,3531.9846584796906
