epsilon,result,runtime
0.265,sat,12.955685138702393
0.133,unsat,3398.4358036518097
0.131,cancelled,3385.6893944740295
0.219,sat,7.670624017715454
0.177,sat,66.74752020835876
0.17500000000000002,sat,70.58335661888123
0.155,sat,113.55808281898499
0.153,sat,326.5163588523865
0.14300000000000002,sat,553.5196619033813
0.14100000000000001,unsat,3243.3739438056946
0.137,cancelled,2886.4341537952423
