epsilon,result,runtime
0.265,sat,5.949937582015991
0.133,sat,73.35474872589111
0.131,sat,72.03585052490234
0.063,unsat,3537.2217814922333
0.065,timeout,3600
0.097,unsat,3270.3442363739014
0.099,timeout,3600
0.113,sat,80.92374753952026
0.115,cancelled,455.97388076782227
0.107,sat,1311.709966659546
0.10300000000000001,unsat,3077.6310164928436
0.101,cancelled,1765.9018595218658
0.10500000000000001,unsat,3279.8166465759277
