epsilon,result,runtime
0.265,sat,5.913925886154175
0.131,unsat,3048.429276227951
0.133,unsat,3089.213506937027
0.199,sat,31.041155099868774
0.197,sat,31.249637126922607
0.165,unsat,3265.8228828907013
0.163,cancelled,3244.6392991542816
0.185,sat,33.33085298538208
0.17300000000000001,sat,707.7097709178925
0.17500000000000002,cancelled,750.6573345661163
0.169,sat,817.8285205364227
0.167,unsat,3170.3919892311096
