epsilon,result,runtime
0.265,sat,40.516990661621094
0.133,unsat,3340.0650975704193
0.131,cancelled,3299.7656099796295
0.219,sat,78.19973039627075
0.177,sat,1059.969260931015
0.17500000000000002,unsat,3024.018005132675
0.153,cancelled,2053.956429719925
