epsilon,result,runtime
0.265,sat,2.3184897899627686
0.133,sat,105.05850315093994
0.131,sat,233.2091019153595
0.063,unsat,3324.7576808929443
0.065,timeout,3600
0.097,unsat,3460.122301340103
0.099,timeout,3600
0.115,unsat,3339.5397210121155
0.113,cancelled,3069.1792986392975
0.125,unsat,3451.836578607559
0.121,cancelled,3455.597388267517
0.129,unsat,3346.342581987381
0.127,cancelled,3349.9613552093506
