epsilon,result,runtime
0.265,sat,4.682316303253174
0.133,sat,6.049296140670776
0.131,sat,5.866733074188232
0.065,sat,5.841228008270264
0.063,sat,5.730583429336548
0.031,unsat,3263.1977846622467
0.029,cancelled,3259.308513402939
0.051000000000000004,sat,25.99634075164795
0.041,sat,29.952066659927368
0.039,sat,32.09028482437134
0.035,sat,278.16334199905396
0.033,timeout,3600
