epsilon,result,runtime
0.265,sat,5.950766563415527
0.133,sat,1088.8948237895966
0.131,unsat,2977.6618671417236
0.065,cancelled,1899.2094736099243
