epsilon,result,runtime
0.265,sat,12.696593761444092
0.133,sat,31.49589443206787
0.131,sat,31.285631895065308
0.065,unsat,3202.8451874256134
0.063,cancelled,3189.9597239494324
0.107,unsat,3077.928721666336
0.08700000000000001,cancelled,3083.856211423874
0.121,unsat,3268.8074057102203
0.115,cancelled,3274.695266008377
0.127,sat,267.7182106971741
0.123,sat,1122.191705942154
0.125,cancelled,1402.8599576950073
