epsilon,result,runtime
0.265,sat,175.53667974472046
0.133,timeout,3600
0.131,timeout,3600
0.129,timeout,3600
0.135,timeout,3600
0.127,unsat,2438.968210220337
0.201,sat,95.37231779098511
0.169,sat,517.4960677623749
0.137,timeout,3600
0.153,timeout,3600
0.151,unsat,3580.599598646164
0.161,unsat,2839.7394630908966
0.155,cancelled,3545.6684098243713
0.163,sat,479.05505323410034
0.165,cancelled,483.81332182884216
