epsilon,result,runtime
0.265,sat,3.442300796508789
0.133,sat,22.562147617340088
0.131,sat,22.67627716064453
0.065,unsat,3196.898182153702
0.063,cancelled,3193.9247426986694
0.107,sat,41.73493552207947
0.08700000000000001,sat,74.05498242378235
0.085,unsat,3104.014308452606
0.075,cancelled,3079.3051834106445
