epsilon,result,runtime
0.265,sat,3.456416606903076
0.133,sat,27.00290322303772
0.131,sat,20.09664535522461
0.065,unsat,3438.3153550624847
0.063,cancelled,3441.3467922210693
0.107,sat,2836.2901067733765
0.08700000000000001,timeout,3600
0.085,unsat,3416.1256844997406
0.083,cancelled,2659.6736047267914
0.099,sat,2756.1991975307465
0.093,timeout,3600
0.091,unsat,3068.1253776550293
0.095,unsat,3494.190357208252
0.097,unsat,3434.122545480728
