epsilon,result,runtime
0.265,sat,8.21375298500061
0.133,sat,77.34903526306152
0.131,sat,77.12313961982727
0.063,unsat,3436.4208323955536
0.065,unsat,3462.260003566742
0.097,unsat,2992.4473214149475
0.115,sat,32.50698685646057
0.099,unsat,3284.985116481781
0.107,sat,821.3817181587219
0.10500000000000001,unsat,3149.5469918251038
0.101,cancelled,2593.0310549736023
