epsilon,result,runtime
0.265,sat,7.872174978256226
0.133,sat,71.78334140777588
0.131,sat,69.93841481208801
0.065,unsat,3035.85063123703
0.063,cancelled,3033.462080478668
0.08700000000000001,unsat,2763.968471288681
0.107,unsat,2770.848476409912
0.11900000000000001,sat,890.6957159042358
0.109,timeout,3600
0.113,timeout,3600
0.115,timeout,3600
0.111,timeout,3600
0.117,sat,1470.2770626544952
