epsilon,result,runtime
0.265,sat,4.443730592727661
0.131,sat,95.54470014572144
0.133,cancelled,109.07535219192505
0.085,unsat,3055.2518422603607
0.043000000000000003,cancelled,3060.8425052165985
0.115,unsat,3442.088011264801
0.101,cancelled,3447.540560722351
0.125,sat,277.7377064228058
0.11900000000000001,sat,396.7789125442505
0.121,cancelled,690.2449059486389
0.117,sat,563.3252644538879
