epsilon,result,runtime
0.265,sat,7.062958240509033
0.133,unsat,3296.6551377773285
0.131,cancelled,3289.5420734882355
0.177,sat,42.213860511779785
0.219,cancelled,47.89162564277649
0.161,sat,42.1239538192749
0.147,unsat,3172.044225215912
0.14500000000000002,cancelled,3129.8169853687286
0.151,sat,32.97964000701904
0.155,cancelled,37.39846920967102
0.155,sat,32.94686508178711
0.149,unsat,3406.2911071777344
