epsilon,result,runtime
0.265,sat,2.281726837158203
0.133,sat,2.240527868270874
0.131,sat,2.2821993827819824
0.065,sat,6.742687702178955
0.063,sat,6.368911266326904
0.029,unsat,3346.3852968215942
0.047,sat,24.608330249786377
0.039,sat,13.02534532546997
0.035,sat,34.57560610771179
0.033,sat,37.99331212043762
0.031,unsat,3509.398235321045
