epsilon,result,runtime
0.265,sat,72.49396014213562
0.131,unsat,3241.7808322906494
0.133,unsat,3425.9207949638367
0.199,unsat,3101.2975318431854
0.197,cancelled,3001.5895931720734
0.241,sat,92.47761416435242
0.221,sat,125.86904549598694
0.219,sat,361.79516768455505
0.20900000000000002,unsat,3074.7672312259674
0.20700000000000002,cancelled,2743.8631958961487
0.215,sat,669.366993188858
0.213,unsat,3146.0070264339447
0.211,cancelled,2476.7754015922546
