epsilon,result,runtime
0.265,sat,5.650686264038086
0.133,sat,22.50572943687439
0.131,sat,22.940675735473633
0.063,unsat,2996.465250015259
0.097,sat,29.882105350494385
0.081,sat,52.23036456108093
0.065,unsat,3486.9736363887787
0.07300000000000001,sat,449.8970670700073
0.067,unsat,3339.7031955718994
0.07100000000000001,unsat,3413.5261878967285
0.069,cancelled,3.2540459632873535
