epsilon,result,runtime
0.265,sat,12.884705781936646
0.133,unsat,3335.7709305286407
0.131,cancelled,3322.9900579452515
0.219,sat,35.24219560623169
0.177,sat,225.91542530059814
0.17500000000000002,sat,234.56809258460999
0.153,unsat,3532.9004080295563
0.155,unsat,3526.4683623313904
0.165,sat,1532.4517533779144
0.159,sat,1702.8296828269958
0.163,cancelled,3201.7086050510406
0.157,unsat,3037.34171462059
