epsilon,result,runtime
0.265,sat,18.044870376586914
0.131,sat,246.2917604446411
0.133,cancelled,271.29381942749023
0.085,unsat,3480.0846076011658
0.043000000000000003,cancelled,3483.409341096878
0.115,unsat,3309.0388016700745
0.101,cancelled,3312.551078081131
0.125,unsat,3521.194529056549
0.121,cancelled,3524.812206029892
0.129,timeout,3600
0.127,timeout,3600
