epsilon,result,runtime
0.265,sat,2.293901205062866
0.131,unsat,3571.3667073249817
0.199,sat,10.538684368133545
0.133,timeout,3600
0.165,sat,37.17736458778381
0.167,cancelled,34.51594853401184
0.153,sat,47.921597957611084
0.14300000000000002,sat,80.79720830917358
0.14100000000000001,sat,79.3244891166687
0.137,unsat,3576.0688853263855
0.135,cancelled,3528.3984129428864
0.139,sat,1458.2129182815552
