epsilon,result,runtime
0.265,sat,5.86137843132019
0.133,unsat,3316.1487908363342
0.131,cancelled,3310.238517999649
0.219,sat,79.09658908843994
0.177,sat,641.2265939712524
0.17500000000000002,unsat,3282.242061138153
0.153,cancelled,2728.8092567920685
