epsilon,result,runtime
0.265,sat,4.658769845962524
0.131,unsat,3012.1953630447388
0.199,sat,6.104854345321655
0.165,sat,32.185452699661255
0.149,sat,40.124372482299805
0.14100000000000001,sat,54.81703162193298
0.133,unsat,3454.7107117176056
0.137,sat,587.9281952381134
0.135,sat,516.6041367053986
