epsilon,result,runtime
0.265,sat,2.247856855392456
0.133,sat,147.9663438796997
0.131,sat,267.1280884742737
0.065,unsat,3471.4884543418884
0.063,cancelled,3351.090513944626
0.107,unsat,3371.263468980789
0.08700000000000001,cancelled,3375.0504977703094
0.115,sat,474.10755467414856
0.121,cancelled,477.9596905708313
0.111,unsat,3373.6146709918976
0.109,cancelled,3377.328849554062
0.113,unsat,3037.5312538146973
