epsilon,result,runtime
0.265,sat,6.9584527015686035
0.133,sat,76.26244401931763
0.131,sat,76.25953078269958
0.065,unsat,3107.7749717235565
0.063,cancelled,3103.9519317150116
0.107,sat,60.00760245323181
0.08700000000000001,sat,72.98255062103271
0.085,sat,83.73083281517029
0.075,sat,645.0024216175079
0.07300000000000001,sat,655.4032309055328
0.069,timeout,3600
0.067,timeout,3600
0.07100000000000001,unsat,3215.129555940628
