epsilon,result,runtime
0.265,sat,37.30710482597351
0.131,unsat,3425.5230515003204
0.199,sat,33.37475633621216
0.133,timeout,3600
0.167,sat,1810.463056564331
0.165,timeout,3600
0.149,unsat,3363.7294461727142
0.147,cancelled,1676.1272141933441
0.159,timeout,3600
0.155,timeout,3600
0.153,unsat,3506.0968775749207
0.157,unsat,3553.5246942043304
0.161,unsat,3051.41553401947
0.163,unsat,3427.8884353637695
