epsilon,result,runtime
0.265,sat,5.6173014640808105
0.133,sat,35.52223086357117
0.131,sat,60.54485106468201
0.063,unsat,3278.760261297226
0.097,sat,48.305660247802734
0.081,sat,38.267322301864624
0.065,timeout,3600
0.07300000000000001,sat,686.6964263916016
0.07100000000000001,unsat,3430.198879480362
0.067,cancelled,2925.5757966041565
