epsilon,result,runtime
0.265,sat,20.210187911987305
0.133,sat,50.526517152786255
0.131,sat,49.78835964202881
0.063,unsat,3343.7143354415894
0.065,unsat,3534.569287776947
0.097,unsat,3428.5079114437103
0.099,timeout,3600
0.113,sat,920.5758135318756
0.115,cancelled,1257.57679605484
0.10300000000000001,unsat,3289.6203558444977
0.107,unsat,3324.9285655021667
0.111,unsat,3384.9891521930695
0.109,cancelled,3423.5307579040527
