epsilon,result,runtime
0.265,sat,6.678116083145142
0.131,sat,452.3977138996124
0.133,cancelled,474.6338167190552
0.085,unsat,3484.077380657196
0.043000000000000003,cancelled,3491.605827331543
0.101,timeout,3600
0.115,timeout,3600
0.107,unsat,3112.675703525543
0.109,unsat,3469.145784139633
0.121,unsat,3287.38845205307
0.11900000000000001,cancelled,2938.5066499710083
0.127,unsat,3252.092589855194
0.125,cancelled,3258.001302242279
0.129,sat,2890.5769407749176
