epsilon,result,runtime
0.265,sat,24.41431450843811
0.131,unsat,3505.6590864658356
0.133,timeout,3600
0.197,sat,128.78227019309998
0.199,cancelled,201.19511651992798
0.17500000000000002,unsat,3299.404611825943
0.155,cancelled,3307.2831439971924
0.189,sat,1194.7400395870209
0.181,sat,796.6976475715637
0.183,cancelled,2003.9179756641388
0.179,unsat,3564.121007204056
0.177,cancelled,3569.776115179062
