epsilon,result,runtime
0.265,sat,3.4963572025299072
0.133,unsat,3557.4493186473846
0.131,cancelled,3554.149739265442
0.177,sat,24.5586097240448
0.219,cancelled,28.150121927261353
0.147,sat,24.416625261306763
0.161,cancelled,27.599027395248413
0.14100000000000001,sat,50.96790599822998
0.137,unsat,3261.4472393989563
0.135,cancelled,3210.577423095703
0.139,sat,18.802292346954346
