epsilon,result,runtime
0.265,sat,16.11276412010193
0.133,sat,26.56174945831299
0.131,sat,76.60161328315735
0.063,unsat,3466.4254693984985
0.065,unsat,3545.406771183014
0.097,unsat,3253.5846259593964
0.099,unsat,3431.9360659122467
0.115,unsat,3503.27406001091
0.113,cancelled,3327.7755422592163
0.125,sat,137.97391295433044
0.121,unsat,3424.065880060196
0.11900000000000001,cancelled,3286.2182157039642
0.123,sat,2338.272361278534
