epsilon,result,runtime
0.265,sat,16.202922582626343
0.133,sat,90.3479585647583
0.131,sat,135.8354046344757
0.063,unsat,3201.7105820178986
0.065,unsat,3511.068989753723
0.097,unsat,2996.862440109253
0.099,unsat,3373.0935473442078
0.115,unsat,3267.9883131980896
0.113,cancelled,2658.1198341846466
0.125,sat,427.175240278244
0.11900000000000001,unsat,3107.3211328983307
0.121,timeout,3600
0.123,sat,555.7521638870239
