epsilon,result,runtime
0.265,sat,2.302276611328125
0.131,unsat,2788.725528717041
0.199,sat,27.460206508636475
0.165,sat,30.53244662284851
0.133,timeout,3600
0.149,timeout,3600
0.147,unsat,3231.5692887306213
0.157,sat,238.16822481155396
0.151,unsat,3342.666804075241
0.153,unsat,3016.058763027191
0.155,unsat,3035.9826815128326
