epsilon,result,runtime
0.265,sat,6.39342188835144
0.131,unsat,3091.573739528656
0.199,sat,47.32265782356262
0.165,sat,64.4725112915039
0.133,unsat,3462.9515266418457
0.149,unsat,3403.748445034027
0.147,cancelled,3174.395723581314
0.159,sat,59.533979654312134
0.155,sat,125.7719624042511
0.153,sat,118.25182676315308
0.151,sat,196.39535856246948
