epsilon,result,runtime
0.265,sat,5.879942178726196
0.133,sat,45.016382694244385
0.131,sat,54.15226101875305
0.065,unsat,3394.9177503585815
0.063,cancelled,3380.157991170883
0.08700000000000001,sat,30.96303105354309
0.107,cancelled,34.87871813774109
0.07300000000000001,sat,30.580352783203125
0.079,cancelled,34.93995928764343
0.079,sat,30.537261724472046
0.069,sat,29.39038896560669
0.067,unsat,3148.229794740677
