epsilon,result,runtime
0.265,sat,10.169867515563965
0.133,unsat,2878.671140432358
0.131,cancelled,2868.3569762706757
0.219,sat,20.9492928981781
0.177,sat,70.29503750801086
0.17500000000000002,sat,67.59220504760742
0.155,unsat,2599.780806541443
0.153,cancelled,2627.836557865143
0.161,sat,93.36972093582153
0.167,cancelled,99.31311202049255
0.159,sat,659.437305688858
0.157,sat,2050.297179698944
