epsilon,result,runtime
0.265,sat,26.994027137756348
0.131,unsat,3014.726056575775
0.199,sat,47.173550844192505
0.165,sat,321.2559907436371
0.133,timeout,3600
0.149,unsat,3340.8005645275116
0.147,cancelled,3177.222316265106
0.159,sat,1110.775077342987
0.155,unsat,2895.547690153122
0.153,cancelled,1784.6575076580048
0.157,sat,518.1821722984314
