epsilon,result,runtime
0.265,sat,5.673368453979492
0.133,sat,57.98161506652832
0.065,unsat,3053.637665271759
0.131,unsat,3336.9356825351715
0.097,cancelled,228.64009380340576
