epsilon,result,runtime
0.265,sat,30.57206654548645
0.131,unsat,3190.021373987198
0.199,sat,100.45646286010742
0.133,unsat,3529.50856089592
0.167,unsat,3223.2717883586884
0.165,cancelled,3426.5098145008087
0.187,sat,190.5789828300476
0.177,sat,3468.8378314971924
0.17500000000000002,unsat,3364.1196582317352
0.171,cancelled,97.49368739128113
