epsilon,result,runtime
0.265,sat,107.40824627876282
0.133,unsat,3424.9109926223755
0.131,cancelled,3317.6673855781555
0.219,sat,100.71389532089233
0.177,unsat,3049.008813381195
0.17500000000000002,cancelled,2948.330075979233
0.203,sat,980.4534597396851
0.189,sat,47.17446780204773
0.191,cancelled,1040.046623468399
0.181,unsat,3136.1926097869873
0.183,unsat,3451.0491309165955
0.185,unsat,3276.4320793151855
0.187,unsat,3547.740641117096
