epsilon,result,runtime
0.265,sat,17.634113550186157
0.133,unsat,3319.658537387848
0.131,cancelled,3302.202372789383
0.219,sat,9.549813270568848
0.177,sat,22.7575466632843
0.17500000000000002,sat,49.20070147514343
0.153,sat,71.27770209312439
0.155,cancelled,35.63258981704712
0.14500000000000002,sat,245.98671913146973
0.137,sat,1361.8455975055695
0.139,cancelled,1617.330773115158
0.135,unsat,2966.1744272708893
