epsilon,result,runtime
0.265,sat,2.2226357460021973
0.133,sat,15.682273626327515
0.131,sat,30.610053062438965
0.063,unsat,3358.1530866622925
0.065,unsat,3574.2477326393127
0.099,sat,266.4948878288269
0.097,unsat,3334.463289499283
0.081,cancelled,2872.454977273941
