epsilon,result,runtime
0.265,sat,12.733919858932495
0.133,sat,49.87377977371216
0.131,sat,49.41536092758179
0.065,unsat,3293.7439806461334
0.063,cancelled,3279.97345328331
0.107,unsat,3518.789098262787
0.08700000000000001,cancelled,3522.443648338318
0.115,unsat,3362.8145565986633
0.121,timeout,3600
0.123,unsat,3513.1373784542084
0.125,unsat,3436.2112917900085
0.127,unsat,3447.385573863983
0.129,unsat,3297.0321826934814
