epsilon,result,runtime
0.265,sat,5.9578187465667725
0.133,sat,301.5658447742462
0.131,sat,2407.8875505924225
0.065,unsat,3504.535248041153
0.063,cancelled,1393.7759301662445
0.107,unsat,3429.273999452591
0.08700000000000001,cancelled,3434.5731995105743
0.115,unsat,3263.0752389431
0.121,unsat,3380.7255194187164
0.127,unsat,3008.1097433567047
0.123,cancelled,3132.7016978263855
0.129,unsat,3327.877856731415
