epsilon,result,runtime
0.265,sat,6.0949554443359375
0.133,sat,13.8630850315094
0.131,sat,13.742193460464478
0.063,unsat,3542.9611315727234
0.065,timeout,3600
0.099,unsat,3509.4543232917786
0.097,cancelled,3558.2490355968475
0.109,unsat,2883.904664516449
0.11900000000000001,unsat,3388.5442259311676
0.125,sat,1603.242421388626
0.121,unsat,2682.6898992061615
0.123,unsat,3454.922970056534
