epsilon,result,runtime
0.265,sat,32.624348878860474
0.131,unsat,2974.602937221527
0.133,unsat,3300.7157068252563
0.199,unsat,3068.9828085899353
0.197,cancelled,2787.2883291244507
0.241,sat,124.72430419921875
0.221,sat,125.42937898635864
0.219,sat,128.8534381389618
0.20900000000000002,sat,956.5207829475403
0.20700000000000002,sat,1305.0901560783386
0.203,unsat,3196.9577572345734
0.201,cancelled,2717.9400494098663
0.20500000000000002,sat,2809.010666847229
