epsilon,result,runtime
0.265,sat,2.28808331489563
0.133,sat,18.05513572692871
0.131,sat,31.498485803604126
0.065,timeout,3600
0.063,timeout,3600
0.067,unsat,3024.7979390621185
0.061,cancelled,3011.1201570034027
0.109,sat,37.576602935791016
0.089,sat,54.36977505683899
0.08700000000000001,sat,51.767263650894165
0.075,unsat,3407.231098651886
0.077,unsat,3455.6272461414337
0.083,unsat,3008.998199224472
0.081,cancelled,3020.9549260139465
0.085,sat,30.552225351333618
