epsilon,result,runtime
0.265,sat,6.35927152633667
0.133,sat,112.15955448150635
0.131,sat,340.5446352958679
0.065,unsat,3380.139919281006
0.063,cancelled,3148.2580070495605
0.08700000000000001,unsat,3235.8468885421753
0.107,unsat,3526.0370461940765
0.11900000000000001,unsat,3075.9589805603027
0.109,cancelled,3370.7799899578094
0.125,sat,606.1910152435303
0.123,unsat,3217.218091726303
0.121,cancelled,2611.106054544449
