epsilon,result,runtime
0.265,sat,4.4286205768585205
0.131,unsat,2881.8899924755096
0.199,sat,10.62820839881897
0.165,sat,120.81522464752197
0.133,timeout,3600
0.147,sat,746.3831360340118
0.149,cancelled,1314.878842830658
0.14100000000000001,unsat,2837.068948984146
0.137,cancelled,2844.2726209163666
0.14500000000000002,sat,1593.9969573020935
0.14300000000000002,timeout,3600
