epsilon,result,runtime
0.265,sat,7.662035703659058
0.133,sat,590.0301995277405
0.131,sat,572.5133864879608
0.063,unsat,3487.2469296455383
0.065,timeout,3600
0.097,unsat,3089.9542560577393
0.099,timeout,3600
0.113,unsat,2326.197496652603
0.115,timeout,3600
0.123,timeout,3600
0.121,timeout,3600
0.125,timeout,3600
0.11900000000000001,unsat,3192.6055285930634
0.129,sat,567.2590460777283
0.127,timeout,3600
