epsilon,result,runtime
0.265,sat,12.771766901016235
0.131,unsat,3361.8663759231567
0.133,unsat,3485.5401113033295
0.199,sat,104.9522910118103
0.197,sat,45.79057788848877
0.163,unsat,3035.879161834717
0.181,sat,21.99201226234436
0.165,timeout,3600
0.17300000000000001,sat,536.7554149627686
0.171,sat,493.3059425354004
0.167,unsat,3509.534548521042
0.169,unsat,3425.122270822525
