epsilon,result,runtime
0.265,sat,28.77904987335205
0.133,sat,189.85323286056519
0.131,sat,166.02659511566162
0.065,unsat,2960.190588235855
0.063,cancelled,2958.791970729828
0.08700000000000001,unsat,3214.0723345279694
0.107,unsat,3473.2435286045074
0.109,unsat,3244.902948617935
0.11900000000000001,unsat,3191.772456407547
0.125,sat,90.62347912788391
0.121,unsat,3445.808395385742
0.123,unsat,3326.6554799079895
