epsilon,result,runtime
0.265,sat,4.696803092956543
0.133,unsat,2959.958739042282
0.131,cancelled,2955.416300535202
0.177,sat,41.80335021018982
0.219,cancelled,47.45208668708801
0.161,unsat,3186.598699092865
0.147,cancelled,3191.787402153015
0.167,unsat,3141.923180103302
0.171,unsat,3446.1684584617615
0.17300000000000001,unsat,3384.737916946411
0.17500000000000002,unsat,3110.8993577957153
