epsilon,result,runtime
0.265,sat,4.744647979736328
0.131,unsat,3038.580735683441
0.133,unsat,3047.997956752777
0.199,sat,15.328159809112549
0.197,sat,24.255282402038574
0.163,unsat,3426.2259681224823
0.165,unsat,3442.6188797950745
0.181,sat,266.30883717536926
0.179,sat,423.15409302711487
0.171,unsat,3002.2619535923004
0.17300000000000001,unsat,3477.1853442192078
0.17500000000000002,unsat,3377.369272708893
0.177,sat,2993.3838436603546
