epsilon,result,runtime
0.265,sat,7.824320316314697
0.133,sat,59.14623284339905
0.131,sat,60.130504846572876
0.065,sat,3401.5388181209564
0.063,timeout,3600
0.029,unsat,296.1386618614197
0.031,unsat,1547.307823419571
0.047,timeout,3600
0.045,timeout,3600
0.049,timeout,3600
0.043000000000000003,timeout,3600
0.051000000000000004,unsat,3536.5683839321136
0.041,cancelled,2507.4522428512573
0.055,unsat,3306.2997102737427
0.057,timeout,3600
0.059000000000000004,timeout,3600
0.061,timeout,3600
