epsilon,result,runtime
0.133,sat,6.2836995124816895
0.265,cancelled,10.879964828491211
0.08700000000000001,unsat,3294.5983736515045
0.043000000000000003,cancelled,3299.7566220760345
0.10300000000000001,sat,56.630433559417725
0.117,cancelled,62.55027747154236
0.097,unsat,3131.2737045288086
0.093,cancelled,3137.4647483825684
0.101,sat,644.7724404335022
0.099,unsat,3157.9738354682922
