epsilon,result,runtime
0.265,sat,8.730705499649048
0.133,sat,9.43049430847168
0.131,sat,10.171652555465698
0.065,sat,13.177279710769653
0.063,sat,15.664139747619629
0.031,sat,13.036662817001343
0.013000000000000001,unsat,4.501053094863892
0.029,sat,9.536801815032959
0.019000000000000003,unsat,928.1969585418701
0.025,sat,14.433849573135376
0.023,sat,16.39458966255188
0.021,unsat,3133.712109565735
