epsilon,result,runtime
0.133,sat,3.9302480220794678
0.265,cancelled,9.470993995666504
0.043000000000000003,sat,5.707911968231201
0.08700000000000001,cancelled,10.28965163230896
0.08700000000000001,sat,5.749202489852905
0.013000000000000001,unsat,3.2343239784240723
0.027000000000000003,unsat,356.1522662639618
0.035,sat,6.190094947814941
0.031,sat,854.1390089988708
0.029,unsat,3021.4878985881805
