epsilon,result,runtime
0.265,sat,9.610074758529663
0.133,sat,16.606245040893555
0.131,sat,14.129838228225708
0.065,sat,13.094165325164795
0.063,sat,16.47481942176819
0.031,sat,9.478305101394653
0.013000000000000001,unsat,6.7362141609191895
0.029,sat,18.00738000869751
0.019000000000000003,unsat,567.3821332454681
0.021,unsat,691.0152759552002
0.023,unsat,3149.4090650081635
0.027000000000000003,sat,271.88650846481323
0.025,timeout,3600
