epsilon,result,runtime
0.265,sat,6.8492138385772705
0.133,sat,10.51656436920166
0.131,sat,13.645103693008423
0.063,sat,15.674035549163818
0.065,cancelled,40.95302963256836
0.021,unsat,6.73591160774231
0.041,sat,174.39790606498718
0.043000000000000003,cancelled,169.13795971870422
0.027000000000000003,unsat,6.707237720489502
0.033,timeout,3600
0.035,timeout,3600
0.031,unsat,1176.7312517166138
0.037000000000000005,unsat,3039.936374902725
0.039,timeout,3600
