epsilon,result,runtime
0.265,sat,14.492624282836914
0.133,sat,14.560106992721558
0.131,sat,14.458560943603516
0.065,sat,14.669258117675781
0.063,sat,14.783025979995728
0.031,sat,15.058847665786743
0.013000000000000001,unsat,8.351566076278687
0.029,sat,9.953405857086182
0.019000000000000003,unsat,7.138309717178345
0.021,unsat,7.783377647399902
0.023,unsat,4.759559392929077
0.027000000000000003,sat,13.466462850570679
0.025,unsat,423.7625939846039
