epsilon,result,runtime
0.265,sat,9.113375425338745
0.133,sat,16.745088577270508
0.131,sat,14.988292455673218
0.065,sat,15.233628511428833
0.063,sat,16.08851146697998
0.031,unsat,8.65534520149231
0.029,cancelled,1.6769287586212158
0.051000000000000004,sat,611.8937664031982
0.041,unsat,3329.6180877685547
0.039,cancelled,2717.6161181926727
0.045,unsat,3334.68408370018
0.047,timeout,3600
0.049,unsat,2945.2182507514954
