epsilon,result,runtime
0.265,sat,8.648513793945312
0.133,sat,13.365051746368408
0.131,sat,14.902519941329956
0.065,sat,15.653698444366455
0.063,sat,14.363081932067871
0.031,sat,16.031659841537476
0.013000000000000001,unsat,7.1504857540130615
0.021,unsat,8.100049257278442
0.029,sat,163.05243802070618
0.023,unsat,322.78725934028625
0.025,unsat,1045.047618150711
0.027000000000000003,unsat,1446.5370247364044
