epsilon,result,runtime
0.265,sat,6.541818857192993
0.133,sat,9.297176361083984
0.131,sat,8.835033416748047
0.065,sat,8.462477684020996
0.063,sat,9.197930574417114
0.031,sat,224.43410539627075
0.013000000000000001,unsat,3.9381346702575684
0.021,unsat,3.7855582237243652
0.025,unsat,3.558824062347412
0.027000000000000003,unsat,3.9438490867614746
0.029,unsat,270.4375219345093
