epsilon,result,runtime
0.265,sat,15.0250563621521
0.133,sat,15.94053316116333
0.065,sat,13.593578815460205
0.131,cancelled,22.92863631248474
0.021,sat,8.991292238235474
0.041,cancelled,15.562955141067505
0.007,unsat,5.483416557312012
0.013000000000000001,unsat,5.394150972366333
0.017,unsat,7.2760961055755615
0.015,cancelled,15.45779800415039
0.019000000000000003,unsat,267.3664116859436
