epsilon,result,runtime
0.265,sat,8.774955749511719
0.133,sat,15.305624723434448
0.131,sat,13.078958988189697
0.065,sat,15.510307550430298
0.063,sat,15.595412492752075
0.031,sat,8.238912582397461
0.029,sat,8.56035327911377
0.015,sat,87.06571221351624
0.005,unsat,5.541485071182251
0.009000000000000001,unsat,8.393007040023804
0.011,unsat,7.700875997543335
0.013000000000000001,unsat,235.57684063911438
