epsilon,result,runtime
0.265,sat,19.558810710906982
0.133,sat,20.271332263946533
0.131,sat,15.4408118724823
0.065,sat,22.656553030014038
0.063,sat,17.309499740600586
0.029,unsat,886.9656624794006
0.047,sat,20.06349539756775
0.039,sat,19.017170906066895
0.035,sat,55.73083424568176
0.031,timeout,3600
0.033,unsat,3058.7609441280365
