epsilon,result,runtime
0.265,sat,15.961428165435791
0.133,sat,16.393016815185547
0.065,sat,15.850034713745117
0.131,cancelled,22.84368634223938
0.021,unsat,7.337392330169678
0.041,sat,13.708679437637329
0.043000000000000003,cancelled,5.784289598464966
0.033,sat,251.7375934123993
0.025,unsat,109.37473893165588
0.027000000000000003,unsat,470.8667485713959
0.031,unsat,2608.340342760086
0.029,cancelled,2725.931115627289
