epsilon,result,runtime
0.265,sat,10.375804662704468
0.133,sat,19.17786717414856
0.131,sat,17.254777193069458
0.065,sat,19.221271991729736
0.063,sat,15.46561861038208
0.031,unsat,2939.7158703804016
0.029,cancelled,2934.252918958664
0.041,sat,14.757953882217407
0.051000000000000004,cancelled,28.847208976745605
0.037000000000000005,sat,19.331615447998047
0.035,sat,170.7433214187622
0.033,sat,217.64721751213074
