epsilon,result,runtime
0.265,sat,7.984559059143066
0.133,sat,14.335270643234253
0.131,sat,13.690822839736938
0.065,sat,14.485736608505249
0.063,sat,13.816707372665405
0.031,unsat,3313.0249087810516
0.029,cancelled,3301.9004607200623
0.051000000000000004,sat,16.62521743774414
0.041,sat,16.931708335876465
0.039,sat,15.345181226730347
0.035,sat,16.33465075492859
0.033,unsat,3320.602213382721
