epsilon,result,runtime
0.265,sat,9.863671779632568
0.133,sat,12.742757081985474
0.131,sat,10.908304691314697
0.065,sat,18.28041911125183
0.063,sat,15.53821873664856
0.029,unsat,828.9362888336182
0.047,sat,17.40914034843445
0.039,sat,17.2133731842041
0.035,sat,174.0554461479187
0.031,unsat,2743.661067008972
0.033,unsat,3574.4705691337585
