epsilon,result,runtime
0.265,sat,8.431363344192505
0.133,sat,15.854129076004028
0.131,sat,9.998671293258667
0.065,sat,12.978461980819702
0.063,sat,13.83968186378479
0.031,unsat,3143.9414699077606
0.029,cancelled,3138.6684370040894
0.051000000000000004,sat,14.394965887069702
0.041,sat,15.338886499404907
0.039,sat,14.835128784179688
0.035,sat,15.488397359848022
0.033,sat,15.600193977355957
