epsilon,result,runtime
0.133,sat,6.417937517166138
0.265,cancelled,13.991474390029907
0.043000000000000003,sat,8.734288454055786
0.08700000000000001,cancelled,14.428834438323975
0.013000000000000001,unsat,5.07974648475647
0.027000000000000003,sat,8.221718549728394
0.029,cancelled,3.22357439994812
0.017,unsat,19.91880989074707
0.023,sat,186.0069591999054
0.019000000000000003,unsat,229.33048844337463
0.021,unsat,2868.575690507889
