epsilon,result,runtime
0.265,sat,13.609876155853271
0.133,sat,15.573458433151245
0.131,sat,12.66914415359497
0.065,sat,12.767497539520264
0.063,sat,14.298551797866821
0.031,sat,14.539872884750366
0.013000000000000001,unsat,6.689818620681763
0.021,unsat,237.1361277103424
0.025,unsat,355.5556888580322
0.029,unsat,3108.150053501129
0.027000000000000003,cancelled,2487.179290533066
