epsilon,result,runtime
0.265,sat,10.544265031814575
0.133,sat,10.272991418838501
0.131,sat,12.14373779296875
0.065,sat,14.276650428771973
0.031,sat,11.971702814102173
0.063,cancelled,19.38298511505127
0.009000000000000001,unsat,9.04576325416565
0.021,sat,159.2825231552124
0.013000000000000001,unsat,7.637682199478149
0.015,unsat,8.65240478515625
0.017,unsat,103.07537794113159
0.019000000000000003,unsat,338.38908982276917
