epsilon,result,runtime
0.133,sat,8.233276605606079
0.265,cancelled,19.742308139801025
0.08700000000000001,sat,17.652150869369507
0.043000000000000003,sat,17.753787755966187
0.019000000000000003,unsat,7.521040201187134
0.041,sat,12.89211392402649
0.031,unsat,2837.3436994552612
0.029,cancelled,2851.8478088378906
0.037000000000000005,sat,17.60679030418396
0.035,sat,19.39474058151245
0.033,unsat,2464.6255395412445
