epsilon,result,runtime
0.265,sat,11.59835433959961
0.133,sat,18.253586292266846
0.131,sat,19.377169370651245
0.065,sat,14.909645557403564
0.063,sat,14.207392930984497
0.029,unsat,213.00959300994873
0.047,sat,14.086569786071777
0.039,sat,15.77080750465393
0.035,sat,426.25284218788147
0.031,unsat,1345.2955203056335
0.033,unsat,3303.971223115921
