epsilon,result,runtime
0.265,sat,8.1562340259552
0.133,sat,14.960753679275513
0.131,sat,12.454113960266113
0.065,sat,12.51247501373291
0.063,sat,17.559893369674683
0.029,unsat,1078.4405403137207
0.047,sat,17.075475215911865
0.039,sat,18.572107791900635
0.031,unsat,1551.5511858463287
0.035,unsat,3547.4626336097717
0.033,cancelled,3166.252786874771
0.037000000000000005,sat,101.18600583076477
