epsilon,result,runtime
0.133,sat,8.705523490905762
0.265,cancelled,17.209383726119995
0.043000000000000003,sat,13.022258281707764
0.08700000000000001,cancelled,19.09501624107361
0.013000000000000001,unsat,5.158677339553833
0.027000000000000003,timeout,3600
0.029,timeout,3600
0.031,sat,253.1108021736145
0.019000000000000003,unsat,160.36172246932983
0.021,unsat,662.1236381530762
0.025,unsat,3140.7205653190613
0.023,cancelled,2033.572987318039
