epsilon,result,runtime
0.265,sat,10.267809391021729
0.133,sat,19.90801215171814
0.131,sat,22.052714586257935
0.065,sat,17.366155862808228
0.063,sat,20.237477779388428
0.031,sat,19.701435327529907
0.013000000000000001,unsat,11.290167331695557
0.029,sat,57.0984787940979
0.019000000000000003,unsat,9.607579469680786
0.021,unsat,39.713467597961426
0.023,unsat,573.4883069992065
0.025,unsat,2817.3895473480225
0.027000000000000003,unsat,3571.8798263072968
