epsilon,result,runtime
0.265,sat,17.586257934570312
0.133,sat,18.11136817932129
0.131,sat,15.433718919754028
0.065,sat,18.405456066131592
0.063,sat,20.363788843154907
0.029,unsat,532.700829744339
0.047,sat,16.620721340179443
0.031,unsat,884.9382514953613
0.039,unsat,3382.991178750992
0.037000000000000005,cancelled,3102.159185409546
0.043000000000000003,sat,127.42028284072876
0.041,sat,3280.373289346695
