epsilon,result,runtime
0.265,sat,9.242310762405396
0.133,sat,14.174474716186523
0.131,sat,12.674722671508789
0.065,sat,45.34044122695923
0.063,sat,45.017125606536865
0.029,unsat,2755.3892505168915
0.047,sat,15.515597343444824
0.039,sat,18.341526746749878
0.035,sat,47.202224016189575
0.031,unsat,3189.8363280296326
0.033,timeout,3600
