epsilon,result,runtime
0.265,sat,6.299104928970337
0.133,sat,9.57434630393982
0.131,sat,9.247283935546875
0.065,sat,9.194858074188232
0.063,sat,9.258496046066284
0.029,unsat,119.03944253921509
0.047,sat,8.562016010284424
0.039,sat,8.46252179145813
0.031,unsat,344.9180157184601
0.033,unsat,338.98488783836365
0.037000000000000005,sat,241.89002537727356
0.035,unsat,866.4690861701965
