epsilon,result,runtime
0.133,sat,19.53614115715027
0.265,cancelled,29.015164852142334
0.08700000000000001,sat,22.003493547439575
0.043000000000000003,sat,22.86405324935913
0.019000000000000003,unsat,10.042626857757568
0.041,sat,22.483708143234253
0.029,unsat,96.30470991134644
0.031,unsat,541.0164923667908
0.037000000000000005,sat,22.681445598602295
0.033,unsat,1732.5477850437164
0.035,unsat,3239.9106364250183
