epsilon,result,runtime
0.265,sat,18.480786085128784
0.133,sat,19.706156969070435
0.131,sat,16.594642639160156
0.063,sat,104.63101124763489
0.065,cancelled,141.35311245918274
0.021,unsat,9.2710862159729
0.043000000000000003,unsat,85.09480619430542
0.041,cancelled,113.39319682121277
0.055,sat,510.5091857910156
0.047,unsat,1125.0431060791016
0.049,timeout,3600
0.051000000000000004,timeout,3600
0.053000000000000005,unsat,3362.4923462867737
