epsilon,result,runtime
0.265,sat,6.9355223178863525
0.133,sat,11.163520097732544
0.131,sat,8.031494379043579
0.065,sat,6.981041193008423
0.063,sat,12.114933013916016
0.031,sat,11.5990629196167
0.013000000000000001,unsat,3.8445892333984375
0.029,sat,7.202812433242798
0.021,sat,5.113615274429321
0.015,unsat,5.372556686401367
0.017,unsat,118.3641746044159
0.019000000000000003,unsat,2295.6196115016937
