epsilon,result,runtime
0.133,sat,19.037569761276245
0.265,cancelled,24.642528533935547
0.08700000000000001,sat,19.97677516937256
0.041,unsat,322.04614424705505
0.043000000000000003,unsat,443.40166425704956
0.063,unsat,2922.724342107773
0.065,timeout,3600
0.075,unsat,2849.42805147171
0.081,sat,216.80738234519958
0.077,timeout,3600
0.079,timeout,3600
