epsilon,result,runtime
0.265,sat,8.424160718917847
0.133,sat,14.382896661758423
0.131,sat,20.216667652130127
0.065,sat,20.32397150993347
0.031,sat,9.381256341934204
0.063,cancelled,18.78827428817749
0.019000000000000003,sat,12.724573373794556
0.009000000000000001,sat,14.320241212844849
0.007,sat,11.764212846755981
0.003,unsat,9.942111253738403
0.001,cancelled,2.276017189025879
0.005,sat,11.26750636100769
