epsilon,result,runtime
0.265,sat,17.742488622665405
0.133,sat,16.756346225738525
0.065,sat,15.927608728408813
0.131,cancelled,23.649979829788208
0.021,unsat,12.335431575775146
0.043000000000000003,sat,18.220401525497437
0.041,sat,258.95975971221924
0.029,unsat,519.9585294723511
0.031,unsat,937.3258547782898
0.035,unsat,2539.7394540309906
0.037000000000000005,unsat,2876.6855943202972
0.039,timeout,3600
