epsilon,result,runtime
0.133,sat,14.343602180480957
0.265,cancelled,23.61653757095337
0.08700000000000001,sat,13.411285161972046
0.043000000000000003,sat,15.502816915512085
0.019000000000000003,unsat,9.362058162689209
0.041,sat,77.9119086265564
0.029,unsat,685.1328723430634
0.035,sat,226.24821138381958
0.031,timeout,3600
0.033,unsat,3343.346343278885
