epsilon,result,runtime
0.265,sat,8.879171371459961
0.133,sat,14.38423490524292
0.131,sat,17.129071950912476
0.065,sat,16.16232919692993
0.063,sat,19.27023935317993
0.029,unsat,442.1695439815521
0.047,sat,12.493561029434204
0.039,sat,271.09765625
0.035,sat,338.0108051300049
0.031,unsat,2262.217328310013
0.033,unsat,3468.7338700294495
