epsilon,result,runtime
0.265,sat,8.827954053878784
0.133,sat,18.326176166534424
0.131,sat,16.60708999633789
0.065,sat,16.300950050354004
0.063,sat,15.892297744750977
0.031,sat,10.751182079315186
0.013000000000000001,unsat,9.927419185638428
0.029,sat,11.596314191818237
0.021,sat,11.492693662643433
0.019000000000000003,sat,11.790172576904297
0.017,sat,10.800111770629883
0.015,unsat,435.3582170009613
