epsilon,result,runtime
0.265,sat,15.56753420829773
0.133,sat,15.520980596542358
0.065,sat,14.36282467842102
0.131,cancelled,21.341400623321533
0.021,unsat,8.359470129013062
0.043000000000000003,unsat,1450.656236410141
0.041,cancelled,1482.8725006580353
0.057,sat,233.4244511127472
0.051000000000000004,sat,1412.477665424347
0.049,sat,1418.4574916362762
0.045,sat,1106.279058933258
0.047,cancelled,867.2382092475891
