epsilon,result,runtime
0.133,sat,10.36024808883667
0.265,cancelled,16.242510557174683
0.043000000000000003,sat,8.888755321502686
0.08700000000000001,cancelled,17.61467218399048
0.013000000000000001,unsat,4.098297119140625
0.027000000000000003,unsat,2050.309829711914
0.035,sat,139.44840145111084
0.029,timeout,3600
0.031,timeout,3600
0.033,unsat,2803.0260231494904
