epsilon,result,runtime
0.133,sat,11.825139045715332
0.265,cancelled,18.142205953598022
0.043000000000000003,sat,11.996537923812866
0.08700000000000001,cancelled,19.94222116470337
0.013000000000000001,unsat,6.474950790405273
0.027000000000000003,sat,13.7514066696167
0.029,cancelled,7.543063163757324
0.021,sat,14.580089092254639
0.015,unsat,8.054311990737915
0.017,unsat,235.91851115226746
0.019000000000000003,unsat,1833.9205355644226
