epsilon,result,runtime
0.265,sat,5.721421003341675
0.133,sat,8.19973373413086
0.131,sat,9.710903644561768
0.065,sat,8.87270474433899
0.031,sat,5.9600489139556885
0.063,cancelled,12.998797416687012
0.009000000000000001,unsat,4.17488956451416
0.019000000000000003,unsat,4.923527717590332
0.021,unsat,4.303873538970947
0.025,unsat,103.11531972885132
0.029,sat,126.31954050064087
0.027000000000000003,unsat,638.0432710647583
