epsilon,result,runtime
0.265,sat,11.136628866195679
0.133,sat,18.152648210525513
0.131,sat,13.379400730133057
0.065,sat,18.783854722976685
0.063,sat,15.492809295654297
0.031,sat,9.050106287002563
0.013000000000000001,unsat,7.7992846965789795
0.029,sat,18.516926765441895
0.021,unsat,248.39640593528748
0.019000000000000003,cancelled,246.941082239151
0.023,unsat,1667.2288792133331
0.027000000000000003,sat,389.11616492271423
0.025,unsat,3539.168042421341
