epsilon,result,runtime
0.265,sat,4.6159398555755615
0.133,sat,7.845170259475708
0.131,sat,9.088870763778687
0.065,sat,9.497891187667847
0.063,sat,8.047942876815796
0.029,unsat,3.8209211826324463
0.047,sat,40.98821520805359
0.031,unsat,248.3527798652649
0.039,unsat,3191.097048997879
0.037000000000000005,cancelled,3016.006950855255
0.043000000000000003,sat,134.1200807094574
0.041,timeout,3600
