epsilon,result,runtime
0.265,sat,5.183625936508179
0.133,sat,5.45633864402771
0.131,sat,4.50771689414978
0.065,sat,7.204607009887695
0.063,sat,7.466827392578125
0.031,sat,7.313420295715332
0.013000000000000001,unsat,4.053282737731934
0.029,sat,6.924311876296997
0.021,sat,4.391414642333984
0.015,unsat,3.37580943107605
0.019000000000000003,sat,201.80980467796326
0.017,unsat,207.08561539649963
