epsilon,result,runtime
0.133,sat,18.72577476501465
0.265,cancelled,29.178908824920654
0.08700000000000001,sat,20.872864961624146
0.041,unsat,3012.790538549423
0.065,sat,12.442972421646118
0.053000000000000005,sat,12.992582321166992
0.043000000000000003,unsat,3143.9931445121765
0.049,sat,14.544331312179565
0.047,timeout,3600
0.045,timeout,3600
