epsilon,result,runtime
0.265,sat,11.582624912261963
0.133,sat,12.6515531539917
0.131,sat,11.927878379821777
0.065,sat,13.124774932861328
0.063,sat,15.737975120544434
0.031,sat,15.226263761520386
0.013000000000000001,unsat,5.848600625991821
0.029,sat,14.600116729736328
0.019000000000000003,unsat,5.6777732372283936
0.021,unsat,47.64560675621033
0.023,unsat,1071.6009907722473
0.025,unsat,2183.408183336258
0.027000000000000003,unsat,3504.5526905059814
