epsilon,result,runtime
0.133,sat,10.780845403671265
0.265,cancelled,18.901230335235596
0.043000000000000003,sat,8.976257801055908
0.08700000000000001,cancelled,17.697452545166016
0.013000000000000001,unsat,3.948979616165161
0.027000000000000003,unsat,3.857701301574707
0.029,unsat,49.06741428375244
0.035,unsat,1617.1635892391205
0.037000000000000005,timeout,3600
0.041,sat,154.10617303848267
0.039,timeout,3600
