epsilon,result,runtime
0.265,sat,10.638776302337646
0.133,sat,16.944974660873413
0.131,sat,13.458064079284668
0.065,sat,16.938066482543945
0.063,sat,17.002615690231323
0.031,unsat,3147.048673391342
0.029,cancelled,3137.6443371772766
0.041,sat,18.215636730194092
0.051000000000000004,cancelled,29.050817012786865
0.037000000000000005,sat,20.143121004104614
0.033,unsat,3521.5863802433014
0.035,timeout,3600
