epsilon,result,runtime
0.265,sat,17.983314990997314
0.133,sat,18.76209306716919
0.131,sat,15.525497913360596
0.065,sat,16.41017484664917
0.063,sat,16.275007247924805
0.029,unsat,5.882910251617432
0.047,sat,15.83310604095459
0.039,sat,14.341352939605713
0.031,unsat,194.85659337043762
0.035,sat,418.6078827381134
0.033,unsat,2011.1170241832733
