epsilon,result,runtime
0.133,sat,6.640918493270874
0.265,cancelled,15.169257164001465
0.043000000000000003,sat,14.33450174331665
0.08700000000000001,cancelled,23.80429172515869
0.013000000000000001,unsat,8.6728994846344
0.029,sat,85.94400835037231
0.019000000000000003,unsat,179.71517968177795
0.027000000000000003,sat,352.84768438339233
0.021,unsat,409.0946879386902
0.023,unsat,721.8045949935913
0.025,unsat,3325.8372559547424
