epsilon,result,runtime
0.265,sat,19.05132508277893
0.133,sat,19.52626943588257
0.131,sat,16.42403221130371
0.065,sat,20.425885677337646
0.063,sat,17.737224817276
0.031,unsat,2260.0718009471893
0.029,cancelled,2248.416607618332
0.041,sat,16.23790407180786
0.051000000000000004,cancelled,24.43551516532898
0.037000000000000005,sat,13.934798955917358
0.035,sat,14.454753398895264
0.033,sat,13.521336555480957
