epsilon,result,runtime
0.265,sat,8.8441321849823
0.133,sat,13.282639026641846
0.131,sat,13.541344165802002
0.065,sat,13.89603877067566
0.063,sat,12.472897291183472
0.031,sat,9.301498413085938
0.029,sat,7.649409532546997
0.013000000000000001,unsat,6.945311546325684
0.015,unsat,7.928389072418213
0.021,unsat,7.734645843505859
0.023,unsat,5.057295322418213
0.025,unsat,219.56019186973572
0.027000000000000003,sat,1382.4174780845642
