epsilon,result,runtime
0.265,sat,6.8262779712677
0.133,sat,9.096298217773438
0.131,sat,9.275898456573486
0.065,sat,12.523611307144165
0.063,sat,12.474576950073242
0.031,sat,12.28150987625122
0.029,sat,12.888390302658081
0.013000000000000001,unsat,6.970077753067017
0.015,unsat,5.1143269538879395
0.023,sat,12.981834650039673
0.017,unsat,46.442716121673584
0.019000000000000003,unsat,439.2415657043457
0.021,timeout,3600
