epsilon,result,runtime
0.265,sat,5.739553451538086
0.133,sat,5.91930890083313
0.131,sat,4.855481147766113
0.065,sat,7.7121663093566895
0.063,sat,8.557765245437622
0.029,unsat,503.6207642555237
0.047,sat,10.21021032333374
0.039,sat,79.74021291732788
0.031,unsat,726.4709780216217
0.033,unsat,2790.233273267746
0.035,unsat,3088.957268714905
0.037000000000000005,unsat,3506.6384494304657
