epsilon,result,runtime
0.265,sat,7.102647542953491
0.133,sat,11.58339524269104
0.131,sat,8.151371240615845
0.065,sat,9.157253503799438
0.063,sat,8.356028079986572
0.029,unsat,68.62028193473816
0.047,sat,7.850116014480591
0.031,unsat,259.6525275707245
0.039,unsat,2564.5846416950226
0.037000000000000005,cancelled,2411.80140709877
0.041,unsat,3279.6406543254852
0.045,sat,97.01272106170654
0.043000000000000003,sat,3455.2868134975433
