epsilon,result,runtime
0.265,sat,5.75880241394043
0.133,sat,9.354188919067383
0.131,sat,7.377436399459839
0.065,sat,7.500851631164551
0.063,sat,7.063432693481445
0.029,unsat,177.69893217086792
0.047,sat,10.410944938659668
0.031,unsat,350.6536056995392
0.039,unsat,2757.3896856307983
0.037000000000000005,cancelled,2619.5969622135162
0.043000000000000003,sat,1068.8501522541046
0.041,unsat,3522.7474479675293
