epsilon,result,runtime
0.265,sat,13.208695650100708
0.133,sat,15.964859247207642
0.131,sat,11.079577445983887
0.065,sat,13.806911945343018
0.063,sat,15.659509181976318
0.029,unsat,7.595732927322388
0.031,unsat,37.386348247528076
0.047,sat,13.348489761352539
0.045,sat,200.7885308265686
0.037000000000000005,unsat,2706.4816555976868
0.039,timeout,3600
0.043000000000000003,sat,335.10217785835266
0.041,unsat,2630.760644674301
