epsilon,result,runtime
0.133,sat,5.585277080535889
0.265,cancelled,12.218305587768555
0.08700000000000001,sat,9.794303178787231
0.043000000000000003,sat,9.262507200241089
0.019000000000000003,unsat,5.804794073104858
0.041,sat,9.980513572692871
0.029,unsat,143.60470032691956
0.031,unsat,604.5745878219604
0.037000000000000005,sat,94.80581641197205
0.035,sat,2633.092190504074
0.033,unsat,3235.280157327652
