epsilon,result,runtime
0.265,sat,6.378873348236084
0.133,sat,10.020716428756714
0.131,sat,8.83544921875
0.065,sat,8.439649820327759
0.063,sat,9.430243015289307
0.029,unsat,2921.719906568527
0.047,sat,11.30970025062561
0.039,sat,67.45253467559814
0.031,unsat,3095.497095346451
0.035,sat,157.50738525390625
0.033,sat,181.26732683181763
