epsilon,result,runtime
0.133,sat,5.2924644947052
0.265,cancelled,13.013500690460205
0.08700000000000001,sat,13.364584684371948
0.043000000000000003,sat,13.901522159576416
0.019000000000000003,unsat,6.014732837677002
0.041,sat,12.254594802856445
0.029,unsat,907.4076015949249
0.031,unsat,3510.0834844112396
0.037000000000000005,sat,76.41333651542664
0.035,timeout,3600
0.033,unsat,2815.4301705360413
