epsilon,result,runtime
0.265,sat,12.819091558456421
0.133,sat,13.02969241142273
0.131,sat,11.00051212310791
0.065,timeout,3600
0.063,timeout,3600
0.061,unsat,2956.431030035019
0.099,sat,8.444748163223267
0.083,sat,13.29148006439209
0.075,sat,113.64110541343689
0.067,timeout,3600
0.07100000000000001,timeout,3600
0.07300000000000001,sat,43.89417123794556
0.069,timeout,3600
