epsilon,result,runtime
0.265,sat,11.176633358001709
0.133,sat,18.525409936904907
0.131,sat,15.76794981956482
0.065,sat,19.409326314926147
0.063,sat,17.77623200416565
0.031,unsat,9.811346769332886
0.029,cancelled,6.578283786773682
0.051000000000000004,sat,20.896883010864258
0.039,unsat,589.1997289657593
0.045,sat,550.0015528202057
0.041,unsat,1782.6510291099548
0.043000000000000003,timeout,3600
