epsilon,result,runtime
0.133,sat,7.857842445373535
0.265,cancelled,14.273855447769165
0.043000000000000003,sat,14.529621601104736
0.08700000000000001,cancelled,24.060718297958374
0.027000000000000003,sat,18.731722354888916
0.011,unsat,9.080896377563477
0.019000000000000003,sat,21.46057438850403
0.015,sat,9.539217710494995
0.013000000000000001,unsat,487.23790979385376
