epsilon,result,runtime
0.133,sat,9.397979974746704
0.265,cancelled,20.05538558959961
0.043000000000000003,sat,21.37898564338684
0.08700000000000001,cancelled,33.061615228652954
0.013000000000000001,unsat,11.037611722946167
0.027000000000000003,unsat,41.543643951416016
0.029,unsat,743.5838725566864
0.035,timeout,3600
0.037000000000000005,unsat,2867.9982528686523
0.033,cancelled,13.152466773986816
0.041,sat,20.764211654663086
0.039,timeout,3600
