epsilon,result,runtime
0.133,sat,13.035343647003174
0.265,cancelled,20.285686254501343
0.08700000000000001,sat,12.53164529800415
0.041,unsat,2954.209524154663
0.065,sat,17.337835788726807
0.043000000000000003,unsat,3402.588502407074
0.055,sat,816.1519088745117
0.053000000000000005,unsat,2817.3448963165283
0.047,cancelled,1600.7834513187408
