epsilon,result,runtime
0.265,sat,5.083677291870117
0.133,sat,9.51430344581604
0.131,sat,12.345285892486572
0.065,sat,11.093860387802124
0.063,sat,11.313532829284668
0.031,sat,53.41647934913635
0.013000000000000001,unsat,6.563573122024536
0.021,unsat,198.93954825401306
0.029,sat,302.8665735721588
0.023,unsat,832.1600251197815
0.025,unsat,1450.6936898231506
0.027000000000000003,unsat,2951.7466621398926
