epsilon,result,runtime
0.265,sat,18.319166660308838
0.133,sat,56.144800662994385
0.131,sat,46.550792932510376
0.065,unsat,3154.2015879154205
0.063,cancelled,3147.754715681076
0.107,sat,92.71857857704163
0.08700000000000001,sat,187.83790612220764
0.085,sat,195.21979308128357
0.075,sat,257.86716413497925
0.07300000000000001,sat,218.55027222633362
0.069,sat,1177.864907026291
0.067,timeout,3600
