epsilon,result,runtime
0.265,sat,20.906691312789917
0.133,sat,40.33761429786682
0.131,sat,32.49401569366455
0.063,sat,211.14923667907715
0.065,cancelled,264.9802029132843
0.021,unsat,20.546880960464478
0.041,unsat,3065.940983772278
0.043000000000000003,unsat,3059.0493652820587
0.053000000000000005,unsat,3102.2367811203003
0.051000000000000004,cancelled,3083.8958656787872
0.059000000000000004,timeout,3600
0.057,timeout,3600
0.061,sat,1811.3209326267242
0.055,unsat,2996.302072286606
