epsilon,result,runtime
0.133,sat,7.925276279449463
0.265,cancelled,19.952874660491943
0.043000000000000003,sat,9.021761894226074
0.08700000000000001,cancelled,20.09455180168152
0.027000000000000003,sat,8.57888412475586
0.013000000000000001,sat,14.52753210067749
0.011,sat,12.469863414764404
0.005,sat,8.549395561218262
0.003,unsat,7.725552082061768
0.001,cancelled,13.343623161315918
