epsilon,result,runtime
0.133,sat,18.591359615325928
0.265,cancelled,37.76992201805115
0.08700000000000001,sat,30.31137251853943
0.043000000000000003,unsat,3148.0292625427246
0.041,cancelled,3118.235012292862
0.07100000000000001,sat,134.43705487251282
0.057,sat,147.05629539489746
0.055,unsat,3394.689019203186
0.049,cancelled,3402.334128379822
