epsilon,result,runtime
0.265,sat,27.748152017593384
0.133,sat,27.90237045288086
0.131,sat,24.4593985080719
0.065,sat,331.85399770736694
0.063,sat,322.06932973861694
0.031,unsat,3390.001704931259
0.029,cancelled,3373.598884344101
0.051000000000000004,sat,349.1950891017914
0.041,timeout,3600
0.039,timeout,3600
0.043000000000000003,unsat,3388.7790174484253
0.037000000000000005,cancelled,3053.2801201343536
0.047,sat,410.6666488647461
0.045,timeout,3600
