epsilon,result,runtime
0.133,sat,24.279026746749878
0.265,cancelled,44.52588987350464
0.08700000000000001,sat,62.13470435142517
0.041,unsat,3254.139248609543
0.043000000000000003,timeout,3600
0.065,sat,324.47437858581543
0.063,sat,579.4386370182037
0.053000000000000005,unsat,2498.0011065006256
0.051000000000000004,cancelled,2019.3210537433624
0.059000000000000004,unsat,2952.60755109787
0.057,cancelled,2975.7263219356537
0.061,unsat,2569.1407091617584
