epsilon,result,runtime
0.133,sat,1.921553134918213
0.265,cancelled,4.960123538970947
0.08700000000000001,sat,1.998835563659668
0.041,unsat,3345.0711410045624
0.065,sat,9.883449792861938
0.053000000000000005,sat,18.765910387039185
0.043000000000000003,unsat,3429.508322238922
0.047,unsat,3417.387097120285
0.049,unsat,3483.5774476528168
0.051000000000000004,sat,115.72833943367004
