epsilon,result,runtime
0.133,sat,1.9494905471801758
0.265,cancelled,5.010570526123047
0.043000000000000003,sat,2.6474618911743164
0.08700000000000001,cancelled,5.452881813049316
0.027000000000000003,sat,1.98349928855896
0.011,unsat,47.90729784965515
0.019000000000000003,sat,2.752901792526245
0.015,sat,7.802949666976929
0.013000000000000001,unsat,142.08671879768372
