epsilon,result,runtime
0.265,sat,20.029948472976685
0.133,sat,23.204715251922607
0.131,sat,20.9913330078125
0.065,sat,109.46535921096802
0.063,sat,104.6607415676117
0.031,unsat,3140.765235185623
0.029,cancelled,3127.7464923858643
0.051000000000000004,sat,148.96163821220398
0.041,unsat,2808.6974210739136
0.039,cancelled,2660.156877756119
0.047,sat,237.9187958240509
0.043000000000000003,sat,1560.8801229000092
0.045,cancelled,1832.9587752819061
