epsilon,result,runtime
0.133,sat,18.18603277206421
0.265,cancelled,32.8234601020813
0.08700000000000001,sat,16.6935555934906
0.043000000000000003,sat,318.1850481033325
0.041,timeout,3600
0.019000000000000003,timeout,3600
0.017,unsat,20.687740564346313
0.021,unsat,3427.8204865455627
0.031,timeout,3600
0.029,timeout,3600
0.033,unsat,3489.34348654747
0.027000000000000003,cancelled,412.150630235672
0.037000000000000005,unsat,2630.4619998931885
0.035,cancelled,2648.096114873886
0.039,timeout,3600
