epsilon,result,runtime
0.265,sat,20.530524492263794
0.133,sat,36.29116678237915
0.131,sat,18.000285863876343
0.065,sat,56.0672824382782
0.063,sat,53.59418725967407
0.031,sat,1029.5112438201904
0.029,timeout,3600
0.013000000000000001,unsat,3470.792249441147
0.015,unsat,2903.4989018440247
0.021,timeout,3600
0.023,unsat,2997.167917728424
0.019000000000000003,cancelled,1415.3978340625763
0.025,unsat,3505.690972328186
0.027000000000000003,timeout,3600
