epsilon,result,runtime
0.265,sat,13.491341829299927
0.133,sat,13.213107824325562
0.131,sat,14.00094747543335
0.065,sat,46.63743329048157
0.063,sat,62.82861542701721
0.031,unsat,3333.422096014023
0.029,cancelled,3311.6549682617188
0.051000000000000004,sat,97.690669298172
0.041,sat,125.47863006591797
0.039,sat,528.2735812664032
0.035,timeout,3600
0.033,timeout,3600
0.037000000000000005,sat,743.8558099269867
