epsilon,result,runtime
0.265,sat,24.115265130996704
0.133,sat,86.77229356765747
0.131,sat,66.26112842559814
0.063,unsat,3546.9202468395233
0.065,unsat,3569.0533707141876
0.099,sat,51.6097149848938
0.097,sat,59.026984214782715
0.081,unsat,2570.1011385917664
0.079,cancelled,2581.3586843013763
0.091,sat,156.4856071472168
0.08700000000000001,sat,297.84774589538574
0.085,sat,1436.2657206058502
0.083,timeout,3600
