epsilon,result,runtime
0.265,sat,18.585234880447388
0.133,sat,24.160067558288574
0.131,sat,38.72379398345947
0.065,sat,101.5287733078003
0.063,sat,117.99926495552063
0.029,unsat,104.68355917930603
0.031,timeout,3600
0.047,unsat,3543.798914194107
0.045,cancelled,132.43388628959656
0.057,sat,372.4776792526245
0.051000000000000004,unsat,3106.131688594818
0.053000000000000005,timeout,3600
0.055,timeout,3600
