epsilon,result,runtime
0.133,sat,27.659640550613403
0.265,cancelled,41.37449884414673
0.08700000000000001,sat,22.888814449310303
0.043000000000000003,sat,35.08026576042175
0.041,sat,35.61330533027649
0.019000000000000003,sat,36.958916664123535
0.021,cancelled,13.07539963722229
0.005,unsat,22.859830617904663
0.011,sat,34.96482300758362
0.013000000000000001,cancelled,12.374696016311646
0.007,unsat,674.7518627643585
0.009000000000000001,timeout,3600
