epsilon,result,runtime
0.133,sat,19.722941398620605
0.265,cancelled,35.04503583908081
0.043000000000000003,sat,15.244530200958252
0.08700000000000001,cancelled,28.91545295715332
0.013000000000000001,sat,25.126747608184814
0.027000000000000003,cancelled,39.99602651596069
0.003,unsat,13.487672090530396
0.007,unsat,282.5625913143158
0.011,sat,18.48924970626831
0.009000000000000001,unsat,3544.762839317322
