epsilon,result,runtime
0.265,sat,7.345986366271973
0.133,sat,9.857526302337646
0.131,sat,10.325458288192749
0.065,timeout,3600
0.063,timeout,3600
0.067,unsat,3583.006397008896
0.061,cancelled,3579.6634335517883
0.109,sat,12.044643878936768
0.089,sat,63.402504682540894
0.08700000000000001,sat,57.16208577156067
0.075,sat,104.8028314113617
0.077,cancelled,131.5106976032257
0.07100000000000001,sat,863.4897634983063
0.069,unsat,3427.023720264435
