epsilon,result,runtime
0.133,sat,12.660910606384277
0.265,cancelled,27.29297113418579
0.08700000000000001,sat,20.093885898590088
0.041,sat,66.60279655456543
0.043000000000000003,cancelled,108.97007727622986
0.013000000000000001,unsat,12.604678630828857
0.025,timeout,3600
0.027000000000000003,timeout,3600
0.029,unsat,3081.57842874527
0.023,cancelled,3071.5619015693665
0.035,sat,70.73921704292297
0.033,sat,170.2537784576416
0.031,timeout,3600
