epsilon,result,runtime
0.265,sat,23.726735591888428
0.133,sat,25.574719429016113
0.131,sat,21.468374490737915
0.065,sat,71.88199043273926
0.063,sat,64.84797883033752
0.031,unsat,3038.7688734531403
0.029,cancelled,3031.7842695713043
0.051000000000000004,sat,71.45135402679443
0.041,sat,107.52636337280273
0.035,unsat,2731.2983095645905
0.039,unsat,3133.2657446861267
0.037000000000000005,cancelled,372.6459708213806
