epsilon,result,runtime
0.265,sat,8.495270013809204
0.133,sat,8.707994937896729
0.131,sat,7.753986120223999
0.065,sat,29.25287914276123
0.063,sat,30.605788946151733
0.029,sat,59.58820056915283
0.031,cancelled,94.42706489562988
0.009000000000000001,unsat,6.565614938735962
0.017,unsat,310.42864322662354
0.019000000000000003,timeout,3600
0.023,timeout,3600
0.025,timeout,3600
0.021,timeout,3600
0.027000000000000003,sat,658.2118270397186
