epsilon,result,runtime
0.133,sat,23.18415880203247
0.265,cancelled,34.735042333602905
0.08700000000000001,sat,91.32682681083679
0.041,unsat,3005.393185853958
0.043000000000000003,unsat,3195.0836000442505
0.065,sat,181.7607069015503
0.063,sat,338.0353434085846
0.053000000000000005,unsat,3154.0693328380585
0.051000000000000004,cancelled,2943.353764295578
0.059000000000000004,sat,258.00156235694885
0.057,unsat,3469.7204751968384
0.055,cancelled,3211.87468457222
