epsilon,result,runtime
0.265,sat,31.82422637939453
0.133,sat,33.73221564292908
0.131,sat,30.841542959213257
0.063,unsat,2662.442804813385
0.065,unsat,2834.1970479488373
0.097,sat,179.5342562198639
0.099,cancelled,92.16038632392883
0.085,sat,685.3363173007965
0.075,unsat,2996.139959335327
0.07300000000000001,cancelled,2309.5183334350586
0.081,unsat,2578.4782540798187
0.079,cancelled,2600.2460477352142
0.083,sat,2516.194726705551
