epsilon,result,runtime
0.265,sat,5.7740442752838135
0.133,sat,7.307008504867554
0.131,sat,7.239940404891968
0.065,sat,39.39363622665405
0.031,unsat,3085.725252866745
0.063,unsat,3378.553155899048
0.047,cancelled,258.12000250816345
