epsilon,result,runtime
0.265,sat,25.14870548248291
0.133,sat,26.14097023010254
0.065,sat,24.156579971313477
0.131,cancelled,41.758644819259644
0.021,sat,31.598908185958862
0.041,cancelled,45.88572311401367
0.007,unsat,22.349939823150635
0.015,sat,114.90876746177673
0.009000000000000001,unsat,24.120954275131226
0.011,unsat,88.15323495864868
0.013000000000000001,unsat,3090.9574058055878
