epsilon,result,runtime
0.133,sat,21.795037984848022
0.265,cancelled,36.7613308429718
0.08700000000000001,sat,113.4509630203247
0.043000000000000003,unsat,2552.130298137665
0.041,cancelled,2438.741595506668
0.07100000000000001,sat,162.91313815116882
0.057,timeout,3600
0.055,timeout,3600
0.059000000000000004,unsat,2650.149866580963
0.053000000000000005,cancelled,2497.3968799114227
0.065,sat,145.6475579738617
0.063,sat,380.3677146434784
0.061,unsat,2524.822036266327
