epsilon,result,runtime
0.265,sat,20.721339225769043
0.133,sat,45.41201567649841
0.131,sat,49.52332544326782
0.065,sat,65.39827060699463
0.063,sat,63.43710136413574
0.031,timeout,3600
0.029,timeout,3600
0.033,sat,93.36471199989319
0.013000000000000001,unsat,11.025940418243408
0.027000000000000003,timeout,3600
0.019000000000000003,timeout,3600
0.017,unsat,2682.05939912796
0.021,timeout,3600
0.023,timeout,3600
0.025,timeout,3600
