epsilon,result,runtime
0.265,sat,13.880548477172852
0.133,sat,32.290459394454956
0.131,sat,37.2427077293396
0.065,sat,133.32139801979065
0.063,sat,130.554208278656
0.029,unsat,3154.7167432308197
0.031,unsat,3483.3743748664856
0.047,unsat,2153.8628265857697
0.045,cancelled,1867.8594274520874
0.057,sat,100.11105942726135
0.053000000000000005,sat,118.54743504524231
0.051000000000000004,sat,94.86626172065735
0.049,sat,99.84353017807007
