epsilon,result,runtime
0.265,sat,22.655622959136963
0.133,sat,41.792712450027466
0.131,sat,44.60557579994202
0.065,sat,339.1223940849304
0.063,sat,1554.5332403182983
0.031,unsat,3505.2353076934814
0.029,cancelled,2268.128569841385
0.051000000000000004,unsat,2675.939375400543
0.041,cancelled,2695.04159450531
0.057,unsat,3361.2822761535645
0.055,cancelled,3379.886187314987
0.059000000000000004,unsat,3168.097463130951
0.061,unsat,3382.338940143585
