epsilon,result,runtime
0.265,sat,5.804643869400024
0.133,sat,9.689998626708984
0.131,sat,10.4248628616333
0.065,sat,48.78668928146362
0.063,sat,48.16081213951111
0.031,unsat,3276.4584028720856
0.029,cancelled,3272.111546278
0.051000000000000004,unsat,3103.955149412155
0.041,cancelled,3110.0366110801697
0.055,sat,68.10564517974854
0.057,cancelled,74.01715660095215
0.053000000000000005,sat,46.16247582435608
