epsilon,result,runtime
0.133,sat,8.649245738983154
0.265,cancelled,20.00228977203369
0.08700000000000001,sat,52.489365100860596
0.043000000000000003,unsat,2312.113057374954
0.041,cancelled,2257.8878004550934
0.07100000000000001,sat,48.64264988899231
0.055,sat,104.46739864349365
0.057,cancelled,180.9195683002472
0.047,unsat,2113.787764072418
0.049,unsat,2167.4162542819977
0.053000000000000005,unsat,2249.9899322986603
0.051000000000000004,cancelled,2317.070244073868
