epsilon,result,runtime
0.133,sat,13.850168466567993
0.265,cancelled,28.22059392929077
0.08700000000000001,sat,81.66766738891602
0.041,unsat,2462.6298413276672
0.065,sat,161.78083562850952
0.043000000000000003,unsat,3197.0861263275146
0.053000000000000005,unsat,2724.3716762065887
0.059000000000000004,sat,157.92969584465027
0.057,sat,186.70530319213867
0.055,unsat,2690.6371376514435
