epsilon,result,runtime
0.265,sat,7.568022727966309
0.131,sat,20.664578914642334
0.133,cancelled,48.9760525226593
0.085,sat,45.430694818496704
0.041,unsat,3323.13042140007
0.063,sat,29.29308819770813
0.043000000000000003,timeout,3600
0.053000000000000005,sat,2361.613436460495
0.051000000000000004,timeout,3600
0.047,unsat,2635.199187040329
0.045,cancelled,1245.0296728610992
0.049,timeout,3600
