epsilon,result,runtime
0.133,sat,19.038628578186035
0.265,cancelled,34.98734903335571
0.08700000000000001,sat,166.25645685195923
0.041,unsat,2801.6052939891815
0.065,sat,130.79331874847412
0.043000000000000003,unsat,3499.860292673111
0.053000000000000005,timeout,3600
0.055,timeout,3600
0.057,unsat,3149.9323370456696
0.051000000000000004,cancelled,3532.801305294037
0.061,sat,269.21862864494324
0.059000000000000004,sat,2166.4609854221344
