epsilon,result,runtime
0.265,sat,25.087989807128906
0.133,sat,25.938244819641113
0.065,sat,24.233716249465942
0.131,cancelled,39.816404819488525
0.041,sat,21.786990880966187
0.021,sat,31.408605098724365
0.019000000000000003,sat,29.04521632194519
0.009000000000000001,sat,25.148883819580078
0.003,unsat,23.12066125869751
0.007,sat,25.039604902267456
0.005,unsat,77.75680565834045
