epsilon,result,runtime
0.265,sat,20.25616192817688
0.133,sat,20.820579290390015
0.131,sat,14.41739559173584
0.065,sat,102.8502254486084
0.063,sat,112.7128050327301
0.029,unsat,2516.0199859142303
0.047,sat,116.94753336906433
0.039,sat,57.2767915725708
0.035,sat,192.73574018478394
0.031,timeout,3600
0.033,unsat,2856.4883596897125
