epsilon,result,runtime
0.265,sat,7.512572288513184
0.133,sat,8.668114185333252
0.131,sat,12.31583023071289
0.065,unsat,3549.4410214424133
0.063,cancelled,3539.239544391632
0.107,sat,41.293617486953735
0.08700000000000001,sat,62.18097114562988
0.085,sat,68.86250281333923
0.075,sat,114.03467226028442
0.07300000000000001,sat,65.66129851341248
0.069,timeout,3600
0.067,timeout,3600
0.07100000000000001,sat,137.608060836792
