epsilon,result,runtime
0.265,sat,11.045835971832275
0.133,sat,16.25397562980652
0.131,sat,17.172379970550537
0.065,sat,15.506397247314453
0.063,sat,14.658419847488403
0.031,sat,13.699418544769287
0.029,sat,13.823729276657104
0.013000000000000001,unsat,291.06361842155457
0.021,sat,13.004785060882568
0.017,sat,55.427754640579224
0.015,unsat,3105.7847566604614
