epsilon,result,runtime
0.265,sat,20.441559314727783
0.133,sat,21.944373846054077
0.131,sat,40.81193995475769
0.065,sat,136.55314946174622
0.063,sat,124.63045620918274
0.031,unsat,2468.7398257255554
0.029,cancelled,2440.3274779319763
0.041,unsat,3135.436550140381
0.051000000000000004,timeout,3600
0.053000000000000005,unsat,2888.9628009796143
0.049,cancelled,2450.446667909622
0.059000000000000004,sat,174.3575439453125
0.057,sat,183.1342077255249
0.055,sat,173.76634049415588
