epsilon,result,runtime
0.265,sat,19.16198205947876
0.133,sat,23.542011737823486
0.131,sat,22.805622816085815
0.065,sat,29.21677017211914
0.063,sat,83.33888053894043
0.031,timeout,3600
0.029,timeout,3600
0.033,sat,1439.0152995586395
0.013000000000000001,unsat,541.827586889267
0.027000000000000003,unsat,3170.969858646393
0.019000000000000003,cancelled,1277.9218652248383
