epsilon,result,runtime
0.265,sat,20.303651809692383
0.131,sat,22.96923279762268
0.133,cancelled,63.1169490814209
0.085,sat,167.60240292549133
0.043000000000000003,unsat,2287.689389705658
0.041,cancelled,2119.790797472
0.069,sat,481.49297881126404
0.057,unsat,3299.659481525421
0.055,cancelled,2818.448285341263
0.063,timeout,3600
0.061,timeout,3600
0.065,sat,2243.6937477588654
0.059000000000000004,unsat,2818.3141674995422
