epsilon,result,runtime
0.133,sat,4.53206467628479
0.265,cancelled,8.974629878997803
0.08700000000000001,sat,4.652309894561768
0.041,unsat,3145.8747107982635
0.065,sat,29.000468254089355
0.053000000000000005,sat,33.08017015457153
0.043000000000000003,unsat,3421.0798618793488
0.049,sat,188.8120572566986
0.047,timeout,3600
0.045,unsat,3227.531047105789
