epsilon,result,runtime
0.265,sat,24.46625542640686
0.133,sat,26.84256386756897
0.131,sat,32.424440145492554
0.065,sat,123.51081824302673
0.063,sat,111.58738946914673
0.029,unsat,2292.5414299964905
0.047,sat,267.37250447273254
0.039,sat,143.3501958847046
0.035,sat,381.7170317173004
0.033,sat,310.33340549468994
0.031,timeout,3600
