epsilon,result,runtime
0.133,sat,5.768627405166626
0.265,cancelled,12.028666973114014
0.08700000000000001,sat,16.244598388671875
0.043000000000000003,sat,57.57652807235718
0.041,timeout,3600
0.019000000000000003,timeout,3600
0.021,unsat,3113.9035646915436
0.017,cancelled,3081.0808629989624
0.027000000000000003,unsat,2991.2079412937164
0.033,unsat,3013.6488420963287
0.035,unsat,2988.6041696071625
0.037000000000000005,unsat,3331.5620703697205
0.039,unsat,3264.27299618721
