epsilon,result,runtime
0.133,sat,17.147444486618042
0.265,cancelled,32.37837886810303
0.08700000000000001,sat,18.87137508392334
0.041,unsat,3345.901100873947
0.065,sat,89.0520498752594
0.043000000000000003,timeout,3600
0.053000000000000005,sat,99.13312530517578
0.055,cancelled,25.53956627845764
0.049,sat,198.798823595047
0.047,sat,255.15290307998657
0.045,timeout,3600
