epsilon,result,runtime
0.265,sat,22.53455686569214
0.133,sat,28.435532808303833
0.131,sat,32.01711845397949
0.065,timeout,3600
0.063,timeout,3600
0.067,unsat,2740.2359693050385
0.061,cancelled,2725.1287064552307
0.089,sat,97.81588983535767
0.109,cancelled,114.43188834190369
0.081,sat,184.10021805763245
0.075,sat,236.0070858001709
0.07300000000000001,sat,285.2281677722931
0.069,sat,451.35158467292786
0.07100000000000001,cancelled,215.28962469100952
