epsilon,result,runtime
0.265,sat,18.31401038169861
0.133,sat,24.416282892227173
0.131,sat,27.948634147644043
0.065,sat,164.48353934288025
0.063,sat,217.15401220321655
0.029,unsat,3055.6582369804382
0.031,timeout,3600
0.047,unsat,3232.2904109954834
0.045,cancelled,2799.615728378296
0.057,sat,565.3157298564911
0.053000000000000005,unsat,2627.967633008957
0.051000000000000004,cancelled,2062.2575013637543
0.055,timeout,3600
