epsilon,result,runtime
0.133,sat,26.169747829437256
0.265,cancelled,46.27082896232605
0.08700000000000001,sat,55.63456201553345
0.043000000000000003,sat,259.01801466941833
0.019000000000000003,unsat,21.241695642471313
0.041,unsat,2762.9016494750977
0.029,cancelled,2544.9861900806427
