epsilon,result,runtime
0.265,sat,20.870229244232178
0.133,sat,45.275763273239136
0.131,sat,18.4488365650177
0.063,sat,161.61114859580994
0.065,cancelled,175.4571270942688
0.021,unsat,17.601980924606323
0.043000000000000003,unsat,2569.6203882694244
0.041,cancelled,2610.9758751392365
0.055,sat,238.51173663139343
0.049,timeout,3600
0.047,timeout,3600
0.051000000000000004,timeout,3600
0.053000000000000005,sat,211.42872881889343
0.045,timeout,3600
