epsilon,result,runtime
0.133,sat,19.763800382614136
0.265,cancelled,39.24743294715881
0.08700000000000001,sat,30.970220804214478
0.043000000000000003,sat,54.013824224472046
0.041,sat,53.01525568962097
0.021,unsat,2606.0074496269226
0.019000000000000003,cancelled,2672.8910002708435
0.033,sat,72.3474349975586
0.027000000000000003,sat,87.43193531036377
0.025,sat,132.2079770565033
0.023,unsat,3075.5678000450134
