epsilon,result,runtime
0.265,sat,16.429087162017822
0.133,sat,22.161869764328003
0.131,sat,23.704221963882446
0.065,sat,170.06686687469482
0.063,sat,135.67015194892883
0.031,unsat,2463.2206814289093
0.029,cancelled,2479.8685677051544
0.041,unsat,3423.0208687782288
0.051000000000000004,timeout,3600
0.049,unsat,2608.884765148163
0.053000000000000005,unsat,3385.599624633789
0.059000000000000004,sat,223.28507471084595
0.057,unsat,2590.6942961215973
0.055,cancelled,1748.916802406311
