epsilon,result,runtime
0.265,sat,19.43391990661621
0.133,sat,24.43535327911377
0.131,sat,22.950666666030884
0.065,sat,27.662022829055786
0.063,sat,26.39552092552185
0.031,sat,21.61113476753235
0.029,sat,19.846966981887817
0.013000000000000001,sat,25.513769388198853
0.015,cancelled,5.8783979415893555
0.007,sat,19.86437153816223
0.003,sat,21.50078535079956
0.001,unsat,11.127017259597778
