epsilon,result,runtime
0.265,sat,1.910329818725586
0.133,sat,2.3485100269317627
0.131,sat,3.170161247253418
0.065,sat,5.905627727508545
0.063,sat,12.775917768478394
0.029,unsat,1495.5592784881592
0.031,unsat,1551.5223062038422
0.047,unsat,3005.917232275009
0.045,cancelled,2966.12867975235
0.053000000000000005,unsat,2706.2354822158813
0.059000000000000004,sat,99.4875795841217
0.057,unsat,3313.0376160144806
0.055,cancelled,503.07313227653503
