epsilon,result,runtime
0.133,sat,8.310370683670044
0.265,cancelled,17.600664615631104
0.043000000000000003,timeout,3600
0.08700000000000001,timeout,3600
0.065,unsat,2982.48260140419
0.101,sat,121.03734183311462
0.067,timeout,3600
0.083,timeout,3600
0.081,unsat,3325.4878141880035
0.093,unsat,2623.4682166576385
0.085,cancelled,2848.1427567005157
0.097,sat,87.63123106956482
0.095,sat,1261.3620655536652
