epsilon,result,runtime
0.265,sat,16.34145951271057
0.133,sat,19.427861213684082
0.131,sat,17.490419626235962
0.065,sat,191.64523720741272
0.063,sat,158.66358876228333
0.031,unsat,3327.0510330200195
0.029,cancelled,3337.204003572464
0.041,unsat,2898.930909395218
0.051000000000000004,timeout,3600
0.053000000000000005,timeout,3600
0.049,unsat,3350.527855873108
0.059000000000000004,sat,267.8382885456085
0.055,unsat,2746.3038840293884
0.057,timeout,3600
