epsilon,result,runtime
0.265,sat,5.5236899852752686
0.133,sat,5.694977521896362
0.131,sat,5.859594821929932
0.065,sat,61.32000684738159
0.063,sat,76.53222489356995
0.031,unsat,3267.474909543991
0.029,cancelled,3248.1185817718506
0.041,unsat,3404.4068174362183
0.051000000000000004,timeout,3600
0.053000000000000005,unsat,3339.649245738983
0.049,cancelled,3157.1524846553802
0.057,sat,22.38799548149109
0.059000000000000004,cancelled,25.59963345527649
0.055,unsat,3563.903847694397
