epsilon,result,runtime
0.265,sat,29.042099237442017
0.133,sat,29.65144991874695
0.131,sat,21.83029532432556
0.065,sat,44.906994342803955
0.063,sat,38.90063238143921
0.031,sat,20.354289770126343
0.029,sat,17.89732336997986
0.013000000000000001,unsat,1047.6579151153564
0.015,unsat,3208.306258201599
0.023,sat,94.65403914451599
0.021,timeout,3600
0.017,timeout,3600
0.019000000000000003,unsat,3113.313409090042
