epsilon,result,runtime
0.265,sat,15.461644887924194
0.133,sat,15.423502206802368
0.131,sat,11.991281509399414
0.065,timeout,3600
0.063,timeout,3600
0.061,unsat,2200.428943634033
0.099,sat,90.95546984672546
0.083,sat,93.39971804618835
0.067,timeout,3600
0.075,sat,2251.303274869919
0.07300000000000001,sat,2116.3276312351227
0.069,unsat,3563.870242357254
0.07100000000000001,timeout,3600
