epsilon,result,runtime
0.265,sat,21.732529401779175
0.133,sat,21.558714151382446
0.065,sat,15.467871904373169
0.131,cancelled,30.242507934570312
0.021,sat,21.459030389785767
0.041,cancelled,32.403308629989624
0.007,unsat,19.198325395584106
0.015,sat,25.17177724838257
0.009000000000000001,unsat,160.80573081970215
0.013000000000000001,unsat,3212.2868518829346
0.011,cancelled,2971.8612790107727
