epsilon,result,runtime
0.265,sat,22.06286883354187
0.133,sat,27.973700523376465
0.131,sat,20.833884239196777
0.065,sat,87.58763527870178
0.063,sat,161.64578080177307
0.029,unsat,2986.256192922592
0.031,unsat,3354.464111804962
0.047,sat,256.76125407218933
0.045,unsat,3258.743770122528
0.037000000000000005,cancelled,3266.167826652527
