epsilon,result,runtime
0.265,sat,17.175264358520508
0.133,sat,19.175544023513794
0.131,sat,25.04386329650879
0.065,sat,26.663816928863525
0.031,sat,28.600798845291138
0.063,cancelled,44.7993700504303
0.019000000000000003,sat,31.553049325942993
0.007,unsat,20.461385011672974
0.009000000000000001,unsat,80.58386397361755
0.015,sat,112.207679271698
0.011,unsat,1651.3506107330322
0.013000000000000001,unsat,2893.854070663452
