epsilon,result,runtime
0.265,sat,16.329052686691284
0.133,sat,17.736767768859863
0.131,sat,14.383777618408203
0.065,sat,72.38847017288208
0.063,sat,78.30701565742493
0.031,sat,71.71007680892944
0.029,sat,67.59027528762817
0.015,unsat,3279.949814558029
0.013000000000000001,cancelled,3320.5147659778595
0.023,unsat,2385.8289494514465
0.019000000000000003,cancelled,2398.3030531406403
0.027000000000000003,sat,69.7830719947815
0.025,sat,109.50668406486511
