epsilon,result,runtime
0.265,sat,5.841515064239502
0.133,sat,33.8766770362854
0.131,sat,34.406370401382446
0.065,unsat,3040.3818073272705
0.063,cancelled,3033.303783416748
0.08700000000000001,sat,40.784334659576416
0.107,cancelled,46.826894998550415
0.079,sat,40.88091278076172
0.07300000000000001,unsat,3314.1020741462708
0.07100000000000001,cancelled,3273.718226671219
0.077,sat,77.5703752040863
0.075,timeout,3600
