epsilon,result,runtime
0.133,sat,23.828100204467773
0.265,cancelled,34.191205739974976
0.08700000000000001,sat,29.386720418930054
0.043000000000000003,sat,144.61144590377808
0.041,sat,160.00043416023254
0.019000000000000003,unsat,3334.959058523178
0.021,unsat,3297.1844806671143
0.029,unsat,3555.170167207718
0.031,timeout,3600
0.037000000000000005,sat,257.39335894584656
0.033,unsat,2894.4010310173035
0.035,timeout,3600
