epsilon,result,runtime
0.265,sat,17.967280387878418
0.133,sat,25.441107273101807
0.131,sat,21.443007230758667
0.065,sat,546.3470466136932
0.031,unsat,2695.1301498413086
0.063,timeout,3600
0.045,unsat,2775.839190006256
0.047,timeout,3600
0.055,timeout,3600
0.053000000000000005,timeout,3600
0.051000000000000004,unsat,2665.4848840236664
0.057,timeout,3600
0.059000000000000004,unsat,3071.9600069522858
0.061,unsat,2924.9109921455383
