epsilon,result,runtime
0.265,sat,5.717737674713135
0.133,sat,5.747205018997192
0.131,sat,5.950975179672241
0.065,sat,19.45041012763977
0.063,sat,20.63444685935974
0.029,unsat,3315.787700176239
0.047,sat,42.528294801712036
0.031,timeout,3600
0.039,timeout,3600
0.037000000000000005,timeout,3600
0.035,unsat,2446.2257356643677
0.043000000000000003,sat,38.14108729362488
0.041,unsat,2821.672237634659
