epsilon,result,runtime
0.265,sat,8.798490285873413
0.133,sat,11.447865962982178
0.131,sat,11.80778694152832
0.063,unsat,3412.6832308769226
0.097,sat,129.07343554496765
0.065,timeout,3600
0.081,timeout,3600
0.079,timeout,3600
0.077,unsat,3320.746376991272
0.083,timeout,3600
0.091,sat,250.11956763267517
0.085,unsat,2819.482629776001
0.089,timeout,3600
0.08700000000000001,timeout,3600
