epsilon,result,runtime
0.265,sat,7.446908473968506
0.133,sat,94.72049283981323
0.131,sat,77.38142418861389
0.063,unsat,2568.961219549179
0.097,sat,105.42433404922485
0.065,timeout,3600
0.079,unsat,2652.9282653331757
0.081,timeout,3600
0.089,timeout,3600
0.08700000000000001,timeout,3600
0.091,timeout,3600
0.085,timeout,3600
0.093,sat,1279.7062830924988
0.083,timeout,3600
