epsilon,result,runtime
0.265,sat,20.61239004135132
0.133,sat,21.012639045715332
0.131,sat,25.500752449035645
0.065,sat,57.64988303184509
0.063,sat,52.22160983085632
0.031,sat,32.44423317909241
0.013000000000000001,unsat,53.837111711502075
0.029,sat,109.0092339515686
0.021,timeout,3600
0.019000000000000003,timeout,3600
0.023,timeout,3600
0.017,timeout,3600
0.015,unsat,3289.854376077652
0.025,timeout,3600
0.027000000000000003,sat,459.1129298210144
