epsilon,result,runtime
0.265,sat,12.049574375152588
0.133,sat,14.233529090881348
0.131,sat,13.429495573043823
0.065,sat,15.089213848114014
0.063,sat,23.36086368560791
0.031,sat,28.059435844421387
0.029,sat,12.02677321434021
0.013000000000000001,unsat,850.6969039440155
0.021,sat,33.224409341812134
0.015,unsat,2862.695656776428
0.017,timeout,3600
0.019000000000000003,unsat,3007.289829492569
