epsilon,result,runtime
0.265,sat,19.493895292282104
0.133,sat,26.727172374725342
0.131,sat,22.857425928115845
0.065,sat,53.37973976135254
0.063,unsat,3324.588779449463
0.031,cancelled,3315.034693956375
