epsilon,result,runtime
0.265,sat,5.755810260772705
0.133,sat,5.838923692703247
0.131,sat,5.746287822723389
0.065,sat,66.90065908432007
0.063,sat,75.42283749580383
0.029,unsat,3168.029032468796
0.031,unsat,3289.298660516739
0.047,unsat,3066.737690448761
0.045,cancelled,2973.347802400589
0.057,sat,79.50329804420471
0.053000000000000005,unsat,3292.6786954402924
0.051000000000000004,cancelled,3213.3535618782043
0.055,timeout,3600
