epsilon,result,runtime
0.265,sat,2.1896302700042725
0.133,sat,3.2984585762023926
0.131,sat,2.9098687171936035
0.065,sat,3.0199878215789795
0.063,sat,2.8427252769470215
0.029,unsat,265.5262598991394
0.047,sat,3.494940757751465
0.039,sat,2.098151445388794
0.035,sat,55.454187631607056
0.031,unsat,1198.0106227397919
0.033,sat,2691.7607033252716
