epsilon,result,runtime
0.265,sat,2.2283623218536377
0.133,sat,3.397601842880249
0.131,sat,3.1670475006103516
0.065,sat,3.3793272972106934
0.063,sat,3.0724446773529053
0.031,unsat,65.05189347267151
0.029,cancelled,63.389681339263916
0.041,sat,2.929020404815674
0.051000000000000004,cancelled,6.480026006698608
0.037000000000000005,sat,88.05548429489136
0.035,unsat,117.19805884361267
0.033,cancelled,29.297584772109985
