epsilon,result,runtime
0.133,sat,3.5447335243225098
0.265,cancelled,5.912228345870972
0.08700000000000001,sat,3.4203617572784424
0.041,unsat,103.49770259857178
0.065,sat,13.604010343551636
0.043000000000000003,unsat,170.04308891296387
0.053000000000000005,sat,53.53683257102966
0.055,cancelled,14.175922393798828
0.047,unsat,2508.036041498184
0.049,unsat,3311.8980388641357
0.051000000000000004,unsat,3496.0390944480896
