epsilon,result,runtime
0.133,sat,2.189195394515991
0.265,cancelled,4.711066484451294
0.08700000000000001,sat,3.483426570892334
0.043000000000000003,sat,9.03541374206543
0.041,sat,3.233499050140381
0.019000000000000003,unsat,1.336460828781128
0.021,unsat,1.4188778400421143
0.029,unsat,133.37520933151245
0.031,unsat,335.85484170913696
0.037000000000000005,sat,52.119595527648926
0.033,unsat,1763.812076330185
0.035,unsat,3497.637719154358
