epsilon,result,runtime
0.265,sat,2.6580820083618164
0.133,sat,2.69663143157959
0.131,sat,2.619067907333374
0.065,unsat,9.091966390609741
0.063,cancelled,6.470865964889526
0.107,sat,16.74444079399109
0.08700000000000001,unsat,3416.27588057518
0.085,cancelled,3399.849868774414
0.099,sat,23.383673191070557
0.093,unsat,3445.4306576251984
0.091,cancelled,3422.2194814682007
0.097,sat,44.658177852630615
0.095,unsat,2838.424954891205
