epsilon,result,runtime
0.265,sat,4.488340854644775
0.133,sat,4.508731365203857
0.065,sat,4.388107776641846
0.131,cancelled,7.366471529006958
0.131,sat,4.349727392196655
0.021,unsat,2.397941827774048
0.041,unsat,92.19531273841858
0.043000000000000003,unsat,121.79855751991272
0.053000000000000005,sat,69.42370772361755
0.055,cancelled,38.650710344314575
0.049,sat,15.459431886672974
0.047,sat,34.67040038108826
0.045,sat,47.98508548736572
