epsilon,result,runtime
0.133,sat,3.598571538925171
0.265,cancelled,5.771311044692993
0.265,sat,3.6138851642608643
0.08700000000000001,sat,3.545807361602783
0.041,unsat,53.9335675239563
0.043000000000000003,unsat,83.32738447189331
0.063,sat,2.1909525394439697
0.065,cancelled,27.927566528320312
0.055,sat,61.16781282424927
0.047,unsat,286.84277606010437
0.049,unsat,1723.0363194942474
0.051000000000000004,unsat,3413.9628870487213
0.053000000000000005,unsat,3301.0206546783447
