epsilon,result,runtime
0.265,sat,2.1987195014953613
0.133,sat,3.115410804748535
0.131,sat,3.2189104557037354
0.065,sat,3.156067371368408
0.063,sat,3.0207648277282715
0.031,sat,2.1750357151031494
0.013000000000000001,unsat,1.7610621452331543
0.029,sat,3.0246613025665283
0.019000000000000003,unsat,1.877246618270874
0.021,unsat,74.06384563446045
0.023,unsat,76.43585085868835
0.027000000000000003,sat,3.5535483360290527
0.025,unsat,235.14777541160583
