epsilon,result,runtime
0.133,sat,3.5066113471984863
0.265,cancelled,5.968237400054932
0.08700000000000001,sat,10.407293558120728
0.041,unsat,21.665377378463745
0.043000000000000003,unsat,54.8057587146759
0.063,unsat,3316.8593685626984
0.075,sat,9.934619903564453
0.065,unsat,3520.3720009326935
0.07100000000000001,sat,22.248316287994385
0.069,unsat,3231.963038444519
0.067,cancelled,3039.610064983368
