epsilon,result,runtime
0.133,sat,4.3466105461120605
0.265,cancelled,7.164261102676392
0.265,sat,4.402139902114868
0.043000000000000003,sat,2.8838303089141846
0.08700000000000001,cancelled,5.9173359870910645
0.013000000000000001,sat,2.7073261737823486
0.027000000000000003,cancelled,5.820314884185791
0.007,unsat,2.3039028644561768
0.003,cancelled,5.202014446258545
0.003,unsat,2.394383192062378
0.009000000000000001,unsat,2.25142240524292
0.011,unsat,71.93867230415344
