epsilon,result,runtime
0.265,sat,5.391135931015015
0.133,sat,5.434827089309692
0.131,sat,5.356085777282715
0.065,sat,60.35124182701111
0.031,unsat,2.12911319732666
0.047,unsat,2.0552048683166504
0.055,unsat,197.225270986557
0.063,unsat,3174.0196545124054
0.059000000000000004,cancelled,2909.071681022644
