epsilon,result,runtime
0.133,sat,4.537910461425781
0.265,cancelled,7.495646953582764
0.043000000000000003,sat,2.809514045715332
0.08700000000000001,cancelled,5.67774772644043
0.013000000000000001,unsat,2.2656593322753906
0.027000000000000003,unsat,93.0448808670044
0.035,sat,2.205683946609497
0.031,sat,2.0309741497039795
0.029,unsat,376.1875786781311
