epsilon,result,runtime
0.265,sat,3.4634578227996826
0.133,sat,5.218691110610962
0.131,sat,5.365202188491821
0.065,unsat,78.89303493499756
0.063,cancelled,73.35983538627625
0.107,sat,5.284383058547974
0.08700000000000001,sat,42.65277576446533
0.085,sat,53.887120962142944
0.07300000000000001,unsat,2026.156617641449
0.075,timeout,3600
0.081,sat,80.20718574523926
0.079,unsat,3314.9132058620453
0.077,cancelled,1685.7653059959412
