epsilon,result,runtime
0.265,sat,5.424259424209595
0.133,sat,5.3218560218811035
0.131,sat,5.352121353149414
0.063,unsat,3260.438368320465
0.097,sat,10.153190851211548
0.081,sat,18.324140548706055
0.065,unsat,3446.0417790412903
0.07300000000000001,sat,175.78415942192078
0.07100000000000001,sat,202.98959374427795
0.069,sat,543.7091827392578
0.067,unsat,3357.2732338905334
