epsilon,result,runtime
0.265,sat,2.6074068546295166
0.133,sat,2.6097052097320557
0.131,sat,2.64801025390625
0.063,unsat,24.572254419326782
0.065,unsat,40.79250454902649
0.097,sat,24.35802149772644
0.099,cancelled,15.310704469680786
0.075,unsat,3371.8336429595947
0.085,unsat,3565.847405433655
0.08700000000000001,unsat,3309.645394563675
0.093,sat,54.487974643707275
0.091,unsat,3533.820119857788
0.089,cancelled,358.0565047264099
