epsilon,result,runtime
0.265,sat,4.309019327163696
0.133,sat,4.320032596588135
0.131,sat,4.55403733253479
0.063,unsat,1607.2624809741974
0.097,sat,3.317293643951416
0.081,sat,3.140838623046875
0.065,unsat,2665.5662875175476
0.07300000000000001,unsat,3239.0768513679504
0.07100000000000001,cancelled,2205.305150747299
0.077,sat,4.437126636505127
0.075,sat,10.719641208648682
