epsilon,result,runtime
0.133,sat,4.5024495124816895
0.265,cancelled,7.25517463684082
0.08700000000000001,sat,4.483701467514038
0.041,unsat,2.346669912338257
0.065,sat,4.408305883407593
0.053000000000000005,sat,4.354782581329346
0.043000000000000003,unsat,41.86700367927551
0.047,unsat,85.76202750205994
0.049,unsat,151.1170620918274
0.051000000000000004,unsat,526.9668776988983
