epsilon,result,runtime
0.265,sat,2.775103807449341
0.133,sat,4.241245746612549
0.131,sat,3.814720869064331
0.065,sat,60.93251824378967
0.031,unsat,2.2157859802246094
0.047,unsat,127.33361792564392
0.063,sat,734.4292848110199
0.055,timeout,3600
0.053000000000000005,unsat,3523.0609753131866
0.057,unsat,3244.6308822631836
0.059000000000000004,unsat,3261.4600744247437
0.061,unsat,3389.7565054893494
