epsilon,result,runtime
0.133,sat,3.4765427112579346
0.265,cancelled,5.989184379577637
0.265,sat,3.529226779937744
0.08700000000000001,sat,3.5811383724212646
0.041,unsat,31.035865545272827
0.065,sat,17.740976572036743
0.043000000000000003,unsat,74.10183501243591
0.055,sat,57.709272146224976
0.047,unsat,629.8984758853912
0.049,unsat,2310.622410774231
0.053000000000000005,unsat,3426.7526693344116
0.051000000000000004,cancelled,406.60197472572327
