epsilon,result,runtime
0.265,sat,2.2137904167175293
0.133,sat,3.264533281326294
0.131,sat,3.1129276752471924
0.065,sat,49.32294154167175
0.063,sat,44.483240842819214
0.031,unsat,1.6498608589172363
0.029,cancelled,3.5686826705932617
0.041,unsat,60.20062255859375
0.053000000000000005,sat,3.3698716163635254
0.051000000000000004,sat,181.95461344718933
0.047,sat,89.35382413864136
0.045,unsat,230.08837389945984
0.043000000000000003,cancelled,25.02429485321045
