epsilon,result,runtime
0.133,sat,2.6340513229370117
0.265,cancelled,4.630979537963867
0.265,sat,2.6258621215820312
0.043000000000000003,unsat,1.3267910480499268
0.08700000000000001,unsat,39.63064241409302
0.111,sat,28.411142826080322
0.089,unsat,79.65046525001526
0.099,unsat,3437.7546603679657
0.10500000000000001,sat,22.504376649856567
0.101,unsat,3522.483172893524
0.10300000000000001,sat,390.2073509693146
