epsilon,result,runtime
0.265,sat,2.062530755996704
0.133,sat,3.0744478702545166
0.131,sat,3.070814847946167
0.063,unsat,82.83633494377136
0.097,sat,3.5505447387695312
0.081,sat,59.99740529060364
0.065,unsat,170.142897605896
0.07300000000000001,sat,47.042290687561035
0.07100000000000001,sat,38.275341749191284
0.069,sat,257.04178047180176
0.067,unsat,3430.9737524986267
