epsilon,result,runtime
0.265,sat,3.4381654262542725
0.133,sat,3.501612901687622
0.131,sat,3.48026704788208
0.065,sat,17.332666873931885
0.031,unsat,1.8582706451416016
0.063,sat,41.37217593193054
0.045,unsat,1.8026652336120605
0.047,unsat,46.830936670303345
0.053000000000000005,unsat,203.9260025024414
0.055,unsat,3065.7859704494476
0.059000000000000004,timeout,3600
0.057,unsat,3285.5263471603394
0.061,unsat,3287.8524107933044
