epsilon,result,runtime
0.265,sat,3.551412582397461
0.133,sat,3.5541775226593018
0.131,sat,3.531632900238037
0.065,sat,17.39698100090027
0.031,unsat,1.829035758972168
0.063,sat,54.01023983955383
0.045,unsat,427.02583408355713
0.047,unsat,2137.0381224155426
0.055,unsat,3510.7385993003845
0.053000000000000005,cancelled,1844.1310019493103
0.059000000000000004,sat,45.21707606315613
0.057,unsat,3470.2560300827026
