epsilon,result,runtime
0.265,sat,4.46839714050293
0.133,sat,4.527954578399658
0.131,sat,4.325475454330444
0.065,unsat,9.023879528045654
0.063,cancelled,4.630605459213257
0.107,sat,34.20103907585144
0.08700000000000001,unsat,3179.1155910491943
0.085,cancelled,3145.3324723243713
0.099,sat,28.620054244995117
0.093,sat,72.37400460243225
0.091,sat,65.4721908569336
0.089,unsat,3479.8240191936493
