epsilon,result,runtime
0.133,sat,2.709479570388794
0.265,cancelled,6.198453426361084
0.043000000000000003,sat,4.529316663742065
0.08700000000000001,cancelled,7.752044439315796
0.013000000000000001,unsat,2.2086129188537598
0.027000000000000003,sat,3.9184722900390625
0.029,cancelled,1.4688067436218262
0.017,unsat,2.8115668296813965
0.023,sat,22.68164324760437
0.019000000000000003,unsat,18.14386773109436
0.021,unsat,81.87732267379761
