epsilon,result,runtime
0.265,sat,3.439370632171631
0.133,sat,3.4331748485565186
0.065,sat,3.360093832015991
0.131,cancelled,5.4151856899261475
0.131,sat,3.4227278232574463
0.021,unsat,1.8788020610809326
0.041,unsat,6.789281606674194
0.043000000000000003,unsat,33.96621489524841
0.055,unsat,3308.9682970046997
0.053000000000000005,cancelled,3344.5483663082123
0.061,sat,28.634269952774048
0.059000000000000004,sat,49.658751487731934
0.057,unsat,3486.627660036087
