epsilon,result,runtime
0.265,sat,2.6190743446350098
0.133,sat,2.6444132328033447
0.131,sat,2.603363275527954
0.063,sat,20.324100017547607
0.065,cancelled,27.39453148841858
0.041,unsat,1.208571195602417
0.021,cancelled,2.9266955852508545
0.049,unsat,39.89114451408386
0.055,unsat,2694.8521983623505
0.057,unsat,3276.1748208999634
0.061,sat,291.29828572273254
0.059000000000000004,unsat,3467.323931455612
