epsilon,result,runtime
0.133,sat,3.5060060024261475
0.265,cancelled,5.658414125442505
0.265,sat,3.536339521408081
0.043000000000000003,unsat,1.7156693935394287
0.089,unsat,3375.453636407852
0.08700000000000001,cancelled,3382.3286056518555
0.117,sat,4.410136938095093
0.10300000000000001,sat,4.415524959564209
0.101,sat,4.412062406539917
0.095,unsat,3353.951029062271
0.093,cancelled,3349.6121695041656
0.099,sat,3.5634007453918457
0.097,unsat,3534.2220408916473
