epsilon,result,runtime
0.265,sat,2.17451810836792
0.133,sat,3.252464771270752
0.131,sat,3.1911590099334717
0.063,sat,2.157090187072754
0.065,cancelled,9.837822198867798
0.021,unsat,2.361698627471924
0.041,unsat,1462.1934306621552
0.043000000000000003,unsat,3094.8409774303436
0.053000000000000005,unsat,3283.8410885334015
0.051000000000000004,cancelled,1649.3783988952637
0.059000000000000004,sat,2.750354051589966
0.057,sat,2.7708191871643066
0.055,sat,34.381001710891724
