epsilon,result,runtime
0.133,sat,4.484985828399658
0.265,cancelled,7.5581910610198975
0.265,sat,4.522134065628052
0.043000000000000003,unsat,2.174506902694702
0.08700000000000001,sat,33.94457173347473
0.089,cancelled,31.98231029510498
0.07100000000000001,sat,42.811484575271606
0.055,unsat,158.404390335083
0.057,unsat,453.4555444717407
0.065,unsat,3334.7330515384674
0.063,cancelled,3588.084773540497
0.067,sat,54.26061964035034
0.069,cancelled,58.988839626312256
