epsilon,result,runtime
0.133,sat,4.477675914764404
0.265,cancelled,8.176959037780762
0.265,sat,4.5334413051605225
0.08700000000000001,sat,4.548861980438232
0.041,unsat,10.565621376037598
0.043000000000000003,unsat,24.632808446884155
0.065,sat,3.9540417194366455
0.063,sat,3.922536611557007
0.051000000000000004,unsat,462.498193025589
0.053000000000000005,unsat,1164.2444422245026
0.057,unsat,3518.381504058838
0.061,sat,77.97292709350586
0.059000000000000004,unsat,3448.0920310020447
