epsilon,result,runtime
0.265,sat,3.56435227394104
0.133,sat,3.584423780441284
0.131,sat,3.5389575958251953
0.063,unsat,87.53904390335083
0.097,sat,3.5016226768493652
0.065,unsat,254.63474416732788
0.081,unsat,3287.981101512909
0.079,cancelled,3138.850076675415
0.091,sat,24.066022872924805
0.08700000000000001,sat,55.287904500961304
0.085,sat,49.073999643325806
0.083,sat,57.80482029914856
