epsilon,result,runtime
0.133,sat,4.388871669769287
0.265,cancelled,7.762239456176758
0.265,sat,4.403292417526245
0.043000000000000003,unsat,2.218076705932617
0.089,unsat,3404.222520828247
0.08700000000000001,cancelled,3413.761934041977
0.117,sat,4.479966878890991
0.10300000000000001,sat,22.869736909866333
0.101,sat,21.97621989250183
0.095,sat,37.81391525268555
0.093,sat,37.91085124015808
0.091,unsat,3431.690568447113
