epsilon,result,runtime
0.133,sat,3.647284984588623
0.265,cancelled,5.600491046905518
0.08700000000000001,sat,3.577803611755371
0.041,unsat,165.59167623519897
0.065,sat,9.67187213897705
0.053000000000000005,sat,10.198903560638428
0.043000000000000003,unsat,328.4195942878723
0.049,sat,249.23691082000732
0.045,unsat,816.5203280448914
0.047,unsat,3476.2923295497894
