epsilon,result,runtime
0.265,sat,1.6271800994873047
0.133,sat,2.2737467288970947
0.131,sat,2.3792457580566406
0.065,sat,2.2551090717315674
0.031,sat,1.605550765991211
0.063,cancelled,3.5093307495117188
0.009000000000000001,unsat,1.2856733798980713
0.019000000000000003,unsat,1.3271081447601318
0.021,unsat,1.3685212135314941
0.025,unsat,4.739797353744507
0.027000000000000003,unsat,30.624029874801636
0.029,unsat,87.36972761154175
