epsilon,result,runtime
0.133,sat,4.434324741363525
0.265,cancelled,8.205105781555176
0.08700000000000001,sat,4.570111274719238
0.041,unsat,10.811620950698853
0.043000000000000003,unsat,54.117637634277344
0.065,sat,36.51853680610657
0.063,sat,56.557708978652954
0.051000000000000004,unsat,3377.656294107437
0.057,sat,54.91008448600769
0.055,sat,98.03161883354187
0.053000000000000005,timeout,3600
