epsilon,result,runtime
0.133,sat,4.608100414276123
0.265,sat,4.522510528564453
0.265,cancelled,7.5786473751068115
0.08700000000000001,sat,2.788573980331421
0.041,unsat,74.19791340827942
0.043000000000000003,unsat,105.08591079711914
0.065,sat,55.095837116241455
0.063,sat,137.22723078727722
0.051000000000000004,unsat,114.20533609390259
0.053000000000000005,unsat,284.3266222476959
0.057,unsat,995.507426738739
0.061,sat,259.85471415519714
0.059000000000000004,unsat,3419.1225185394287
