epsilon,result,runtime
0.265,sat,3.641536235809326
0.133,sat,3.6662614345550537
0.131,sat,3.674347162246704
0.063,unsat,56.08877897262573
0.097,sat,10.163938999176025
0.065,unsat,79.33431649208069
0.081,unsat,3277.656615257263
0.079,cancelled,3278.4442296028137
0.091,sat,50.95833873748779
0.08700000000000001,unsat,3315.511923313141
0.085,cancelled,3265.0326216220856
0.089,unsat,3530.507315158844
