epsilon,result,runtime
0.133,sat,2.5274698734283447
0.265,cancelled,4.44254469871521
0.265,sat,2.574197769165039
0.08700000000000001,sat,2.599079132080078
0.043000000000000003,sat,2.609410285949707
0.019000000000000003,unsat,1.3067922592163086
0.041,sat,4.615935325622559
0.029,unsat,40.1825795173645
0.031,unsat,42.926308155059814
0.035,unsat,167.36145997047424
0.039,sat,262.4138922691345
0.037000000000000005,unsat,461.309490442276
