epsilon,result,runtime
0.133,sat,5.576083660125732
0.265,cancelled,10.22154951095581
0.043000000000000003,unsat,2.670703887939453
0.08700000000000001,sat,4.885412693023682
0.089,cancelled,2.2369067668914795
0.07100000000000001,sat,6.118070125579834
0.055,unsat,3179.618805885315
0.063,sat,65.65485858917236
0.059000000000000004,sat,23.31055974960327
0.057,timeout,3600
