epsilon,result,runtime
0.133,sat,3.6704013347625732
0.265,cancelled,5.988722562789917
0.265,sat,3.658454418182373
0.043000000000000003,unsat,1.8279919624328613
0.08700000000000001,sat,3.2188539505004883
0.089,cancelled,1.362184762954712
0.07100000000000001,sat,20.077851057052612
0.057,unsat,3239.113739013672
0.055,cancelled,3219.3966937065125
0.065,sat,59.25308299064636
0.061,sat,92.76527452468872
0.059000000000000004,sat,371.70249915122986
