epsilon,result,runtime
0.133,sat,3.451972007751465
0.265,cancelled,5.787822246551514
0.08700000000000001,sat,3.4904024600982666
0.041,unsat,1.8071799278259277
0.043000000000000003,unsat,13.06981873512268
0.063,sat,23.314055919647217
0.065,cancelled,30.73333168029785
0.055,unsat,3256.5804936885834
0.049,cancelled,3259.768084049225
0.059000000000000004,sat,56.29132962226868
0.057,unsat,3417.081248521805
