epsilon,result,runtime
0.265,sat,4.510490894317627
0.133,sat,4.5504841804504395
0.131,sat,4.538147687911987
0.065,sat,28.358994722366333
0.063,sat,22.851339101791382
0.031,unsat,1.809215784072876
0.029,cancelled,2.611849546432495
0.041,unsat,662.2484014034271
0.051000000000000004,unsat,3420.9124915599823
0.057,sat,78.57581925392151
0.053000000000000005,unsat,3379.5757977962494
0.055,unsat,3464.366721868515
