epsilon,result,runtime
0.133,sat,4.472811460494995
0.265,cancelled,7.894773483276367
0.265,sat,4.464633226394653
0.043000000000000003,sat,4.446972846984863
0.08700000000000001,cancelled,7.405946969985962
0.013000000000000001,unsat,2.1270244121551514
0.027000000000000003,unsat,137.032066822052
0.035,sat,55.95167827606201
0.029,unsat,210.57128286361694
0.031,unsat,232.5138931274414
0.033,unsat,835.0549235343933
