epsilon,result,runtime
0.133,sat,3.520138740539551
0.265,cancelled,5.995656490325928
0.265,sat,3.520630121231079
0.043000000000000003,unsat,8.43967056274414
0.089,sat,10.324819564819336
0.08700000000000001,sat,29.193120002746582
0.063,unsat,3255.5505661964417
0.065,unsat,3530.00466132164
0.075,unsat,514.8091423511505
0.081,unsat,2174.424229860306
0.077,cancelled,2429.818559885025
0.083,unsat,3488.9427106380463
0.085,unsat,3492.316381216049
