epsilon,result,runtime
0.265,sat,4.493492126464844
0.133,sat,4.541961431503296
0.131,sat,4.41633415222168
0.063,unsat,94.96490597724915
0.065,unsat,237.86536812782288
0.099,sat,19.167037963867188
0.081,unsat,3256.0953738689423
0.097,unsat,3433.5342502593994
0.089,cancelled,20.808489084243774
