epsilon,result,runtime
0.265,sat,2.1888041496276855
0.133,sat,3.238755226135254
0.131,sat,3.0485036373138428
0.065,unsat,1.7595717906951904
0.063,cancelled,0.015444278717041016
0.107,sat,3.94345760345459
0.085,unsat,2590.626107931137
0.097,sat,18.25615096092224
0.08700000000000001,unsat,3385.4161789417267
0.093,sat,41.55672645568848
0.091,unsat,3384.676404953003
0.089,cancelled,2576.4324190616608
