epsilon,result,runtime
0.265,sat,4.50274133682251
0.133,sat,4.499994277954102
0.131,sat,4.598201036453247
0.063,unsat,3388.020929813385
0.097,sat,27.446420669555664
0.081,sat,27.228957891464233
0.065,timeout,3600
0.07100000000000001,sat,58.33971071243286
0.07300000000000001,cancelled,201.26381874084473
0.069,sat,2017.283008813858
0.067,unsat,3486.517890930176
