epsilon,result,runtime
0.133,sat,4.598489284515381
0.265,cancelled,8.070316791534424
0.08700000000000001,sat,4.707821846008301
0.041,unsat,3434.5287573337555
0.065,sat,3.4837887287139893
0.053000000000000005,sat,3.5137274265289307
0.043000000000000003,unsat,3468.0613589286804
0.049,sat,10.428427934646606
0.047,sat,25.20417547225952
0.045,sat,34.58657622337341
