epsilon,result,runtime
0.265,sat,2.5387890338897705
0.133,sat,2.5774636268615723
0.131,sat,2.6040024757385254
0.063,unsat,3359.752801179886
0.097,sat,3.3881568908691406
0.081,sat,3.5118181705474854
0.07300000000000001,sat,3.4662418365478516
0.069,sat,18.252090454101562
0.065,unsat,3497.828202009201
0.067,unsat,3508.6104032993317
