epsilon,result,runtime
0.265,sat,3.1905031204223633
0.133,sat,4.788544416427612
0.131,sat,5.01500129699707
0.063,unsat,1127.466673374176
0.097,sat,4.193181037902832
0.081,sat,38.3553249835968
0.07300000000000001,sat,49.13050079345703
0.065,unsat,3201.644950389862
0.069,unsat,3335.817045211792
0.067,cancelled,1381.7202622890472
0.07100000000000001,sat,158.94469141960144
