epsilon,result,runtime
0.265,sat,2.311699151992798
0.133,sat,3.1166841983795166
0.131,sat,2.8739521503448486
0.065,sat,3.2055444717407227
0.031,unsat,1.8212437629699707
0.047,unsat,34.07268500328064
0.063,sat,46.65071892738342
0.053000000000000005,unsat,87.23980760574341
0.055,unsat,165.15987730026245
0.059000000000000004,unsat,337.67935156822205
0.057,cancelled,269.6047239303589
0.061,unsat,1561.9145152568817
