epsilon,result,runtime
0.265,sat,1.606414556503296
0.133,sat,2.2754056453704834
0.131,sat,2.103818416595459
0.063,unsat,3529.531746149063
0.097,sat,3.3799960613250732
0.081,sat,3.422105073928833
0.07300000000000001,sat,2.147733211517334
0.065,unsat,3556.0354232788086
0.069,sat,427.1251492500305
0.067,unsat,3531.5373435020447
