epsilon,result,runtime
0.265,sat,3.4178686141967773
0.133,sat,63.58053159713745
0.131,sat,60.65194511413574
0.063,unsat,3493.3562576770782
0.097,sat,3.391733169555664
0.081,sat,26.174190282821655
0.07300000000000001,sat,31.87415385246277
0.065,timeout,3600
0.069,sat,309.9146771430969
0.067,unsat,3558.9483749866486
