epsilon,result,runtime
0.265,sat,2.80116868019104
0.133,sat,4.012957811355591
0.131,sat,4.223470449447632
0.065,unsat,100.71545553207397
0.063,cancelled,97.15126538276672
0.08700000000000001,sat,4.803430080413818
0.107,cancelled,9.52198576927185
0.107,sat,4.785608291625977
0.079,sat,144.72561287879944
0.07100000000000001,unsat,504.61155939102173
0.07300000000000001,unsat,1252.5193445682526
0.075,unsat,3525.9489436149597
0.077,unsat,3365.7109594345093
