epsilon,result,runtime
0.133,sat,2.5853350162506104
0.265,cancelled,4.56135892868042
0.265,sat,2.5693962574005127
0.08700000000000001,sat,2.683497905731201
0.043000000000000003,sat,2.679239273071289
0.019000000000000003,unsat,1.2904558181762695
0.041,sat,2.1290042400360107
0.029,sat,1.1160166263580322
0.031,cancelled,2.079592704772949
0.025,sat,22.802734375
0.021,unsat,5.861154556274414
0.023,unsat,34.45068621635437
