epsilon,result,runtime
0.265,sat,3.3945083618164062
0.133,sat,3.4440958499908447
0.131,sat,3.4972124099731445
0.065,sat,3.5158767700195312
0.063,sat,10.392434358596802
0.029,unsat,60.620256185531616
0.031,unsat,96.36619234085083
0.045,unsat,2608.920377254486
0.055,sat,235.14615845680237
0.047,unsat,3281.218077659607
0.051000000000000004,unsat,3290.3671753406525
0.049,cancelled,2881.8810663223267
0.053000000000000005,sat,1632.5359106063843
