epsilon,result,runtime
0.265,sat,2.7099058628082275
0.133,sat,4.187862157821655
0.131,sat,3.065045118331909
0.065,sat,3.0943222045898438
0.063,sat,3.078568935394287
0.029,unsat,1.8832993507385254
0.031,unsat,7.069498300552368
0.045,unsat,3483.028582572937
0.055,sat,12.87815237045288
0.051000000000000004,sat,28.492366313934326
0.047,unsat,3564.128978252411
0.049,unsat,3371.1443886756897
