epsilon,result,runtime
0.133,sat,3.471834182739258
0.265,sat,3.449834108352661
0.265,cancelled,5.602086782455444
0.043000000000000003,unsat,1.7804880142211914
0.08700000000000001,sat,3.189532518386841
0.089,cancelled,1.3401579856872559
0.07100000000000001,sat,44.068835735321045
0.055,unsat,103.93422675132751
0.063,unsat,298.00335693359375
0.057,cancelled,455.63968324661255
0.065,unsat,2523.4399960041046
0.069,sat,32.30615854263306
0.067,unsat,3420.7992825508118
