epsilon,result,runtime
0.265,sat,3.515855312347412
0.133,sat,3.5420126914978027
0.131,sat,3.529420852661133
0.065,sat,162.95894360542297
0.031,unsat,1.7668373584747314
0.047,unsat,120.59292650222778
0.055,unsat,351.3091187477112
0.063,sat,697.1652569770813
0.057,unsat,607.6021091938019
0.059000000000000004,unsat,1243.8227932453156
0.061,unsat,939.5156133174896
