epsilon,result,runtime
0.265,sat,2.1782476902008057
0.133,sat,2.1851680278778076
0.131,sat,2.1332919597625732
0.065,sat,3.1781342029571533
0.063,sat,2.925452947616577
0.031,sat,2.0637476444244385
0.029,sat,1.9500555992126465
0.013000000000000001,unsat,7.0233588218688965
0.021,sat,2.262662172317505
0.015,unsat,35.419403314590454
0.019000000000000003,sat,3.3632116317749023
0.017,unsat,82.87671136856079
