epsilon,result,runtime
0.133,sat,3.5132153034210205
0.265,cancelled,5.936093091964722
0.265,sat,3.557932138442993
0.08700000000000001,sat,3.42690372467041
0.043000000000000003,sat,3.4458229541778564
0.019000000000000003,unsat,1.812009572982788
0.041,sat,52.35820508003235
0.029,unsat,144.34499788284302
0.031,unsat,119.44678044319153
0.037000000000000005,sat,55.53926205635071
0.033,unsat,234.41190552711487
0.035,unsat,676.4894802570343
