epsilon,result,runtime
0.133,sat,4.526994943618774
0.265,cancelled,7.842672109603882
0.265,sat,4.58850359916687
0.08700000000000001,sat,4.561164617538452
0.043000000000000003,unsat,112.01203274726868
0.041,cancelled,107.52192807197571
0.07100000000000001,sat,52.229655742645264
0.057,sat,59.339980363845825
0.055,sat,29.119797945022583
0.047,unsat,3285.0893230438232
0.049,unsat,3355.3607926368713
0.053000000000000005,sat,52.839755058288574
0.051000000000000004,timeout,3600
