epsilon,result,runtime
0.133,sat,4.452463388442993
0.265,cancelled,8.004359722137451
0.043000000000000003,unsat,2.2549400329589844
0.08700000000000001,sat,51.28309416770935
0.089,cancelled,48.98803353309631
0.07100000000000001,sat,57.567371129989624
0.057,sat,75.88236117362976
0.049,unsat,48.02053499221802
0.051000000000000004,unsat,113.6971344947815
0.053000000000000005,unsat,178.20130848884583
0.055,unsat,765.9499886035919
