epsilon,result,runtime
0.265,sat,2.1523804664611816
0.133,sat,3.12558913230896
0.131,sat,3.1195685863494873
0.065,sat,2.7977452278137207
0.063,sat,3.2289316654205322
0.029,unsat,2988.5976378917694
0.047,sat,3.3386759757995605
0.031,unsat,3227.054343700409
0.039,timeout,3600
0.037000000000000005,unsat,3492.2808272838593
0.043000000000000003,sat,1782.1449694633484
0.041,unsat,3282.007568359375
