epsilon,result,runtime
0.133,sat,3.541163206100464
0.265,cancelled,5.869095087051392
0.265,sat,3.5340163707733154
0.08700000000000001,sat,2.0302011966705322
0.041,unsat,203.3709945678711
0.065,sat,58.52011299133301
0.043000000000000003,unsat,1266.0314602851868
0.053000000000000005,unsat,3432.3153235912323
0.059000000000000004,sat,376.77590799331665
0.055,unsat,3340.0415740013123
0.057,sat,544.1192629337311
