epsilon,result,runtime
0.265,sat,2.7207350730895996
0.133,sat,4.11902117729187
0.131,sat,4.210494756698608
0.065,sat,4.1025004386901855
0.063,sat,4.115520000457764
0.029,unsat,176.8857057094574
0.047,sat,9.726415157318115
0.039,sat,22.406866550445557
0.031,unsat,329.2351026535034
0.033,unsat,714.878408908844
0.037000000000000005,sat,23.16594886779785
0.035,unsat,2008.2922940254211
