epsilon,result,runtime
0.133,sat,3.5680665969848633
0.265,cancelled,5.759795904159546
0.265,sat,3.563974618911743
0.08700000000000001,sat,3.4859278202056885
0.041,unsat,220.95269393920898
0.065,sat,3.45821213722229
0.053000000000000005,sat,3.475198268890381
0.047,sat,3.8264012336730957
0.045,sat,135.84587216377258
0.043000000000000003,unsat,850.7273621559143
