epsilon,result,runtime
0.265,sat,2.5555882453918457
0.133,sat,2.5647776126861572
0.065,unsat,1.2769272327423096
0.131,sat,2.190857172012329
0.099,unsat,3193.6032037734985
0.097,cancelled,3196.783504486084
0.109,sat,50.19895315170288
0.11900000000000001,cancelled,53.44227576255798
0.10500000000000001,sat,98.98359036445618
0.10300000000000001,unsat,3252.2749512195587
0.101,cancelled,3153.0255148410797
