epsilon,result,runtime
0.265,sat,1.633547067642212
0.133,sat,2.2603302001953125
0.131,sat,2.2330846786499023
0.063,unsat,2228.5288581848145
0.097,sat,3.474597215652466
0.081,sat,30.57474708557129
0.07300000000000001,sat,2.061418056488037
0.069,sat,9.740192174911499
0.067,sat,59.28011417388916
0.065,unsat,3471.630487203598
