epsilon,result,runtime
0.133,sat,3.4972262382507324
0.265,sat,3.4938626289367676
0.265,cancelled,5.967863321304321
0.043000000000000003,unsat,1.7131288051605225
0.08700000000000001,sat,60.76466703414917
0.089,cancelled,58.85064196586609
0.07100000000000001,sat,44.24679970741272
0.055,unsat,52.01133894920349
0.057,unsat,122.18185377120972
0.063,unsat,3204.7912306785583
0.067,sat,40.48799109458923
0.065,unsat,3493.2069437503815
