epsilon,result,runtime
0.265,sat,2.1846120357513428
0.133,sat,3.2351579666137695
0.131,sat,2.9875106811523438
0.065,sat,59.29515600204468
0.063,sat,55.87074160575867
0.031,unsat,1.5658693313598633
0.029,cancelled,3.152892827987671
0.041,unsat,61.27041816711426
0.051000000000000004,unsat,833.7927594184875
0.053000000000000005,unsat,1114.357233762741
0.057,unsat,3314.535395383835
0.059000000000000004,unsat,3472.469626426697
0.061,unsat,3384.609376192093
