epsilon,result,runtime
0.265,sat,2.618323802947998
0.133,sat,2.6539621353149414
0.131,sat,2.64962100982666
0.063,unsat,2268.038531780243
0.097,sat,31.57461714744568
0.081,sat,31.89964747428894
0.065,unsat,3317.5777835845947
0.07300000000000001,unsat,3251.9700939655304
0.07100000000000001,cancelled,2278.3342974185944
0.075,unsat,3471.987631559372
0.077,unsat,3475.7676241397858
0.079,sat,82.39230036735535
