epsilon,result,runtime
0.133,sat,5.46978759765625
0.265,cancelled,10.147203207015991
0.265,sat,5.394313812255859
0.043000000000000003,unsat,2.687709093093872
0.08700000000000001,unsat,3455.466094017029
0.089,unsat,3578.4373281002045
0.109,unsat,3278.47212934494
0.121,sat,4.144836902618408
0.111,unsat,3423.264613866806
0.117,unsat,3255.867324590683
0.115,cancelled,3264.7246148586273
0.11900000000000001,unsat,3562.5487866401672
