epsilon,result,runtime
0.133,sat,3.5507924556732178
0.265,cancelled,6.082551002502441
0.265,sat,3.5223777294158936
0.08700000000000001,sat,3.57442307472229
0.043000000000000003,sat,96.60363841056824
0.019000000000000003,unsat,1.707777976989746
0.041,sat,153.12304139137268
0.029,unsat,103.05447721481323
0.031,unsat,241.42430329322815
0.037000000000000005,sat,104.86003684997559
0.033,unsat,1243.863615989685
0.035,unsat,3418.8985476493835
