epsilon,result,runtime
0.265,sat,1.6621243953704834
0.133,sat,2.3277690410614014
0.131,sat,2.182666540145874
0.065,sat,2.1112451553344727
0.063,sat,2.099705696105957
0.029,unsat,76.35391187667847
0.047,sat,7.172878742218018
0.031,unsat,164.8277359008789
0.037000000000000005,unsat,3429.6298508644104
0.043000000000000003,sat,38.61426758766174
0.041,sat,17.939134120941162
0.039,unsat,3577.418806552887
