epsilon,result,runtime
0.265,sat,21.901597023010254
0.133,sat,40.01464819908142
0.131,sat,32.173566818237305
0.065,timeout,3600
0.063,timeout,3600
0.067,unsat,2781.6020152568817
0.061,cancelled,2779.415924310684
0.109,sat,627.4490399360657
0.089,unsat,3535.3968472480774
0.08700000000000001,cancelled,2908.0383837223053
0.101,sat,1443.9315638542175
0.095,unsat,3572.0115900039673
0.093,cancelled,2128.091105699539
0.099,sat,3493.2959735393524
0.097,timeout,3600
