epsilon,result,runtime
0.133,sat,25.619810104370117
0.265,cancelled,37.47203207015991
0.043000000000000003,sat,28.13724684715271
0.08700000000000001,cancelled,41.80469346046448
0.027000000000000003,sat,27.039320945739746
0.011,unsat,3186.967839241028
0.019000000000000003,sat,20.648029327392578
0.013000000000000001,unsat,3272.77947640419
0.017,sat,25.0608913898468
0.015,timeout,3600
