epsilon,result,runtime
0.265,sat,24.705041646957397
0.133,sat,548.0684778690338
0.131,sat,1155.219486951828
0.065,unsat,2877.058676481247
0.063,cancelled,2248.2835536003113
0.107,unsat,2608.5570492744446
0.08700000000000001,cancelled,2624.5753371715546
0.115,unsat,3322.6458559036255
0.121,unsat,3341.6667091846466
0.123,unsat,2952.567029953003
0.127,unsat,2982.4345564842224
0.125,cancelled,44.88442301750183
0.129,sat,1579.4192278385162
