epsilon,result,runtime
0.265,sat,18.673681020736694
0.133,sat,18.95149564743042
0.131,sat,24.965636014938354
0.065,timeout,3600
0.063,timeout,3600
0.067,unsat,2540.4775433540344
0.061,cancelled,2532.019677400589
0.109,sat,422.2831606864929
0.089,unsat,3155.1460707187653
0.08700000000000001,cancelled,2733.418756723404
0.101,sat,589.1538782119751
0.095,sat,2088.061009168625
0.093,unsat,2911.5814321041107
0.091,cancelled,1446.7801585197449
