epsilon,result,runtime
0.133,sat,19.969573974609375
0.265,cancelled,31.871010780334473
0.043000000000000003,sat,21.69766879081726
0.08700000000000001,cancelled,34.628554582595825
0.027000000000000003,sat,26.023250341415405
0.013000000000000001,sat,26.461261749267578
0.011,sat,25.484824419021606
0.005,sat,26.41025471687317
0.001,unsat,19.570969343185425
0.003,sat,21.304611682891846
