epsilon,result,runtime
0.265,sat,22.548619508743286
0.133,sat,27.387449741363525
0.131,sat,28.66914176940918
0.065,unsat,3038.665681362152
0.063,cancelled,3010.7739193439484
0.107,sat,26.940457820892334
0.08700000000000001,sat,423.2909359931946
0.085,sat,384.7735402584076
0.075,unsat,3027.222448348999
0.07300000000000001,cancelled,3035.0830874443054
0.081,sat,397.09487986564636
0.079,sat,2394.7629134655
0.077,unsat,3214.2273800373077
