epsilon,result,runtime
0.265,sat,24.710296630859375
0.133,sat,31.12010884284973
0.131,sat,30.376182556152344
0.065,sat,29.939462423324585
0.063,sat,27.317931652069092
0.031,sat,27.694420337677002
0.013000000000000001,sat,24.617330074310303
0.029,cancelled,36.73668932914734
0.007,sat,28.127396821975708
0.003,sat,28.752207279205322
0.001,unsat,25.56062412261963
