epsilon,result,runtime
0.133,sat,21.13174033164978
0.265,cancelled,30.0179922580719
0.265,sat,21.04288339614868
0.08700000000000001,sat,18.25796937942505
0.043000000000000003,sat,21.498515605926514
0.041,sat,17.076013565063477
0.019000000000000003,sat,17.015108108520508
0.021,cancelled,0.4674689769744873
0.011,sat,22.321845531463623
0.005,sat,22.421196222305298
0.003,unsat,16.57361364364624
0.001,cancelled,25.247808933258057
