epsilon,result,runtime
0.133,sat,23.481794834136963
0.265,cancelled,37.739786863327026
0.265,sat,29.206518411636353
0.08700000000000001,sat,106.43335294723511
0.041,unsat,2836.414655685425
0.043000000000000003,unsat,3021.840029478073
0.063,unsat,3463.688616037369
0.065,timeout,3600
0.075,sat,525.1631858348846
0.077,cancelled,492.6570498943329
0.069,timeout,3600
0.07100000000000001,timeout,3600
0.07300000000000001,sat,589.7121117115021
0.067,unsat,3226.4569869041443
