epsilon,result,runtime
0.265,sat,24.69297170639038
0.133,sat,27.86108088493347
0.131,sat,27.89509916305542
0.065,sat,36.82333159446716
0.063,sat,37.36087417602539
0.029,unsat,2765.25634598732
0.031,timeout,3600
0.047,sat,1107.8592035770416
0.045,unsat,3146.6767687797546
0.037000000000000005,cancelled,2822.854739665985
