epsilon,result,runtime
0.265,sat,19.74289631843567
0.133,sat,20.144293785095215
0.131,sat,26.576399564743042
0.065,sat,26.940441846847534
0.063,sat,23.339149713516235
0.031,sat,23.73181390762329
0.029,sat,25.060343742370605
0.013000000000000001,sat,26.54104447364807
0.015,cancelled,1.9741449356079102
0.003,unsat,18.693684339523315
0.007,sat,26.583730220794678
0.009000000000000001,cancelled,7.664170265197754
0.005,unsat,15.739942789077759
