epsilon,result,runtime
0.133,sat,19.622499227523804
0.265,cancelled,29.648338556289673
0.08700000000000001,sat,23.35528874397278
0.043000000000000003,sat,25.486820220947266
0.041,sat,23.783334970474243
0.019000000000000003,sat,41.06726861000061
0.021,cancelled,17.194990396499634
0.005,unsat,23.891233921051025
0.011,unsat,2986.431950569153
0.015,sat,235.29584383964539
0.013000000000000001,timeout,3600
