epsilon,result,runtime
0.133,sat,21.6147198677063
0.265,cancelled,39.24665641784668
0.08700000000000001,sat,95.19051265716553
0.043000000000000003,unsat,3288.1055862903595
0.041,cancelled,3194.8857305049896
0.07100000000000001,sat,597.0695450305939
0.057,timeout,3600
0.055,timeout,3600
0.059000000000000004,unsat,3388.384290933609
0.053000000000000005,cancelled,2796.733286380768
0.065,sat,522.9638743400574
0.063,sat,585.4276633262634
0.061,sat,503.64943408966064
