epsilon,result,runtime
0.265,sat,25.606582403182983
0.133,sat,25.813607215881348
0.065,sat,27.818714380264282
0.131,cancelled,34.26551842689514
0.131,sat,27.8249990940094
0.021,sat,27.168410778045654
0.041,cancelled,36.719812631607056
0.013000000000000001,sat,35.12618112564087
0.007,unsat,57.11825752258301
0.005,cancelled,22.1004581451416
0.009000000000000001,unsat,3197.685164451599
0.011,unsat,3258.0177993774414
