epsilon,result,runtime
0.265,sat,16.16987156867981
0.133,sat,16.197986841201782
0.131,sat,20.278854370117188
0.065,unsat,3339.718635082245
0.063,cancelled,3320.116335630417
0.107,sat,23.49737310409546
0.08700000000000001,sat,49.2382652759552
0.085,sat,113.29829216003418
0.075,sat,491.79940962791443
0.07300000000000001,sat,388.4864180088043
0.069,sat,421.9794900417328
0.067,sat,1660.7848496437073
