epsilon,result,runtime
0.265,sat,31.749136209487915
0.133,sat,37.80171036720276
0.131,sat,40.82205390930176
0.063,unsat,2991.339574098587
0.065,unsat,3088.446589946747
0.097,sat,474.2448933124542
0.099,cancelled,444.8119397163391
0.085,timeout,3600
0.075,timeout,3600
0.081,timeout,3600
0.079,timeout,3600
0.083,unsat,3078.965258836746
0.077,cancelled,3092.7442309856415
0.091,unsat,3159.564045190811
0.089,cancelled,3169.958076238632
0.095,sat,517.7739408016205
0.093,sat,2788.3075268268585
