epsilon,result,runtime
0.133,sat,23.641969680786133
0.265,cancelled,29.480506420135498
0.08700000000000001,sat,41.54970669746399
0.043000000000000003,unsat,2968.2033319473267
0.041,cancelled,2930.4270417690277
0.07100000000000001,sat,2073.36270403862
0.057,timeout,3600
0.055,unsat,3326.7565281391144
0.059000000000000004,unsat,3317.0019557476044
0.065,unsat,3342.1314289569855
0.063,cancelled,1866.312420129776
0.069,sat,2000.8237562179565
0.067,sat,2999.186277627945
