epsilon,result,runtime
0.133,sat,18.446597814559937
0.265,cancelled,36.760963439941406
0.043000000000000003,sat,18.91419768333435
0.08700000000000001,cancelled,33.54828476905823
0.013000000000000001,sat,18.59264326095581
0.027000000000000003,cancelled,35.31500458717346
0.007,sat,16.06742811203003
0.003,unsat,15.629466772079468
0.001,cancelled,0.22645092010498047
0.005,unsat,2360.612151622772
