epsilon,result,runtime
0.265,sat,23.47979426383972
0.133,sat,24.340782165527344
0.131,sat,27.309958457946777
0.065,sat,31.76842975616455
0.063,sat,25.142760276794434
0.031,sat,24.545018672943115
0.029,sat,26.576625108718872
0.013000000000000001,timeout,3600
0.015,timeout,3600
0.017,sat,207.22002530097961
0.005,unsat,32.12218523025513
0.007,unsat,1051.9710748195648
0.011,unsat,3512.3786556720734
0.009000000000000001,cancelled,2086.8400938510895
