epsilon,result,runtime
0.133,sat,21.432260751724243
0.265,cancelled,33.64378261566162
0.043000000000000003,sat,26.942545652389526
0.08700000000000001,cancelled,50.74839901924133
0.027000000000000003,sat,23.085939168930054
0.013000000000000001,sat,23.119236707687378
0.005,unsat,19.98978877067566
0.007,unsat,16.151780366897583
0.009000000000000001,unsat,2955.3658258914948
0.011,unsat,3315.1938223838806
