epsilon,result,runtime
0.133,sat,22.07717514038086
0.265,cancelled,29.738646745681763
0.265,sat,22.445586442947388
0.043000000000000003,sat,18.152153253555298
0.08700000000000001,cancelled,26.96066904067993
0.027000000000000003,sat,58.077341079711914
0.013000000000000001,unsat,3260.4595065116882
0.011,cancelled,3202.8431334495544
0.021,sat,231.98756432533264
0.017,timeout,3600
0.015,unsat,3408.742584705353
0.019000000000000003,timeout,3600
