epsilon,result,runtime
0.265,sat,23.768243312835693
0.133,sat,24.23628520965576
0.131,sat,21.421222925186157
0.065,sat,22.587280750274658
0.063,sat,21.73556137084961
0.031,timeout,3600
0.029,timeout,3600
0.027000000000000003,unsat,3107.9688103199005
0.033,unsat,3382.550260066986
0.047,sat,308.5735442638397
0.049,cancelled,83.21850156784058
0.041,sat,453.5223181247711
0.037000000000000005,sat,1654.077564716339
0.035,timeout,3600
