epsilon,result,runtime
0.133,sat,28.948431730270386
0.265,cancelled,37.17011642456055
0.08700000000000001,sat,30.654059410095215
0.043000000000000003,timeout,3600
0.041,timeout,3600
0.039,unsat,3443.9857482910156
0.045,timeout,3600
0.065,sat,639.7556223869324
0.067,cancelled,562.1000492572784
0.057,unsat,3001.532312631607
0.051000000000000004,cancelled,3010.9041876792908
0.061,sat,563.6734375953674
0.059000000000000004,sat,613.6138985157013
