epsilon,result,runtime
0.265,sat,23.65565013885498
0.133,sat,34.836023569107056
0.131,sat,54.96210050582886
0.063,unsat,3137.2494451999664
0.065,unsat,3292.616231203079
0.097,unsat,3059.5748631954193
0.099,unsat,2960.7503654956818
0.113,sat,576.033792257309
0.115,cancelled,603.6666584014893
0.10300000000000001,sat,560.0705690383911
0.107,cancelled,578.6441190242767
0.101,timeout,3600
