epsilon,result,runtime
0.133,sat,21.16753911972046
0.265,cancelled,41.63863706588745
0.08700000000000001,sat,25.18669557571411
0.043000000000000003,unsat,3234.212989807129
0.041,cancelled,3208.855903148651
0.07100000000000001,sat,88.8322103023529
0.057,sat,645.9821391105652
0.055,sat,1105.4687540531158
0.049,timeout,3600
0.047,unsat,3407.953423023224
0.053000000000000005,sat,1889.8794538974762
0.051000000000000004,unsat,3192.5244088172913
