epsilon,result,runtime
0.265,sat,17.772265911102295
0.133,sat,19.18840503692627
0.131,sat,16.71205472946167
0.065,sat,29.2485032081604
0.063,sat,62.359158754348755
0.031,unsat,3290.7116487026215
0.029,cancelled,3241.166246652603
0.051000000000000004,sat,577.0541853904724
0.041,timeout,3600
0.039,timeout,3600
0.043000000000000003,timeout,3600
0.037000000000000005,unsat,3539.405106306076
0.047,sat,2905.5234937667847
0.045,unsat,3520.7893793582916
