epsilon,result,runtime
0.265,sat,23.572731494903564
0.133,sat,25.301557779312134
0.131,sat,23.305524110794067
0.065,sat,25.083989143371582
0.063,sat,24.69185209274292
0.031,unsat,3315.0387687683105
0.029,cancelled,3291.1088724136353
0.051000000000000004,sat,555.2215332984924
0.041,timeout,3600
0.039,unsat,3243.9924414157867
0.047,sat,1395.648990869522
0.043000000000000003,timeout,3600
0.045,timeout,3600
