epsilon,result,runtime
0.265,sat,15.409834861755371
0.133,sat,16.485113620758057
0.131,sat,14.325732707977295
0.065,sat,14.835277557373047
0.063,sat,76.3114218711853
0.029,unsat,2851.346332550049
0.031,timeout,3600
0.047,unsat,3206.246550321579
0.045,cancelled,2565.8444831371307
0.057,sat,515.8768503665924
0.053000000000000005,sat,983.5958914756775
0.051000000000000004,sat,1538.9801309108734
0.049,unsat,3461.617257833481
