epsilon,result,runtime
0.265,sat,27.754332304000854
0.133,sat,28.49360156059265
0.131,sat,28.59137511253357
0.065,sat,35.47284960746765
0.063,sat,29.530466079711914
0.031,unsat,3101.8045859336853
0.029,cancelled,3080.909717321396
0.051000000000000004,sat,131.827139377594
0.041,timeout,3600
0.039,timeout,3600
0.043000000000000003,unsat,3244.4237377643585
0.037000000000000005,cancelled,3118.20814037323
0.047,sat,1349.4384694099426
0.045,timeout,3600
