epsilon,result,runtime
0.265,sat,20.84910535812378
0.133,sat,20.91293239593506
0.065,sat,16.94664764404297
0.131,cancelled,24.564286947250366
0.041,sat,20.055182218551636
0.021,sat,48.04086375236511
0.019000000000000003,sat,85.30667042732239
0.007,unsat,15.638758659362793
0.009000000000000001,unsat,3243.003159761429
0.013000000000000001,timeout,3600
0.015,unsat,3088.850600004196
0.011,cancelled,2664.6522128582
0.017,unsat,3487.5979759693146
