epsilon,result,runtime
0.265,sat,31.40145206451416
0.133,sat,43.345645904541016
0.131,sat,41.67104196548462
0.063,unsat,3075.826252937317
0.065,unsat,3180.0592107772827
0.097,sat,565.496105670929
0.099,cancelled,509.7242274284363
0.075,unsat,2788.258536338806
0.085,unsat,2950.038110256195
0.08700000000000001,unsat,3071.585488319397
0.091,unsat,3005.507165670395
0.095,sat,2046.657410621643
0.093,unsat,2585.9215881824493
