epsilon,result,runtime
0.133,sat,22.774309158325195
0.265,cancelled,32.110058069229126
0.043000000000000003,sat,27.31932234764099
0.08700000000000001,cancelled,35.19326066970825
0.013000000000000001,sat,24.832762956619263
0.027000000000000003,cancelled,35.422881841659546
0.003,unsat,23.849316835403442
0.007,unsat,3206.0613298416138
0.011,sat,24.57164192199707
0.009000000000000001,unsat,3443.366194963455
