epsilon,result,runtime
0.133,sat,19.40244960784912
0.265,cancelled,34.735836029052734
0.08700000000000001,sat,19.017691135406494
0.043000000000000003,sat,25.25736927986145
0.041,sat,19.111425161361694
0.019000000000000003,sat,18.968411684036255
0.021,cancelled,0.7117838859558105
0.011,sat,18.422120809555054
0.005,sat,18.98783588409424
0.001,unsat,21.79519295692444
0.003,unsat,1032.9921700954437
