epsilon,result,runtime
0.133,sat,24.73465061187744
0.265,cancelled,34.67908310890198
0.043000000000000003,sat,20.53636074066162
0.08700000000000001,cancelled,29.03457546234131
0.013000000000000001,timeout,3600
0.027000000000000003,timeout,3600
0.029,sat,523.8014235496521
0.011,unsat,3310.0514600276947
0.015,timeout,3600
0.021,unsat,2946.899489402771
0.019000000000000003,cancelled,2153.8626103401184
0.023,unsat,3161.186097383499
0.025,unsat,3388.8781821727753
