epsilon,result,runtime
0.133,sat,23.233585834503174
0.265,cancelled,33.70694923400879
0.043000000000000003,sat,19.230953216552734
0.08700000000000001,cancelled,30.14626932144165
0.027000000000000003,sat,19.20443868637085
0.013000000000000001,sat,18.966025590896606
0.005,sat,16.63288140296936
0.011,cancelled,26.934027671813965
0.001,unsat,22.650911808013916
0.003,unsat,69.33254432678223
