epsilon,result,runtime
0.265,sat,17.75294280052185
0.133,sat,17.577897548675537
0.131,sat,25.184186458587646
0.065,timeout,3600
0.063,timeout,3600
0.067,timeout,3600
0.061,timeout,3600
0.059000000000000004,unsat,3023.2570555210114
0.069,timeout,3600
0.099,sat,536.1546936035156
0.101,cancelled,30.831925868988037
0.08700000000000001,unsat,3009.3656103610992
0.079,cancelled,3021.239276409149
0.093,sat,935.8171503543854
0.091,timeout,3600
0.089,unsat,3522.519861936569
