epsilon,result,runtime
0.133,sat,24.560914516448975
0.265,cancelled,46.57463884353638
0.08700000000000001,sat,25.136120557785034
0.043000000000000003,sat,27.79555606842041
0.041,sat,26.727739572525024
0.019000000000000003,timeout,3600
0.021,timeout,3600
0.017,timeout,3600
0.023,timeout,3600
0.025,unsat,3190.978504896164
0.015,cancelled,3266.9503495693207
0.035,sat,82.07217717170715
0.031,sat,177.6178925037384
0.029,sat,261.2266561985016
0.027000000000000003,sat,454.70654129981995
