epsilon,result,runtime
0.133,sat,19.690581798553467
0.265,cancelled,30.331088542938232
0.08700000000000001,sat,45.87685561180115
0.043000000000000003,sat,1865.4748430252075
0.041,timeout,3600
0.019000000000000003,unsat,3158.3052344322205
0.021,timeout,3600
0.031,timeout,3600
0.029,unsat,3084.334614276886
0.033,unsat,3135.581335067749
0.037000000000000005,timeout,3600
0.035,unsat,3208.322881937027
0.039,unsat,3269.3077399730682
