epsilon,result,runtime
0.133,sat,23.23086714744568
0.265,cancelled,37.64114856719971
0.08700000000000001,sat,23.620453119277954
0.043000000000000003,sat,24.128553867340088
0.041,sat,30.796732902526855
0.021,sat,46.89915704727173
0.009000000000000001,unsat,20.93871808052063
0.019000000000000003,timeout,3600
0.013000000000000001,unsat,3530.377164363861
0.017,unsat,3151.348067998886
0.015,cancelled,3266.624131679535
