epsilon,result,runtime
0.133,sat,20.46893811225891
0.265,cancelled,42.49224352836609
0.08700000000000001,sat,414.2712194919586
0.043000000000000003,unsat,2618.2547080516815
0.041,cancelled,2205.08128118515
0.057,timeout,3600
0.07100000000000001,timeout,3600
0.065,unsat,3002.095461368561
0.063,cancelled,3016.454342842102
0.079,sat,558.6888120174408
0.07300000000000001,timeout,3600
0.069,unsat,3410.682720899582
0.075,sat,525.0255868434906
0.077,cancelled,168.96614384651184
