epsilon,result,runtime
0.265,sat,23.152793407440186
0.133,sat,23.12356209754944
0.131,sat,27.41189408302307
0.065,sat,46.30822992324829
0.063,sat,36.712202310562134
0.031,unsat,3399.204503297806
0.029,cancelled,3377.042622566223
0.051000000000000004,sat,208.87817478179932
0.041,sat,339.7373421192169
0.039,sat,435.26997900009155
0.035,sat,1146.327891111374
0.033,timeout,3600
