epsilon,result,runtime
0.133,sat,27.80536675453186
0.265,cancelled,40.88864183425903
0.08700000000000001,sat,28.201342582702637
0.041,unsat,3277.2853598594666
0.065,sat,91.63447141647339
0.043000000000000003,timeout,3600
0.055,sat,737.4617946147919
0.053000000000000005,sat,1371.1591119766235
0.047,unsat,3376.87486243248
0.049,timeout,3600
0.051000000000000004,unsat,3432.181840658188
