epsilon,result,runtime
0.133,sat,17.888110876083374
0.265,cancelled,27.401230573654175
0.08700000000000001,sat,19.670997381210327
0.043000000000000003,sat,33.40780258178711
0.041,sat,27.356480598449707
0.019000000000000003,unsat,3417.462731361389
0.031,sat,123.00044751167297
0.021,timeout,3600
0.027000000000000003,sat,353.706139087677
0.025,timeout,3600
0.023,unsat,3554.87664937973
