epsilon,result,runtime
0.133,sat,22.973246097564697
0.265,cancelled,39.447258710861206
0.043000000000000003,unsat,2730.0226356983185
0.08700000000000001,unsat,3200.3926005363464
0.111,sat,125.27662992477417
0.099,sat,426.2958161830902
0.089,unsat,3322.3748564720154
0.093,unsat,2838.638976573944
0.097,sat,331.7718245983124
0.095,unsat,2785.502351999283
