epsilon,result,runtime
0.265,sat,19.48684048652649
0.133,sat,26.28896975517273
0.131,sat,20.455662727355957
0.065,sat,34.62985038757324
0.063,sat,33.7657516002655
0.029,unsat,3472.064524412155
0.031,timeout,3600
0.047,sat,467.7522761821747
0.045,timeout,3600
0.037000000000000005,timeout,3600
0.039,timeout,3600
0.035,timeout,3600
0.041,timeout,3600
0.033,unsat,3274.7464320659637
0.043000000000000003,unsat,3352.473061323166
