epsilon,result,runtime
0.133,sat,23.702393531799316
0.265,cancelled,39.18851637840271
0.08700000000000001,sat,506.2320430278778
0.043000000000000003,unsat,2883.9110629558563
0.041,cancelled,2377.6854774951935
0.057,unsat,3149.4031822681427
0.07100000000000001,timeout,3600
0.07300000000000001,timeout,3600
0.069,timeout,3600
0.075,timeout,3600
0.067,unsat,3175.467209815979
0.077,timeout,3600
0.081,timeout,3600
0.083,sat,466.0333685874939
0.079,unsat,3577.107910633087
