epsilon,result,runtime
0.133,sat,29.835887670516968
0.265,cancelled,43.69488883018494
0.265,sat,29.66697120666504
0.043000000000000003,sat,24.380364179611206
0.08700000000000001,cancelled,33.740872859954834
0.013000000000000001,sat,24.513543367385864
0.027000000000000003,cancelled,38.843159675598145
0.003,unsat,24.169440031051636
0.009000000000000001,sat,16.740043878555298
0.005,unsat,26.189128875732422
0.007,timeout,3600
