epsilon,result,runtime
0.133,sat,24.085739850997925
0.265,cancelled,39.02410292625427
0.043000000000000003,sat,26.73240351676941
0.08700000000000001,cancelled,34.28949332237244
0.027000000000000003,sat,23.6560537815094
0.013000000000000001,sat,26.657254457473755
0.011,sat,25.64983057975769
0.005,sat,23.39675807952881
0.001,unsat,22.513303995132446
0.003,unsat,24.09645175933838
