epsilon,result,runtime
0.265,sat,19.320686101913452
0.133,sat,22.15019416809082
0.131,sat,21.393518686294556
0.065,sat,24.99074363708496
0.031,sat,20.709158897399902
0.063,cancelled,38.59974980354309
0.019000000000000003,sat,21.9715359210968
0.007,unsat,22.025489807128906
0.013000000000000001,unsat,3059.2529034614563
0.009000000000000001,cancelled,3162.0588829517365
0.017,sat,24.209108591079712
0.015,timeout,3600
