epsilon,result,runtime
0.265,sat,25.285143613815308
0.133,sat,27.112780332565308
0.065,sat,24.890464067459106
0.131,cancelled,33.387107372283936
0.041,sat,29.781195640563965
0.021,sat,169.68278765678406
0.009000000000000001,unsat,3424.406669855118
0.019000000000000003,timeout,3600
0.013000000000000001,unsat,3102.111529111862
0.015,timeout,3600
0.017,timeout,3600
