epsilon,result,runtime
0.265,sat,11.586479425430298
0.133,sat,11.78783917427063
0.131,sat,11.427474737167358
0.065,sat,10.416961908340454
0.063,sat,12.839441776275635
0.031,sat,145.19488883018494
0.029,sat,276.4719030857086
0.013000000000000001,unsat,3119.0990245342255
0.015,timeout,3600
0.021,timeout,3600
0.023,timeout,3600
0.019000000000000003,unsat,3222.2734067440033
0.025,unsat,3239.1272802352905
0.027000000000000003,timeout,3600
