epsilon,result,runtime
0.265,sat,27.312039852142334
0.133,sat,27.564595937728882
0.131,sat,26.06795644760132
0.065,sat,29.506177186965942
0.063,sat,28.50812530517578
0.031,sat,28.96516251564026
0.013000000000000001,sat,22.837045907974243
0.029,cancelled,33.24372863769531
0.003,unsat,16.326273202896118
0.009000000000000001,sat,24.42803168296814
0.005,unsat,24.423256397247314
0.007,unsat,3251.6188225746155
