epsilon,result,runtime
0.133,sat,17.17339301109314
0.265,cancelled,36.48463201522827
0.08700000000000001,sat,22.183066368103027
0.041,unsat,3245.0278537273407
0.043000000000000003,unsat,3313.9369060993195
0.065,sat,139.0461871623993
0.063,sat,212.6141459941864
0.051000000000000004,sat,903.5433695316315
0.053000000000000005,cancelled,1012.1142952442169
0.047,sat,2339.055177927017
0.045,unsat,3495.7823264598846
