epsilon,result,runtime
0.133,sat,21.14866614341736
0.265,cancelled,31.43078327178955
0.08700000000000001,sat,18.38260769844055
0.043000000000000003,sat,22.480990171432495
0.041,sat,19.462475538253784
0.019000000000000003,sat,27.19257664680481
0.021,cancelled,12.385306358337402
0.011,sat,23.525474309921265
0.003,unsat,16.882564783096313
0.005,unsat,3457.256809949875
0.009000000000000001,sat,24.06835651397705
0.007,unsat,3582.6277656555176
