epsilon,result,runtime
0.265,sat,25.344365119934082
0.133,sat,26.95451593399048
0.131,sat,20.959484577178955
0.065,sat,23.320595264434814
0.063,sat,22.937520742416382
0.031,sat,22.960107803344727
0.013000000000000001,sat,21.61572790145874
0.029,cancelled,43.55718541145325
0.003,unsat,20.858862161636353
0.009000000000000001,sat,22.419517278671265
0.005,unsat,19.8808856010437
0.007,unsat,3549.0813822746277
