epsilon,result,runtime
0.265,sat,1.7130837440490723
0.133,sat,1.896507978439331
0.131,sat,7.209146738052368
0.065,sat,120.36533904075623
0.031,unsat,7.8977320194244385
0.063,unsat,2675.390876531601
0.047,cancelled,2553.6295754909515
