epsilon,result,runtime
0.265,sat,4.957369565963745
0.133,sat,37.54433059692383
0.131,sat,39.700095653533936
0.065,unsat,3534.7184331417084
0.063,cancelled,3528.1068868637085
0.107,sat,63.628775119781494
0.08700000000000001,unsat,3417.8026983737946
0.085,cancelled,3354.278869867325
0.099,sat,3174.4340691566467
0.093,unsat,3457.819765329361
0.091,cancelled,283.4589099884033
0.095,unsat,3492.647691965103
0.097,unsat,3495.8782410621643
