epsilon,result,runtime
0.265,sat,1.9834520816802979
0.133,sat,3.5595269203186035
0.131,sat,0.8041443824768066
0.063,unsat,3351.024798631668
0.097,sat,12.34911298751831
0.081,sat,13.477896928787231
0.07300000000000001,sat,14.203474998474121
0.069,sat,13.17890453338623
0.065,unsat,3419.063252210617
0.067,unsat,3556.848466157913
