epsilon,result,runtime
0.265,sat,1.8576686382293701
0.133,sat,1.9496545791625977
0.131,sat,7.266342639923096
0.065,unsat,3507.1000595092773
0.063,cancelled,3500.176746606827
0.107,sat,18.528352975845337
0.08700000000000001,sat,28.659096240997314
0.085,sat,29.552698850631714
0.075,sat,1514.2052631378174
0.07300000000000001,unsat,3338.5914652347565
0.069,cancelled,1847.7580268383026
