epsilon,result,runtime
0.265,sat,2.8809897899627686
0.133,sat,4.461009740829468
0.131,sat,3.056025743484497
0.065,unsat,2873.4794385433197
0.063,cancelled,2871.9994082450867
0.107,sat,64.90363693237305
0.085,unsat,3444.371252298355
0.08700000000000001,timeout,3600
0.095,unsat,3350.1052634716034
0.097,unsat,3547.510043859482
0.101,sat,1497.4825398921967
0.10300000000000001,cancelled,1387.6572942733765
0.099,unsat,3564.02307677269
