epsilon,result,runtime
0.133,sat,3.359373092651367
0.265,cancelled,5.2034080028533936
0.08700000000000001,sat,15.060137271881104
0.043000000000000003,unsat,3300.318116426468
0.041,cancelled,3285.443156480789
0.07100000000000001,sat,33.96200919151306
0.057,sat,138.93302178382874
0.055,sat,144.93202900886536
0.047,unsat,3033.5527403354645
0.049,unsat,3145.5397057533264
0.051000000000000004,sat,103.56095242500305
0.053000000000000005,cancelled,37.9810471534729
