epsilon,result,runtime
0.265,sat,3.057851552963257
0.133,sat,3.6692721843719482
0.065,sat,1.967886209487915
0.131,cancelled,5.3153955936431885
0.041,sat,4.6198201179504395
0.021,unsat,7.358932733535767
0.019000000000000003,cancelled,2.8130605220794678
0.033,unsat,2769.5950305461884
0.027000000000000003,cancelled,2772.527441263199
0.037000000000000005,sat,38.64764046669006
0.035,unsat,3592.4289128780365
