epsilon,result,runtime
0.265,sat,2.0784823894500732
0.133,sat,3.262051582336426
0.131,sat,0.9136250019073486
0.063,unsat,2800.4980416297913
0.097,sat,20.33907413482666
0.081,sat,12.212243556976318
0.065,timeout,3600
0.07300000000000001,unsat,3584.2828438282013
0.07100000000000001,cancelled,2831.677985906601
0.077,sat,351.63048577308655
0.075,unsat,3584.4586067199707
