epsilon,result,runtime
0.265,sat,1.9561140537261963
0.133,sat,2.5757765769958496
0.131,sat,1.1041958332061768
0.065,sat,1.7619733810424805
0.063,sat,2.0467028617858887
0.031,unsat,3272.695417404175
0.029,cancelled,3271.9668114185333
0.051000000000000004,sat,10.668264865875244
0.041,sat,13.583049297332764
0.039,sat,15.033875465393066
0.035,sat,54.320021867752075
0.033,timeout,3600
