epsilon,result,runtime
0.265,sat,2.933310031890869
0.133,sat,3.510816812515259
0.131,sat,7.735329866409302
0.065,unsat,3130.189872264862
0.063,cancelled,3123.022135257721
0.107,sat,31.492128610610962
0.08700000000000001,sat,43.06642198562622
0.085,sat,45.433045387268066
0.07300000000000001,unsat,3403.6364595890045
0.075,unsat,3511.4287395477295
0.079,sat,697.002316236496
0.081,cancelled,631.0495159626007
0.077,unsat,3548.5488834381104
