epsilon,result,runtime
0.265,sat,2.0623860359191895
0.133,sat,2.382620334625244
0.131,sat,1.0412392616271973
0.065,sat,1.7872810363769531
0.063,sat,3.412461042404175
0.031,sat,2.6256630420684814
0.013000000000000001,unsat,1.7348275184631348
0.029,sat,3.224473237991333
0.019000000000000003,unsat,75.18149852752686
0.021,unsat,538.8919019699097
0.025,unsat,3488.408239364624
0.023,cancelled,3029.9793000221252
0.027000000000000003,sat,83.92551279067993
