epsilon,result,runtime
0.265,sat,2.0090672969818115
0.133,sat,2.3792948722839355
0.131,sat,2.633486747741699
0.065,sat,2.7072277069091797
0.063,sat,4.602168321609497
0.031,unsat,3465.7537066936493
0.029,cancelled,3461.5405642986298
0.051000000000000004,sat,10.900182008743286
0.041,sat,12.98173475265503
0.039,sat,12.811019897460938
0.035,sat,43.001089096069336
0.033,sat,177.8587565422058
