epsilon,result,runtime
0.265,sat,4.603994131088257
0.133,sat,4.596936464309692
0.065,sat,4.433422327041626
0.131,cancelled,8.060704946517944
0.041,sat,6.727834939956665
0.021,sat,7.257122278213501
0.019000000000000003,sat,4.508104085922241
0.009000000000000001,sat,4.451740264892578
0.003,unsat,4.068694353103638
0.005,unsat,3.8301074504852295
0.007,unsat,148.32516431808472
