epsilon,result,runtime
0.265,sat,3.3438470363616943
0.133,sat,3.3296754360198975
0.131,sat,3.3006770610809326
0.065,sat,27.644814252853394
0.063,sat,23.127397775650024
0.029,unsat,3.0079402923583984
0.031,unsat,107.43190574645996
0.045,unsat,2849.9953038692474
0.047,unsat,3370.80086517334
0.055,unsat,3371.9965641498566
0.053000000000000005,cancelled,2957.620121717453
0.059000000000000004,sat,147.30141687393188
0.057,sat,291.2057058811188
