epsilon,result,runtime
0.265,sat,3.3540234565734863
0.133,sat,3.354752540588379
0.131,sat,3.3531219959259033
0.065,sat,7.466133117675781
0.063,sat,7.445485353469849
0.031,unsat,2993.674425125122
0.029,cancelled,2990.375049829483
0.051000000000000004,sat,12.405006885528564
0.041,sat,74.05510115623474
0.039,sat,1685.1452746391296
0.035,unsat,3090.2769510746
0.033,cancelled,1467.6151666641235
0.037000000000000005,sat,616.6934771537781
