epsilon,result,runtime
0.265,sat,3.301403045654297
0.133,sat,4.955049991607666
0.131,sat,4.419378042221069
0.063,sat,8.808950662612915
0.065,cancelled,18.558948040008545
0.021,unsat,4.136698007583618
0.043000000000000003,unsat,3395.1856553554535
0.041,cancelled,3408.065468788147
0.055,sat,4.486200571060181
0.049,sat,54.59006190299988
0.047,unsat,3403.89430475235
0.045,cancelled,3359.5021512508392
