epsilon,result,runtime
0.133,sat,1.9935462474822998
0.265,cancelled,4.991177082061768
0.08700000000000001,sat,2.4994447231292725
0.043000000000000003,sat,3.799504280090332
0.041,sat,1.0335016250610352
0.019000000000000003,unsat,3373.807864189148
0.031,sat,2.0556485652923584
0.021,unsat,3454.135718345642
0.027000000000000003,sat,306.75694274902344
0.025,unsat,3562.5892214775085
0.023,cancelled,3177.7315080165863
