epsilon,result,runtime
0.265,sat,2.865213394165039
0.133,sat,4.108429670333862
0.131,sat,8.693871259689331
0.065,unsat,3341.5397143363953
0.063,cancelled,3334.1867678165436
0.107,sat,29.26514744758606
0.08700000000000001,sat,406.62315559387207
0.085,sat,1379.3158466815948
0.075,unsat,3559.788964033127
0.07300000000000001,cancelled,2557.9044935703278
0.079,unsat,3416.18395280838
0.081,unsat,3443.011391878128
0.083,sat,94.08982944488525
