epsilon,result,runtime
0.265,sat,2.014782667160034
0.133,sat,2.44803786277771
0.131,sat,4.224682807922363
0.065,sat,5.4773852825164795
0.063,sat,3.1143574714660645
0.031,unsat,1.7727320194244385
0.029,cancelled,0.42183589935302734
0.051000000000000004,unsat,3076.5366253852844
0.041,cancelled,3079.4704174995422
0.057,unsat,3325.578849554062
0.055,cancelled,3329.0460534095764
0.061,sat,252.3149435520172
0.059000000000000004,timeout,3600
