epsilon,result,runtime
0.133,sat,3.3104543685913086
0.265,sat,3.307941198348999
0.265,cancelled,6.763351678848267
0.08700000000000001,sat,23.338977813720703
0.043000000000000003,unsat,2852.234233379364
0.041,cancelled,2828.8586432933807
0.07100000000000001,sat,35.38234734535217
0.055,unsat,2843.9040982723236
0.057,timeout,3600
0.063,unsat,3157.2912015914917
0.065,unsat,3376.7496795654297
0.069,sat,44.340352296829224
0.067,unsat,3567.899475812912
