epsilon,result,runtime
0.265,sat,2.016038179397583
0.133,sat,2.4318172931671143
0.131,sat,2.5842654705047607
0.065,sat,2.773681163787842
0.063,sat,4.706121921539307
0.031,unsat,3525.318461894989
0.029,cancelled,3521.231053352356
0.051000000000000004,sat,17.234315633773804
0.041,sat,408.74414467811584
0.039,unsat,3238.2416100502014
0.035,cancelled,2850.763259410858
