epsilon,result,runtime
0.265,sat,4.9001784324646
0.133,sat,8.239765644073486
0.065,sat,4.536119222640991
0.131,cancelled,11.455525875091553
0.021,unsat,2.9688329696655273
0.041,unsat,3137.8961136341095
0.053000000000000005,sat,8.2466561794281
0.047,sat,45.715877056121826
0.043000000000000003,unsat,3195.3212037086487
0.045,unsat,3562.076520681381
