epsilon,result,runtime
0.265,sat,3.3791849613189697
0.133,sat,5.699050426483154
0.131,sat,5.5750837326049805
0.065,sat,16.10957622528076
0.063,sat,17.80632185935974
0.031,unsat,3128.436694383621
0.029,cancelled,3124.0247020721436
0.051000000000000004,unsat,2847.2278096675873
0.041,cancelled,2850.5766508579254
0.057,sat,77.1146011352539
0.055,sat,1897.1476895809174
0.053000000000000005,sat,1821.938686132431
