epsilon,result,runtime
0.265,sat,1.887505292892456
0.133,sat,2.3656766414642334
0.131,sat,1.183002233505249
0.065,sat,2.3213436603546143
0.063,sat,6.263459920883179
0.029,unsat,3423.66991519928
0.031,unsat,3513.2510738372803
0.047,unsat,3341.7924020290375
0.045,cancelled,3263.5559256076813
0.057,sat,18.590900421142578
0.053000000000000005,sat,21.28289008140564
0.051000000000000004,sat,23.86941695213318
0.049,sat,30.102265119552612
