epsilon,result,runtime
0.265,sat,1.9403715133666992
0.133,sat,2.3316476345062256
0.131,sat,2.7366769313812256
0.065,sat,4.14230489730835
0.063,sat,1.1562659740447998
0.029,unsat,1488.0385892391205
0.031,unsat,3554.380106449127
0.047,unsat,3371.9234108924866
0.045,cancelled,1310.981556892395
0.057,sat,51.10652303695679
0.053000000000000005,unsat,3564.917946577072
0.051000000000000004,cancelled,3513.989611387253
0.055,sat,75.03368592262268
