epsilon,result,runtime
0.265,sat,2.7537460327148438
0.133,sat,4.212723016738892
0.131,sat,4.807516574859619
0.065,sat,144.25146460533142
0.031,unsat,1.6704044342041016
0.047,unsat,3183.6761429309845
0.063,timeout,3600
0.053000000000000005,unsat,3039.6593766212463
0.055,timeout,3600
0.057,unsat,2992.984095096588
0.059000000000000004,unsat,3371.637298107147
0.061,unsat,3594.399794101715
