epsilon,result,runtime
0.265,sat,2.0106732845306396
0.133,sat,3.2510452270507812
0.131,sat,0.9908149242401123
0.065,unsat,3417.7903842926025
0.063,cancelled,3418.251655817032
0.107,sat,35.691097259521484
0.08700000000000001,sat,54.39779281616211
0.085,sat,30.402657985687256
0.075,sat,1335.2508263587952
0.07300000000000001,unsat,3168.144968509674
0.069,cancelled,1848.4910769462585
