epsilon,result,runtime
0.265,sat,5.94878625869751
0.133,sat,11.563026428222656
0.131,sat,11.606768369674683
0.065,sat,53.968207120895386
0.063,sat,62.74592661857605
0.031,unsat,3454.5819821357727
0.029,cancelled,3440.9489693641663
0.041,unsat,3050.359564781189
0.051000000000000004,unsat,3312.0608763694763
0.057,unsat,3089.714752674103
0.053000000000000005,cancelled,3356.7549979686737
0.061,sat,110.91095113754272
0.059000000000000004,unsat,3209.5607211589813
