epsilon,result,runtime
0.133,sat,2.798743724822998
0.265,cancelled,5.82391095161438
0.08700000000000001,sat,3.6372249126434326
0.043000000000000003,sat,5.060312747955322
0.041,sat,1.1266958713531494
0.019000000000000003,unsat,0.6733362674713135
0.021,unsat,12.850225925445557
0.029,unsat,3355.9645657539368
0.031,unsat,3535.3474221229553
0.037000000000000005,sat,17.468321084976196
0.035,unsat,3388.4131319522858
0.033,cancelled,3206.971200942993
