epsilon,result,runtime
0.133,sat,1.9241907596588135
0.265,cancelled,4.883420705795288
0.265,sat,1.9698030948638916
0.08700000000000001,sat,14.50897765159607
0.041,unsat,3348.720894575119
0.065,sat,161.17328238487244
0.043000000000000003,timeout,3600
0.055,unsat,3057.5759785175323
0.053000000000000005,cancelled,3128.17271733284
0.061,unsat,2924.6213779449463
0.059000000000000004,cancelled,2928.3327527046204
0.063,unsat,3557.4884655475616
