epsilon,result,runtime
0.265,sat,2.062105894088745
0.133,sat,3.2709157466888428
0.131,sat,5.348733425140381
0.065,unsat,3496.227151632309
0.063,cancelled,3492.138669013977
0.107,sat,18.71503472328186
0.08700000000000001,sat,26.145493507385254
0.085,sat,28.441205739974976
0.075,sat,37.63447380065918
0.07300000000000001,sat,64.68312096595764
0.069,sat,50.00645995140076
0.067,unsat,3592.404992580414
