epsilon,result,runtime
0.133,sat,1.6075165271759033
0.265,cancelled,4.516191244125366
0.08700000000000001,sat,7.511464357376099
0.041,unsat,3380.489358186722
0.043000000000000003,unsat,3393.7283358573914
0.065,sat,2.0148608684539795
0.063,sat,7.51304030418396
0.051000000000000004,sat,135.52128887176514
0.053000000000000005,cancelled,146.6797387599945
0.047,unsat,2653.4200432300568
0.045,cancelled,2656.8703656196594
0.049,unsat,3533.963679790497
