epsilon,result,runtime
0.265,sat,2.837329864501953
0.133,sat,4.0355305671691895
0.131,sat,1.119945764541626
0.065,unsat,3557.0457944869995
0.063,cancelled,3557.2994248867035
0.107,sat,27.381420850753784
0.08700000000000001,sat,108.36834716796875
0.085,sat,180.42331504821777
0.075,unsat,3187.3093736171722
0.07300000000000001,cancelled,3087.130922317505
0.079,unsat,2827.2955911159515
0.081,unsat,3443.2705821990967
0.083,unsat,3593.535859823227
