epsilon,result,runtime
0.133,sat,6.948653221130371
0.265,cancelled,12.517098426818848
0.08700000000000001,sat,288.93047523498535
0.043000000000000003,unsat,3127.0759546756744
0.041,cancelled,2837.6279168128967
0.057,unsat,3527.9741497039795
0.07100000000000001,timeout,3600
0.069,unsat,3233.9622490406036
0.07300000000000001,timeout,3600
0.079,timeout,3600
0.081,timeout,3600
0.083,sat,178.02523159980774
0.077,unsat,3477.7510142326355
0.075,cancelled,3006.3599166870117
