epsilon,result,runtime
0.265,sat,4.848977327346802
0.133,sat,16.520726919174194
0.131,sat,15.799210548400879
0.065,unsat,3351.8587634563446
0.063,cancelled,3348.2217259407043
0.107,sat,23.697200775146484
0.08700000000000001,sat,33.173834800720215
0.085,sat,35.30406308174133
0.07300000000000001,sat,494.40879225730896
0.075,cancelled,528.9807364940643
0.069,unsat,3431.5493874549866
0.067,cancelled,3435.2110974788666
0.07100000000000001,sat,450.1956641674042
