epsilon,result,runtime
0.265,sat,3.360429525375366
0.133,sat,4.317141056060791
0.131,sat,4.0571608543396
0.065,sat,17.066242694854736
0.063,sat,18.283881187438965
0.031,unsat,3066.9550223350525
0.029,cancelled,3063.335476398468
0.051000000000000004,unsat,3510.562258005142
0.041,cancelled,3514.268200159073
0.057,sat,27.63818621635437
0.055,sat,30.70580267906189
0.053000000000000005,sat,31.07534956932068
