epsilon,result,runtime
0.265,sat,4.710262298583984
0.133,sat,9.679988861083984
0.131,sat,9.787648439407349
0.065,unsat,3454.6857540607452
0.063,cancelled,3450.6378054618835
0.107,sat,16.96057415008545
0.08700000000000001,sat,23.53061079978943
0.085,sat,23.267732858657837
0.075,sat,29.983322143554688
0.07300000000000001,sat,22.364121913909912
0.069,sat,113.14533591270447
0.067,unsat,3582.9641649723053
