epsilon,result,runtime
0.265,sat,4.5497565269470215
0.133,sat,6.1999969482421875
0.131,sat,6.297364711761475
0.063,sat,39.428863763809204
0.065,cancelled,51.078588008880615
0.021,unsat,2.9100403785705566
0.043000000000000003,unsat,3343.1978578567505
0.041,cancelled,3353.7912073135376
0.055,sat,144.44375324249268
0.049,unsat,2871.5686202049255
0.047,cancelled,2727.1326508522034
0.053000000000000005,sat,1899.6211223602295
0.051000000000000004,unsat,3570.046130657196
