epsilon,result,runtime
0.265,sat,3.3003556728363037
0.133,sat,3.3085012435913086
0.131,sat,3.305049419403076
0.063,sat,1542.0616505146027
0.065,cancelled,1552.3082299232483
0.021,unsat,1.630350112915039
0.043000000000000003,unsat,2804.404440164566
0.041,cancelled,2812.1961722373962
0.055,unsat,2730.7188358306885
0.049,cancelled,2734.1279129981995
0.059000000000000004,unsat,2715.103733778
0.057,cancelled,2718.492487668991
0.061,unsat,3570.9735820293427
