epsilon,result,runtime
0.265,sat,3.3237719535827637
0.133,sat,7.416642904281616
0.131,sat,7.706017971038818
0.065,sat,1428.0405156612396
0.031,unsat,1.7492635250091553
0.063,timeout,3600
0.047,unsat,3397.7166509628296
0.045,cancelled,1230.380795955658
0.053000000000000005,unsat,2645.4197928905487
0.057,timeout,3600
0.059000000000000004,unsat,3454.6152358055115
0.055,cancelled,2506.5838124752045
0.061,timeout,3600
