epsilon,result,runtime
0.265,sat,5.63528299331665
0.133,sat,23.681708812713623
0.131,sat,23.278634786605835
0.065,unsat,3273.0328035354614
0.063,cancelled,3269.177836894989
0.107,sat,47.246644496917725
0.08700000000000001,sat,51.145638942718506
0.075,sat,34.158987045288086
0.085,cancelled,42.91717553138733
0.07100000000000001,timeout,3600
0.069,timeout,3600
0.07300000000000001,sat,100.85066556930542
0.067,unsat,3306.935491323471
