epsilon,result,runtime
0.265,sat,8.485329151153564
0.133,sat,23.363452196121216
0.131,sat,22.753653287887573
0.065,unsat,3392.5526535511017
0.063,cancelled,3384.953269004822
0.107,sat,29.81173062324524
0.08700000000000001,sat,55.26232933998108
0.085,sat,49.88722634315491
0.075,sat,58.90790271759033
0.07300000000000001,sat,107.30462527275085
0.069,sat,315.64524936676025
0.067,unsat,3222.3188700675964
