epsilon,result,runtime
0.265,sat,4.826657295227051
0.133,sat,5.913641929626465
0.131,sat,6.039382219314575
0.065,sat,18.115928411483765
0.063,sat,18.952385902404785
0.029,unsat,3506.407300233841
0.031,unsat,3517.3227705955505
0.047,timeout,3600
0.045,timeout,3600
0.049,unsat,3356.7003870010376
0.043000000000000003,cancelled,3359.9723222255707
0.057,sat,27.438154935836792
0.053000000000000005,sat,47.145153522491455
0.051000000000000004,sat,620.6416912078857
