epsilon,result,runtime
0.265,sat,1.7672624588012695
0.133,sat,2.9406862258911133
0.131,sat,1.3426752090454102
0.065,sat,12.765262126922607
0.063,sat,11.852015018463135
0.029,unsat,35.83889293670654
0.047,unsat,3392.305822610855
0.031,cancelled,3436.9510922431946
0.053000000000000005,unsat,3446.3832309246063
0.057,unsat,3486.5495495796204
0.061,sat,138.62618470191956
0.059000000000000004,unsat,3578.064511537552
