epsilon,result,runtime
0.265,sat,3.4127283096313477
0.133,sat,11.350693702697754
0.131,sat,12.487979173660278
0.063,unsat,3223.8593366146088
0.097,sat,37.62757754325867
0.065,unsat,3324.1889247894287
0.081,sat,70.40373539924622
0.079,unsat,3038.2167348861694
0.07100000000000001,cancelled,3016.7778754234314
