epsilon,result,runtime
0.265,sat,2.5662858486175537
0.133,sat,3.2755374908447266
0.131,sat,5.569318771362305
0.065,sat,135.96332001686096
0.031,unsat,16.887759685516357
0.063,unsat,3395.4955158233643
0.047,cancelled,3247.4225466251373
