epsilon,result,runtime
0.133,sat,3.1236276626586914
0.265,cancelled,5.936382293701172
0.08700000000000001,sat,3.342615842819214
0.043000000000000003,sat,5.5157482624053955
0.041,sat,2.8391127586364746
0.019000000000000003,sat,2.242922782897949
0.021,cancelled,2.114591360092163
0.005,unsat,3.006770133972168
0.011,unsat,551.0249752998352
0.015,sat,2.7025365829467773
0.013000000000000001,unsat,3385.3910467624664
