epsilon,result,runtime
0.265,sat,5.708631753921509
0.133,sat,9.264277458190918
0.131,sat,9.165756225585938
0.065,sat,30.84541630744934
0.063,sat,32.436564683914185
0.029,unsat,1970.5912656784058
0.031,unsat,3086.4006929397583
0.047,unsat,3311.3427588939667
0.045,cancelled,2218.9272067546844
0.057,sat,47.305429458618164
0.053000000000000005,sat,51.40756344795227
0.049,unsat,3430.3807351589203
0.051000000000000004,sat,3472.1906294822693
