epsilon,result,runtime
0.265,sat,5.745954275131226
0.133,sat,13.094202041625977
0.131,sat,13.473187923431396
0.065,sat,55.870749950408936
0.063,sat,66.72955989837646
0.031,unsat,3308.9312267303467
0.029,cancelled,3294.6962282657623
0.051000000000000004,sat,749.9050884246826
0.041,unsat,3072.8551058769226
0.039,cancelled,2322.9490411281586
0.047,unsat,3195.7101287841797
0.045,cancelled,3201.742605447769
0.049,unsat,3346.409122943878
