epsilon,result,runtime
0.265,sat,2.955822706222534
0.133,sat,4.09492826461792
0.065,sat,2.4849517345428467
0.131,cancelled,6.261378288269043
0.021,unsat,1.8106653690338135
0.041,unsat,3507.4002723693848
0.043000000000000003,unsat,3552.114714860916
0.055,unsat,3077.401374578476
0.053000000000000005,cancelled,3129.888761281967
0.061,sat,54.444812297821045
0.059000000000000004,sat,85.1277551651001
0.057,sat,39.97633600234985
