epsilon,result,runtime
0.265,sat,6.643763303756714
0.133,sat,26.019745588302612
0.131,sat,26.794106006622314
0.063,unsat,3224.083517074585
0.097,sat,36.5686936378479
0.065,unsat,3324.1997151374817
0.081,sat,76.24608373641968
0.079,sat,67.49101686477661
0.07300000000000001,sat,3247.773938894272
0.07100000000000001,unsat,3488.7875394821167
0.067,cancelled,202.46498084068298
