epsilon,result,runtime
0.265,sat,3.4019181728363037
0.133,sat,3.3794190883636475
0.131,sat,13.15255880355835
0.065,sat,54.36785268783569
0.031,unsat,3552.17685008049
0.063,timeout,3600
0.047,unsat,3373.83859539032
0.045,cancelled,3374.224487543106
0.057,unsat,3572.1712448596954
0.053000000000000005,cancelled,3575.7345809936523
0.061,unsat,3337.5951421260834
0.059000000000000004,cancelled,3341.5739331245422
