epsilon,result,runtime
0.265,sat,2.107790470123291
0.133,sat,3.2153334617614746
0.131,sat,4.54958701133728
0.065,sat,19.612600088119507
0.031,unsat,1.7402453422546387
0.047,unsat,3108.9419062137604
0.063,unsat,3394.152858734131
0.055,cancelled,264.59673833847046
