epsilon,result,runtime
0.265,sat,1.7993450164794922
0.133,sat,2.328955888748169
0.131,sat,4.125752687454224
0.065,sat,5.678833723068237
0.063,sat,11.279712915420532
0.029,unsat,4.304846286773682
0.031,unsat,25.786590337753296
0.047,unsat,2894.6461505889893
0.045,cancelled,2888.2750747203827
0.053000000000000005,unsat,3276.352381706238
0.059000000000000004,sat,218.910573720932
0.057,timeout,3600
0.055,timeout,3600
