epsilon,result,runtime
0.265,sat,1.8630273342132568
0.133,sat,3.0705325603485107
0.131,sat,1.2871501445770264
0.065,sat,1491.0142176151276
0.031,unsat,15.816611289978027
0.063,unsat,3353.289171218872
0.047,cancelled,1846.3377571105957
