epsilon,result,runtime
0.265,sat,1.9411191940307617
0.133,sat,3.2372264862060547
0.131,sat,1.0620207786560059
0.063,unsat,3440.0939519405365
0.097,sat,30.116137981414795
0.065,unsat,3503.3180272579193
0.081,sat,1095.4960255622864
0.079,timeout,3600
0.07100000000000001,unsat,3250.0643241405487
0.07300000000000001,unsat,3499.073196411133
0.075,unsat,3491.7175171375275
0.077,unsat,3589.043120622635
