epsilon,result,runtime
0.265,sat,1.9627196788787842
0.133,sat,3.1468799114227295
0.131,sat,7.074522972106934
0.063,unsat,3003.5917971134186
0.097,sat,9.825721979141235
0.081,sat,19.207717657089233
0.07300000000000001,sat,22.934710264205933
0.065,unsat,3347.6086378097534
0.069,unsat,3445.0460817813873
0.067,cancelled,3175.4035704135895
0.07100000000000001,sat,40.597978591918945
