epsilon,result,runtime
0.133,sat,1.8332555294036865
0.265,cancelled,4.7521021366119385
0.08700000000000001,sat,11.431612014770508
0.041,unsat,3404.9549012184143
0.043000000000000003,unsat,3481.1326451301575
0.063,sat,691.7931745052338
0.065,cancelled,756.8303515911102
0.055,unsat,3154.708373785019
0.049,cancelled,3158.2300696372986
0.057,unsat,3059.3776030540466
0.059000000000000004,unsat,3198.7484374046326
0.061,error,664.7975370883942
