epsilon,result,runtime
0.265,sat,2.8714892864227295
0.133,sat,3.9923441410064697
0.131,sat,0.7519149780273438
0.065,sat,25.07750678062439
0.063,sat,25.05350947380066
0.031,unsat,3420.4150664806366
0.029,cancelled,3421.143349170685
0.051000000000000004,sat,8.875268697738647
0.041,unsat,3307.715427160263
0.039,cancelled,3298.931433916092
0.045,unsat,3043.801615715027
0.049,sat,5.174468994140625
0.047,sat,3131.2514340877533
