epsilon,result,runtime
0.265,sat,5.545505523681641
0.133,sat,7.961896181106567
0.131,sat,6.079374313354492
0.063,unsat,3054.3295850753784
0.065,unsat,3516.335041999817
0.097,timeout,3600
0.099,timeout,3600
0.095,unsat,3395.860918045044
0.101,unsat,3192.012748479843
0.115,unsat,2910.541904449463
0.123,sat,30.926023960113525
0.11900000000000001,sat,105.07107162475586
0.117,unsat,2807.1784179210663
