epsilon,result,runtime
0.265,sat,2.0028085708618164
0.133,sat,2.340956687927246
0.131,sat,2.158276319503784
0.065,sat,3.474835157394409
0.063,sat,11.714047193527222
0.029,unsat,3188.7447657585144
0.031,unsat,3533.600503921509
0.047,unsat,3488.4648644924164
0.045,cancelled,3159.8788368701935
0.057,sat,109.58534741401672
0.053000000000000005,sat,2039.776529788971
0.051000000000000004,sat,1986.0002963542938
0.049,unsat,3585.6574442386627
