epsilon,result,runtime
0.265,sat,4.864577770233154
0.133,sat,11.864748477935791
0.131,sat,11.944131851196289
0.065,unsat,3374.370735645294
0.063,cancelled,3369.639809846878
0.107,sat,20.630712032318115
0.08700000000000001,sat,36.76448917388916
0.085,sat,29.769238710403442
0.075,sat,83.32715654373169
0.07300000000000001,sat,290.39360523223877
0.069,unsat,3431.835334777832
0.067,cancelled,3212.7464656829834
0.07100000000000001,unsat,3561.8173563480377
