epsilon,result,runtime
0.265,sat,2.026205539703369
0.133,sat,2.260436534881592
0.131,sat,2.648287773132324
0.065,sat,3.140028715133667
0.063,sat,6.648363351821899
0.029,unsat,3089.8851931095123
0.047,sat,2.745342254638672
0.039,sat,2.5843505859375
0.031,unsat,3113.5355446338654
0.035,sat,15.018014907836914
0.033,sat,87.51971697807312
