epsilon,result,runtime
0.265,sat,2.0995466709136963
0.133,sat,2.604368209838867
0.131,sat,5.663249969482422
0.065,unsat,3431.345529317856
0.063,cancelled,3426.248081922531
0.107,sat,16.10109257698059
0.08700000000000001,sat,23.74014401435852
0.085,sat,25.06920886039734
0.075,sat,62.319257736206055
0.07300000000000001,sat,78.62052655220032
0.069,sat,67.38105702400208
0.067,unsat,3576.017165184021
