epsilon,result,runtime
0.265,sat,6.654615640640259
0.133,sat,26.293283700942993
0.131,sat,27.49561309814453
0.065,unsat,3059.331574678421
0.063,cancelled,3051.9044008255005
0.107,sat,58.53560185432434
0.08700000000000001,sat,110.44023728370667
0.085,sat,95.51525402069092
0.075,unsat,3350.690178871155
0.07300000000000001,cancelled,3305.9589500427246
0.079,unsat,3235.6034853458405
0.081,unsat,3466.3943819999695
0.083,unsat,3143.126304626465
