epsilon,result,runtime
0.265,sat,2.799860715866089
0.133,sat,4.6540443897247314
0.131,sat,3.0052080154418945
0.063,unsat,3307.3603143692017
0.097,sat,18.81144618988037
0.065,unsat,3393.537585258484
0.081,unsat,3046.644633769989
0.079,cancelled,2989.7150671482086
0.091,sat,73.18208932876587
0.085,unsat,2834.3974783420563
0.08700000000000001,unsat,3134.547063589096
0.089,unsat,3590.4862513542175
