epsilon,result,runtime
0.265,sat,1.90364670753479
0.133,sat,1.9827251434326172
0.131,sat,1.8567428588867188
0.065,sat,3.7807607650756836
0.063,sat,7.027062892913818
0.029,unsat,2535.985211610794
0.031,unsat,3364.9993422031403
0.047,unsat,3442.5996685028076
0.045,cancelled,2625.1775233745575
0.053000000000000005,unsat,3411.2053780555725
0.057,unsat,3564.885012626648
0.061,sat,26.440910577774048
0.059000000000000004,sat,240.43458127975464
