epsilon,result,runtime
0.265,sat,2.008883237838745
0.133,sat,3.732722282409668
0.131,sat,9.734870910644531
0.063,unsat,3075.987546443939
0.097,sat,29.24655294418335
0.081,sat,49.944095611572266
0.065,unsat,3376.5207030773163
0.07300000000000001,timeout,3600
0.07100000000000001,unsat,3530.7549040317535
0.075,unsat,2960.364331960678
0.077,unsat,3148.8998947143555
0.079,unsat,3564.1055681705475
