epsilon,result,runtime
0.265,sat,3.3199260234832764
0.133,sat,4.128004789352417
0.131,sat,4.0436012744903564
0.065,sat,30.422248363494873
0.063,sat,35.339441537857056
0.029,unsat,3507.6161119937897
0.031,unsat,3551.528078317642
0.045,unsat,3430.268847465515
0.055,sat,15.595993995666504
0.047,unsat,3501.5825839042664
0.049,unsat,3440.5724625587463
0.051000000000000004,unsat,3559.2041294574738
0.053000000000000005,sat,97.02126693725586
