epsilon,result,runtime
0.265,sat,1.8342053890228271
0.133,sat,2.493448495864868
0.131,sat,5.1047422885894775
0.065,unsat,3419.4558458328247
0.063,cancelled,3415.1016497612
0.08700000000000001,sat,16.001174688339233
0.107,cancelled,19.457725763320923
0.079,sat,17.939444065093994
0.07300000000000001,sat,29.005640983581543
0.07100000000000001,sat,26.87278985977173
0.069,sat,41.215311765670776
0.067,unsat,3579.6978347301483
