epsilon,result,runtime
0.265,sat,4.469387054443359
0.133,sat,6.0239832401275635
0.131,sat,5.916325569152832
0.065,sat,13.954351425170898
0.063,sat,14.11454176902771
0.029,unsat,3143.7749528884888
0.047,sat,33.622822999954224
0.039,sat,12.192881107330322
0.031,unsat,3432.7825083732605
0.035,timeout,3600
0.033,unsat,3504.828403234482
0.037000000000000005,sat,196.5249707698822
