epsilon,result,runtime
0.265,sat,3.345888614654541
0.133,sat,6.697946310043335
0.131,sat,6.542856216430664
0.065,sat,8.256188869476318
0.063,sat,8.404486894607544
0.031,sat,4.08017635345459
0.013000000000000001,unsat,2.9049923419952393
0.029,sat,13.764050483703613
0.019000000000000003,unsat,3364.1092216968536
0.021,unsat,3506.704846382141
0.023,unsat,3153.388061285019
0.027000000000000003,sat,17.6086208820343
0.025,unsat,3595.7788722515106
