epsilon,result,runtime
0.265,sat,1.951878547668457
0.133,sat,2.3333804607391357
0.131,sat,3.3214707374572754
0.065,sat,4.513468265533447
0.063,sat,19.006964206695557
0.029,unsat,2922.5418186187744
0.031,unsat,3075.5455989837646
0.047,sat,1333.8486061096191
0.045,unsat,3505.4418976306915
0.037000000000000005,cancelled,2304.0895104408264
