epsilon,result,runtime
0.265,sat,1.8104052543640137
0.133,sat,2.3964149951934814
0.131,sat,0.5075185298919678
0.065,sat,282.6946635246277
0.031,unsat,1.671722412109375
0.047,unsat,2848.6903822422028
0.063,timeout,3600
0.055,unsat,3228.443552017212
0.053000000000000005,cancelled,2771.5763733386993
0.057,unsat,2958.4278812408447
0.059000000000000004,unsat,3373.9968156814575
0.061,unsat,3575.4614090919495
