epsilon,result,runtime
0.133,sat,4.603168487548828
0.265,cancelled,8.705647230148315
0.08700000000000001,sat,32.71947360038757
0.041,unsat,3282.2889273166656
0.043000000000000003,unsat,3405.1676394939423
0.063,unsat,3191.0115280151367
0.075,sat,45.689977169036865
0.069,sat,90.11355710029602
0.065,unsat,3570.8063910007477
0.067,timeout,3600
