epsilon,result,runtime
0.265,sat,4.627121210098267
0.133,sat,6.233095407485962
0.131,sat,5.968442916870117
0.065,sat,31.697377920150757
0.063,sat,31.03500461578369
0.029,unsat,3033.902900457382
0.031,timeout,3600
0.047,unsat,3490.370297908783
0.045,cancelled,2943.938428878784
0.057,sat,32.859501123428345
0.053000000000000005,unsat,3195.1951158046722
0.051000000000000004,cancelled,3162.51460647583
0.055,sat,253.10546898841858
