epsilon,result,runtime
0.265,sat,5.593193769454956
0.133,sat,5.616315841674805
0.131,sat,5.694136619567871
0.065,sat,55.987849950790405
0.063,sat,51.29884362220764
0.029,unsat,3333.4343032836914
0.047,sat,50.40707588195801
0.031,unsat,3549.1523156166077
0.037000000000000005,unsat,3366.8308804035187
0.039,timeout,3600
0.043000000000000003,unsat,3321.256003856659
0.041,cancelled,3256.693092107773
0.045,sat,50.033125162124634
