epsilon,result,runtime
0.265,sat,5.603430271148682
0.133,sat,6.984366178512573
0.131,sat,7.221064567565918
0.065,sat,42.27993965148926
0.063,unsat,3148.96510386467
0.031,cancelled,3120.367398262024
