epsilon,result,runtime
0.265,sat,5.991747856140137
0.133,sat,6.069417476654053
0.131,sat,5.976339817047119
0.065,sat,48.77387619018555
0.063,sat,44.37415862083435
0.031,unsat,3232.4215993881226
0.029,cancelled,3232.6142287254333
0.051000000000000004,sat,27.355151653289795
0.041,unsat,3413.63879942894
0.039,cancelled,3386.5056025981903
0.047,sat,46.78153872489929
0.045,sat,85.7812192440033
0.043000000000000003,sat,1379.1709525585175
