epsilon,result,runtime
0.133,sat,5.68525767326355
0.265,cancelled,11.067227840423584
0.265,sat,5.772419691085815
0.08700000000000001,sat,26.545833349227905
0.043000000000000003,unsat,3210.94846534729
0.041,cancelled,3184.3696327209473
0.057,sat,27.90447425842285
0.07100000000000001,cancelled,33.81120824813843
0.051000000000000004,sat,42.09570646286011
0.045,sat,1855.489164352417
0.047,cancelled,1911.9541659355164
