epsilon,result,runtime
0.265,sat,5.99051308631897
0.133,sat,8.375595808029175
0.131,sat,7.788192510604858
0.065,sat,40.40331768989563
0.063,sat,38.52787256240845
0.029,unsat,3473.460238456726
0.047,sat,32.83097314834595
0.031,timeout,3600
0.039,sat,2985.1905512809753
0.037000000000000005,unsat,3323.771352291107
0.033,cancelled,411.75846099853516
