epsilon,result,runtime
0.265,sat,4.359236717224121
0.133,sat,5.593142509460449
0.131,sat,5.268073558807373
0.065,sat,19.447450876235962
0.063,sat,37.38878798484802
0.029,unsat,3157.430341720581
0.031,unsat,3485.1658952236176
0.047,unsat,3479.045916080475
0.045,cancelled,3183.5162494182587
0.057,sat,70.62727808952332
0.053000000000000005,unsat,3073.8669967651367
0.051000000000000004,cancelled,3003.4330339431763
0.055,sat,24.391069650650024
