epsilon,result,runtime
0.265,sat,9.130268573760986
0.133,sat,11.58865213394165
0.131,sat,12.375306606292725
0.065,sat,12.270762205123901
0.063,sat,10.868505954742432
0.031,timeout,3600
0.029,timeout,3600
0.033,timeout,3600
0.027000000000000003,timeout,3600
0.025,unsat,2574.732412338257
0.049,sat,48.43694806098938
0.041,sat,594.8076219558716
0.035,timeout,3600
0.037000000000000005,timeout,3600
0.039,timeout,3600
