epsilon,result,runtime
0.265,sat,6.029499053955078
0.133,sat,11.68345308303833
0.131,sat,11.733990907669067
0.063,sat,470.4458336830139
0.065,cancelled,490.0750617980957
0.021,unsat,6.4438464641571045
0.043000000000000003,unsat,3359.650383234024
0.041,cancelled,3384.417688369751
0.049,unsat,3394.5591588020325
0.055,timeout,3600
0.057,unsat,3021.192313671112
0.053000000000000005,cancelled,2828.296418905258
0.059000000000000004,unsat,3278.120143175125
0.061,unsat,3324.1668417453766
