epsilon,result,runtime
0.265,sat,4.735138893127441
0.133,sat,6.102121114730835
0.131,sat,5.7970898151397705
0.065,sat,46.457419872283936
0.063,sat,66.23311638832092
0.029,unsat,3072.705048561096
0.031,unsat,3327.6509580612183
0.045,unsat,3192.7755255699158
0.047,unsat,3542.5611374378204
0.053000000000000005,unsat,3181.4539012908936
0.059000000000000004,sat,32.37950325012207
0.057,sat,50.6761589050293
0.055,unsat,3405.4118497371674
