epsilon,result,runtime
0.265,sat,5.805195569992065
0.133,sat,16.76539397239685
0.131,sat,16.901572227478027
0.063,sat,40.837101221084595
0.065,cancelled,60.23834180831909
0.021,unsat,6.016528129577637
0.041,timeout,3600
0.043000000000000003,timeout,3600
0.045,unsat,3470.996949672699
0.039,cancelled,3492.7096195220947
0.051000000000000004,unsat,3302.0730481147766
0.055,unsat,3323.9816184043884
0.059000000000000004,sat,32.2597177028656
0.057,unsat,3365.912469625473
