epsilon,result,runtime
0.265,sat,5.62838888168335
0.133,sat,7.6428399085998535
0.131,sat,7.9462316036224365
0.065,sat,61.221579790115356
0.063,sat,55.766594886779785
0.031,unsat,3165.8795104026794
0.029,cancelled,3166.883686542511
0.041,unsat,2842.138278722763
0.053000000000000005,sat,75.97541236877441
0.051000000000000004,unsat,3414.316867828369
0.045,cancelled,489.0408718585968
