epsilon,result,runtime
0.265,sat,6.864468574523926
0.133,sat,9.517542600631714
0.131,sat,9.457616567611694
0.065,sat,46.80988907814026
0.063,sat,46.08792853355408
0.029,unsat,3352.1745812892914
0.031,unsat,3382.462551355362
0.047,sat,33.54067587852478
0.045,sat,18.271907806396484
0.039,sat,3393.906409740448
0.037000000000000005,unsat,3408.3926362991333
0.033,cancelled,12.525086402893066
