epsilon,result,runtime
0.265,sat,4.7143895626068115
0.133,sat,5.916064023971558
0.131,sat,5.740359783172607
0.065,sat,31.295097589492798
0.063,sat,31.125145435333252
0.029,unsat,3039.3968756198883
0.031,unsat,3541.3963079452515
0.047,unsat,3404.064957141876
0.045,cancelled,2919.4577634334564
0.057,unsat,3128.327033996582
0.053000000000000005,cancelled,3135.8620018959045
0.059000000000000004,unsat,2987.732849597931
0.061,unsat,3263.4802808761597
