epsilon,result,runtime
0.265,sat,7.415438175201416
0.133,sat,10.016101598739624
0.131,sat,10.736721754074097
0.065,sat,11.20089840888977
0.063,sat,9.736229419708252
0.031,sat,10.407686471939087
0.029,sat,10.658095359802246
0.013000000000000001,unsat,6.877574443817139
0.015,unsat,66.62073469161987
0.021,timeout,3600
0.023,timeout,3600
0.019000000000000003,timeout,3600
0.025,timeout,3600
0.027000000000000003,sat,12.16887903213501
0.017,unsat,3478.999252319336
