epsilon,result,runtime
0.265,sat,11.02812933921814
0.133,sat,15.160648345947266
0.131,sat,14.104044914245605
0.065,sat,75.48186016082764
0.063,sat,68.07254195213318
0.029,unsat,3534.012161254883
0.031,timeout,3600
0.047,unsat,2781.2815523147583
0.045,cancelled,2757.3489322662354
0.057,sat,61.63821840286255
0.053000000000000005,sat,62.07386565208435
0.049,unsat,2956.2280356884003
0.051000000000000004,timeout,3600
