epsilon,result,runtime
0.265,sat,3.5003111362457275
0.133,sat,4.259788751602173
0.131,sat,4.1744091510772705
0.065,sat,7.753117561340332
0.063,sat,8.195062160491943
0.031,timeout,3600
0.029,timeout,3600
0.027000000000000003,unsat,3336.1321454048157
0.047,sat,16.444547653198242
0.033,unsat,3387.0708572864532
0.041,sat,35.32213521003723
0.039,sat,93.47152805328369
0.037000000000000005,sat,323.80123472213745
0.035,sat,1877.2239456176758
