epsilon,result,runtime
0.265,sat,8.338844537734985
0.133,sat,11.587218523025513
0.131,sat,11.581327438354492
0.065,sat,19.65764808654785
0.063,sat,20.723809242248535
0.031,timeout,3600
0.029,timeout,3600
0.033,unsat,2462.7651088237762
0.027000000000000003,cancelled,2456.0183801651
0.051000000000000004,sat,57.633124589920044
0.043000000000000003,sat,57.364367961883545
0.041,sat,57.75773072242737
0.037000000000000005,sat,761.7065749168396
0.035,unsat,2406.9420914649963
