epsilon,result,runtime
0.265,sat,5.950937986373901
0.133,sat,15.301732301712036
0.131,sat,15.787789583206177
0.063,unsat,3173.6221108436584
0.065,unsat,3193.3730058670044
0.097,sat,29.149858474731445
0.099,cancelled,29.100408792495728
0.085,sat,91.29611396789551
0.075,sat,96.39654517173767
0.07300000000000001,sat,120.32995319366455
0.069,unsat,3082.2079861164093
0.067,cancelled,2966.088634252548
0.07100000000000001,sat,5.979952335357666
