epsilon,result,runtime
0.133,sat,8.636208534240723
0.265,cancelled,18.056830406188965
0.08700000000000001,sat,9.355897903442383
0.043000000000000003,sat,39.30370378494263
0.041,sat,47.50680661201477
0.019000000000000003,unsat,3226.607586622238
0.021,timeout,3600
0.031,sat,1101.4833607673645
0.029,sat,721.5497868061066
0.023,unsat,2635.385277748108
0.025,unsat,2703.7915811538696
0.027000000000000003,sat,496.89076471328735
