epsilon,result,runtime
0.133,sat,4.67761754989624
0.265,cancelled,8.923614740371704
0.08700000000000001,sat,12.040551662445068
0.043000000000000003,sat,470.695600271225
0.019000000000000003,unsat,3.829977512359619
0.041,unsat,3471.737987279892
0.029,cancelled,3008.635362148285
