epsilon,result,runtime
0.265,sat,4.413171291351318
0.133,sat,5.545146942138672
0.131,sat,5.461548328399658
0.063,unsat,3054.974086046219
0.065,unsat,3064.003735303879
0.099,sat,33.016425132751465
0.097,sat,33.116416931152344
0.079,sat,33.097050189971924
0.081,cancelled,37.08923888206482
0.069,sat,40.78263282775879
0.07300000000000001,cancelled,45.49033761024475
0.067,sat,50.4129753112793
