epsilon,result,runtime
0.265,sat,4.7048118114471436
0.133,sat,5.960646152496338
0.131,sat,5.815467834472656
0.065,sat,31.337005138397217
0.063,sat,62.131834983825684
0.031,unsat,3136.1978952884674
0.029,cancelled,3101.3450417518616
0.051000000000000004,unsat,3297.510462284088
0.041,cancelled,3303.777057647705
0.055,unsat,3175.596289396286
0.057,sat,3364.2677862644196
0.059000000000000004,cancelled,188.87679505348206
