epsilon,result,runtime
0.133,sat,5.829713344573975
0.265,cancelled,11.51810336112976
0.08700000000000001,sat,41.433167695999146
0.043000000000000003,unsat,3328.9833862781525
0.041,cancelled,3287.727307319641
0.07100000000000001,sat,39.67254590988159
0.057,unsat,3067.102015018463
0.055,cancelled,3027.4998025894165
0.065,sat,53.289997816085815
0.061,sat,85.48093771934509
0.059000000000000004,unsat,3396.7929005622864
