epsilon,result,runtime
0.265,sat,5.85874605178833
0.133,sat,7.567552089691162
0.131,sat,5.225633382797241
0.065,sat,72.19109892845154
0.063,sat,75.57282257080078
0.029,unsat,3162.0929987430573
0.031,unsat,3300.32772397995
0.047,unsat,3070.305291414261
0.045,cancelled,2949.5973863601685
0.053000000000000005,sat,92.86508631706238
0.057,cancelled,98.757493019104
0.051000000000000004,sat,535.5816659927368
0.049,sat,3030.1454894542694
