epsilon,result,runtime
0.133,sat,10.571516513824463
0.265,cancelled,17.681894302368164
0.08700000000000001,sat,10.532487392425537
0.043000000000000003,sat,12.754979372024536
0.041,sat,13.000481843948364
0.019000000000000003,sat,12.536607265472412
0.021,cancelled,1.6512737274169922
0.005,unsat,8.426362037658691
0.013000000000000001,sat,12.247642993927002
0.007,unsat,49.084404945373535
0.009000000000000001,unsat,310.1861505508423
0.011,unsat,2797.2941324710846
