epsilon,result,runtime
0.133,sat,4.675020456314087
0.265,cancelled,9.124285697937012
0.265,sat,4.719604969024658
0.08700000000000001,sat,14.479855060577393
0.041,unsat,3084.788503408432
0.065,sat,30.718299388885498
0.043000000000000003,unsat,3156.6403205394745
0.053000000000000005,sat,28.86504626274109
0.055,cancelled,18.34610080718994
0.047,sat,383.25031042099
0.049,cancelled,388.64412546157837
0.045,unsat,3167.1826572418213
