epsilon,result,runtime
0.133,sat,5.7698798179626465
0.265,cancelled,10.641435861587524
0.08700000000000001,sat,45.71475958824158
0.043000000000000003,unsat,2993.388751268387
0.041,cancelled,2947.767865419388
0.057,unsat,3013.61807012558
0.07100000000000001,unsat,3087.6029150485992
0.079,sat,108.72265911102295
0.07300000000000001,unsat,3015.8174295425415
0.075,unsat,3456.39098072052
0.077,timeout,3600
