epsilon,result,runtime
0.133,sat,4.618318557739258
0.265,cancelled,8.899481296539307
0.08700000000000001,sat,20.891948699951172
0.043000000000000003,unsat,3082.0762436389923
0.041,cancelled,3061.2146570682526
0.07100000000000001,sat,31.091787576675415
0.057,sat,73.79799962043762
0.055,sat,369.46028661727905
0.049,unsat,3334.265697002411
0.047,cancelled,3008.869071483612
0.051000000000000004,sat,504.9807274341583
0.053000000000000005,cancelled,511.24666118621826
