epsilon,result,runtime
0.265,sat,5.641357898712158
0.133,sat,9.039191246032715
0.131,sat,4.589196443557739
0.065,sat,53.09740471839905
0.063,sat,49.55225419998169
0.031,unsat,3317.7717158794403
0.029,cancelled,3320.9226994514465
0.041,unsat,2998.5844979286194
0.051000000000000004,unsat,3231.064767599106
0.053000000000000005,unsat,3048.5038392543793
0.059000000000000004,sat,34.23034739494324
0.057,sat,3068.362329721451
0.055,sat,2608.934313774109
