epsilon,result,runtime
0.133,sat,5.793612480163574
0.265,cancelled,11.404811382293701
0.265,sat,5.8595805168151855
0.08700000000000001,sat,41.23007535934448
0.043000000000000003,unsat,3093.84352850914
0.041,cancelled,3052.7630643844604
0.057,unsat,3138.79705953598
0.07300000000000001,sat,359.2223072052002
0.07100000000000001,timeout,3600
0.063,unsat,3287.332888841629
0.065,unsat,3509.7505741119385
0.067,unsat,3139.511973619461
0.069,unsat,3353.6951496601105
