epsilon,result,runtime
0.265,sat,8.779349327087402
0.133,sat,8.579023361206055
0.131,sat,26.783350229263306
0.065,unsat,2253.7132275104523
0.063,cancelled,2227.3357515335083
0.08700000000000001,sat,72.70198655128479
0.107,cancelled,85.18875432014465
0.07300000000000001,sat,77.29551672935486
0.079,cancelled,89.82262897491455
0.069,unsat,2674.996989250183
0.067,cancelled,2686.6688318252563
0.07100000000000001,sat,93.6730592250824
