epsilon,result,runtime
0.265,sat,5.575152397155762
0.133,sat,5.667518377304077
0.131,sat,5.565056800842285
0.065,sat,38.0170419216156
0.063,sat,37.58839130401611
0.031,unsat,3389.8453710079193
0.029,cancelled,3385.517901659012
0.051000000000000004,unsat,2983.7637510299683
0.041,cancelled,2989.053113222122
0.055,unsat,3347.029265642166
0.057,unsat,3381.5297944545746
0.061,sat,76.82105040550232
0.059000000000000004,timeout,3600
