epsilon,result,runtime
0.265,sat,4.729032278060913
0.133,sat,4.76788067817688
0.131,sat,4.549878358840942
0.063,sat,50.051098108291626
0.065,cancelled,63.511465072631836
0.021,unsat,2366.287440061569
0.043000000000000003,sat,367.7200562953949
0.041,sat,3429.6719183921814
0.031,unsat,3408.347379207611
0.029,cancelled,2726.3176879882812
0.037000000000000005,unsat,3179.3699889183044
0.035,cancelled,3185.608982563019
0.039,sat,2788.444831609726
