epsilon,result,runtime
0.265,sat,5.885885238647461
0.133,sat,13.163806438446045
0.131,sat,13.764876365661621
0.065,unsat,3181.7450120449066
0.063,cancelled,3174.6725487709045
0.08700000000000001,sat,41.33272862434387
0.107,cancelled,47.24967861175537
0.07300000000000001,sat,44.7208468914032
0.079,cancelled,51.380552530288696
0.079,sat,45.03095459938049
0.069,sat,41.63508677482605
0.067,sat,2570.9924852848053
