epsilon,result,runtime
0.265,sat,3.533168315887451
0.133,sat,4.566934108734131
0.131,sat,4.443568229675293
0.063,sat,24.426479816436768
0.065,cancelled,34.59204077720642
0.021,unsat,4.009046316146851
0.041,unsat,2957.4890682697296
0.043000000000000003,unsat,3245.8511061668396
0.053000000000000005,unsat,3409.4558761119843
0.051000000000000004,cancelled,3119.450927734375
0.059000000000000004,sat,122.80335736274719
0.057,sat,524.9037673473358
0.055,sat,3317.21613574028
