epsilon,result,runtime
0.265,sat,8.494619607925415
0.133,sat,12.802747011184692
0.131,sat,13.343428373336792
0.065,sat,55.52617359161377
0.063,sat,65.85127401351929
0.031,unsat,3408.8249418735504
0.029,cancelled,3391.2217383384705
0.051000000000000004,sat,120.6046838760376
0.041,unsat,2769.760882139206
0.039,cancelled,2649.1287236213684
0.045,sat,64.47446036338806
0.047,cancelled,74.40751767158508
0.043000000000000003,unsat,2437.5528984069824
