epsilon,result,runtime
0.133,sat,4.703209400177002
0.265,cancelled,8.988832235336304
0.08700000000000001,sat,29.841840505599976
0.043000000000000003,unsat,3040.4298532009125
0.041,cancelled,3010.6572110652924
0.057,unsat,3224.7851955890656
0.07100000000000001,timeout,3600
0.07300000000000001,unsat,3330.7198848724365
0.069,cancelled,2968.49910736084
0.077,sat,55.482255935668945
0.081,cancelled,61.242053747177124
0.075,sat,41.34028625488281
