epsilon,result,runtime
0.265,sat,8.695266246795654
0.133,sat,11.281476259231567
0.131,sat,11.562145471572876
0.065,sat,80.70719313621521
0.063,sat,72.98653173446655
0.029,unsat,2730.0366785526276
0.031,timeout,3600
0.047,timeout,3600
0.049,sat,689.9204459190369
0.045,timeout,3600
0.037000000000000005,unsat,2318.157616376877
0.039,timeout,3600
0.041,timeout,3600
0.043000000000000003,timeout,3600
