epsilon,result,runtime
0.265,sat,4.786405801773071
0.133,sat,14.307696104049683
0.131,sat,14.664949655532837
0.065,unsat,3005.291724920273
0.063,cancelled,3000.146258354187
0.08700000000000001,sat,44.454710245132446
0.107,cancelled,49.84516406059265
0.079,sat,44.55606389045715
0.07300000000000001,sat,44.5735969543457
0.07100000000000001,sat,66.25386261940002
0.067,unsat,3021.285094022751
0.069,unsat,3204.481307029724
