epsilon,result,runtime
0.265,sat,4.621804714202881
0.133,sat,4.6305131912231445
0.131,sat,4.634449243545532
0.063,unsat,3552.069417953491
0.065,unsat,3563.158057451248
0.097,sat,22.30740189552307
0.099,cancelled,25.53926181793213
0.085,sat,44.43381309509277
0.07300000000000001,unsat,3366.945818424225
0.075,unsat,3426.1826100349426
0.079,sat,41.53780722618103
0.081,cancelled,38.16739010810852
0.077,sat,34.47150158882141
