epsilon,result,runtime
0.265,sat,3.424923896789551
0.133,sat,3.403102397918701
0.131,sat,3.380826711654663
0.065,sat,39.066250801086426
0.063,sat,38.534756660461426
0.031,unsat,3092.1067130565643
0.029,cancelled,3089.4014945030212
0.041,unsat,3226.390444993973
0.051000000000000004,unsat,3230.3085477352142
0.053000000000000005,sat,54.477373361587524
0.057,cancelled,56.14166259765625
