epsilon,result,runtime
0.265,sat,5.375349760055542
0.133,sat,11.252029180526733
0.131,sat,11.518995523452759
0.065,sat,33.52379107475281
0.063,sat,35.15077447891235
0.031,unsat,3217.99422621727
0.029,cancelled,3211.1159007549286
0.051000000000000004,sat,162.52353692054749
0.041,unsat,3190.6302638053894
0.039,cancelled,3028.3250255584717
0.047,sat,66.39169239997864
0.045,sat,104.6868097782135
0.043000000000000003,sat,270.90900349617004
