epsilon,result,runtime
0.265,sat,4.724507093429565
0.133,sat,18.328679084777832
0.131,sat,52.59467387199402
0.063,unsat,2983.1690018177032
0.097,sat,31.177590370178223
0.081,sat,63.65966725349426
0.065,unsat,3531.655786037445
0.07300000000000001,unsat,2971.586343050003
0.07100000000000001,cancelled,2580.0785846710205
0.075,sat,78.64795780181885
0.077,cancelled,83.90579295158386
