epsilon,result,runtime
0.133,sat,4.726518869400024
0.265,cancelled,8.888168334960938
0.265,sat,4.757119655609131
0.08700000000000001,sat,6.105596542358398
0.043000000000000003,sat,10.55796194076538
0.041,sat,87.06457018852234
0.019000000000000003,unsat,3165.2205374240875
0.021,unsat,3322.1845083236694
0.031,unsat,3144.4367356300354
0.029,cancelled,2906.5267820358276
0.037000000000000005,sat,19.34991765022278
0.035,sat,220.4153265953064
0.033,sat,462.15295791625977
