epsilon,result,runtime
0.133,sat,4.7104408740997314
0.265,cancelled,8.689059495925903
0.265,sat,4.714661359786987
0.08700000000000001,sat,18.577502250671387
0.041,unsat,3071.696131706238
0.065,sat,40.555580615997314
0.053000000000000005,sat,40.19693470001221
0.043000000000000003,unsat,3343.9264891147614
0.049,sat,350.6982789039612
0.047,unsat,2995.3840460777283
0.045,cancelled,2490.397956609726
