epsilon,result,runtime
0.265,sat,4.714102506637573
0.133,sat,4.705527305603027
0.131,sat,4.5883378982543945
0.065,sat,31.728981971740723
0.063,sat,31.44304323196411
0.031,unsat,2962.1262590885162
0.029,cancelled,2958.5136852264404
0.051000000000000004,sat,41.167991399765015
0.039,unsat,3216.1319918632507
0.041,sat,3526.1241018772125
0.045,cancelled,261.70383191108704
