epsilon,result,runtime
0.265,sat,3.5346577167510986
0.133,sat,4.536940336227417
0.131,sat,4.289563179016113
0.065,sat,11.213121891021729
0.063,sat,12.592548370361328
0.029,unsat,3545.499169111252
0.047,sat,32.91460943222046
0.031,timeout,3600
0.039,sat,499.27511858940125
0.037000000000000005,timeout,3600
0.033,timeout,3600
0.035,unsat,3305.1781158447266
