epsilon,result,runtime
0.265,sat,8.188281536102295
0.133,sat,10.64426302909851
0.131,sat,10.294821500778198
0.065,sat,54.35897493362427
0.063,sat,62.90410828590393
0.031,timeout,3600
0.029,timeout,3600
0.027000000000000003,unsat,2895.367262840271
0.047,sat,63.58309483528137
0.033,timeout,3600
0.041,sat,727.4097609519958
0.039,timeout,3600
0.035,timeout,3600
0.037000000000000005,timeout,3600
