epsilon,result,runtime
0.265,sat,8.24626350402832
0.133,sat,9.158735513687134
0.131,sat,9.394994497299194
0.065,sat,87.51310276985168
0.063,sat,90.2255322933197
0.031,timeout,3600
0.029,timeout,3600
0.033,timeout,3600
0.027000000000000003,timeout,3600
0.035,timeout,3600
0.025,timeout,3600
0.023,unsat,2837.4103722572327
0.049,sat,63.15528464317322
0.037000000000000005,timeout,3600
0.043000000000000003,timeout,3600
0.045,sat,89.16067457199097
0.041,timeout,3600
0.039,timeout,3600
