epsilon,result,runtime
0.265,sat,9.431453466415405
0.133,sat,28.81765389442444
0.131,sat,28.169421195983887
0.065,timeout,3600
0.063,timeout,3600
0.067,sat,113.71024942398071
0.061,unsat,2871.156261444092
0.029,cancelled,2771.5591011047363
