epsilon,result,runtime
0.133,sat,5.797348499298096
0.265,cancelled,11.487346649169922
0.08700000000000001,sat,10.322285175323486
0.043000000000000003,sat,90.06461119651794
0.041,sat,83.0853579044342
0.019000000000000003,unsat,1763.5692744255066
0.021,timeout,3600
0.031,unsat,3486.272894382477
0.029,cancelled,1656.4994168281555
0.037000000000000005,sat,462.79217767715454
0.035,unsat,2919.4629373550415
0.033,cancelled,2456.8948278427124
