epsilon,result,runtime
0.265,sat,4.381181478500366
0.133,sat,4.401825428009033
0.131,sat,6.042520999908447
0.065,sat,16.39171314239502
0.063,sat,16.961044788360596
0.029,unsat,3187.1856586933136
0.047,sat,360.8983254432678
0.031,timeout,3600
0.039,unsat,3021.6309747695923
0.037000000000000005,cancelled,2998.951329946518
0.043000000000000003,unsat,3158.7586002349854
0.041,cancelled,3164.6995389461517
0.045,sat,324.68927097320557
