epsilon,result,runtime
0.265,sat,8.978846788406372
0.133,sat,12.772747278213501
0.131,sat,12.525870323181152
0.065,sat,51.238558530807495
0.063,sat,50.897093534469604
0.029,unsat,3121.4142327308655
0.047,sat,92.28976678848267
0.031,timeout,3600
0.039,timeout,3600
0.037000000000000005,timeout,3600
0.041,timeout,3600
0.035,timeout,3600
0.043000000000000003,timeout,3600
0.045,sat,110.59919857978821
0.033,timeout,3600
