epsilon,result,runtime
0.265,sat,4.330583333969116
0.133,sat,5.436319828033447
0.131,sat,5.446321725845337
0.063,sat,38.43888545036316
0.065,cancelled,51.24522089958191
0.021,unsat,3.901029109954834
0.043000000000000003,sat,387.5326633453369
0.041,unsat,3403.661778688431
0.031,cancelled,3007.285033226013
