epsilon,result,runtime
0.265,sat,4.640322923660278
0.133,sat,4.6159446239471436
0.131,sat,8.840332984924316
0.065,sat,20.357099294662476
0.063,sat,20.4871346950531
0.031,unsat,2974.20254945755
0.029,cancelled,2965.025204181671
0.051000000000000004,unsat,3319.6301414966583
0.041,cancelled,3325.9566011428833
0.057,sat,33.304964542388916
0.055,sat,36.19468379020691
0.053000000000000005,sat,20.934959173202515
