epsilon,result,runtime
0.133,sat,5.790995359420776
0.265,cancelled,11.51443362236023
0.043000000000000003,sat,5.77006459236145
0.08700000000000001,cancelled,10.720768690109253
0.027000000000000003,sat,5.826131343841553
0.013000000000000001,sat,7.470389127731323
0.011,sat,7.137135982513428
0.005,unsat,5.031079530715942
0.003,cancelled,0.15941667556762695
0.009000000000000001,sat,9.125086784362793
0.007,unsat,64.44004201889038
