epsilon,result,runtime
0.133,sat,8.922902345657349
0.265,cancelled,20.194480657577515
0.08700000000000001,sat,13.19793438911438
0.043000000000000003,sat,14.592108964920044
0.019000000000000003,sat,9.22560453414917
0.041,cancelled,21.128670930862427
0.005,unsat,7.784115314483643
0.011,unsat,304.7085828781128
0.015,sat,26.5530686378479
0.013000000000000001,unsat,3519.853253364563
