epsilon,result,runtime
0.265,sat,8.907955884933472
0.133,sat,23.37415313720703
0.131,sat,25.673512935638428
0.065,sat,65.39557790756226
0.063,sat,102.53347873687744
0.031,timeout,3600
0.029,timeout,3600
0.027000000000000003,unsat,3076.142609834671
0.033,timeout,3600
0.047,timeout,3600
0.049,timeout,3600
0.045,unsat,2549.8443253040314
0.051000000000000004,timeout,3600
0.057,timeout,3600
0.055,unsat,3002.427555322647
0.061,sat,113.06824731826782
0.059000000000000004,timeout,3600
