epsilon,result,runtime
0.265,sat,3.235363721847534
0.133,sat,6.843325853347778
0.131,sat,6.99763298034668
0.063,unsat,3152.150503873825
0.097,sat,21.91764998435974
0.081,sat,46.946831703186035
0.07300000000000001,sat,36.58688187599182
0.065,timeout,3600
0.069,timeout,3600
0.067,unsat,3542.7046043872833
0.07100000000000001,sat,706.6348793506622
