epsilon,result,runtime
0.265,sat,6.990610361099243
0.133,sat,9.90612244606018
0.131,sat,9.489805221557617
0.065,sat,49.49311828613281
0.063,sat,49.056962966918945
0.031,unsat,3533.3165488243103
0.029,cancelled,3529.7233123779297
0.051000000000000004,sat,58.792744636535645
0.041,timeout,3600
0.039,timeout,3600
0.037000000000000005,unsat,2378.121424674988
0.047,sat,575.7864263057709
0.043000000000000003,timeout,3600
0.045,sat,545.8338596820831
