epsilon,result,runtime
0.265,sat,4.725921630859375
0.133,sat,5.881169557571411
0.131,sat,5.779302358627319
0.063,sat,45.31270146369934
0.065,cancelled,59.12227702140808
0.021,unsat,54.121591091156006
0.041,unsat,3171.383575439453
0.043000000000000003,unsat,3257.5886878967285
0.053000000000000005,sat,3444.3214585781097
0.051000000000000004,unsat,3396.6084809303284
0.047,cancelled,97.37893199920654
