epsilon,result,runtime
0.265,sat,6.874831438064575
0.133,sat,6.838739395141602
0.131,sat,6.883014440536499
0.065,sat,47.293904542922974
0.063,sat,51.46812677383423
0.031,unsat,2963.9641749858856
0.029,cancelled,2955.9384319782257
0.051000000000000004,sat,396.85192036628723
0.041,unsat,3108.8552734851837
0.039,cancelled,2712.1173758506775
0.047,sat,418.7956483364105
0.045,unsat,3132.0775072574615
0.043000000000000003,cancelled,2713.3883395195007
