epsilon,result,runtime
0.265,sat,8.50157117843628
0.133,sat,11.704243898391724
0.131,sat,10.89988398551941
0.065,sat,57.75046992301941
0.063,sat,54.86777973175049
0.031,timeout,3600
0.029,timeout,3600
0.027000000000000003,unsat,1338.4661531448364
0.033,unsat,3550.121708393097
0.049,sat,66.07049036026001
0.047,timeout,3600
0.039,timeout,3600
0.041,timeout,3600
0.037000000000000005,timeout,3600
0.043000000000000003,timeout,3600
0.035,unsat,2979.9891545772552
0.045,timeout,3600
