epsilon,result,runtime
0.265,sat,4.342398405075073
0.133,sat,4.406816005706787
0.131,sat,4.326449155807495
0.063,sat,45.88321256637573
0.065,cancelled,58.06161379814148
0.021,unsat,3388.58336853981
0.041,timeout,3600
0.043000000000000003,sat,3091.0655596256256
0.039,unsat,3330.1909668445587
0.029,cancelled,446.77866411209106
