epsilon,result,runtime
0.265,sat,4.807358026504517
0.133,sat,6.4488489627838135
0.131,sat,6.125935077667236
0.065,sat,18.604573726654053
0.063,sat,32.31895923614502
0.029,unsat,3418.962261915207
0.047,sat,78.51113653182983
0.031,timeout,3600
0.039,unsat,3079.870654821396
0.037000000000000005,cancelled,3018.189569234848
0.041,sat,325.60434126853943
0.043000000000000003,cancelled,331.45254707336426
