epsilon,result,runtime
0.265,sat,5.840054512023926
0.133,sat,7.5658252239227295
0.131,sat,7.538609981536865
0.065,sat,40.141162633895874
0.063,sat,39.23958706855774
0.029,unsat,2997.670022010803
0.031,unsat,3053.065184354782
0.045,unsat,3126.0503220558167
0.047,unsat,3234.8116507530212
0.055,unsat,3010.1534028053284
0.053000000000000005,cancelled,2949.4572155475616
0.059000000000000004,sat,41.36837363243103
0.057,sat,41.71672081947327
