epsilon,result,runtime
0.265,sat,4.6502156257629395
0.133,sat,5.846851587295532
0.131,sat,6.681985139846802
0.065,sat,34.71383595466614
0.063,sat,30.554752111434937
0.031,unsat,3012.5239527225494
0.029,cancelled,3010.3017201423645
0.051000000000000004,sat,51.1084930896759
0.041,sat,465.3261721134186
0.039,sat,468.20648670196533
0.033,unsat,3005.193467617035
0.035,unsat,3291.271731376648
0.037000000000000005,unsat,3197.1858987808228
