epsilon,result,runtime
0.133,sat,5.866798162460327
0.265,cancelled,11.222972631454468
0.08700000000000001,sat,55.30301356315613
0.043000000000000003,unsat,3212.1552510261536
0.041,cancelled,3156.8302302360535
0.057,sat,52.213287353515625
0.07100000000000001,cancelled,58.43727159500122
0.051000000000000004,unsat,3380.044026851654
0.047,cancelled,3386.984792470932
0.055,sat,709.3072166442871
0.053000000000000005,unsat,3507.979816198349
