epsilon,result,runtime
0.133,sat,7.895313739776611
0.265,cancelled,17.52740788459778
0.08700000000000001,sat,21.46747064590454
0.043000000000000003,sat,77.64478135108948
0.019000000000000003,unsat,42.024587869644165
0.041,sat,554.9768640995026
0.029,unsat,3136.0840022563934
0.031,unsat,3424.934746026993
0.035,unsat,3102.3005912303925
0.039,sat,337.8115885257721
0.037000000000000005,sat,3318.2661321163177
