epsilon,result,runtime
0.133,sat,5.649357557296753
0.265,cancelled,11.274289846420288
0.08700000000000001,sat,15.263273477554321
0.041,sat,485.2422561645508
0.043000000000000003,cancelled,513.0745649337769
0.013000000000000001,unsat,6.100328683853149
0.025,unsat,3121.8019540309906
0.027000000000000003,timeout,3600
0.033,unsat,3547.378291606903
0.035,unsat,3147.748448610306
0.037000000000000005,sat,320.85177755355835
0.039,cancelled,239.28543877601624
