epsilon,result,runtime
0.265,sat,4.7156713008880615
0.133,sat,6.1824951171875
0.131,sat,6.302101373672485
0.065,sat,13.995174407958984
0.063,sat,14.858263969421387
0.029,unsat,2984.852460384369
0.031,unsat,3000.0162358283997
0.047,sat,29.67712950706482
0.045,sat,30.08008050918579
0.037000000000000005,sat,3463.2335982322693
0.039,cancelled,3464.1593520641327
0.033,unsat,3341.424175977707
0.035,unsat,3405.3524153232574
