epsilon,result,runtime
0.265,sat,4.461612224578857
0.133,sat,5.987727403640747
0.131,sat,5.479788541793823
0.065,sat,29.981553554534912
0.063,sat,29.930274486541748
0.029,unsat,543.2149834632874
0.031,unsat,3302.8687880039215
0.047,unsat,3493.751871109009
0.045,cancelled,747.1631543636322
0.057,sat,41.68353199958801
0.051000000000000004,unsat,3156.805366039276
0.055,sat,32.47580099105835
0.053000000000000005,unsat,3407.417421102524
