epsilon,result,runtime
0.133,sat,8.95309567451477
0.265,cancelled,18.885435342788696
0.08700000000000001,sat,29.058497190475464
0.041,unsat,2809.9474878311157
0.065,sat,41.23377561569214
0.053000000000000005,sat,64.40993309020996
0.047,sat,522.0347957611084
0.043000000000000003,timeout,3600
0.045,timeout,3600
