epsilon,result,runtime
0.265,sat,1.302912950515747
0.133,sat,1.427560567855835
0.131,sat,1.3344354629516602
0.065,unsat,3490.30504655838
0.063,cancelled,3489.3302252292633
0.107,sat,1.4281625747680664
0.08700000000000001,sat,1.4227018356323242
0.085,sat,1.434229850769043
0.07300000000000001,unsat,3277.865018606186
0.075,unsat,3494.170461654663
0.081,sat,18.893035650253296
0.079,unsat,3528.649377822876
0.077,cancelled,3298.93248295784
