epsilon,result,runtime
0.265,sat,3.969179153442383
0.133,sat,4.285597801208496
0.131,sat,4.330124616622925
0.065,sat,4.399904251098633
0.063,sat,4.178121328353882
0.031,unsat,5.994812726974487
0.029,cancelled,1.998279094696045
0.041,sat,4.5690624713897705
0.051000000000000004,cancelled,7.318381309509277
0.035,unsat,265.422048330307
0.039,sat,10.514062404632568
0.037000000000000005,unsat,444.7531626224518
