epsilon,result,runtime
0.133,sat,4.5196592807769775
0.265,cancelled,7.243842124938965
0.265,sat,4.499689817428589
0.043000000000000003,sat,4.404195547103882
0.08700000000000001,cancelled,7.183508396148682
0.013000000000000001,unsat,3.826589584350586
0.027000000000000003,unsat,3.842421531677246
0.035,unsat,3.7791311740875244
0.029,cancelled,6.571720600128174
0.029,unsat,3.806845188140869
0.037000000000000005,unsat,9.172120809555054
0.041,sat,4.113807678222656
0.039,unsat,21.099766969680786
