epsilon,result,runtime
0.265,sat,1.488555908203125
0.133,sat,2.0434231758117676
0.131,sat,2.0437610149383545
0.065,sat,2.007598400115967
0.031,unsat,1.202305793762207
0.063,sat,1.9877941608428955
0.045,unsat,364.60696840286255
0.055,sat,1.3432807922363281
0.047,unsat,1327.843207359314
0.051000000000000004,timeout,3600
0.053000000000000005,sat,21.376288175582886
0.049,unsat,2941.227638721466
