epsilon,result,runtime
0.265,sat,0.9244427680969238
0.133,sat,1.1442675590515137
0.131,sat,0.6770331859588623
0.065,sat,0.840341329574585
0.063,sat,0.2625136375427246
0.031,unsat,0.2366034984588623
0.029,cancelled,0.4651217460632324
0.041,unsat,0.8061211109161377
0.051000000000000004,sat,2.3269853591918945
0.053000000000000005,cancelled,1.647632122039795
0.045,unsat,35.51844549179077
0.047,unsat,42.35788106918335
0.049,sat,3.710721731185913
