epsilon,result,runtime
0.265,sat,0.8404819965362549
0.133,sat,1.1694269180297852
0.131,sat,1.1683096885681152
0.065,sat,1.3085007667541504
0.063,sat,0.7459557056427002
0.031,sat,0.7764739990234375
0.029,sat,0.72054123878479
0.013000000000000001,unsat,0.6314671039581299
0.015,unsat,0.4872703552246094
0.021,unsat,88.28170943260193
0.025,sat,6.907261371612549
0.023,unsat,103.56237530708313
