epsilon,result,runtime
0.265,sat,4.449699878692627
0.133,sat,4.478745460510254
0.131,sat,4.338233470916748
0.065,sat,4.530528783798218
0.031,unsat,3.825805187225342
0.063,sat,4.26228666305542
0.045,unsat,3184.710033893585
0.055,sat,4.555168390274048
0.051000000000000004,sat,6.937594175338745
0.049,sat,143.22440242767334
0.047,unsat,3524.9959144592285
