epsilon,result,runtime
0.265,sat,0.8774163722991943
0.133,sat,1.2408545017242432
0.131,sat,0.6305010318756104
0.065,sat,0.7404141426086426
0.063,sat,0.49755096435546875
0.031,sat,0.5427913665771484
0.029,sat,0.46167683601379395
0.013000000000000001,unsat,2.7608869075775146
0.021,sat,4.879908800125122
0.015,unsat,38.087462425231934
0.019000000000000003,sat,33.17724275588989
0.017,unsat,67.16118741035461
