epsilon,result,runtime
0.265,sat,0.6349868774414062
0.133,sat,0.9341306686401367
0.131,sat,1.149263858795166
0.065,sat,1.1083698272705078
0.031,sat,0.9034867286682129
0.063,cancelled,3.9517083168029785
0.019000000000000003,unsat,0.5079293251037598
0.009000000000000001,cancelled,3.2763872146606445
0.023,unsat,13.937538862228394
0.027000000000000003,sat,0.9201695919036865
0.025,unsat,22.5862717628479
