epsilon,result,runtime
0.265,sat,0.8989436626434326
0.133,sat,1.2324044704437256
0.131,sat,1.3127458095550537
0.065,sat,1.3680098056793213
0.063,sat,1.0724716186523438
0.029,unsat,82.16519212722778
0.031,unsat,88.67573761940002
0.047,sat,0.7039084434509277
0.045,sat,109.63641238212585
0.037000000000000005,unsat,588.4516789913177
0.041,sat,709.0388565063477
0.039,unsat,1245.93093252182
