epsilon,result,runtime
0.133,sat,1.4063456058502197
0.265,cancelled,4.378195524215698
0.265,sat,1.4499564170837402
0.08700000000000001,sat,1.6071569919586182
0.041,unsat,3.5997731685638428
0.043000000000000003,unsat,11.055759906768799
0.065,sat,1.8141906261444092
0.063,sat,31.85541820526123
0.051000000000000004,unsat,67.89019751548767
0.053000000000000005,unsat,109.91400980949402
0.059000000000000004,sat,47.842915058135986
0.057,unsat,104.60453486442566
0.055,cancelled,47.28852105140686
