epsilon,result,runtime
0.265,sat,3.8488855361938477
0.133,sat,3.892056941986084
0.131,sat,3.510193347930908
0.065,sat,4.114081382751465
0.063,sat,4.073679447174072
0.031,sat,4.012754917144775
0.029,sat,3.944145441055298
0.013000000000000001,unsat,3.571270704269409
0.015,unsat,3.5651674270629883
0.023,sat,4.064658880233765
0.017,unsat,3.832937717437744
0.021,unsat,22.39561176300049
0.019000000000000003,cancelled,5.042991399765015
