epsilon,result,runtime
0.265,sat,3.872523069381714
0.133,sat,4.2160804271698
0.131,sat,4.410283803939819
0.065,sat,4.300339937210083
0.063,sat,4.192507743835449
0.029,unsat,705.7179610729218
0.047,sat,4.528414726257324
0.039,sat,4.639588356018066
0.035,sat,4.670387268066406
0.031,unsat,1672.3099477291107
0.033,unsat,3575.194550037384
