epsilon,result,runtime
0.265,sat,4.569281339645386
0.133,sat,5.239037752151489
0.131,sat,5.37077784538269
0.065,sat,5.225428819656372
0.031,sat,4.457076072692871
0.063,cancelled,8.335092544555664
0.063,sat,5.1611082553863525
0.009000000000000001,unsat,4.283954381942749
0.021,sat,4.542924880981445
0.013000000000000001,unsat,4.338569164276123
0.015,unsat,4.361253499984741
0.019000000000000003,unsat,36.55346369743347
0.017,cancelled,5.903776168823242
