epsilon,result,runtime
0.265,sat,4.6559083461761475
0.133,sat,5.131473779678345
0.131,sat,5.313975811004639
0.065,sat,5.200854778289795
0.063,sat,5.349807024002075
0.029,unsat,37.93291640281677
0.031,unsat,52.52371668815613
0.047,sat,939.3393292427063
0.037000000000000005,unsat,210.9788203239441
0.045,sat,1698.1053891181946
0.041,unsat,545.1416611671448
0.039,cancelled,0.5069077014923096
0.043000000000000003,unsat,314.6515896320343
