epsilon,result,runtime
0.265,sat,3.964157819747925
0.133,sat,6.001249551773071
0.131,sat,25.897748231887817
0.065,unsat,3439.7565412521362
0.063,cancelled,3415.598644733429
0.107,sat,5.335755825042725
0.08700000000000001,sat,5.5166542530059814
0.085,sat,5.334235668182373
0.075,sat,25.716911792755127
0.07300000000000001,sat,23.535561084747314
0.069,sat,103.37017750740051
0.067,unsat,3548.489913225174
