epsilon,result,runtime
0.133,sat,1.0487847328186035
0.265,cancelled,4.076290130615234
0.265,sat,1.0432782173156738
0.043000000000000003,sat,1.1945359706878662
0.08700000000000001,cancelled,3.8967177867889404
0.013000000000000001,unsat,0.7500460147857666
0.027000000000000003,unsat,3.249997615814209
0.029,unsat,33.116063833236694
0.035,unsat,715.6878674030304
0.039,sat,1.0027894973754883
0.037000000000000005,unsat,801.1434819698334
