epsilon,result,runtime
0.265,sat,0.7111589908599854
0.133,sat,1.0753698348999023
0.131,sat,1.0709407329559326
0.065,sat,1.2040884494781494
0.063,sat,0.8631584644317627
0.029,unsat,44.8562114238739
0.047,sat,1.4426627159118652
0.031,unsat,65.63960838317871
0.039,sat,11.752825021743774
0.037000000000000005,sat,1.127526044845581
0.035,sat,57.72020411491394
0.033,unsat,80.75652050971985
