epsilon,result,runtime
0.265,sat,0.9749701023101807
0.133,sat,1.3051512241363525
0.131,sat,1.048949956893921
0.065,sat,1.0695133209228516
0.063,sat,1.3459951877593994
0.029,unsat,3.567140817642212
0.047,sat,1.5474388599395752
0.031,unsat,13.610821008682251
0.039,unsat,3469.982890367508
0.037000000000000005,cancelled,3471.875154018402
0.043000000000000003,sat,44.89576768875122
0.041,unsat,3506.925708055496
