epsilon,result,runtime
0.265,sat,4.089277982711792
0.133,sat,4.317644119262695
0.131,sat,4.465619087219238
0.065,sat,4.450633525848389
0.063,sat,4.533592939376831
0.031,unsat,6.9381890296936035
0.029,cancelled,2.391249418258667
0.051000000000000004,sat,16.85979127883911
0.039,unsat,2149.9136102199554
0.045,sat,21.50122380256653
0.043000000000000003,sat,317.15529227256775
0.041,unsat,3530.713224887848
