epsilon,result,runtime
0.265,sat,3.8686165809631348
0.133,sat,4.282499074935913
0.131,sat,4.417734861373901
0.065,sat,4.403271913528442
0.031,sat,3.911959409713745
0.063,cancelled,7.02972149848938
0.019000000000000003,sat,3.883251428604126
0.009000000000000001,unsat,3.8303449153900146
0.007,cancelled,0.0213165283203125
0.013000000000000001,unsat,4.213141441345215
0.017,sat,3.832709312438965
0.015,unsat,12.831193208694458
