epsilon,result,runtime
0.133,sat,5.40022087097168
0.265,cancelled,9.285300493240356
0.043000000000000003,unsat,4.534271240234375
0.089,sat,40.76599979400635
0.08700000000000001,sat,76.56377339363098
0.063,unsat,78.2113311290741
0.065,unsat,118.8917179107666
0.075,unsat,973.2607645988464
0.077,unsat,1786.025360584259
0.081,unsat,3478.279082298279
0.083,unsat,3524.554573059082
0.085,unsat,3553.1390438079834
