epsilon,result,runtime
0.265,sat,1.3032467365264893
0.133,sat,1.3303499221801758
0.131,sat,1.2830352783203125
0.065,sat,1.3576197624206543
0.031,unsat,0.7854800224304199
0.063,sat,1.1573894023895264
0.047,sat,1.3986411094665527
0.045,sat,1.4336979389190674
0.037000000000000005,unsat,132.56877160072327
0.039,unsat,505.59648060798645
0.043000000000000003,sat,1.4475278854370117
0.041,sat,411.6148545742035
