epsilon,result,runtime
0.133,sat,1.4789586067199707
0.265,cancelled,4.431648254394531
0.265,sat,1.4480993747711182
0.08700000000000001,sat,1.36423659324646
0.043000000000000003,sat,4.373671293258667
0.041,sat,3.2504563331604004
0.019000000000000003,unsat,0.6237931251525879
0.021,unsat,0.414029598236084
0.031,unsat,0.6060988903045654
0.029,cancelled,0.37520670890808105
0.035,unsat,24.838733434677124
0.037000000000000005,unsat,36.73300099372864
0.039,unsat,14.41456651687622
