epsilon,result,runtime
0.133,sat,4.446397304534912
0.265,cancelled,7.447154521942139
0.265,sat,4.450328588485718
0.043000000000000003,unsat,3.6531870365142822
0.08700000000000001,sat,4.023566484451294
0.089,cancelled,0.5224268436431885
0.07100000000000001,sat,5.187318801879883
0.055,unsat,43.71565246582031
0.057,unsat,81.45249629020691
0.065,sat,12.669389247894287
0.059000000000000004,unsat,239.6890938282013
0.061,unsat,685.818794965744
0.063,unsat,975.5651559829712
