epsilon,result,runtime
0.265,sat,0.6831159591674805
0.133,sat,1.0868597030639648
0.131,sat,0.3162686824798584
0.065,sat,0.686845064163208
0.063,sat,0.39046382904052734
0.031,sat,0.778921365737915
0.029,sat,0.6976461410522461
0.013000000000000001,unsat,0.5351197719573975
0.015,unsat,0.5373849868774414
0.023,sat,1.5366601943969727
0.017,unsat,3.4795660972595215
0.019000000000000003,unsat,21.48331069946289
0.021,unsat,54.17510461807251
