epsilon,result,runtime
0.133,sat,1.2507407665252686
0.265,cancelled,4.207543134689331
0.043000000000000003,sat,1.350687026977539
0.08700000000000001,cancelled,4.067296028137207
0.013000000000000001,unsat,0.7994928359985352
0.027000000000000003,unsat,41.1749529838562
0.035,sat,1.4287700653076172
0.031,sat,41.07110571861267
0.029,unsat,90.5796730518341
