epsilon,result,runtime
0.265,sat,0.8687663078308105
0.133,sat,1.193274736404419
0.131,sat,1.2702817916870117
0.065,sat,1.3248937129974365
0.063,sat,1.335906982421875
0.031,sat,1.369964838027954
0.013000000000000001,unsat,0.6679577827453613
0.029,sat,0.913762092590332
0.021,sat,25.922444105148315
0.019000000000000003,unsat,27.635713577270508
0.015,cancelled,1.7195448875427246
