epsilon,result,runtime
0.265,sat,3.9705021381378174
0.133,sat,4.374527454376221
0.131,sat,4.3853654861450195
0.065,sat,4.336514472961426
0.063,sat,4.168973922729492
0.031,unsat,5.079773187637329
0.029,cancelled,1.1723873615264893
0.051000000000000004,sat,4.51817512512207
0.039,unsat,117.16538166999817
0.045,sat,14.602217435836792
0.041,unsat,836.818665266037
0.043000000000000003,unsat,892.8338103294373
