epsilon,result,runtime
0.265,sat,4.6104114055633545
0.133,sat,5.172339916229248
0.131,sat,5.276706695556641
0.065,sat,5.3538501262664795
0.031,unsat,4.355488061904907
0.063,sat,5.113601207733154
0.045,unsat,695.7461242675781
0.055,sat,4.5295326709747314
0.051000000000000004,sat,47.56402111053467
0.047,unsat,1162.5679817199707
0.049,unsat,1314.9582047462463
