epsilon,result,runtime
0.265,sat,0.985651969909668
0.133,sat,1.2953035831451416
0.131,sat,0.935096263885498
0.065,sat,1.0683856010437012
0.063,sat,0.495647668838501
0.031,sat,2.2251787185668945
0.013000000000000001,unsat,0.8248031139373779
0.029,sat,5.69225549697876
0.019000000000000003,unsat,8.482039451599121
0.021,unsat,14.286489486694336
0.023,unsat,55.59259009361267
0.027000000000000003,sat,12.56649374961853
0.025,unsat,76.47243475914001
