epsilon,result,runtime
0.265,sat,0.9057333469390869
0.133,sat,1.2565507888793945
0.131,sat,0.6491172313690186
0.065,sat,1.0105035305023193
0.063,sat,0.519413948059082
0.031,unsat,0.9711759090423584
0.029,cancelled,1.1665973663330078
0.051000000000000004,sat,1.362241506576538
0.039,unsat,1539.0971109867096
0.045,sat,58.56503462791443
0.041,unsat,3449.4107444286346
0.043000000000000003,unsat,3562.3044934272766
