epsilon,result,runtime
0.265,sat,3.805068016052246
0.133,sat,4.167888164520264
0.131,sat,4.5606889724731445
0.065,sat,4.396355152130127
0.063,sat,4.479076385498047
0.031,unsat,3465.8065724372864
0.029,cancelled,3461.906217813492
0.041,sat,4.368592023849487
0.051000000000000004,cancelled,7.4411780834198
0.037000000000000005,sat,4.353781461715698
0.035,sat,4.4578070640563965
0.033,sat,3.3493826389312744
