epsilon,result,runtime
0.265,sat,0.8910324573516846
0.133,sat,1.2368512153625488
0.131,sat,0.6942591667175293
0.065,sat,1.075880765914917
0.063,sat,0.9542946815490723
0.029,unsat,86.82871317863464
0.047,sat,0.9145913124084473
0.039,sat,1.388092279434204
0.031,unsat,100.32527732849121
0.035,sat,0.6392488479614258
0.033,unsat,35.95190954208374
