epsilon,result,runtime
0.265,sat,0.857762336730957
0.133,sat,1.0858283042907715
0.131,sat,1.3498866558074951
0.065,sat,1.3950605392456055
0.063,sat,1.0054163932800293
0.031,sat,1.0525538921356201
0.029,sat,0.9487781524658203
0.013000000000000001,sat,0.8077750205993652
0.015,cancelled,0.23310160636901855
0.003,unsat,1.176609754562378
0.007,sat,1.272566795349121
0.009000000000000001,cancelled,0.15093183517456055
0.005,unsat,0.675006628036499
