epsilon,result,runtime
0.133,sat,1.4334776401519775
0.265,cancelled,4.509767770767212
0.08700000000000001,sat,2.3371169567108154
0.043000000000000003,sat,2.3579792976379395
0.019000000000000003,sat,1.5028631687164307
0.041,cancelled,4.55050802230835
0.005,unsat,1.1735856533050537
0.011,sat,1.3564081192016602
0.013000000000000001,cancelled,0.22858953475952148
0.007,unsat,1.6256630420684814
0.009000000000000001,sat,7.812098979949951
