epsilon,result,runtime
0.265,sat,0.8455774784088135
0.133,sat,1.1523594856262207
0.131,sat,1.407048225402832
0.065,sat,1.3848843574523926
0.063,sat,1.2623562812805176
0.031,sat,1.3984525203704834
0.013000000000000001,unsat,0.7726144790649414
0.029,sat,0.9160504341125488
0.019000000000000003,unsat,43.936362504959106
0.025,sat,1.543217658996582
0.023,sat,5.949501037597656
0.021,unsat,60.28909349441528
