epsilon,result,runtime
0.265,sat,0.9148941040039062
0.133,sat,1.2149131298065186
0.131,sat,1.0891156196594238
0.065,sat,1.303619384765625
0.063,sat,0.7486276626586914
0.031,sat,0.7467131614685059
0.029,sat,0.5664489269256592
0.013000000000000001,unsat,0.6353776454925537
0.015,unsat,0.4073143005371094
0.021,unsat,21.789262294769287
0.025,sat,24.265275955200195
0.023,unsat,46.099201679229736
