epsilon,result,runtime
0.265,sat,0.8136494159698486
0.133,sat,1.1629040241241455
0.131,sat,1.0445914268493652
0.065,sat,1.201589822769165
0.063,sat,0.6434924602508545
0.031,sat,0.6132059097290039
0.029,sat,0.31034302711486816
0.013000000000000001,unsat,0.33712100982666016
0.021,sat,0.9394640922546387
0.015,unsat,3.7487618923187256
0.019000000000000003,sat,0.9878706932067871
0.017,unsat,5.150927305221558
