epsilon,result,runtime
0.265,sat,0.9453184604644775
0.133,sat,1.2489721775054932
0.131,sat,1.1195812225341797
0.065,sat,1.2955710887908936
0.063,sat,0.35640478134155273
0.031,sat,0.427945613861084
0.029,sat,0.3231821060180664
0.013000000000000001,unsat,0.4425992965698242
0.015,unsat,0.4710698127746582
0.023,sat,0.941880464553833
0.021,sat,5.410350799560547
0.017,unsat,0.9533636569976807
0.019000000000000003,unsat,1.1982038021087646
