epsilon,result,runtime
0.265,sat,29.84475302696228
0.131,sat,22.215296030044556
0.133,cancelled,57.54494833946228
0.085,sat,12.31293272972107
0.043000000000000003,sat,134.07859992980957
0.019000000000000003,unsat,3.501737117767334
0.029,unsat,31.332130432128906
0.035,unsat,379.0198538303375
0.037000000000000005,unsat,2414.547936439514
0.041,unsat,3519.4509093761444
0.039,cancelled,559.5041625499725
