epsilon,result,runtime
0.265,sat,0.9231240749359131
0.133,sat,1.2723608016967773
0.131,sat,0.6965866088867188
0.065,sat,0.8764462471008301
0.063,sat,1.2233898639678955
0.031,sat,0.8533680438995361
0.013000000000000001,unsat,0.7433650493621826
0.029,sat,0.8420908451080322
0.019000000000000003,unsat,62.963549852371216
0.025,sat,0.9184937477111816
0.023,sat,0.7858283519744873
0.021,unsat,77.28411984443665
