epsilon,result,runtime
0.265,sat,0.6107072830200195
0.133,sat,1.0234274864196777
0.131,sat,0.8139364719390869
0.065,sat,1.0586135387420654
0.063,sat,0.6270570755004883
0.031,sat,0.5937690734863281
0.013000000000000001,unsat,0.8007287979125977
0.029,sat,3.8880224227905273
0.021,unsat,0.23595142364501953
0.019000000000000003,cancelled,0.4890260696411133
0.023,unsat,0.7255840301513672
0.025,unsat,1.870405912399292
0.027000000000000003,unsat,1.1498031616210938
