epsilon,result,runtime
0.265,sat,4.662572145462036
0.133,sat,5.1595799922943115
0.131,sat,5.419069290161133
0.065,sat,5.366919755935669
0.063,sat,5.417080402374268
0.029,unsat,9.206131935119629
0.031,unsat,41.418914556503296
0.047,sat,231.97161030769348
0.037000000000000005,unsat,231.2421429157257
0.041,unsat,489.84527039527893
0.043000000000000003,unsat,601.804797410965
0.045,unsat,1599.3380317687988
