epsilon,result,runtime
0.265,sat,0.9022870063781738
0.133,sat,1.3025786876678467
0.131,sat,0.6331405639648438
0.065,sat,0.7846784591674805
0.063,sat,0.6013579368591309
0.029,unsat,79.61050057411194
0.047,sat,12.473639249801636
0.039,sat,7.882807970046997
0.031,unsat,235.18718814849854
0.033,unsat,1661.6515247821808
0.037000000000000005,sat,18.421269416809082
0.035,unsat,3433.1722464561462
