epsilon,result,runtime
0.133,sat,12.379096269607544
0.265,cancelled,15.369211912155151
0.08700000000000001,sat,20.887580156326294
0.043000000000000003,sat,23.00413417816162
0.041,sat,17.058176040649414
0.019000000000000003,unsat,18.336781978607178
0.031,sat,34.76331639289856
0.021,unsat,116.12426590919495
0.027000000000000003,sat,31.86621856689453
0.023,unsat,820.0370855331421
0.025,unsat,3448.3813197612762
