epsilon,result,runtime
0.265,sat,0.8662116527557373
0.133,sat,1.2221004962921143
0.131,sat,1.0430881977081299
0.065,sat,1.0729742050170898
0.063,sat,0.8542039394378662
0.031,sat,38.44183850288391
0.029,unsat,36.86104679107666
0.013000000000000001,cancelled,1.6882810592651367
