epsilon,result,runtime
0.265,sat,4.184062242507935
0.133,sat,4.457884311676025
0.131,sat,4.269453525543213
0.063,unsat,3344.6875071525574
0.097,sat,4.6529762744903564
0.065,unsat,3566.34383559227
0.079,unsat,440.1510818004608
0.089,sat,6.1561057567596436
0.081,unsat,790.468546628952
0.085,unsat,3498.2236607074738
0.083,cancelled,3366.5397033691406
0.08700000000000001,sat,15.7931547164917
