epsilon,result,runtime
0.265,sat,3.8728785514831543
0.133,sat,4.2607622146606445
0.131,sat,4.207501411437988
0.065,sat,4.449593782424927
0.063,sat,4.170527696609497
0.031,unsat,3.9885165691375732
0.029,cancelled,0.25107741355895996
0.051000000000000004,sat,12.451207399368286
0.041,unsat,60.24029874801636
0.039,cancelled,47.70118021965027
0.045,unsat,1178.6156377792358
0.049,sat,89.64325141906738
0.047,unsat,1349.5321707725525
