epsilon,result,runtime
0.133,sat,1.2994709014892578
0.265,cancelled,4.205726385116577
0.043000000000000003,unsat,0.811286449432373
0.089,unsat,3477.8256154060364
0.08700000000000001,cancelled,3484.9151051044464
0.117,sat,13.144641160964966
0.10300000000000001,sat,13.193153619766235
0.095,sat,28.123810291290283
0.101,cancelled,31.626917839050293
0.091,sat,47.665879249572754
0.093,cancelled,51.25960421562195
