epsilon,result,runtime
0.265,sat,3.9956822395324707
0.133,sat,4.3624491691589355
0.131,sat,4.260339260101318
0.065,sat,4.268527269363403
0.063,sat,4.351576089859009
0.031,sat,4.462273359298706
0.029,sat,4.124789237976074
0.013000000000000001,unsat,14.835674524307251
0.021,sat,4.039171934127808
0.017,sat,4.1062352657318115
0.015,unsat,28.115183353424072
