epsilon,result,runtime
0.265,sat,1.4448177814483643
0.133,sat,2.048203706741333
0.131,sat,2.3817832469940186
0.063,sat,6.985826730728149
0.065,cancelled,16.513651371002197
0.021,unsat,1.5761957168579102
0.041,unsat,1521.9037964344025
0.053000000000000005,sat,3.781712055206299
0.047,sat,725.6963212490082
0.043000000000000003,unsat,3450.157700061798
0.045,unsat,3478.226171016693
