epsilon,result,runtime
0.265,sat,0.8583896160125732
0.133,sat,1.2343766689300537
0.131,sat,1.363818883895874
0.065,sat,1.3491334915161133
0.031,sat,0.9619088172912598
0.063,cancelled,3.9170665740966797
0.063,sat,1.1529016494750977
0.009000000000000001,unsat,0.4214920997619629
0.019000000000000003,unsat,89.08217263221741
0.025,sat,0.93548583984375
0.023,sat,10.299938201904297
0.021,unsat,120.16102170944214
