epsilon,result,runtime
0.133,sat,1.2735025882720947
0.265,cancelled,4.215214729309082
0.08700000000000001,sat,0.8397016525268555
0.043000000000000003,sat,1.0709781646728516
0.041,sat,0.5538539886474609
0.021,sat,0.9389536380767822
0.009000000000000001,unsat,0.7412786483764648
0.013000000000000001,unsat,0.7840526103973389
0.019000000000000003,unsat,12.995166301727295
0.015,cancelled,1.210942029953003
