epsilon,result,runtime
0.265,sat,0.6904881000518799
0.133,sat,1.024740219116211
0.131,sat,0.41597533226013184
0.065,sat,0.7263915538787842
0.063,sat,0.7765510082244873
0.031,sat,0.655076265335083
0.029,sat,0.5131909847259521
0.013000000000000001,unsat,1.743363857269287
0.021,sat,0.9459309577941895
0.015,unsat,3.5437893867492676
0.019000000000000003,sat,1.5728635787963867
0.017,unsat,6.734265089035034
