epsilon,result,runtime
0.265,sat,3.8877222537994385
0.133,sat,4.249115943908691
0.131,sat,4.280443906784058
0.065,sat,4.384966135025024
0.063,sat,4.42809534072876
0.029,unsat,1541.6160044670105
0.047,sat,4.591218948364258
0.039,sat,4.345881223678589
0.035,sat,11.781334400177002
0.033,sat,36.30242323875427
0.031,unsat,3498.824558496475
