epsilon,result,runtime
0.265,sat,3.928633213043213
0.133,sat,4.009227752685547
0.131,sat,3.859898090362549
0.065,sat,4.1907243728637695
0.063,sat,4.207944631576538
0.031,sat,3.9699831008911133
0.029,sat,3.740633249282837
0.013000000000000001,unsat,3.694228172302246
0.015,unsat,3.7468082904815674
0.021,unsat,3.765214681625366
0.023,unsat,6.463202714920044
0.025,unsat,7.5522706508636475
0.027000000000000003,unsat,6.262386798858643
