epsilon,result,runtime
0.265,sat,4.490124464035034
0.133,sat,5.112385034561157
0.131,sat,5.167556285858154
0.065,sat,5.2241528034210205
0.031,unsat,3.762737989425659
0.063,sat,4.354218482971191
0.045,unsat,44.155874490737915
0.047,unsat,55.64070391654968
0.053000000000000005,unsat,1554.199304819107
0.059000000000000004,sat,4.657436847686768
0.055,timeout,3600
0.057,unsat,3566.4600291252136
