epsilon,result,runtime
0.265,sat,3.923539876937866
0.133,sat,4.213764190673828
0.131,sat,4.139675855636597
0.065,sat,4.210721969604492
0.063,sat,4.425097465515137
0.031,sat,4.469796419143677
0.013000000000000001,unsat,4.003168106079102
0.029,sat,4.262907028198242
0.021,sat,19.532609939575195
0.015,unsat,6.449373483657837
0.017,unsat,62.81009125709534
0.019000000000000003,unsat,113.87734484672546
