epsilon,result,runtime
0.265,sat,4.48924708366394
0.133,sat,5.161909818649292
0.131,sat,5.151959419250488
0.065,sat,5.214481830596924
0.063,sat,5.10526180267334
0.031,unsat,4.306613445281982
0.029,cancelled,0.005742549896240234
0.051000000000000004,sat,4.9327075481414795
0.039,unsat,68.47515416145325
0.045,sat,4.571991920471191
0.041,unsat,509.94334864616394
0.043000000000000003,unsat,676.5278162956238
