epsilon,result,runtime
0.265,sat,1.4552302360534668
0.133,sat,1.473099708557129
0.131,sat,1.422978162765503
0.065,sat,2.0413870811462402
0.063,sat,1.959043025970459
0.031,sat,1.3844711780548096
0.013000000000000001,unsat,1.2052521705627441
0.029,sat,1.3507919311523438
0.019000000000000003,unsat,59.60039401054382
0.021,unsat,65.62082886695862
0.025,sat,3.966804027557373
0.023,unsat,237.96616792678833
