epsilon,result,runtime
0.265,sat,0.9210813045501709
0.133,sat,1.247483730316162
0.131,sat,0.7216126918792725
0.065,sat,0.8467087745666504
0.063,sat,0.769993782043457
0.031,sat,0.7059271335601807
0.029,sat,0.4192972183227539
0.013000000000000001,unsat,0.416745662689209
0.015,unsat,0.24466371536254883
0.021,unsat,1.7044432163238525
0.023,unsat,38.08294463157654
0.027000000000000003,sat,48.075997829437256
0.025,unsat,88.59084177017212
