epsilon,result,runtime
0.133,sat,1.5003809928894043
0.265,cancelled,4.47170615196228
0.265,sat,1.4616761207580566
0.043000000000000003,sat,1.446561336517334
0.08700000000000001,cancelled,4.106436491012573
0.08700000000000001,sat,1.3852958679199219
0.013000000000000001,unsat,0.7082095146179199
0.027000000000000003,unsat,3.076420783996582
0.029,unsat,15.32417893409729
0.037000000000000005,sat,154.87698888778687
0.035,unsat,223.12349462509155
0.031,cancelled,52.43285655975342
