epsilon,result,runtime
0.265,sat,4.499802827835083
0.133,sat,4.573117017745972
0.131,sat,4.037874937057495
0.063,unsat,3501.656004190445
0.097,sat,4.599982976913452
0.081,sat,7.584401369094849
0.07300000000000001,sat,6.771311283111572
0.065,unsat,3541.049809217453
0.067,unsat,3510.1605837345123
0.07100000000000001,sat,13.097602128982544
0.069,unsat,3532.853713989258
