epsilon,result,runtime
0.265,sat,20.91842818260193
0.133,sat,22.984583139419556
0.131,sat,20.027109384536743
0.065,sat,39.310282707214355
0.031,unsat,25.950693130493164
0.063,sat,48.20449662208557
0.045,unsat,64.3460967540741
0.047,unsat,68.56200766563416
0.053000000000000005,unsat,302.2138578891754
0.059000000000000004,sat,102.51469588279724
0.055,unsat,411.40194487571716
0.057,sat,7.9181859493255615
