epsilon,result,runtime
0.265,sat,3.8320112228393555
0.133,sat,4.141875505447388
0.131,sat,4.330328702926636
0.065,sat,4.379491090774536
0.063,sat,4.5283215045928955
0.031,sat,4.756552696228027
0.013000000000000001,unsat,3.853550672531128
0.029,sat,7.012978792190552
0.021,unsat,3.6844427585601807
0.019000000000000003,cancelled,3.962045907974243
0.023,unsat,9.375924825668335
0.025,unsat,12.530881404876709
0.027000000000000003,unsat,8.59953761100769
