epsilon,result,runtime
0.265,sat,0.8356420993804932
0.133,sat,1.2192769050598145
0.131,sat,1.172917127609253
0.065,sat,1.3356032371520996
0.031,unsat,0.5525457859039307
0.063,sat,1.0025346279144287
0.047,sat,10.86704969406128
0.045,sat,13.868041515350342
0.037000000000000005,unsat,22.2463858127594
0.039,unsat,39.749939918518066
0.041,unsat,47.006598711013794
0.043000000000000003,unsat,33.12271499633789
