epsilon,result,runtime
0.265,sat,3.908167600631714
0.133,sat,4.2813560962677
0.131,sat,4.422874212265015
0.065,sat,4.4203407764434814
0.031,unsat,3.8044872283935547
0.063,sat,4.1297736167907715
0.045,unsat,9.665937900543213
0.055,sat,4.642489671707153
0.047,unsat,19.700174570083618
0.049,unsat,61.03727054595947
0.051000000000000004,unsat,1352.2496631145477
0.053000000000000005,unsat,2106.182584285736
