epsilon,result,runtime
0.265,sat,0.8167297840118408
0.133,sat,1.1754393577575684
0.131,sat,0.6586418151855469
0.065,sat,0.9148497581481934
0.063,sat,0.5679328441619873
0.031,sat,0.49814462661743164
0.029,sat,0.2984309196472168
0.013000000000000001,unsat,0.48487114906311035
0.015,unsat,0.5330581665039062
0.021,sat,0.330308198928833
0.023,cancelled,0.44515252113342285
0.019000000000000003,sat,1.109649896621704
0.017,unsat,2.4027833938598633
