epsilon,result,runtime
0.265,sat,0.7471654415130615
0.133,sat,1.1441452503204346
0.131,sat,0.9357714653015137
0.065,sat,1.0741965770721436
0.063,sat,1.128978967666626
0.031,sat,1.1445324420928955
0.029,sat,0.79294753074646
0.015,sat,6.399984121322632
0.005,unsat,0.7448885440826416
0.013000000000000001,unsat,14.053975820541382
0.009000000000000001,cancelled,0.3916611671447754
