epsilon,result,runtime
0.265,sat,0.9070589542388916
0.133,sat,1.2727715969085693
0.131,sat,1.2158961296081543
0.065,sat,1.326413631439209
0.063,sat,1.1088953018188477
0.031,sat,1.1108505725860596
0.029,sat,0.6367065906524658
0.013000000000000001,unsat,0.6035189628601074
0.015,unsat,0.5065765380859375
0.021,unsat,10.015267610549927
0.025,sat,0.8788797855377197
0.023,unsat,14.265512943267822
