epsilon,result,runtime
0.265,sat,3.9019620418548584
0.133,sat,4.223978281021118
0.131,sat,4.038853883743286
0.065,sat,5.087048053741455
0.031,unsat,3.9066781997680664
0.063,sat,7.394608974456787
0.045,unsat,1944.9024469852448
0.055,sat,7.4368577003479
0.051000000000000004,sat,35.4981427192688
0.047,unsat,3526.805512189865
0.049,unsat,3557.4530742168427
