epsilon,result,runtime
0.265,sat,3.8944313526153564
0.133,sat,4.2922163009643555
0.131,sat,4.252500057220459
0.065,sat,4.197470664978027
0.063,sat,4.23964786529541
0.031,sat,4.018663644790649
0.013000000000000001,unsat,3.756054162979126
0.029,sat,3.814676523208618
0.019000000000000003,unsat,3.7821788787841797
0.021,unsat,6.105301856994629
0.023,unsat,43.59240221977234
0.027000000000000003,sat,9.867232084274292
0.025,unsat,60.2220778465271
