epsilon,result,runtime
0.265,sat,3.7561402320861816
0.133,sat,4.1396143436431885
0.131,sat,4.361163377761841
0.065,sat,4.324836730957031
0.063,sat,4.510382652282715
0.029,unsat,88.99675297737122
0.047,sat,4.0293965339660645
0.039,sat,19.906118392944336
0.031,unsat,155.1413333415985
0.035,unsat,431.23371958732605
0.033,cancelled,406.3762834072113
0.037000000000000005,unsat,151.1421287059784
