epsilon,result,runtime
0.265,sat,0.8918664455413818
0.133,sat,1.26670503616333
0.131,sat,0.93304443359375
0.065,sat,2.179633140563965
0.063,sat,0.8001301288604736
0.029,unsat,43.96200132369995
0.047,sat,4.750727415084839
0.031,unsat,74.30611658096313
0.037000000000000005,unsat,2916.7052528858185
0.043000000000000003,sat,17.616612911224365
0.041,sat,16.601471424102783
0.039,unsat,3594.1832370758057
