epsilon,result,runtime
0.265,sat,1.4211533069610596
0.133,sat,2.0880515575408936
0.131,sat,1.936486005783081
0.065,sat,1.9702246189117432
0.063,sat,1.5556354522705078
0.031,sat,0.9977869987487793
0.029,sat,0.9352760314941406
0.013000000000000001,unsat,0.8479874134063721
0.015,unsat,0.8146142959594727
0.021,unsat,2.3079023361206055
0.023,unsat,62.8293354511261
0.027000000000000003,sat,12.866878509521484
0.025,unsat,79.02332925796509
