epsilon,result,runtime
0.133,sat,6.590884208679199
0.265,cancelled,9.548960447311401
0.08700000000000001,sat,25.488919019699097
0.041,unsat,3479.7149834632874
0.065,sat,26.266756296157837
0.043000000000000003,unsat,3541.6714606285095
0.053000000000000005,sat,71.95696949958801
0.055,cancelled,72.63291001319885
0.049,sat,76.74818229675293
0.047,sat,77.37638306617737
0.045,sat,83.4682788848877
