epsilon,result,runtime
0.265,sat,4.004999876022339
0.133,sat,4.3831164836883545
0.131,sat,4.352874755859375
0.065,sat,4.310557842254639
0.063,sat,4.4269561767578125
0.029,unsat,59.70658349990845
0.031,unsat,68.80454730987549
0.045,sat,180.4682068824768
0.047,cancelled,185.15403628349304
0.035,unsat,541.9452524185181
0.039,unsat,3589.395942926407
0.041,unsat,3507.679232120514
0.043000000000000003,unsat,3454.7289814949036
