epsilon,result,runtime
0.265,sat,0.9263930320739746
0.133,sat,1.1113739013671875
0.131,sat,1.2262153625488281
0.065,sat,1.4041948318481445
0.063,sat,0.9492626190185547
0.031,unsat,0.770256757736206
0.029,cancelled,0.055539608001708984
0.051000000000000004,sat,1.908301830291748
0.039,unsat,40.368906021118164
0.041,unsat,52.31649851799011
0.045,sat,9.514049530029297
0.047,cancelled,6.719609975814819
0.043000000000000003,sat,1.7852904796600342
