epsilon,result,runtime
0.265,sat,3.8972420692443848
0.133,sat,4.238108396530151
0.131,sat,4.255328416824341
0.065,sat,4.416504859924316
0.063,sat,4.14539647102356
0.031,unsat,3.757598876953125
0.029,cancelled,0.0427548885345459
0.051000000000000004,sat,29.471139430999756
0.041,unsat,32.057677030563354
0.039,cancelled,2.7009904384613037
0.045,unsat,409.63365626335144
0.047,unsat,1641.8902564048767
0.049,unsat,1907.0326206684113
