epsilon,result,runtime
0.265,sat,0.859116792678833
0.133,sat,1.2344205379486084
0.131,sat,0.39072132110595703
0.065,sat,0.9126780033111572
0.063,sat,0.7811577320098877
0.031,unsat,0.30336713790893555
0.029,cancelled,0.4398312568664551
0.041,sat,0.9083287715911865
0.051000000000000004,cancelled,3.736524820327759
0.035,unsat,33.270705461502075
0.037000000000000005,unsat,76.18782663345337
0.039,unsat,143.60398268699646
