epsilon,result,runtime
0.133,sat,4.5341126918792725
0.265,cancelled,7.558770418167114
0.265,sat,4.532761335372925
0.043000000000000003,unsat,3.746434211730957
0.08700000000000001,unsat,2845.5620787143707
0.111,sat,7.497253894805908
0.099,sat,4.6376793384552
0.089,unsat,2976.7450580596924
0.093,unsat,3528.486961364746
0.095,timeout,3600
0.097,unsat,3579.439182281494
