epsilon,result,runtime
0.265,sat,0.8207509517669678
0.133,sat,1.213778018951416
0.131,sat,0.8180141448974609
0.065,sat,0.903174638748169
0.063,sat,1.1639947891235352
0.031,unsat,96.54165005683899
0.029,cancelled,95.6812174320221
0.051000000000000004,sat,1.4167275428771973
0.041,sat,1.4482390880584717
0.039,sat,1.1899802684783936
0.035,sat,1.3662009239196777
0.033,sat,5.323729991912842
