epsilon,result,runtime
0.265,sat,0.7818717956542969
0.133,sat,1.2384364604949951
0.131,sat,0.3668057918548584
0.065,sat,0.6681225299835205
0.063,sat,0.6467952728271484
0.031,unsat,34.31731367111206
0.029,cancelled,34.659833669662476
0.051000000000000004,sat,1.4672656059265137
0.041,sat,2.053248405456543
0.039,sat,1.9716334342956543
0.035,sat,1.4292731285095215
0.033,unsat,54.09235906600952
