epsilon,result,runtime
0.133,sat,1.4453370571136475
0.265,cancelled,4.963163614273071
0.08700000000000001,sat,2.3494646549224854
0.043000000000000003,sat,2.357349157333374
0.019000000000000003,unsat,1.1771538257598877
0.041,sat,1.9603581428527832
0.029,sat,1.0000665187835693
0.031,cancelled,3.3750672340393066
0.025,sat,1.2279078960418701
0.021,unsat,22.38914203643799
0.023,unsat,64.09279131889343
