epsilon,result,runtime
0.265,sat,3.931244134902954
0.133,sat,4.236975431442261
0.131,sat,4.457778215408325
0.065,sat,4.467020511627197
0.063,sat,4.297132253646851
0.031,sat,4.475329637527466
0.013000000000000001,unsat,3.862208843231201
0.029,sat,4.079732418060303
0.021,sat,4.089994430541992
0.019000000000000003,sat,4.525923013687134
0.015,unsat,3.620182514190674
0.017,unsat,4.757082939147949
