epsilon,result,runtime
0.265,sat,4.004271507263184
0.133,sat,4.118023633956909
0.131,sat,4.213953018188477
0.065,sat,4.38781476020813
0.063,sat,4.678374528884888
0.031,unsat,15.35260820388794
0.029,cancelled,10.755406379699707
0.051000000000000004,sat,5.397219181060791
0.041,sat,832.836555480957
0.039,unsat,3463.770151615143
0.035,cancelled,2640.275878429413
