epsilon,result,runtime
0.265,sat,0.9095110893249512
0.133,sat,1.319972276687622
0.131,sat,0.9297127723693848
0.065,sat,0.9570825099945068
0.063,sat,0.9889011383056641
0.031,unsat,2.7990176677703857
0.029,cancelled,2.225586175918579
0.041,unsat,97.83238792419434
0.053000000000000005,sat,9.873073101043701
0.051000000000000004,sat,130.3578143119812
0.045,unsat,787.3649685382843
0.047,unsat,1205.2332692146301
0.049,unsat,635.9494531154633
