epsilon,result,runtime
0.265,sat,3.9515914916992188
0.133,sat,4.235825300216675
0.131,sat,4.438705921173096
0.065,sat,4.428135633468628
0.063,sat,4.383286952972412
0.031,unsat,10.254055500030518
0.029,cancelled,6.02425742149353
0.051000000000000004,sat,39.16861081123352
0.041,unsat,1800.1250200271606
0.039,cancelled,1761.0675756931305
0.045,unsat,3565.5071947574615
0.047,unsat,3575.966651201248
0.049,unsat,3571.983275413513
