epsilon,result,runtime
0.265,sat,3.8601629734039307
0.133,sat,4.247570991516113
0.131,sat,4.267694473266602
0.065,sat,5.499744176864624
0.063,sat,13.500399827957153
0.031,unsat,21.60201668739319
0.029,cancelled,9.537269592285156
0.051000000000000004,sat,25.72719645500183
0.041,sat,77.69224500656128
0.035,unsat,1615.3031899929047
0.039,unsat,3508.414272069931
0.037000000000000005,cancelled,1843.0350596904755
