epsilon,result,runtime
0.265,sat,15.405864238739014
0.133,sat,17.27108645439148
0.131,sat,18.35547137260437
0.065,sat,16.820911407470703
0.031,unsat,9.7378990650177
0.063,sat,10.323934078216553
0.047,sat,16.286783933639526
0.045,sat,20.203047275543213
0.037000000000000005,unsat,54.86539053916931
0.039,unsat,117.75250625610352
0.043000000000000003,sat,18.432723999023438
0.041,unsat,97.7454264163971
