epsilon,result,runtime
0.265,sat,0.8204331398010254
0.133,sat,1.213179349899292
0.131,sat,0.8807628154754639
0.065,sat,1.1193232536315918
0.063,sat,0.3883707523345947
0.031,sat,0.63435959815979
0.029,sat,0.4315207004547119
0.013000000000000001,unsat,0.6141655445098877
0.015,unsat,0.5598788261413574
0.023,sat,0.9985430240631104
0.017,unsat,0.784696102142334
0.019000000000000003,unsat,13.735210657119751
0.021,unsat,25.348188638687134
