epsilon,result,runtime
0.265,sat,1.4207022190093994
0.133,sat,1.4579558372497559
0.131,sat,1.3558986186981201
0.065,sat,2.4927637577056885
0.031,unsat,0.8060765266418457
0.063,sat,4.449030876159668
0.045,unsat,264.5702431201935
0.047,unsat,829.9317860603333
0.055,unsat,3476.029401540756
0.053000000000000005,cancelled,2917.3210101127625
0.057,unsat,3465.5561866760254
0.059000000000000004,unsat,3503.8919258117676
0.061,sat,37.47883701324463
