epsilon,result,runtime
0.265,sat,4.129605054855347
0.133,sat,4.482517957687378
0.065,sat,3.9456560611724854
0.131,cancelled,7.0005574226379395
0.021,unsat,3.7476909160614014
0.043000000000000003,unsat,3450.734063386917
0.041,cancelled,3460.941150903702
0.057,sat,5.444103717803955
0.051000000000000004,sat,8.600563764572144
0.049,unsat,3328.2384672164917
0.045,cancelled,3328.8206808567047
