epsilon,result,runtime
0.265,sat,0.8332259654998779
0.133,sat,1.1687030792236328
0.131,sat,0.8518562316894531
0.065,sat,0.9858224391937256
0.063,sat,19.916519165039062
0.029,unsat,48.61775517463684
0.047,sat,77.91687798500061
0.031,unsat,947.846524477005
0.039,unsat,3565.335433959961
0.037000000000000005,cancelled,2773.828662633896
0.043000000000000003,unsat,3498.276629924774
0.041,cancelled,3502.591991186142
0.045,sat,55.56453585624695
