epsilon,result,runtime
0.133,sat,1.1180164813995361
0.265,cancelled,3.86747407913208
0.08700000000000001,sat,1.4692182540893555
0.043000000000000003,unsat,2.7141692638397217
0.041,cancelled,1.1181292533874512
0.07100000000000001,sat,4.461130857467651
0.055,unsat,1127.6362564563751
0.057,unsat,3544.3262391090393
0.065,sat,11.378998279571533
0.063,unsat,3457.2829661369324
0.059000000000000004,cancelled,1036.3631536960602
