epsilon,result,runtime
0.265,sat,0.6733925342559814
0.133,sat,1.1308650970458984
0.131,sat,0.3140230178833008
0.065,sat,0.8394057750701904
0.063,sat,0.5073647499084473
0.031,sat,0.6491997241973877
0.029,sat,0.22782444953918457
0.013000000000000001,unsat,0.9524023532867432
0.021,sat,1.0156376361846924
0.015,unsat,3.869652271270752
0.019000000000000003,sat,6.0609869956970215
0.017,unsat,9.195045948028564
