epsilon,result,runtime
0.265,sat,0.8554813861846924
0.133,sat,1.187812089920044
0.131,sat,0.6409893035888672
0.065,sat,0.9358363151550293
0.063,sat,0.5620107650756836
0.031,sat,0.7506740093231201
0.029,sat,0.37728095054626465
0.013000000000000001,unsat,0.5390703678131104
0.015,unsat,0.3337099552154541
0.023,sat,11.534947156906128
0.021,unsat,16.697555541992188
0.017,cancelled,2.713693618774414
