epsilon,result,runtime
0.265,sat,4.126951456069946
0.133,sat,4.289920330047607
0.131,sat,4.525661945343018
0.065,sat,4.470393896102905
0.063,sat,3.952613353729248
0.031,unsat,4.52252721786499
0.029,cancelled,0.5432319641113281
0.041,unsat,645.9502673149109
0.053000000000000005,sat,57.5757520198822
0.051000000000000004,unsat,3465.755479335785
0.045,cancelled,2758.7541377544403
