epsilon,result,runtime
0.265,sat,1.4914262294769287
0.133,sat,2.05232310295105
0.131,sat,2.1588876247406006
0.063,unsat,3282.5243039131165
0.097,sat,1.48897123336792
0.081,sat,7.903451681137085
0.07300000000000001,sat,7.686381101608276
0.069,sat,18.015543460845947
0.065,unsat,3362.7830152511597
0.067,sat,20.732565879821777
