epsilon,result,runtime
0.265,sat,3.8841989040374756
0.133,sat,4.169292688369751
0.131,sat,4.2402660846710205
0.065,sat,4.253046751022339
0.063,sat,4.1657304763793945
0.031,unsat,4.245431661605835
0.029,cancelled,0.41028666496276855
0.041,sat,4.296856880187988
0.051000000000000004,cancelled,7.12800669670105
0.037000000000000005,sat,40.962382316589355
0.035,unsat,41.35618567466736
0.033,cancelled,0.4320518970489502
