epsilon,result,runtime
0.265,sat,3.9123246669769287
0.133,sat,4.255277395248413
0.131,sat,4.366193532943726
0.065,sat,4.3473005294799805
0.031,unsat,3.8655893802642822
0.063,sat,4.285892009735107
0.045,sat,3.8981430530548096
0.047,cancelled,6.797035455703735
0.039,sat,3.9138927459716797
0.033,unsat,15.902791023254395
0.035,unsat,28.464690446853638
0.037000000000000005,sat,3.3158247470855713
