epsilon,result,runtime
0.265,sat,0.8740265369415283
0.133,sat,1.2309129238128662
0.131,sat,0.9943938255310059
0.065,sat,1.1384847164154053
0.063,sat,1.3862593173980713
0.031,sat,1.410801649093628
0.029,sat,0.6298201084136963
0.013000000000000001,sat,0.7268943786621094
0.015,cancelled,0.3747127056121826
0.003,unsat,0.9310357570648193
0.007,unsat,0.9368619918823242
0.009000000000000001,unsat,0.5538387298583984
0.011,sat,0.7852864265441895
