epsilon,result,runtime
0.265,sat,0.8776826858520508
0.133,sat,1.227712869644165
0.131,sat,1.1745991706848145
0.065,sat,1.0990619659423828
0.063,sat,0.9388039112091064
0.029,unsat,21.33217215538025
0.031,unsat,28.3410587310791
0.047,sat,0.8928461074829102
0.045,sat,0.8424279689788818
0.037000000000000005,sat,1.6721863746643066
0.039,cancelled,1.9941296577453613
0.033,unsat,949.3621325492859
0.035,timeout,3600
