epsilon,result,runtime
0.133,sat,1.266129732131958
0.265,cancelled,3.9296491146087646
0.08700000000000001,sat,1.4487318992614746
0.043000000000000003,sat,1.450979471206665
0.019000000000000003,unsat,0.7279305458068848
0.041,sat,1.060950517654419
0.029,unsat,24.669089555740356
0.035,sat,1.4896116256713867
0.033,sat,16.821449756622314
0.031,unsat,51.795363426208496
