epsilon,result,runtime
0.265,sat,3.9599380493164062
0.133,sat,4.352760076522827
0.131,sat,4.558223485946655
0.065,sat,4.416707992553711
0.031,unsat,3.9452474117279053
0.063,sat,4.158651113510132
0.047,sat,33.140801429748535
0.037000000000000005,unsat,14.085098505020142
0.041,unsat,90.78767466545105
0.043000000000000003,unsat,959.4816772937775
0.045,unsat,1305.7130699157715
