epsilon,result,runtime
0.265,sat,0.9488155841827393
0.133,sat,1.1358838081359863
0.131,sat,1.322265386581421
0.065,sat,2.96311354637146
0.063,sat,0.8533639907836914
0.031,unsat,0.4795830249786377
0.029,cancelled,1.1930699348449707
0.051000000000000004,sat,1.368943691253662
0.039,unsat,3.0222482681274414
0.041,unsat,14.049750566482544
0.047,sat,0.9119729995727539
0.043000000000000003,unsat,66.37947106361389
0.045,sat,78.69870567321777
