epsilon,result,runtime
0.133,sat,0.8109304904937744
0.265,cancelled,3.487203598022461
0.043000000000000003,sat,1.2453484535217285
0.08700000000000001,cancelled,4.000539302825928
0.027000000000000003,sat,0.6415185928344727
0.013000000000000001,sat,47.85293531417847
0.011,unsat,44.759666204452515
0.005,cancelled,0.5155489444732666
