epsilon,result,runtime
0.265,sat,50.48881435394287
0.133,sat,62.77733588218689
0.131,sat,59.07604789733887
0.063,sat,26.976727962493896
0.065,cancelled,80.40522885322571
0.021,unsat,4.304527282714844
0.041,unsat,196.00762701034546
0.043000000000000003,unsat,249.75293493270874
0.051000000000000004,unsat,1852.2547042369843
0.053000000000000005,unsat,3491.149915933609
0.057,unsat,3512.522894859314
0.061,sat,32.34529256820679
0.059000000000000004,error,2954.596531391144
