epsilon,result,runtime
0.265,sat,3.8366646766662598
0.133,sat,4.2136712074279785
0.131,sat,4.185851573944092
0.065,sat,4.176633358001709
0.031,unsat,3.820019006729126
0.063,sat,4.237272500991821
0.045,sat,3.9971301555633545
0.047,cancelled,6.8865625858306885
0.047,sat,4.17256498336792
0.035,unsat,34.11252689361572
0.041,sat,4.086798191070557
0.037000000000000005,unsat,67.80230855941772
0.039,unsat,113.93779611587524
