epsilon,result,runtime
0.133,sat,29.644490480422974
0.265,cancelled,32.700571060180664
0.08700000000000001,sat,60.53480052947998
0.041,unsat,989.6736924648285
0.043000000000000003,unsat,1809.051424741745
0.065,unsat,3524.1217515468597
0.063,cancelled,2773.6970386505127
0.079,sat,81.43435859680176
0.07300000000000001,unsat,3525.635509967804
0.07100000000000001,cancelled,3444.5681171417236
0.077,unsat,3444.4434912204742
0.075,cancelled,3448.406751871109
