epsilon,result,runtime
0.265,sat,1.3957164287567139
0.133,sat,1.4139823913574219
0.131,sat,1.2835254669189453
0.065,sat,1.9310977458953857
0.063,sat,1.7098605632781982
0.031,sat,1.767218828201294
0.029,sat,1.5298051834106445
0.013000000000000001,unsat,0.8116607666015625
0.015,unsat,0.7934188842773438
0.023,sat,2.381838321685791
0.017,unsat,1.1762316226959229
0.019000000000000003,unsat,34.85428071022034
0.021,unsat,93.30494570732117
