epsilon,result,runtime
0.133,sat,3.98110032081604
0.265,cancelled,7.01142144203186
0.08700000000000001,sat,4.281251907348633
0.043000000000000003,sat,4.422913074493408
0.041,sat,3.538177013397217
0.019000000000000003,sat,3.752901792526245
0.021,cancelled,0.3576340675354004
0.011,unsat,4.068650007247925
0.005,cancelled,6.8454179763793945
0.013000000000000001,unsat,26.05051612854004
0.017,sat,8.384327411651611
0.015,unsat,40.70267462730408
