epsilon,result,runtime
0.265,sat,0.8095128536224365
0.133,sat,1.2709629535675049
0.131,sat,1.174907922744751
0.065,sat,7.941313982009888
0.031,unsat,0.8240816593170166
0.047,unsat,41.13822817802429
0.063,sat,119.37703394889832
0.053000000000000005,unsat,1671.3370168209076
0.055,timeout,3600
0.059000000000000004,unsat,3573.4052510261536
0.057,cancelled,1719.1179661750793
0.061,unsat,3500.078741788864
