epsilon,result,runtime
0.265,sat,3.995436191558838
0.133,sat,4.244475841522217
0.131,sat,4.432485103607178
0.065,sat,4.447815418243408
0.063,sat,4.069163799285889
0.031,unsat,10.692567348480225
0.029,cancelled,6.698712110519409
0.041,sat,4.474936485290527
0.051000000000000004,cancelled,7.302101373672485
0.035,unsat,231.7701597213745
0.037000000000000005,unsat,1284.0765180587769
0.039,unsat,1469.9951074123383
