epsilon,result,runtime
0.133,sat,1.2438242435455322
0.265,cancelled,3.9430794715881348
0.043000000000000003,unsat,0.6199743747711182
0.08700000000000001,unsat,1159.4258379936218
0.111,sat,1.4670920372009277
0.099,sat,14.833417654037476
0.089,unsat,1277.5566804409027
0.093,timeout,3600
0.095,timeout,3600
0.091,unsat,2337.4373173713684
0.097,unsat,3471.635169029236
