epsilon,result,runtime
0.265,sat,3.8774938583374023
0.133,sat,4.269454002380371
0.131,sat,4.229192733764648
0.065,sat,4.272030353546143
0.031,unsat,3.814319610595703
0.063,sat,4.187149286270142
0.047,sat,21.086403369903564
0.037000000000000005,unsat,39.13694429397583
0.045,sat,100.2448308467865
0.039,unsat,71.6003212928772
0.041,unsat,143.76180362701416
0.043000000000000003,unsat,64.87756943702698
