epsilon,result,runtime
0.265,sat,0.9323916435241699
0.133,sat,1.2003600597381592
0.131,sat,1.10444974899292
0.065,sat,0.9149200916290283
0.063,sat,0.6984825134277344
0.029,unsat,839.6157619953156
0.047,sat,0.8852064609527588
0.039,sat,0.9316492080688477
0.035,sat,0.9293761253356934
0.033,sat,10.669266939163208
0.031,unsat,1067.8032426834106
