epsilon,result,runtime
0.265,sat,4.052927732467651
0.133,sat,4.148931264877319
0.131,sat,4.357385158538818
0.065,sat,4.4038145542144775
0.063,sat,8.988947629928589
0.029,unsat,36.406702280044556
0.031,unsat,50.562716484069824
0.047,sat,8.166692733764648
0.045,sat,7.595641374588013
0.039,sat,33.66652536392212
0.033,unsat,121.62465620040894
0.035,unsat,491.1386821269989
0.037000000000000005,unsat,709.0062868595123
