epsilon,result,runtime
0.265,sat,4.538875102996826
0.133,sat,5.147810935974121
0.131,sat,5.533502578735352
0.065,sat,5.459057569503784
0.063,sat,5.587436199188232
0.031,sat,8.493179321289062
0.013000000000000001,unsat,4.311975955963135
0.021,unsat,4.370748519897461
0.025,unsat,48.225486516952515
0.027000000000000003,unsat,145.16404747962952
0.029,unsat,951.9640316963196
