epsilon,result,runtime
0.265,sat,0.8654434680938721
0.133,sat,1.0655694007873535
0.131,sat,1.2261130809783936
0.065,sat,1.29746675491333
0.031,sat,0.9450554847717285
0.063,cancelled,3.9904274940490723
0.009000000000000001,unsat,0.437528133392334
0.019000000000000003,unsat,0.6016252040863037
0.021,unsat,0.40799903869628906
0.025,unsat,21.313150882720947
0.027000000000000003,unsat,104.66263508796692
0.029,unsat,92.23860597610474
