epsilon,result,runtime
0.265,sat,0.5908558368682861
0.133,sat,0.9823534488677979
0.131,sat,1.1413359642028809
0.065,sat,1.1508336067199707
0.063,sat,1.2765324115753174
0.031,sat,1.0523052215576172
0.029,sat,0.9140360355377197
0.013000000000000001,unsat,0.8694062232971191
0.015,unsat,0.4710116386413574
0.021,unsat,0.7177135944366455
0.023,unsat,2.6458404064178467
0.025,unsat,16.715392351150513
0.027000000000000003,unsat,13.462145805358887
