epsilon,result,runtime
0.265,sat,0.8963537216186523
0.133,sat,0.8938510417938232
0.131,sat,0.9302399158477783
0.065,sat,1.130019187927246
0.063,sat,1.3937509059906006
0.029,unsat,483.336208820343
0.047,sat,1.5204126834869385
0.039,sat,0.945467472076416
0.035,sat,1.449220895767212
0.033,sat,46.36114454269409
0.031,unsat,1115.338744878769
