epsilon,result,runtime
0.265,sat,3.9347004890441895
0.133,sat,4.305878639221191
0.131,sat,4.482317686080933
0.065,sat,4.380038261413574
0.031,sat,3.9139280319213867
0.063,cancelled,6.974577903747559
0.019000000000000003,unsat,3.8082854747772217
0.009000000000000001,cancelled,6.629033327102661
0.023,unsat,3.679640054702759
0.025,unsat,3.9510657787323
0.027000000000000003,unsat,10.021705150604248
0.029,unsat,11.254509687423706
