epsilon,result,runtime
0.265,sat,5.474660396575928
0.133,sat,19.25955080986023
0.131,sat,21.15838932991028
0.065,unsat,3540.929972410202
0.063,cancelled,3533.7206909656525
0.08700000000000001,sat,34.441532611846924
0.107,cancelled,37.98517155647278
0.079,sat,78.07186532020569
0.07300000000000001,unsat,3519.6763186454773
0.07100000000000001,cancelled,3441.9273297786713
0.077,sat,315.87161445617676
0.075,unsat,3504.2279765605927
