epsilon,result,runtime
0.265,sat,5.333845138549805
0.133,sat,5.397012233734131
0.131,sat,5.368787050247192
0.065,sat,5.3972554206848145
0.063,sat,5.384688138961792
0.031,sat,5.449352741241455
0.013000000000000001,unsat,4.188276052474976
0.021,unsat,39.53868842124939
0.025,unsat,46.429627418518066
0.027000000000000003,unsat,313.1181902885437
0.029,unsat,685.579339504242
