epsilon,result,runtime
0.265,sat,3.985100507736206
0.133,sat,4.3459296226501465
0.131,sat,4.202829360961914
0.065,sat,4.359712600708008
0.063,sat,4.138500690460205
0.029,unsat,133.74096131324768
0.047,sat,4.089637994766235
0.039,sat,3.9904518127441406
0.035,sat,4.653700590133667
0.031,unsat,164.6363172531128
0.033,sat,3.6134610176086426
