epsilon,result,runtime
0.265,sat,4.557095527648926
0.133,sat,5.145597696304321
0.131,sat,5.494870901107788
0.065,sat,5.488415956497192
0.063,sat,5.431344985961914
0.031,sat,35.424272298812866
0.013000000000000001,unsat,4.326502084732056
0.021,unsat,6.277001857757568
0.025,unsat,53.943352460861206
0.027000000000000003,unsat,145.48838877677917
0.029,unsat,258.0368444919586
