epsilon,result,runtime
0.133,sat,5.360114574432373
0.265,cancelled,8.829617023468018
0.265,sat,5.402808904647827
0.08700000000000001,sat,5.368379354476929
0.041,unsat,211.37876915931702
0.065,sat,4.567861080169678
0.053000000000000005,sat,30.79923367500305
0.043000000000000003,unsat,265.950168132782
0.047,unsat,1095.739307641983
0.051000000000000004,sat,32.27534747123718
0.049,unsat,1405.5282397270203
