epsilon,result,runtime
0.133,sat,2.3717644214630127
0.265,cancelled,5.900878190994263
0.08700000000000001,sat,1.337531566619873
0.043000000000000003,sat,1.4700157642364502
0.019000000000000003,unsat,0.7485685348510742
0.041,sat,1.0661838054656982
0.029,sat,1.4203906059265137
0.031,cancelled,4.035104990005493
0.023,unsat,26.812020540237427
0.027000000000000003,sat,7.819959878921509
0.025,unsat,43.23368549346924
