epsilon,result,runtime
0.265,sat,4.044091463088989
0.133,sat,4.323445558547974
0.131,sat,4.352166652679443
0.065,sat,4.480988264083862
0.031,unsat,3.886270523071289
0.063,sat,4.178830146789551
0.047,sat,4.211262226104736
0.045,sat,4.44044041633606
0.039,sat,4.511420965194702
0.033,unsat,3.8365540504455566
0.035,unsat,22.427907705307007
0.037000000000000005,unsat,41.56210780143738
