epsilon,result,runtime
0.133,sat,0.8312082290649414
0.265,sat,0.8752145767211914
0.265,cancelled,3.8776605129241943
0.08700000000000001,sat,1.383913516998291
0.043000000000000003,sat,1.4366846084594727
0.019000000000000003,unsat,0.7181699275970459
0.041,sat,1.0331056118011475
0.029,unsat,168.13740229606628
0.031,timeout,3600
0.037000000000000005,sat,2.3047356605529785
0.035,unsat,3588.122543811798
0.033,cancelled,155.16635918617249
