epsilon,result,runtime
0.265,sat,4.147540807723999
0.133,sat,4.3832151889801025
0.131,sat,4.263668060302734
0.065,sat,4.326958417892456
0.063,sat,4.483928203582764
0.031,sat,4.488343238830566
0.013000000000000001,unsat,3.800015449523926
0.029,sat,4.1402647495269775
0.019000000000000003,unsat,3.839266300201416
0.021,unsat,5.28857159614563
0.023,unsat,107.32468509674072
0.025,unsat,187.25078105926514
0.027000000000000003,unsat,92.58899807929993
