epsilon,result,runtime
0.265,sat,0.875629186630249
0.133,sat,1.204829216003418
0.131,sat,1.2707748413085938
0.065,sat,1.3477544784545898
0.031,sat,0.9572184085845947
0.063,cancelled,3.7848260402679443
0.009000000000000001,unsat,0.6626439094543457
0.019000000000000003,unsat,271.8892242908478
0.025,sat,1.553858995437622
0.023,sat,118.84665012359619
0.021,unsat,430.569785118103
