epsilon,result,runtime
0.133,sat,1.3837275505065918
0.265,cancelled,4.379776477813721
0.08700000000000001,sat,1.5117392539978027
0.043000000000000003,unsat,19.894230365753174
0.041,cancelled,18.38420844078064
0.07100000000000001,sat,1.2835042476654053
0.057,sat,1.9714126586914062
0.055,sat,3.9368736743927
0.047,unsat,159.73004722595215
0.051000000000000004,sat,12.245694875717163
0.049,unsat,213.06315851211548
