epsilon,result,runtime
0.265,sat,0.5674669742584229
0.133,sat,1.0805695056915283
0.131,sat,0.3836984634399414
0.065,sat,0.7294814586639404
0.063,sat,0.5747439861297607
0.031,sat,1.0872371196746826
0.013000000000000001,unsat,0.7659027576446533
0.029,sat,7.866151571273804
0.019000000000000003,unsat,35.87985444068909
0.021,unsat,45.29459738731384
0.023,unsat,201.86278581619263
0.025,unsat,275.61360931396484
0.027000000000000003,unsat,145.08885717391968
