epsilon,result,runtime
0.265,sat,3.9372873306274414
0.133,sat,4.270695209503174
0.131,sat,4.208101272583008
0.065,sat,4.244579792022705
0.063,sat,4.367961168289185
0.031,unsat,25.219181776046753
0.029,cancelled,21.152175903320312
0.051000000000000004,sat,4.43787407875061
0.039,unsat,1284.8375840187073
0.045,sat,23.233346462249756
0.043000000000000003,sat,386.94344305992126
0.041,unsat,2082.6499922275543
