epsilon,result,runtime
0.265,sat,17.004728078842163
0.133,sat,19.73507261276245
0.131,sat,15.415927410125732
0.065,sat,14.417073011398315
0.031,unsat,18.2669517993927
0.063,sat,268.54311990737915
0.047,unsat,3451.7684800624847
0.045,cancelled,3206.6619260311127
0.053000000000000005,unsat,3508.1350507736206
0.057,unsat,3557.230711221695
0.061,sat,575.5032088756561
0.059000000000000004,unsat,3453.885676383972
