epsilon,result,runtime
0.265,sat,3.7995734214782715
0.133,sat,4.20058536529541
0.131,sat,4.385478973388672
0.065,sat,5.535326957702637
0.063,sat,9.841744184494019
0.031,unsat,10.556602478027344
0.029,cancelled,1.9518156051635742
0.051000000000000004,unsat,3510.352658510208
0.041,cancelled,3513.4153764247894
0.057,sat,229.64872217178345
0.055,unsat,3543.656305551529
0.053000000000000005,cancelled,3314.282642364502
