epsilon,result,runtime
0.265,sat,0.9438943862915039
0.133,sat,1.2931597232818604
0.131,sat,0.6325452327728271
0.065,sat,0.9520676136016846
0.063,sat,0.5951583385467529
0.031,unsat,1.5667240619659424
0.029,cancelled,1.634990930557251
0.051000000000000004,sat,1.437633991241455
0.041,sat,4.120137691497803
0.039,sat,1.9810118675231934
0.033,unsat,27.310134172439575
0.035,unsat,45.69713568687439
0.037000000000000005,unsat,29.32642960548401
