epsilon,result,runtime
0.265,sat,4.5415894985198975
0.133,sat,5.20366644859314
0.131,sat,5.2204508781433105
0.065,sat,5.230533599853516
0.063,sat,5.049379587173462
0.031,sat,249.63970255851746
0.013000000000000001,unsat,3.8392186164855957
0.021,unsat,12.530928373336792
0.025,unsat,80.99717497825623
0.027000000000000003,unsat,706.4691112041473
0.029,unsat,2741.645900249481
