epsilon,result,runtime
0.265,sat,5.244357585906982
0.133,sat,5.489422798156738
0.131,sat,5.194294691085815
0.065,sat,5.343066930770874
0.031,sat,3.9792540073394775
0.063,cancelled,7.278651475906372
0.009000000000000001,unsat,3.7508811950683594
0.019000000000000003,unsat,3.8301894664764404
0.021,unsat,3.4268057346343994
0.025,unsat,10.935970783233643
0.027000000000000003,unsat,44.057653188705444
0.029,unsat,41.485809326171875
