epsilon,result,runtime
0.133,sat,4.542015314102173
0.265,cancelled,8.094096660614014
0.265,sat,4.545148849487305
0.08700000000000001,sat,5.616875410079956
0.043000000000000003,sat,5.588746547698975
0.041,sat,5.447728157043457
0.021,sat,19.7105975151062
0.009000000000000001,unsat,4.288080215454102
0.013000000000000001,unsat,155.03203678131104
0.015,unsat,132.21790838241577
0.017,unsat,337.25851917266846
0.019000000000000003,unsat,823.4386522769928
