epsilon,result,runtime
0.265,sat,3.882439613342285
0.133,sat,3.9270262718200684
0.131,sat,3.8463492393493652
0.065,sat,4.176936388015747
0.063,sat,4.1236732006073
0.031,unsat,22.243890523910522
0.029,cancelled,18.61813712120056
0.051000000000000004,sat,5.385369062423706
0.041,sat,5.454483985900879
0.035,unsat,403.85389614105225
0.037000000000000005,unsat,2270.180461883545
0.039,unsat,3497.7572045326233
