epsilon,result,runtime
0.265,sat,1.4356834888458252
0.133,sat,1.9918196201324463
0.131,sat,1.872974157333374
0.065,sat,1.9362921714782715
0.063,sat,1.7540771961212158
0.031,unsat,1.0201079845428467
0.029,cancelled,0.41754961013793945
0.041,unsat,11.25074028968811
0.051000000000000004,unsat,624.3487615585327
0.057,sat,1.5124599933624268
0.055,sat,3.405064821243286
0.053000000000000005,unsat,657.221568107605
