epsilon,result,runtime
0.265,sat,1.4896602630615234
0.133,sat,2.0728228092193604
0.131,sat,2.1523661613464355
0.065,sat,2.0677738189697266
0.063,sat,1.797419786453247
0.029,unsat,38.278982162475586
0.047,sat,2.3604700565338135
0.031,unsat,54.42331337928772
0.039,sat,22.71264910697937
0.033,unsat,131.35188508033752
0.035,unsat,232.35256791114807
0.037000000000000005,unsat,449.0007653236389
