epsilon,result,runtime
0.265,sat,1.3683271408081055
0.133,sat,1.4166252613067627
0.131,sat,1.4593336582183838
0.065,sat,1.9634342193603516
0.063,sat,2.3449976444244385
0.029,unsat,617.1857964992523
0.047,sat,1.4811732769012451
0.039,sat,1.4756479263305664
0.035,sat,1.502746820449829
0.033,sat,29.1749050617218
0.031,unsat,3470.2163355350494
