epsilon,result,runtime
0.265,sat,0.8480770587921143
0.133,sat,1.1816301345825195
0.131,sat,0.38192152976989746
0.065,sat,0.9283044338226318
0.063,sat,0.4890251159667969
0.031,unsat,0.5007612705230713
0.029,cancelled,1.1331977844238281
0.041,unsat,38.97618079185486
0.051000000000000004,unsat,1396.2611305713654
0.057,sat,0.9829835891723633
0.055,sat,0.9332787990570068
0.053000000000000005,unsat,1509.2466666698456
