epsilon,result,runtime
0.265,sat,3.884119987487793
0.133,sat,4.313989877700806
0.131,sat,4.1813695430755615
0.065,sat,4.240889072418213
0.031,unsat,3.8956496715545654
0.063,sat,5.052990198135376
0.045,unsat,44.12346816062927
0.047,unsat,46.53063774108887
0.053000000000000005,unsat,786.175820350647
0.059000000000000004,sat,30.228670597076416
0.055,unsat,2022.7758581638336
0.057,unsat,1424.7883598804474
