epsilon,result,runtime
0.265,sat,0.8052771091461182
0.133,sat,1.1188907623291016
0.131,sat,0.9735572338104248
0.065,sat,0.9504683017730713
0.063,sat,0.9665987491607666
0.031,unsat,0.7623980045318604
0.029,cancelled,0.10931968688964844
0.041,sat,1.2461085319519043
0.051000000000000004,cancelled,4.029288053512573
0.035,unsat,6.796427249908447
0.039,sat,1.4438982009887695
0.037000000000000005,unsat,14.130084037780762
