epsilon,result,runtime
0.265,sat,0.7720866203308105
0.133,sat,1.2340505123138428
0.131,sat,1.1915838718414307
0.065,sat,1.1879081726074219
0.031,unsat,0.7556202411651611
0.063,sat,1.1963386535644531
0.047,unsat,8.473927021026611
0.045,cancelled,11.032914876937866
0.057,sat,17.345993995666504
0.051000000000000004,unsat,41.71393013000488
0.053000000000000005,unsat,65.5654559135437
0.055,unsat,17.773571729660034
