epsilon,result,runtime
0.133,sat,4.511276721954346
0.265,cancelled,8.064036130905151
0.08700000000000001,sat,5.469027996063232
0.043000000000000003,sat,5.450191259384155
0.041,sat,4.528597831726074
0.019000000000000003,sat,4.5524818897247314
0.021,cancelled,0.19602108001708984
0.005,unsat,4.173339128494263
0.011,unsat,5.810230016708374
0.013000000000000001,unsat,18.227960348129272
0.017,sat,3.9549264907836914
0.015,unsat,24.949647188186646
