epsilon,result,runtime
0.265,sat,3.9569857120513916
0.133,sat,4.288789510726929
0.131,sat,4.473174810409546
0.065,sat,4.420551061630249
0.063,sat,4.197161674499512
0.031,sat,4.398718595504761
0.013000000000000001,unsat,3.798569917678833
0.029,sat,4.346546173095703
0.021,sat,3.5103118419647217
0.019000000000000003,sat,5.172532081604004
0.015,unsat,3.672198534011841
0.017,unsat,6.460242509841919
