epsilon,result,runtime
0.265,sat,0.8319532871246338
0.133,sat,1.0976033210754395
0.131,sat,0.8819575309753418
0.065,sat,1.0508778095245361
0.063,sat,0.31220126152038574
0.031,unsat,0.21334457397460938
0.029,cancelled,0.4348764419555664
0.051000000000000004,sat,21.054970026016235
0.039,unsat,355.058997631073
0.041,unsat,2561.0511331558228
0.045,unsat,3451.0800716876984
0.047,unsat,3573.974986553192
0.049,unsat,3514.249105453491
