epsilon,result,runtime
0.265,sat,0.9325027465820312
0.133,sat,1.276914358139038
0.131,sat,1.1551039218902588
0.065,sat,1.26798677444458
0.063,sat,1.2711939811706543
0.031,sat,1.274871587753296
0.029,sat,0.5265614986419678
0.013000000000000001,unsat,0.5562436580657959
0.015,unsat,0.23239922523498535
0.023,sat,1.4961462020874023
0.017,unsat,0.7519629001617432
0.021,unsat,17.026580572128296
0.019000000000000003,cancelled,8.951971292495728
