epsilon,result,runtime
0.265,sat,1.4746146202087402
0.133,sat,2.0349338054656982
0.131,sat,2.1134300231933594
0.065,sat,2.075763702392578
0.063,sat,2.1264560222625732
0.031,sat,2.190199375152588
0.013000000000000001,unsat,1.197584867477417
0.021,unsat,1.1969702243804932
0.025,unsat,5.829166412353516
0.027000000000000003,unsat,111.82132005691528
0.029,unsat,219.74873566627502
