epsilon,result,runtime
0.265,sat,27.190902709960938
0.131,sat,17.77629280090332
0.133,cancelled,50.99754309654236
0.043000000000000003,unsat,8.805450916290283
0.085,sat,98.08888053894043
0.08700000000000001,cancelled,89.19904899597168
0.057,unsat,333.18699836730957
0.069,unsat,3573.4617083072662
0.077,sat,50.60405254364014
0.07300000000000001,sat,50.80726194381714
0.07100000000000001,unsat,3593.976603269577
