epsilon,result,runtime
0.265,sat,1.3184640407562256
0.133,sat,1.3801119327545166
0.131,sat,1.478318691253662
0.063,unsat,3508.996001958847
0.097,sat,7.801184892654419
0.081,sat,17.394174337387085
0.065,unsat,3551.836259365082
0.07300000000000001,sat,7.720970392227173
0.07100000000000001,sat,185.18029403686523
0.067,unsat,3522.3088943958282
0.069,unsat,3593.3872685432434
