epsilon,result,runtime
0.265,sat,0.9273531436920166
0.133,sat,1.2644217014312744
0.131,sat,1.198786973953247
0.065,sat,1.282102346420288
0.031,sat,0.9112675189971924
0.063,cancelled,3.861755132675171
0.063,sat,1.1260764598846436
0.009000000000000001,unsat,0.6934545040130615
0.019000000000000003,unsat,0.7283129692077637
0.021,unsat,6.220970869064331
0.025,unsat,24.01943325996399
0.027000000000000003,unsat,42.67905640602112
0.029,unsat,31.777159452438354
