epsilon,result,runtime
0.133,sat,1.1687281131744385
0.265,cancelled,4.133087635040283
0.08700000000000001,sat,1.2370960712432861
0.041,unsat,635.9089479446411
0.065,sat,1.5075831413269043
0.053000000000000005,sat,1.4516117572784424
0.047,sat,1.4627821445465088
0.045,sat,16.582064390182495
0.043000000000000003,unsat,712.676139831543
