epsilon,result,runtime
0.265,sat,3.937145471572876
0.133,sat,4.331348180770874
0.131,sat,4.3353962898254395
0.065,sat,4.37006139755249
0.063,sat,4.255579471588135
0.029,unsat,2756.9547533988953
0.047,sat,5.0275492668151855
0.039,sat,4.663466930389404
0.035,sat,4.582349061965942
0.033,sat,6.110489130020142
0.031,unsat,3594.6990983486176
