epsilon,result,runtime
0.133,sat,1.271970272064209
0.265,cancelled,4.210048675537109
0.08700000000000001,sat,1.2339673042297363
0.043000000000000003,unsat,2.3835341930389404
0.041,cancelled,1.1197421550750732
0.07100000000000001,sat,46.15744686126709
0.055,unsat,3466.6381707191467
0.057,unsat,3518.2626447677612
0.063,unsat,3499.5113344192505
0.065,unsat,3571.7440869808197
0.067,unsat,3519.441412448883
0.069,unsat,3593.249040365219
