epsilon,result,runtime
0.265,sat,0.9055571556091309
0.133,sat,1.2108945846557617
0.131,sat,1.1742327213287354
0.065,sat,1.1460449695587158
0.063,sat,1.198237657546997
0.031,sat,1.2801876068115234
0.029,sat,0.5932719707489014
0.013000000000000001,unsat,0.5898261070251465
0.015,unsat,0.4536151885986328
0.021,unsat,26.525025367736816
0.025,sat,11.627393960952759
0.023,sat,39.6908655166626
