epsilon,result,runtime
0.265,sat,0.9274065494537354
0.133,sat,1.2520155906677246
0.131,sat,1.138075351715088
0.065,sat,1.3467869758605957
0.063,sat,0.9659671783447266
0.029,unsat,354.8961372375488
0.047,sat,1.5338187217712402
0.039,sat,1.371077537536621
0.035,sat,1.460205078125
0.033,sat,27.923455715179443
0.031,unsat,645.0255153179169
