epsilon,result,runtime
0.265,sat,0.8845059871673584
0.133,sat,1.2247085571289062
0.131,sat,1.3001360893249512
0.065,sat,1.3598220348358154
0.063,sat,1.280982494354248
0.031,sat,1.3615877628326416
0.013000000000000001,unsat,0.792266845703125
0.029,sat,1.1207854747772217
0.019000000000000003,unsat,22.939352989196777
0.021,unsat,180.30428004264832
0.023,unsat,672.9265279769897
0.025,unsat,3543.247443675995
0.027000000000000003,unsat,3594.6099183559418
