epsilon,result,runtime
0.265,sat,3.9321887493133545
0.133,sat,4.332627534866333
0.131,sat,4.162168025970459
0.063,unsat,3467.8633098602295
0.065,unsat,3483.7233023643494
0.097,sat,4.465780019760132
0.099,cancelled,0.16228294372558594
0.085,sat,4.372250556945801
0.075,sat,34.28176951408386
0.07300000000000001,sat,90.85857653617859
0.069,unsat,3571.348981618881
0.067,cancelled,3510.4500453472137
0.07100000000000001,unsat,117.27010583877563
