epsilon,result,runtime
0.265,sat,0.8446357250213623
0.133,sat,1.1322808265686035
0.131,sat,0.509873628616333
0.063,unsat,1593.67986536026
0.097,sat,1.5389842987060547
0.081,sat,12.852041721343994
0.07300000000000001,sat,20.200353145599365
0.069,sat,7.498780965805054
0.067,sat,9.226916313171387
0.065,unsat,1890.394591331482
