epsilon,result,runtime
0.265,sat,4.562071084976196
0.133,sat,5.154189109802246
0.131,sat,5.178220272064209
0.065,sat,5.196232080459595
0.063,sat,5.422977924346924
0.029,unsat,120.96855139732361
0.047,sat,10.420219659805298
0.039,sat,19.497889757156372
0.031,unsat,222.49417328834534
0.033,unsat,373.23759603500366
0.037000000000000005,sat,11.789821147918701
0.035,unsat,477.8948769569397
