epsilon,result,runtime
0.265,sat,2.395754098892212
0.133,sat,2.3996264934539795
0.065,sat,2.35935640335083
0.131,cancelled,5.491117000579834
0.021,unsat,1.1861135959625244
0.041,sat,1.983407735824585
0.043000000000000003,cancelled,0.7075998783111572
0.027000000000000003,unsat,1.1639463901519775
0.033,unsat,1.1586906909942627
0.037000000000000005,unsat,15.571133613586426
0.035,cancelled,19.000664710998535
0.039,sat,1.4558312892913818
