epsilon,result,runtime
0.265,sat,1.4201552867889404
0.133,sat,1.9984092712402344
0.131,sat,2.0068559646606445
0.063,sat,12.074031591415405
0.065,cancelled,20.306843996047974
0.021,unsat,0.7829124927520752
0.041,unsat,147.12103462219238
0.043000000000000003,unsat,168.56054997444153
0.051000000000000004,unsat,1767.4669435024261
0.057,sat,969.032735824585
0.053000000000000005,unsat,3481.5681476593018
0.055,error,1746.299315214157
