epsilon,result,runtime
0.265,sat,2.422438144683838
0.133,sat,2.3874735832214355
0.131,sat,2.346827507019043
0.065,unsat,3457.652199268341
0.063,cancelled,3455.7181811332703
0.107,sat,37.79457998275757
0.08700000000000001,sat,47.24820017814636
0.085,sat,10.11660099029541
0.075,sat,1772.119188785553
0.07300000000000001,timeout,3600
0.069,timeout,3600
0.067,unsat,3537.869307756424
0.07100000000000001,timeout,3600
