epsilon,result,runtime
0.133,sat,0.7260305881500244
0.265,cancelled,3.6123814582824707
0.08700000000000001,sat,1.0698764324188232
0.043000000000000003,sat,1.1704199314117432
0.041,sat,0.5357847213745117
0.019000000000000003,sat,0.7560076713562012
0.021,cancelled,0.2132112979888916
0.011,sat,1.2825677394866943
0.005,sat,1.2671594619750977
0.001,unsat,0.7551264762878418
0.003,sat,0.8644843101501465
