epsilon,result,runtime
0.265,sat,0.9252550601959229
0.133,sat,1.126185417175293
0.131,sat,0.8510620594024658
0.065,sat,1.1502442359924316
0.063,sat,0.6325609683990479
0.029,unsat,47.33551335334778
0.047,sat,70.7396969795227
0.031,unsat,756.9468033313751
0.039,unsat,3459.7215197086334
0.037000000000000005,cancelled,2830.812785387039
0.041,unsat,3509.859133720398
0.043000000000000003,unsat,3541.887589454651
0.045,sat,3026.7371022701263
