epsilon,result,runtime
0.265,sat,3.963635206222534
0.133,sat,4.251462459564209
0.131,sat,4.373731374740601
0.065,sat,4.348415374755859
0.063,sat,4.195833683013916
0.031,sat,3.931382894515991
0.013000000000000001,unsat,3.775731086730957
0.029,sat,4.173455715179443
0.021,sat,4.406312942504883
0.015,unsat,9.637677907943726
0.019000000000000003,unsat,19.71586322784424
0.017,cancelled,3.0303664207458496
