epsilon,result,runtime
0.265,sat,3.8074376583099365
0.133,sat,4.186983823776245
0.131,sat,4.279154300689697
0.065,sat,4.307177543640137
0.063,sat,4.20943021774292
0.031,sat,4.274979829788208
0.013000000000000001,unsat,3.8200552463531494
0.021,unsat,13.041383028030396
0.029,sat,22.398207426071167
0.023,unsat,38.88328766822815
0.025,unsat,61.36951684951782
0.027000000000000003,unsat,24.471187829971313
