epsilon,result,runtime
0.265,sat,0.8743443489074707
0.133,sat,0.8813793659210205
0.065,sat,1.1339552402496338
0.131,cancelled,4.145955562591553
0.131,sat,1.1931841373443604
0.021,unsat,0.7769298553466797
0.043000000000000003,unsat,3463.080574274063
0.041,cancelled,3470.03778219223
0.051000000000000004,sat,2.3446648120880127
0.057,cancelled,5.88005256652832
0.047,sat,1.3808956146240234
0.045,sat,1.3788554668426514
