epsilon,result,runtime
0.265,sat,1.3277027606964111
0.131,sat,7.210819244384766
0.133,cancelled,15.114608764648438
0.043000000000000003,sat,1.198476791381836
0.085,cancelled,4.054814577102661
0.027000000000000003,sat,0.8554677963256836
0.013000000000000001,unsat,3.8280975818634033
0.011,cancelled,2.881174325942993
0.017,sat,1.4006297588348389
0.021,cancelled,4.490185976028442
0.021,sat,1.4206297397613525
0.015,sat,0.2059497833251953
