epsilon,result,runtime
0.265,sat,0.8415536880493164
0.133,sat,1.1564702987670898
0.131,sat,0.8532595634460449
0.065,sat,1.1426794528961182
0.063,sat,0.8324391841888428
0.029,unsat,27.598423957824707
0.031,unsat,41.4528694152832
0.047,sat,7.888096809387207
0.045,sat,5.8508710861206055
0.039,sat,16.373942852020264
0.033,unsat,200.48889684677124
0.035,unsat,2414.6975750923157
0.037000000000000005,unsat,3560.3690485954285
