epsilon,result,runtime
0.265,sat,1.2205219268798828
0.133,sat,1.3698399066925049
0.131,sat,1.3651678562164307
0.065,sat,1.4306557178497314
0.031,sat,0.9570145606994629
0.063,cancelled,3.9541878700256348
0.009000000000000001,sat,0.8937902450561523
0.019000000000000003,cancelled,3.640556573867798
0.005,sat,0.6724624633789062
0.003,unsat,0.7413947582244873
0.001,cancelled,0.05481839179992676
