epsilon,result,runtime
0.265,sat,3.792283773422241
0.133,sat,4.18825364112854
0.131,sat,4.327785491943359
0.065,sat,4.425045013427734
0.063,sat,4.240463972091675
0.031,sat,4.271393060684204
0.013000000000000001,unsat,3.786910057067871
0.029,sat,5.769891023635864
0.019000000000000003,unsat,6.630974531173706
0.021,unsat,13.2782564163208
0.023,unsat,87.79107022285461
0.027000000000000003,sat,16.385980367660522
0.025,unsat,116.98860001564026
