epsilon,result,runtime
0.265,sat,0.8732779026031494
0.133,sat,1.091768503189087
0.131,sat,0.6530077457427979
0.065,sat,0.8902411460876465
0.063,sat,0.7396855354309082
0.029,unsat,1691.9078769683838
0.047,sat,1.4968509674072266
0.039,sat,1.559786319732666
0.035,sat,1.486051321029663
0.031,unsat,3578.2896387577057
0.033,timeout,3600
