epsilon,result,runtime
0.265,sat,4.559219837188721
0.133,sat,5.158639907836914
0.131,sat,4.996955394744873
0.065,sat,5.055394649505615
0.063,sat,4.942049741744995
0.031,sat,4.369295120239258
0.029,sat,4.43219256401062
0.013000000000000001,sat,4.364104986190796
0.015,cancelled,0.396312952041626
0.003,unsat,4.655551910400391
0.007,sat,4.7973716259002686
0.009000000000000001,cancelled,0.24235200881958008
0.005,sat,3.7879419326782227
