epsilon,result,runtime
0.265,sat,4.438540458679199
0.133,sat,4.467860698699951
0.131,sat,4.295722484588623
0.065,sat,6.9650139808654785
0.031,unsat,3.9391188621520996
0.047,unsat,3.7059085369110107
0.055,unsat,65.67325592041016
0.063,unsat,3529.2123017311096
0.059000000000000004,cancelled,3447.398764371872
