epsilon,result,runtime
0.133,sat,4.4529266357421875
0.265,cancelled,7.460819721221924
0.265,sat,4.447360277175903
0.08700000000000001,sat,4.5017249584198
0.043000000000000003,sat,4.4835920333862305
0.019000000000000003,unsat,3.814091682434082
0.041,sat,4.2035157680511475
0.029,unsat,89.67390751838684
0.031,unsat,368.2103157043457
0.035,unsat,3567.3995208740234
0.037000000000000005,unsat,3567.6179723739624
0.039,unsat,3577.4042377471924
