epsilon,result,runtime
0.265,sat,4.000881195068359
0.133,sat,4.390813112258911
0.131,sat,4.275705099105835
0.065,sat,4.35816216468811
0.031,unsat,3.8077051639556885
0.063,sat,4.2082014083862305
0.047,sat,4.061717987060547
0.045,sat,4.317147970199585
0.039,unsat,65.76163506507874
0.037000000000000005,cancelled,69.04163956642151
0.043000000000000003,sat,4.543110132217407
0.041,unsat,21.262954473495483
