epsilon,result,runtime
0.265,sat,3.9678666591644287
0.133,sat,4.305045127868652
0.131,sat,4.147267818450928
0.065,sat,4.205968856811523
0.063,sat,4.285726070404053
0.031,unsat,3.882614850997925
0.029,cancelled,0.07336759567260742
0.051000000000000004,sat,17.616512537002563
0.041,unsat,20.827821254730225
0.039,cancelled,3.128481149673462
0.047,unsat,559.2107408046722
0.045,cancelled,562.1443469524384
0.049,unsat,1451.6052298545837
