epsilon,result,runtime
0.265,sat,0.7145836353302002
0.133,sat,1.2004897594451904
0.131,sat,1.1549971103668213
0.065,sat,1.2969298362731934
0.063,sat,0.6140546798706055
0.031,sat,0.640160083770752
0.029,sat,0.6732993125915527
0.013000000000000001,sat,0.76051926612854
0.015,cancelled,0.41496801376342773
0.003,unsat,0.8440146446228027
0.007,unsat,0.9048619270324707
0.011,sat,0.9677820205688477
0.009000000000000001,unsat,1.4877889156341553
