epsilon,result,runtime
0.265,sat,1.2300710678100586
0.133,sat,1.3518164157867432
0.131,sat,1.4444072246551514
0.063,unsat,3467.1277973651886
0.097,sat,1.5185136795043945
0.081,sat,1.4780948162078857
0.07300000000000001,sat,1.4547088146209717
0.065,timeout,3600
0.069,unsat,3503.5736458301544
0.067,cancelled,3397.6282687187195
0.07100000000000001,sat,525.3618936538696
