epsilon,result,runtime
0.265,sat,4.549964666366577
0.133,sat,6.13224196434021
0.131,sat,9.348228454589844
0.063,unsat,415.86996626853943
0.097,sat,14.947611570358276
0.065,unsat,452.5795364379883
0.081,unsat,3535.0936901569366
0.079,cancelled,3531.956120967865
0.091,sat,10.194514274597168
0.08700000000000001,sat,852.9793801307678
0.085,unsat,3477.568151473999
0.083,cancelled,2639.0804302692413
