epsilon,result,runtime
0.133,sat,38.58383774757385
0.265,cancelled,41.40068292617798
0.08700000000000001,sat,127.95158433914185
0.041,unsat,160.2363884449005
0.043000000000000003,unsat,380.6921169757843
0.063,sat,1153.6541345119476
0.065,cancelled,1245.0784304141998
0.055,unsat,3490.5745985507965
0.049,cancelled,3494.4397394657135
0.057,unsat,3485.8390028476715
0.059000000000000004,unsat,3543.045627593994
0.061,unsat,3519.830062389374
