epsilon,result,runtime
0.133,sat,4.53251314163208
0.265,cancelled,7.2887256145477295
0.08700000000000001,sat,17.060341119766235
0.041,unsat,37.97698378562927
0.065,sat,11.250559568405151
0.043000000000000003,unsat,80.8064444065094
0.055,sat,960.3026485443115
0.053000000000000005,unsat,3533.5033276081085
0.047,cancelled,2566.1134915351868
