epsilon,result,runtime
0.265,sat,0.8856940269470215
0.133,sat,1.237227201461792
0.131,sat,1.3910143375396729
0.063,unsat,3203.8506071567535
0.097,sat,1.5595433712005615
0.081,sat,1.4382269382476807
0.07300000000000001,sat,69.6424834728241
0.065,unsat,3593.1710817813873
0.069,unsat,2918.893352508545
0.067,cancelled,2621.9856474399567
0.07100000000000001,unsat,3460.2394268512726
