epsilon,result,runtime
0.265,sat,4.518072128295898
0.133,sat,5.278025388717651
0.131,sat,5.202240228652954
0.065,sat,5.178536653518677
0.031,unsat,4.404722452163696
0.063,sat,8.334176540374756
0.045,unsat,76.34387397766113
0.047,unsat,189.58044624328613
0.055,unsat,3500.5096917152405
0.053000000000000005,cancelled,3394.8573276996613
0.057,unsat,1971.2131733894348
0.059000000000000004,unsat,3546.2299218177795
0.061,unsat,3463.288515329361
