epsilon,result,runtime
0.265,sat,3.5043511390686035
0.133,sat,3.923532724380493
0.131,sat,4.195399284362793
0.065,sat,4.094180583953857
0.063,sat,4.322969436645508
0.029,unsat,31.508344411849976
0.047,sat,6.179213762283325
0.031,unsat,51.472546339035034
0.039,unsat,3460.84712767601
0.037000000000000005,cancelled,3461.5030510425568
0.041,unsat,3552.5249032974243
0.043000000000000003,unsat,3554.3280737400055
0.045,unsat,3478.8221180438995
