epsilon,result,runtime
0.265,sat,0.934267520904541
0.133,sat,1.2512457370758057
0.131,sat,1.1391549110412598
0.065,sat,1.1480162143707275
0.031,sat,0.9430458545684814
0.063,cancelled,3.841564655303955
0.009000000000000001,unsat,0.7731797695159912
0.021,sat,0.9020912647247314
0.013000000000000001,unsat,0.7369351387023926
0.015,unsat,2.6224541664123535
0.017,unsat,19.307674407958984
0.019000000000000003,unsat,39.14631962776184
