epsilon,result,runtime
0.265,sat,1.4564385414123535
0.133,sat,2.017646074295044
0.065,sat,2.3781955242156982
0.131,cancelled,5.817734956741333
0.021,unsat,1.1716718673706055
0.041,unsat,64.93226194381714
0.053000000000000005,sat,33.87103819847107
0.043000000000000003,unsat,103.19935488700867
0.047,unsat,686.4740386009216
0.049,unsat,1458.4409017562866
0.051000000000000004,unsat,1171.951388835907
