epsilon,result,runtime
0.133,sat,55.04571080207825
0.265,cancelled,58.80817127227783
0.08700000000000001,sat,18.108662843704224
0.043000000000000003,unsat,83.65319514274597
0.041,cancelled,65.42837619781494
0.07100000000000001,sat,18.8257896900177
0.057,sat,38.45656418800354
0.055,sat,39.35379123687744
0.047,unsat,149.4438705444336
0.049,unsat,349.49983048439026
0.051000000000000004,unsat,781.9357850551605
0.053000000000000005,unsat,661.4578995704651
