epsilon,result,runtime
0.133,sat,2.3736979961395264
0.265,cancelled,5.9463160037994385
0.265,sat,2.3704655170440674
0.08700000000000001,sat,2.3676164150238037
0.043000000000000003,sat,2.3538858890533447
0.019000000000000003,sat,1.4109041690826416
0.041,cancelled,4.800676107406616
0.011,unsat,1.1660487651824951
0.005,cancelled,4.231193542480469
0.013000000000000001,unsat,5.851672649383545
0.017,sat,1.452510118484497
0.015,sat,32.49249315261841
