epsilon,result,runtime
0.265,sat,0.8344330787658691
0.133,sat,1.1930899620056152
0.131,sat,0.39140868186950684
0.065,sat,3.6203696727752686
0.063,sat,2.135395050048828
0.031,unsat,0.24395966529846191
0.029,cancelled,1.5622673034667969
0.041,unsat,19.250247478485107
0.051000000000000004,unsat,158.91256403923035
0.053000000000000005,unsat,138.05492901802063
0.059000000000000004,sat,25.444363355636597
0.055,unsat,799.3055899143219
0.057,unsat,1011.4666845798492
