epsilon,result,runtime
0.265,sat,0.5828235149383545
0.133,sat,0.6719779968261719
0.131,sat,1.3861043453216553
0.065,sat,1.412808895111084
0.063,sat,1.3162546157836914
0.031,sat,1.393416166305542
0.029,sat,1.4413692951202393
0.015,sat,0.9578268527984619
0.005,unsat,0.7895972728729248
0.013000000000000001,unsat,11.990134954452515
0.009000000000000001,cancelled,2.423893928527832
