epsilon,result,runtime
0.133,sat,5.4316301345825195
0.265,cancelled,8.53409743309021
0.265,sat,5.430635452270508
0.08700000000000001,sat,5.517767667770386
0.043000000000000003,sat,5.5054709911346436
0.019000000000000003,unsat,4.257954359054565
0.041,sat,12.780598640441895
0.029,unsat,97.54466533660889
0.035,sat,23.68607187271118
0.031,unsat,424.2798843383789
0.033,unsat,336.44644141197205
