epsilon,result,runtime
0.265,sat,0.7207386493682861
0.133,sat,1.0493495464324951
0.131,sat,0.7646057605743408
0.063,unsat,161.44662523269653
0.097,sat,1.3837904930114746
0.081,sat,4.13463020324707
0.07300000000000001,sat,3.9496967792510986
0.069,sat,3.0185863971710205
0.067,sat,220.05150890350342
0.065,unsat,416.8716480731964
