epsilon,result,runtime
0.133,sat,4.176148414611816
0.265,cancelled,6.9349565505981445
0.043000000000000003,sat,4.488863468170166
0.08700000000000001,sat,4.482229948043823
0.08700000000000001,cancelled,7.236381530761719
0.013000000000000001,unsat,3.7592051029205322
0.027000000000000003,unsat,5.284489393234253
0.029,unsat,22.06079936027527
0.035,unsat,59.475383281707764
0.039,sat,106.20710968971252
0.037000000000000005,unsat,147.2693636417389
