epsilon,result,runtime
0.265,sat,0.9407007694244385
0.133,sat,1.2971808910369873
0.131,sat,1.3259968757629395
0.065,sat,1.3864917755126953
0.063,sat,1.4111297130584717
0.031,unsat,18.946167945861816
0.029,cancelled,17.669116497039795
0.041,sat,0.9022204875946045
0.051000000000000004,cancelled,3.8209168910980225
0.035,unsat,240.26782631874084
0.039,sat,0.7390375137329102
0.037000000000000005,unsat,473.5858016014099
