epsilon,result,runtime
0.265,sat,1.441002607345581
0.133,sat,2.065156936645508
0.131,sat,2.095437526702881
0.065,sat,2.0185484886169434
0.031,sat,1.489346981048584
0.063,cancelled,4.979274034500122
0.019000000000000003,unsat,0.6580839157104492
0.009000000000000001,cancelled,3.4014487266540527
0.023,unsat,0.7983338832855225
0.025,unsat,11.930243015289307
0.029,sat,1.4389119148254395
0.027000000000000003,unsat,14.880143642425537
