epsilon,result,runtime
0.265,sat,0.8856353759765625
0.133,sat,1.209172010421753
0.131,sat,1.173145055770874
0.065,sat,1.3014640808105469
0.063,sat,0.6726224422454834
0.031,sat,0.7157166004180908
0.029,sat,0.4040970802307129
0.013000000000000001,unsat,0.38699817657470703
0.015,unsat,0.26730990409851074
0.021,sat,0.5741763114929199
0.023,cancelled,0.7377305030822754
0.017,unsat,0.7069308757781982
0.019000000000000003,sat,0.8083806037902832
