epsilon,result,runtime
0.265,sat,4.379188537597656
0.133,sat,4.555078029632568
0.065,sat,4.405440330505371
0.131,cancelled,7.350989103317261
0.131,sat,4.508944988250732
0.021,unsat,3.8048596382141113
0.043000000000000003,unsat,115.13218975067139
0.041,cancelled,125.06181526184082
0.057,sat,22.10025644302368
0.051000000000000004,sat,102.53787875175476
0.049,sat,82.62295627593994
0.045,sat,108.31994795799255
0.047,cancelled,106.4048261642456
