epsilon,result,runtime
0.133,sat,62.114879846572876
0.265,cancelled,64.7786111831665
0.08700000000000001,sat,126.7070381641388
0.041,sat,548.7080724239349
0.043000000000000003,cancelled,683.2786376476288
0.013000000000000001,unsat,1.1847712993621826
0.025,unsat,45.294848680496216
0.027000000000000003,unsat,121.03513264656067
0.033,unsat,699.8173308372498
0.035,unsat,722.9989473819733
0.037000000000000005,unsat,1383.0473680496216
0.039,sat,1311.3956892490387
