epsilon,result,runtime
0.265,sat,0.8281857967376709
0.133,sat,1.096961498260498
0.131,sat,1.1687371730804443
0.065,sat,13.453133821487427
0.063,sat,12.622928857803345
0.031,unsat,0.5375773906707764
0.029,cancelled,0.7946038246154785
0.041,unsat,9.486681938171387
0.053000000000000005,unsat,3477.733735561371
0.051000000000000004,cancelled,3494.1512796878815
0.057,unsat,3546.308512210846
0.059000000000000004,unsat,3548.4683537483215
0.061,sat,1.1823618412017822
