epsilon,result,runtime
0.265,sat,3.9695639610290527
0.133,sat,4.211673259735107
0.131,sat,4.214491844177246
0.065,sat,4.366415977478027
0.031,unsat,3.880808115005493
0.063,sat,4.1574060916900635
0.045,unsat,3552.941647529602
0.047,unsat,3563.3249402046204
0.055,sat,979.0679233074188
0.053000000000000005,unsat,3588.824517250061
0.049,cancelled,2620.1637954711914
