epsilon,result,runtime
0.265,sat,4.037856101989746
0.133,sat,4.270734548568726
0.131,sat,4.245520353317261
0.065,sat,4.392563343048096
0.063,sat,4.014573812484741
0.031,unsat,3.7713468074798584
0.029,cancelled,0.1754443645477295
0.051000000000000004,sat,4.975886583328247
0.039,unsat,20.30001425743103
0.041,unsat,36.516740798950195
0.045,unsat,833.692830324173
0.049,sat,3.978525400161743
0.047,unsat,1213.1041309833527
