epsilon,result,runtime
0.265,sat,0.8614206314086914
0.133,sat,1.2211108207702637
0.131,sat,1.2605831623077393
0.065,sat,1.308678388595581
0.063,sat,1.305816650390625
0.029,unsat,34.7274444103241
0.031,unsat,41.58206820487976
0.047,sat,1.3166007995605469
0.045,sat,70.15827631950378
0.037000000000000005,unsat,1100.0493779182434
0.041,sat,38.40385437011719
0.039,unsat,1262.9721717834473
