epsilon,result,runtime
0.265,sat,0.9161376953125
0.133,sat,1.2932202816009521
0.131,sat,1.23494553565979
0.065,sat,1.270566701889038
0.063,sat,0.6857156753540039
0.031,unsat,3484.5229556560516
0.029,cancelled,3484.3856403827667
0.041,sat,2.355595350265503
0.051000000000000004,cancelled,5.572232723236084
0.051000000000000004,sat,2.328984022140503
0.037000000000000005,sat,2.4310600757598877
0.035,sat,23.568326950073242
0.033,sat,40.97405767440796
