epsilon,result,runtime
0.265,sat,0.8890259265899658
0.133,sat,0.8579413890838623
0.131,sat,0.9269776344299316
0.065,sat,1.245060920715332
0.031,sat,0.9188888072967529
0.063,cancelled,3.848405361175537
0.009000000000000001,unsat,0.799415111541748
0.021,sat,1.5634641647338867
0.019000000000000003,sat,7.149139165878296
0.013000000000000001,unsat,0.5633952617645264
0.015,unsat,24.431329488754272
0.017,unsat,28.484105825424194
