epsilon,result,runtime
0.265,sat,0.9364120960235596
0.133,sat,1.2318224906921387
0.131,sat,1.4217774868011475
0.065,sat,1.4741084575653076
0.031,unsat,0.703040361404419
0.063,sat,0.9278450012207031
0.045,unsat,3.621873378753662
0.047,unsat,12.988118648529053
0.053000000000000005,unsat,613.7772698402405
0.055,unsat,1632.4972252845764
0.059000000000000004,unsat,3449.325257539749
0.057,cancelled,2444.3180470466614
0.061,sat,17.082504749298096
