epsilon,result,runtime
0.133,sat,1.3724946975708008
0.265,cancelled,4.1879236698150635
0.043000000000000003,sat,0.9228460788726807
0.08700000000000001,cancelled,3.564990282058716
0.013000000000000001,unsat,0.7388458251953125
0.029,sat,5.4469687938690186
0.019000000000000003,unsat,0.7850372791290283
0.023,unsat,15.56167197227478
0.025,unsat,36.21829700469971
0.027000000000000003,unsat,74.6152572631836
