epsilon,result,runtime
0.133,sat,1.2116434574127197
0.265,cancelled,3.896206855773926
0.08700000000000001,sat,1.3713042736053467
0.041,unsat,317.0419816970825
0.065,sat,1.3712654113769531
0.053000000000000005,sat,0.9224660396575928
0.047,sat,0.9050207138061523
0.045,sat,18.26520562171936
0.043000000000000003,unsat,372.31754517555237
