epsilon,result,runtime
0.265,sat,0.855431079864502
0.133,sat,1.1843981742858887
0.131,sat,0.6666626930236816
0.065,sat,0.9687080383300781
0.063,sat,0.5766129493713379
0.029,unsat,258.98225450515747
0.047,sat,15.303351163864136
0.039,sat,37.676828145980835
0.031,unsat,1319.6757032871246
0.035,unsat,3532.076762676239
0.033,cancelled,2538.0502741336823
0.037000000000000005,unsat,3397.3217504024506
