epsilon,result,runtime
0.265,sat,0.8953323364257812
0.133,sat,1.1358397006988525
0.131,sat,1.2723078727722168
0.065,sat,1.3505840301513672
0.063,sat,1.1446402072906494
0.031,unsat,23.79450750350952
0.029,cancelled,22.760048389434814
0.051000000000000004,sat,1.3875021934509277
0.041,unsat,3470.0970590114594
0.039,cancelled,3469.117285966873
0.047,sat,25.604386806488037
0.045,sat,32.268399715423584
0.043000000000000003,unsat,3501.7856137752533
