epsilon,result,runtime
0.265,sat,3.9576947689056396
0.133,sat,4.323916912078857
0.131,sat,4.359834909439087
0.065,sat,5.694905042648315
0.031,unsat,3.949702739715576
0.063,sat,7.295381307601929
0.047,unsat,41.360472202301025
0.045,cancelled,42.504326820373535
0.053000000000000005,unsat,417.8502073287964
0.059000000000000004,unsat,2303.541753768921
0.057,cancelled,2729.8948159217834
0.061,unsat,1033.8298943042755
