epsilon,result,runtime
0.265,sat,0.9565145969390869
0.133,sat,1.2470042705535889
0.131,sat,1.1889708042144775
0.065,sat,1.452995777130127
0.063,sat,0.8824203014373779
0.031,unsat,0.6666386127471924
0.029,cancelled,0.15631651878356934
0.051000000000000004,sat,10.95967435836792
0.039,unsat,99.9820396900177
0.041,unsat,232.21741724014282
0.047,sat,291.6340787410736
0.045,unsat,3486.5385723114014
0.043000000000000003,cancelled,3077.674221754074
