epsilon,result,runtime
0.265,sat,3.9951393604278564
0.133,sat,4.269144773483276
0.131,sat,4.1533308029174805
0.065,sat,4.349500417709351
0.063,sat,4.301469564437866
0.031,unsat,5.6686201095581055
0.029,cancelled,1.8308348655700684
0.041,sat,4.203885793685913
0.051000000000000004,cancelled,6.86892557144165
0.035,unsat,386.6343195438385
0.037000000000000005,unsat,485.06644916534424
0.039,unsat,368.5483396053314
