epsilon,result,runtime
0.133,sat,4.51898455619812
0.265,cancelled,7.495041370391846
0.08700000000000001,sat,4.304725646972656
0.043000000000000003,unsat,6.739091157913208
0.041,cancelled,2.4768776893615723
0.07100000000000001,sat,4.4880993366241455
0.055,unsat,480.32750487327576
0.063,sat,7.288119077682495
0.057,unsat,679.5408382415771
0.059000000000000004,unsat,1546.1105251312256
0.061,unsat,1398.3133783340454
