epsilon,result,runtime
0.133,sat,1.4218063354492188
0.265,cancelled,4.328289031982422
0.265,sat,1.4333710670471191
0.043000000000000003,sat,0.949873685836792
0.08700000000000001,cancelled,3.7141294479370117
0.013000000000000001,unsat,0.4481217861175537
0.027000000000000003,unsat,0.588860034942627
0.029,unsat,2.808086633682251
0.035,unsat,74.0319344997406
0.037000000000000005,unsat,89.21218752861023
0.039,unsat,96.85799241065979
0.041,unsat,94.93946933746338
