epsilon,result,runtime
0.265,sat,0.8319501876831055
0.133,sat,1.2174620628356934
0.131,sat,1.3001904487609863
0.065,sat,1.356398105621338
0.031,unsat,0.8258001804351807
0.047,unsat,0.7935988903045654
0.063,sat,8.505822896957397
0.053000000000000005,unsat,43.97104287147522
0.055,unsat,50.98585510253906
0.057,unsat,312.77738404273987
0.059000000000000004,unsat,1160.5803821086884
0.061,unsat,919.8532721996307
