epsilon,result,runtime
0.265,sat,1.9234833717346191
0.133,sat,2.8889756202697754
0.131,sat,2.5999562740325928
0.065,sat,2.7594892978668213
0.063,sat,2.4134747982025146
0.031,sat,1.474409580230713
0.029,sat,1.459916591644287
0.013000000000000001,unsat,1.2560250759124756
0.021,sat,1.941511869430542
0.015,unsat,50.7786123752594
0.019000000000000003,sat,1.9779300689697266
0.017,unsat,77.19640398025513
