epsilon,result,runtime
0.265,sat,3.8857662677764893
0.133,sat,4.217137813568115
0.131,sat,4.353916168212891
0.065,sat,4.428962469100952
0.031,unsat,3.863236904144287
0.063,sat,4.269230365753174
0.047,sat,3.7262473106384277
0.045,sat,3.79361629486084
0.037000000000000005,unsat,81.88485145568848
0.039,unsat,149.08825182914734
0.043000000000000003,sat,4.704386234283447
0.041,unsat,165.21196269989014
