epsilon,result,runtime
0.265,sat,41.52617907524109
0.131,sat,89.2968327999115
0.133,cancelled,136.79360938072205
0.043000000000000003,unsat,1.1821300983428955
0.085,unsat,3485.679582834244
0.08700000000000001,timeout,3600
0.109,unsat,3553.0575890541077
0.107,cancelled,3442.3263051509857
0.123,sat,127.87137746810913
0.117,sat,239.48292207717896
0.115,timeout,3600
0.111,unsat,3498.9088745117188
0.113,unsat,3557.8076264858246
