epsilon,result,runtime
0.265,sat,0.986976146697998
0.133,sat,1.330514669418335
0.131,sat,1.276038646697998
0.063,unsat,31.2985520362854
0.065,unsat,37.028449296951294
0.097,sat,0.7328441143035889
0.099,cancelled,2.5058348178863525
0.085,sat,1.5337002277374268
0.07300000000000001,unsat,1755.333086490631
0.079,sat,7.913710117340088
0.077,sat,34.013612270355225
0.075,unsat,2006.311955690384
