epsilon,result,runtime
0.265,sat,0.5975890159606934
0.133,sat,0.965155839920044
0.131,sat,1.3399302959442139
0.065,sat,1.3665745258331299
0.063,sat,0.6354432106018066
0.031,unsat,0.6517014503479004
0.029,cancelled,0.20239758491516113
0.041,unsat,51.09554672241211
0.053000000000000005,sat,14.110806226730347
0.045,unsat,766.1174402236938
0.047,unsat,1936.0354263782501
0.051000000000000004,unsat,3569.683462381363
0.049,cancelled,792.2743854522705
