epsilon,result,runtime
0.265,sat,0.895899772644043
0.133,sat,1.2916219234466553
0.131,sat,1.2392075061798096
0.065,sat,1.209709644317627
0.063,sat,1.3608753681182861
0.029,unsat,37.01995396614075
0.047,sat,1.3215367794036865
0.039,sat,1.472745418548584
0.035,sat,6.7315051555633545
0.033,sat,31.001113891601562
0.031,unsat,94.26398849487305
