epsilon,result,runtime
0.265,sat,3.8957669734954834
0.133,sat,4.250852346420288
0.131,sat,4.147481918334961
0.065,sat,4.295050859451294
0.063,sat,4.135271787643433
0.031,unsat,3.811105251312256
0.029,cancelled,0.08143043518066406
0.041,sat,4.126507520675659
0.051000000000000004,cancelled,6.9639527797698975
0.035,unsat,17.177932024002075
0.037000000000000005,unsat,30.756102800369263
0.039,unsat,27.126760721206665
