epsilon,result,runtime
0.133,sat,133.1589391231537
0.265,cancelled,136.05968570709229
0.043000000000000003,unsat,70.35834288597107
0.089,sat,220.2650728225708
0.08700000000000001,sat,342.5396890640259
0.065,unsat,3590.554841518402
0.063,cancelled,3548.374381542206
0.07300000000000001,unsat,3517.5096600055695
0.079,unsat,3572.580104112625
0.083,sat,1296.9701902866364
0.081,unsat,3565.044102191925
