epsilon,result,runtime
0.265,sat,1.4766898155212402
0.133,sat,2.078148603439331
0.131,sat,2.227517604827881
0.065,sat,2.2277133464813232
0.031,sat,1.495622158050537
0.063,cancelled,4.971903324127197
0.019000000000000003,unsat,1.165410041809082
0.009000000000000001,cancelled,4.782561540603638
0.023,unsat,32.661454916000366
0.027000000000000003,sat,1.5902094841003418
0.025,unsat,40.58463478088379
