epsilon,result,runtime
0.265,sat,0.9228904247283936
0.133,sat,1.2390377521514893
0.131,sat,1.2470715045928955
0.065,sat,2.8173532485961914
0.063,sat,0.7799115180969238
0.029,unsat,9.014096736907959
0.031,unsat,22.433875560760498
0.047,sat,521.7313916683197
0.037000000000000005,unsat,202.75996327400208
0.041,unsat,2589.769768476486
0.045,unsat,3565.2041811943054
0.043000000000000003,cancelled,255.42557573318481
