epsilon,result,runtime
0.265,sat,2.262415885925293
0.133,sat,2.262455463409424
0.131,sat,2.266023874282837
0.065,sat,2.2981314659118652
0.063,sat,2.2426440715789795
0.031,sat,15.366994142532349
0.013000000000000001,unsat,1.2108092308044434
0.021,unsat,1.1785330772399902
0.025,unsat,1.1955540180206299
0.027000000000000003,unsat,1.146514892578125
0.029,unsat,39.35995960235596
