epsilon,result,runtime
0.265,sat,3.924272298812866
0.133,sat,4.335619688034058
0.131,sat,4.219460725784302
0.065,sat,4.280915975570679
0.031,unsat,3.8295352458953857
0.063,sat,4.214337110519409
0.047,sat,3.8856587409973145
0.045,sat,3.9083027839660645
0.037000000000000005,unsat,16.55341601371765
0.039,unsat,17.642812252044678
0.041,unsat,57.95297455787659
0.043000000000000003,unsat,68.20081806182861
