epsilon,result,runtime
0.265,sat,1.9177210330963135
0.133,sat,2.8405826091766357
0.131,sat,2.6707892417907715
0.063,sat,33.99818468093872
0.065,cancelled,44.70501661300659
0.021,unsat,1.9933698177337646
0.041,unsat,87.22469282150269
0.043000000000000003,unsat,352.8346290588379
0.053000000000000005,sat,1173.3135783672333
0.051000000000000004,unsat,3474.0269300937653
0.047,cancelled,2578.51026058197
