epsilon,result,runtime
0.265,sat,0.8459217548370361
0.133,sat,1.2122979164123535
0.131,sat,1.187098503112793
0.065,sat,1.278918743133545
0.063,sat,1.1641459465026855
0.031,sat,3.942936658859253
0.013000000000000001,unsat,0.7769014835357666
0.021,unsat,14.61808967590332
0.025,unsat,213.67099833488464
0.027000000000000003,unsat,1039.9661991596222
0.029,unsat,1525.2647428512573
