epsilon,result,runtime
0.265,sat,0.9015147686004639
0.133,sat,1.2057790756225586
0.131,sat,1.3091115951538086
0.065,sat,1.3771436214447021
0.063,sat,1.1710419654846191
0.029,unsat,38.78541421890259
0.047,sat,27.32303261756897
0.031,unsat,112.09641718864441
0.039,sat,36.53320598602295
0.033,unsat,78.70887351036072
0.037000000000000005,sat,232.65279936790466
0.035,unsat,163.9150881767273
