epsilon,result,runtime
0.265,sat,3.9043948650360107
0.133,sat,4.22387957572937
0.131,sat,4.065606355667114
0.063,unsat,1019.1577641963959
0.097,sat,4.576754093170166
0.081,sat,14.977914333343506
0.07300000000000001,sat,4.052412271499634
0.069,sat,7.455195188522339
0.067,sat,27.205559015274048
0.065,unsat,1726.5621242523193
