epsilon,result,runtime
0.265,sat,3.984477996826172
0.133,sat,4.132311582565308
0.065,sat,4.386164426803589
0.131,cancelled,7.237256050109863
0.131,sat,4.42289137840271
0.021,unsat,3.8008792400360107
0.041,unsat,23.608648777008057
0.053000000000000005,sat,4.588664531707764
0.047,sat,12.2940993309021
0.043000000000000003,unsat,119.93573474884033
0.045,unsat,173.19828987121582
