epsilon,result,runtime
0.265,sat,0.9348163604736328
0.133,sat,1.258803129196167
0.131,sat,0.5144381523132324
0.065,sat,0.5716159343719482
0.063,sat,0.5455915927886963
0.031,sat,1.04823637008667
0.029,sat,0.3453867435455322
0.013000000000000001,unsat,0.5300633907318115
0.015,unsat,0.3321802616119385
0.021,unsat,0.44983363151550293
0.023,unsat,11.928095579147339
0.025,unsat,16.720799684524536
0.027000000000000003,unsat,8.253427743911743
