epsilon,result,runtime
0.265,sat,1.432981014251709
0.133,sat,2.036958694458008
0.131,sat,2.1230242252349854
0.065,sat,2.1041388511657715
0.063,sat,1.9097166061401367
0.031,sat,1.899306297302246
0.029,sat,1.9921975135803223
0.013000000000000001,sat,1.4023792743682861
0.015,cancelled,0.11798954010009766
0.003,unsat,1.4631342887878418
0.007,unsat,1.5448377132415771
0.009000000000000001,unsat,1.1290061473846436
0.011,unsat,1.1342816352844238
