epsilon,result,runtime
0.265,sat,0.888953447341919
0.133,sat,1.2574810981750488
0.131,sat,0.5209314823150635
0.065,sat,1.0120315551757812
0.063,sat,0.45440125465393066
0.029,unsat,25.61259889602661
0.031,unsat,29.960999250411987
0.047,sat,0.37296056747436523
0.045,sat,0.5351014137268066
0.037000000000000005,sat,0.6199436187744141
0.039,cancelled,1.8391361236572266
0.035,sat,12.430540323257446
0.033,unsat,20.39842963218689
