epsilon,result,runtime
0.265,sat,0.8633828163146973
0.133,sat,1.2164998054504395
0.131,sat,1.1522138118743896
0.065,sat,1.2521564960479736
0.031,sat,0.9632809162139893
0.063,cancelled,4.014111042022705
0.063,sat,1.217454433441162
0.009000000000000001,unsat,0.7788469791412354
0.019000000000000003,sat,0.8103737831115723
0.021,cancelled,0.005186319351196289
0.013000000000000001,unsat,1.1692533493041992
0.015,unsat,1.2956421375274658
0.017,sat,0.20176982879638672
