epsilon,result,runtime
0.265,sat,3.912559986114502
0.133,sat,4.244027137756348
0.131,sat,4.481614351272583
0.065,sat,6.166557550430298
0.063,sat,4.069058895111084
0.031,unsat,4.574966192245483
0.029,cancelled,2.2172775268554688
0.041,unsat,43.39450001716614
0.053000000000000005,sat,51.72592806816101
0.045,unsat,208.88386917114258
0.047,unsat,570.6908619403839
0.051000000000000004,unsat,1529.2719361782074
0.049,cancelled,645.0471403598785
