epsilon,result,runtime
0.265,sat,0.8333415985107422
0.133,sat,1.2532575130462646
0.131,sat,1.2246026992797852
0.065,sat,1.2593004703521729
0.063,sat,0.6617112159729004
0.031,unsat,39.348299741744995
0.029,cancelled,39.11972379684448
0.051000000000000004,sat,3.7103118896484375
0.041,sat,4.085051774978638
0.039,sat,0.683588981628418
0.033,unsat,96.81210350990295
0.037000000000000005,sat,1.5296342372894287
0.035,unsat,335.6761338710785
