epsilon,result,runtime
0.265,sat,0.7291536331176758
0.133,sat,1.1240897178649902
0.131,sat,1.2703256607055664
0.065,sat,1.275622844696045
0.063,sat,0.3482816219329834
0.031,unsat,1.0792324542999268
0.029,cancelled,1.1165237426757812
0.041,sat,0.6250462532043457
0.051000000000000004,cancelled,3.3192875385284424
0.035,unsat,30.45130968093872
0.039,sat,1.4852774143218994
0.037000000000000005,unsat,35.631744623184204
