epsilon,result,runtime
0.133,sat,1.520012378692627
0.265,cancelled,4.48923397064209
0.08700000000000001,sat,1.4767191410064697
0.043000000000000003,sat,3.924827814102173
0.041,sat,2.1999762058258057
0.019000000000000003,unsat,0.6064310073852539
0.021,unsat,0.3126983642578125
0.031,unsat,1.3120038509368896
0.029,cancelled,1.9308180809020996
0.035,unsat,89.28696203231812
0.037000000000000005,unsat,341.9905152320862
0.039,unsat,342.4288146495819
