epsilon,result,runtime
0.265,sat,0.6508264541625977
0.133,sat,1.0414676666259766
0.131,sat,0.8479015827178955
0.065,sat,0.9755096435546875
0.063,sat,0.6985397338867188
0.031,sat,1.028104543685913
0.013000000000000001,unsat,0.8538250923156738
0.021,unsat,3.6429011821746826
0.029,sat,16.637699604034424
0.023,unsat,19.42623209953308
0.025,unsat,28.56846308708191
0.027000000000000003,unsat,11.065653085708618
