epsilon,result,runtime
0.265,sat,0.9163837432861328
0.133,sat,1.2651100158691406
0.131,sat,0.38257598876953125
0.065,sat,1.0152325630187988
0.063,sat,0.7723731994628906
0.031,sat,0.6160006523132324
0.029,sat,0.5863504409790039
0.013000000000000001,unsat,0.22688770294189453
0.015,unsat,0.4889802932739258
0.021,unsat,52.10755276679993
0.025,sat,6.167386293411255
0.023,unsat,70.7558650970459
