epsilon,result,runtime
0.265,sat,4.512252330780029
0.133,sat,5.571461200714111
0.131,sat,12.760140657424927
0.063,unsat,3502.837163209915
0.065,unsat,3519.5619490146637
0.097,sat,4.1587607860565186
0.099,cancelled,5.412190914154053
0.085,sat,4.467284679412842
0.075,sat,4.368316411972046
0.07300000000000001,sat,4.6170806884765625
0.069,sat,128.58980703353882
0.067,unsat,3518.0531075000763
