epsilon,result,runtime
0.133,sat,0.8943724632263184
0.265,cancelled,3.7919139862060547
0.08700000000000001,sat,0.8876562118530273
0.043000000000000003,sat,1.260787010192871
0.041,sat,1.0674309730529785
0.019000000000000003,sat,0.8829445838928223
0.021,cancelled,0.11846089363098145
0.005,unsat,1.0761120319366455
0.011,sat,1.2113561630249023
0.013000000000000001,cancelled,0.1438910961151123
0.007,unsat,4.077342987060547
0.009000000000000001,unsat,6.297412872314453
