epsilon,result,runtime
0.265,sat,0.909597635269165
0.133,sat,1.1258606910705566
0.131,sat,1.3281099796295166
0.065,sat,1.3447661399841309
0.063,sat,1.3719775676727295
0.031,sat,1.3934967517852783
0.013000000000000001,unsat,0.7470088005065918
0.029,sat,1.1109635829925537
0.021,sat,0.7316710948944092
0.019000000000000003,sat,0.7977685928344727
0.015,unsat,5.049123287200928
0.017,sat,5.32029390335083
