epsilon,result,runtime
0.265,sat,1.3947694301605225
0.133,sat,1.985121726989746
0.131,sat,1.9496262073516846
0.065,sat,2.000335216522217
0.063,sat,2.094878673553467
0.029,unsat,14.809543371200562
0.047,sat,2.3675153255462646
0.039,sat,2.3132660388946533
0.031,unsat,59.39221501350403
0.033,unsat,159.64943885803223
0.037000000000000005,sat,26.816267251968384
0.035,unsat,273.1582086086273
