epsilon,result,runtime
0.133,sat,1.5061328411102295
0.265,cancelled,4.142514705657959
0.265,sat,1.4599418640136719
0.08700000000000001,sat,1.2285349369049072
0.041,unsat,354.73214316368103
0.065,sat,1.5448822975158691
0.053000000000000005,sat,4.322142601013184
0.043000000000000003,unsat,997.0672588348389
0.047,unsat,3580.229445695877
0.049,unsat,3541.34392285347
