epsilon,result,runtime
0.265,sat,0.7866687774658203
0.133,sat,1.1266844272613525
0.131,sat,1.190396785736084
0.065,sat,1.2526273727416992
0.031,sat,0.9493265151977539
0.063,cancelled,3.9507720470428467
0.009000000000000001,unsat,0.7660136222839355
0.019000000000000003,unsat,1.9733664989471436
0.025,sat,1.0114045143127441
0.023,sat,0.9326260089874268
0.021,unsat,7.6009721755981445
