epsilon,result,runtime
0.133,sat,4.297770977020264
0.265,cancelled,7.649775743484497
0.043000000000000003,unsat,3.826023578643799
0.08700000000000001,sat,4.183192491531372
0.089,cancelled,0.4269680976867676
0.07100000000000001,sat,21.782602310180664
0.055,unsat,40.30805206298828
0.063,unsat,119.86098551750183
0.057,cancelled,191.64089035987854
0.065,unsat,984.7162868976593
0.069,sat,21.41133213043213
0.067,timeout,3600
