epsilon,result,runtime
0.133,sat,11.85417890548706
0.265,cancelled,14.589739322662354
0.043000000000000003,unsat,21.726450204849243
0.08700000000000001,sat,27.371443033218384
0.089,cancelled,5.670126914978027
0.07100000000000001,unsat,3461.870487689972
0.057,cancelled,3465.232172727585
0.081,sat,30.81773829460144
0.077,unsat,3458.5954971313477
0.075,cancelled,3428.1778881549835
0.079,sat,109.81060814857483
