epsilon,result,runtime
0.265,sat,0.9853672981262207
0.133,sat,1.0804476737976074
0.065,sat,1.419137716293335
0.131,cancelled,4.200597763061523
0.131,sat,1.4535267353057861
0.021,unsat,0.7180562019348145
0.041,unsat,626.3354625701904
0.053000000000000005,sat,23.65881609916687
0.043000000000000003,unsat,3004.6604573726654
0.047,unsat,3520.846997976303
0.049,unsat,3475.0028972625732
0.051000000000000004,unsat,3472.5978107452393
