epsilon,result,runtime
0.265,sat,1.4564440250396729
0.133,sat,2.053583860397339
0.131,sat,2.112694501876831
0.065,sat,2.14212965965271
0.063,sat,2.034273624420166
0.031,sat,105.04468297958374
0.013000000000000001,unsat,0.7514572143554688
0.021,unsat,47.403911113739014
0.025,unsat,361.37578296661377
0.027000000000000003,unsat,1233.7867197990417
0.029,unsat,2501.276371240616
