epsilon,result,runtime
0.265,sat,0.8526060581207275
0.131,sat,13.237173557281494
0.133,cancelled,20.207552194595337
0.043000000000000003,sat,1.1584668159484863
0.085,cancelled,3.9133493900299072
0.013000000000000001,unsat,1.2090203762054443
0.029,sat,22.199727058410645
0.027000000000000003,sat,28.996306657791138
0.019000000000000003,unsat,11.694896221160889
0.021,unsat,11.746119499206543
0.023,unsat,63.268521785736084
0.025,unsat,65.39450931549072
