epsilon,result,runtime
0.265,sat,3.8917415142059326
0.133,sat,4.276253938674927
0.131,sat,4.088923454284668
0.065,sat,4.127364635467529
0.063,sat,4.203923463821411
0.031,sat,3.942941188812256
0.029,sat,3.598231315612793
0.015,sat,4.019762754440308
0.005,unsat,3.8713128566741943
0.009000000000000001,unsat,3.830683469772339
0.011,unsat,9.246135711669922
0.013000000000000001,unsat,39.01571702957153
