epsilon,result,runtime
0.265,sat,0.876924991607666
0.133,sat,1.2500758171081543
0.131,sat,1.1826059818267822
0.065,sat,1.268845796585083
0.063,sat,0.4623894691467285
0.031,sat,0.5126423835754395
0.029,sat,0.2584974765777588
0.013000000000000001,unsat,0.3555729389190674
0.015,unsat,0.2176523208618164
0.023,sat,0.9257071018218994
0.017,unsat,13.013191223144531
0.019000000000000003,unsat,36.204291105270386
0.021,unsat,62.205846548080444
