epsilon,result,runtime
0.133,sat,3.9898951053619385
0.265,cancelled,6.970170736312866
0.08700000000000001,sat,4.4470133781433105
0.043000000000000003,sat,5.693611145019531
0.019000000000000003,unsat,3.8071444034576416
0.029,unsat,3.89300537109375
0.035,unsat,53.42289137840271
0.041,sat,120.33017015457153
0.037000000000000005,unsat,102.9652042388916
0.039,unsat,77.18519043922424
