epsilon,result,runtime
0.265,sat,3.787693500518799
0.133,sat,4.188010931015015
0.131,sat,4.163896322250366
0.065,sat,4.250508069992065
0.063,sat,4.120419263839722
0.029,unsat,1024.0316274166107
0.047,sat,4.662060976028442
0.039,sat,4.644969463348389
0.035,sat,13.995484828948975
0.031,unsat,3569.138156414032
0.033,unsat,3576.652931213379
