epsilon,result,runtime
0.265,sat,3.968068838119507
0.133,sat,4.262149810791016
0.131,sat,4.122776985168457
0.065,sat,4.282522439956665
0.063,sat,4.138261556625366
0.031,sat,4.704561233520508
0.013000000000000001,unsat,3.8687632083892822
0.029,sat,7.9729554653167725
0.019000000000000003,unsat,3.8297410011291504
0.021,unsat,10.967007160186768
0.023,unsat,40.377180337905884
0.025,unsat,100.67942190170288
0.027000000000000003,unsat,57.30172348022461
