epsilon,result,runtime
0.265,sat,3.9831480979919434
0.133,sat,4.352937459945679
0.131,sat,4.294112920761108
0.065,sat,4.317526340484619
0.063,sat,4.111271619796753
0.029,unsat,30.42137861251831
0.047,sat,4.632289409637451
0.031,unsat,47.22804379463196
0.039,sat,4.096124887466431
0.037000000000000005,sat,3.5407936573028564
0.035,sat,9.2673819065094
0.033,unsat,27.473737239837646
