epsilon,result,runtime
0.265,sat,3.8975048065185547
0.133,sat,4.184017658233643
0.131,sat,4.458329200744629
0.065,sat,4.4247887134552
0.063,sat,4.348585605621338
0.031,unsat,7.26295804977417
0.029,cancelled,3.133415937423706
0.051000000000000004,sat,9.077955484390259
0.039,unsat,1684.471464395523
0.041,unsat,3552.8233110904694
0.045,unsat,3497.8691842556
0.049,sat,17.410600423812866
0.047,unsat,3506.3592081069946
