epsilon,result,runtime
0.265,sat,0.7335302829742432
0.133,sat,1.0660557746887207
0.131,sat,0.5093224048614502
0.065,sat,0.9261343479156494
0.063,sat,0.4818265438079834
0.031,sat,0.8526654243469238
0.029,sat,0.4250607490539551
0.013000000000000001,unsat,0.48093104362487793
0.015,unsat,0.5336084365844727
0.021,unsat,22.39924931526184
0.025,sat,27.015416860580444
0.023,unsat,52.316723585128784
