epsilon,result,runtime
0.265,sat,0.7264072895050049
0.133,sat,1.2450757026672363
0.131,sat,0.5296852588653564
0.065,sat,1.0924525260925293
0.063,sat,0.4633147716522217
0.031,sat,0.7352070808410645
0.029,sat,0.5185854434967041
0.013000000000000001,sat,0.512096643447876
0.015,cancelled,1.13798189163208
0.003,unsat,0.6847052574157715
0.007,unsat,0.694634199142456
0.011,sat,7.1972150802612305
0.009000000000000001,unsat,7.69440770149231
