epsilon,result,runtime
0.133,sat,4.0152747631073
0.265,cancelled,7.085183143615723
0.08700000000000001,sat,4.408376693725586
0.043000000000000003,sat,4.473765134811401
0.041,sat,4.132040023803711
0.019000000000000003,unsat,15.352331399917603
0.031,sat,4.6075828075408936
0.021,unsat,21.74985146522522
0.027000000000000003,sat,35.11642074584961
0.023,unsat,403.52256989479065
0.025,unsat,798.9602046012878
