epsilon,result,runtime
0.133,sat,5.219194412231445
0.265,cancelled,8.000226259231567
0.043000000000000003,sat,4.540407657623291
0.08700000000000001,cancelled,8.142165422439575
0.013000000000000001,unsat,3.8759849071502686
0.027000000000000003,unsat,10.245414972305298
0.035,sat,4.026699066162109
0.031,sat,4.023135185241699
0.029,unsat,26.67268681526184
