epsilon,result,runtime
0.265,sat,0.8558297157287598
0.133,sat,1.050999402999878
0.131,sat,1.1981823444366455
0.065,sat,1.2920382022857666
0.063,sat,1.1758949756622314
0.031,sat,1.307863712310791
0.029,sat,1.0161550045013428
0.013000000000000001,unsat,0.7789855003356934
0.021,unsat,0.6869025230407715
0.015,cancelled,3.369913101196289
0.023,unsat,18.476528644561768
0.025,unsat,36.07640600204468
0.027000000000000003,unsat,30.191060066223145
