epsilon,result,runtime
0.133,sat,105.83560824394226
0.265,cancelled,110.36487436294556
0.043000000000000003,unsat,245.72131896018982
0.089,sat,233.17360711097717
0.08700000000000001,sat,1047.9657895565033
0.065,unsat,3525.433604001999
0.063,cancelled,2965.655728340149
0.07300000000000001,unsat,3470.085545539856
0.079,timeout,3600
0.081,unsat,3481.315104007721
0.077,cancelled,3366.0567214488983
0.085,sat,305.9761335849762
0.083,sat,393.2253520488739
