epsilon,result,runtime
0.265,sat,0.8201193809509277
0.133,sat,1.1943004131317139
0.131,sat,1.033456802368164
0.065,sat,1.2894020080566406
0.063,sat,0.7353262901306152
0.029,unsat,91.51021814346313
0.047,sat,1.5028026103973389
0.039,sat,1.0127038955688477
0.035,sat,18.081665992736816
0.031,unsat,422.44737935066223
0.033,sat,307.8660349845886
