epsilon,result,runtime
0.265,sat,4.001736879348755
0.133,sat,4.3431618213653564
0.131,sat,4.113441228866577
0.065,sat,4.257559299468994
0.063,sat,4.353084325790405
0.029,unsat,326.1767432689667
0.047,sat,4.634796857833862
0.039,sat,4.6593544483184814
0.035,sat,21.481820583343506
0.033,sat,31.343103647232056
0.031,unsat,622.3711712360382
