epsilon,result,runtime
0.265,sat,3.8977155685424805
0.133,sat,4.241128444671631
0.131,sat,4.270360946655273
0.065,sat,4.315109014511108
0.063,sat,4.195094108581543
0.031,sat,4.300282001495361
0.013000000000000001,unsat,3.858825206756592
0.029,sat,4.168942928314209
0.021,unsat,3.6759698390960693
0.019000000000000003,cancelled,6.357292890548706
0.023,unsat,38.056779623031616
0.027000000000000003,sat,20.231134176254272
0.025,unsat,64.77483654022217
