epsilon,result,runtime
0.265,sat,4.039840221405029
0.133,sat,4.291524410247803
0.131,sat,4.537875175476074
0.065,sat,4.497225761413574
0.031,unsat,3.9969708919525146
0.063,sat,4.134355545043945
0.045,unsat,3461.838439464569
0.055,sat,23.145564317703247
0.047,unsat,3541.967298269272
0.051000000000000004,sat,52.28537940979004
0.049,unsat,3507.9093239307404
