epsilon,result,runtime
0.265,sat,4.48874044418335
0.133,sat,4.618866443634033
0.131,sat,4.162482023239136
0.065,unsat,3509.665885925293
0.063,cancelled,3505.660831451416
0.08700000000000001,sat,5.286729574203491
0.107,cancelled,8.92209768295288
0.079,sat,22.38409113883972
0.07300000000000001,sat,38.65652918815613
0.07100000000000001,unsat,3546.5517942905426
0.067,cancelled,3534.3874232769012
