epsilon,result,runtime
0.133,sat,5.487631559371948
0.265,cancelled,9.036524295806885
0.043000000000000003,unsat,4.284193515777588
0.089,sat,16.37706756591797
0.08700000000000001,sat,28.53170680999756
0.063,unsat,64.36586403846741
0.065,unsat,172.80385398864746
