epsilon,result,runtime
0.265,sat,3.837536334991455
0.133,sat,4.192495107650757
0.131,sat,4.233438730239868
0.065,unsat,3485.3087153434753
0.063,cancelled,3481.4636554718018
0.107,sat,5.3655571937561035
0.08700000000000001,sat,5.372227907180786
0.085,sat,5.3791913986206055
0.075,sat,5.273979902267456
0.07300000000000001,sat,5.326467275619507
0.069,sat,8.561310052871704
0.067,unsat,3560.2666907310486
