epsilon,result,runtime
0.133,sat,4.166940927505493
0.265,cancelled,7.046741247177124
0.265,sat,3.9313597679138184
0.08700000000000001,sat,7.57684326171875
0.041,unsat,125.03727006912231
0.065,sat,4.349061489105225
0.053000000000000005,sat,4.620088577270508
0.047,sat,22.773789167404175
0.045,sat,51.11916208267212
0.043000000000000003,unsat,261.25355219841003
