epsilon,result,runtime
0.265,sat,0.8530919551849365
0.133,sat,1.1253926753997803
0.131,sat,1.0625457763671875
0.065,sat,1.2269775867462158
0.063,sat,0.8435142040252686
0.029,unsat,43.60047698020935
0.047,sat,0.937422513961792
0.039,sat,13.72274136543274
0.031,unsat,90.46860599517822
0.033,unsat,508.57768416404724
0.035,unsat,1229.1224710941315
0.037000000000000005,unsat,796.1908078193665
