epsilon,result,runtime
0.265,sat,0.7853448390960693
0.133,sat,1.0387897491455078
0.131,sat,1.4250447750091553
0.065,sat,1.3931481838226318
0.063,sat,1.460160255432129
0.029,unsat,78.29408621788025
0.047,sat,1.52838134765625
0.039,sat,1.5587561130523682
0.031,unsat,249.2689723968506
0.033,unsat,622.8276243209839
0.037000000000000005,sat,34.62885785102844
0.035,unsat,833.6327803134918
