epsilon,result,runtime
0.265,sat,0.9137194156646729
0.133,sat,1.1759684085845947
0.131,sat,0.596768856048584
0.065,sat,1.051560878753662
0.063,sat,0.39214062690734863
0.029,unsat,59.72386908531189
0.047,sat,1.484292984008789
0.031,unsat,69.14506077766418
0.039,sat,0.6856203079223633
0.037000000000000005,sat,0.39367127418518066
0.035,sat,1.0165228843688965
0.033,unsat,19.624818325042725
