epsilon,result,runtime
0.265,sat,0.8709464073181152
0.133,sat,1.1045429706573486
0.131,sat,1.1934893131256104
0.065,sat,2.7670211791992188
0.031,unsat,0.7449939250946045
0.063,sat,2.4392640590667725
0.047,unsat,81.14452409744263
0.045,cancelled,83.90273904800415
0.053000000000000005,unsat,2019.1036009788513
0.059000000000000004,sat,98.8158757686615
0.057,unsat,3485.7212929725647
0.055,cancelled,1364.7961204051971
