epsilon,result,runtime
0.265,sat,0.756486177444458
0.133,sat,1.1611535549163818
0.131,sat,1.1777374744415283
0.065,sat,1.3168458938598633
0.063,sat,0.4695734977722168
0.029,unsat,19.650890111923218
0.047,sat,1.5041594505310059
0.031,unsat,29.137704372406006
0.039,sat,2.041901111602783
0.037000000000000005,sat,0.7440733909606934
0.035,sat,1.3562421798706055
0.033,unsat,15.628980159759521
