epsilon,result,runtime
0.265,sat,0.9044880867004395
0.133,sat,1.1246390342712402
0.131,sat,1.0876169204711914
0.065,sat,1.148038625717163
0.063,sat,1.2552530765533447
0.029,unsat,44.93311858177185
0.047,sat,1.2522261142730713
0.039,sat,3.0886456966400146
0.031,unsat,783.7935676574707
0.035,unsat,3519.268969774246
0.033,cancelled,2798.8268020153046
0.037000000000000005,unsat,3580.681622028351
