epsilon,result,runtime
0.265,sat,3.9270107746124268
0.133,sat,4.308216094970703
0.131,sat,4.285413980484009
0.065,sat,4.349349021911621
0.063,sat,4.353800058364868
0.031,unsat,30.117702960968018
0.029,cancelled,26.197906970977783
0.051000000000000004,sat,5.482665538787842
0.039,unsat,3503.396695613861
0.045,sat,4.581383466720581
0.043000000000000003,sat,8.57163691520691
0.041,unsat,3535.0440781116486
