epsilon,result,runtime
0.265,sat,3.9430840015411377
0.133,sat,4.292574882507324
0.131,sat,4.196496248245239
0.065,sat,4.3260979652404785
0.063,sat,4.212835073471069
0.031,sat,3.934359312057495
0.029,sat,3.932812452316284
0.013000000000000001,unsat,3.7976012229919434
0.021,sat,4.628343105316162
0.015,unsat,6.052496671676636
0.019000000000000003,sat,17.705790996551514
0.017,unsat,20.21739673614502
