epsilon,result,runtime
0.265,sat,28.476223707199097
0.133,sat,32.21939134597778
0.065,sat,8.065462112426758
0.131,cancelled,14.487614631652832
0.021,unsat,0.4959750175476074
0.041,unsat,80.27656960487366
0.053000000000000005,sat,9.283695936203003
0.047,sat,11.615296602249146
0.043000000000000003,unsat,134.86261248588562
0.045,unsat,51.083415269851685
