epsilon,result,runtime
0.265,sat,0.9242348670959473
0.133,sat,1.2527799606323242
0.131,sat,1.2769770622253418
0.065,sat,1.241255760192871
0.063,sat,1.2561402320861816
0.029,unsat,75.1665768623352
0.031,unsat,123.3942608833313
0.047,unsat,3456.386288166046
0.045,cancelled,3416.0917665958405
0.057,sat,2.326929807662964
0.053000000000000005,sat,2.3899388313293457
0.051000000000000004,sat,28.746203184127808
0.049,sat,93.91062426567078
