epsilon,result,runtime
0.133,sat,4.053683042526245
0.265,cancelled,7.091784238815308
0.08700000000000001,sat,4.6659626960754395
0.043000000000000003,sat,20.02142643928528
0.019000000000000003,unsat,3.773918867111206
0.029,unsat,3.8730194568634033
0.041,unsat,32.937764406204224
0.035,cancelled,6.28843879699707
