epsilon,result,runtime
0.133,sat,4.536630868911743
0.265,cancelled,8.098748922348022
0.043000000000000003,sat,5.340656518936157
0.08700000000000001,cancelled,8.64036250114441
0.027000000000000003,sat,5.325351238250732
0.011,unsat,4.320269584655762
0.013000000000000001,unsat,17.79301881790161
0.019000000000000003,sat,4.136293649673462
0.021,cancelled,3.6321942806243896
0.015,unsat,76.03996753692627
0.017,unsat,163.8165581226349
