epsilon,result,runtime
0.265,sat,11.870658159255981
0.131,sat,62.15224528312683
0.133,cancelled,80.23109793663025
0.085,sat,19.717395305633545
0.043000000000000003,unsat,21.07934856414795
0.041,cancelled,1.4470291137695312
0.069,sat,46.63491606712341
0.055,unsat,3488.249410867691
0.057,unsat,3559.2534079551697
0.063,sat,711.3668081760406
0.061,unsat,3577.877224445343
0.059000000000000004,cancelled,2887.2125170230865
