epsilon,result,runtime
0.265,sat,0.7961564064025879
0.133,sat,1.1549286842346191
0.131,sat,1.2069320678710938
0.065,sat,1.3027079105377197
0.063,sat,0.7654716968536377
0.031,unsat,57.16240620613098
0.029,cancelled,56.70591759681702
0.051000000000000004,sat,28.071365356445312
0.039,unsat,225.52080965042114
0.045,sat,274.57906913757324
0.041,unsat,836.2276091575623
0.043000000000000003,sat,386.2997794151306
