epsilon,result,runtime
0.265,sat,4.067575454711914
0.133,sat,4.238288402557373
0.131,sat,4.181289911270142
0.065,sat,4.466015815734863
0.063,sat,4.37961745262146
0.031,sat,4.060741424560547
0.013000000000000001,unsat,3.782299041748047
0.029,sat,3.9418909549713135
0.021,unsat,3.683190107345581
0.019000000000000003,cancelled,6.318601846694946
0.023,unsat,16.12790608406067
0.027000000000000003,sat,4.002588272094727
0.025,unsat,23.79930329322815
