epsilon,result,runtime
0.265,sat,0.5930302143096924
0.133,sat,0.9815647602081299
0.131,sat,0.8005669116973877
0.065,sat,1.041774034500122
0.063,sat,0.3566453456878662
0.031,sat,0.6335909366607666
0.029,sat,0.3937211036682129
0.013000000000000001,unsat,0.5036265850067139
0.015,unsat,0.43169188499450684
0.023,sat,0.9789683818817139
0.017,unsat,0.7856237888336182
0.021,unsat,9.789581060409546
0.019000000000000003,cancelled,2.5543808937072754
