epsilon,result,runtime
0.265,sat,0.9309995174407959
0.133,sat,1.122692584991455
0.131,sat,1.2964558601379395
0.065,sat,2.308021068572998
0.031,unsat,0.7553868293762207
0.063,sat,2.2296571731567383
0.047,sat,3.6132962703704834
0.037000000000000005,unsat,3.5612130165100098
0.041,unsat,43.62015414237976
0.043000000000000003,unsat,42.67055368423462
0.045,unsat,106.7496120929718
