epsilon,result,runtime
0.133,sat,3.684091329574585
0.265,cancelled,6.659469842910767
0.043000000000000003,sat,4.18085241317749
0.08700000000000001,cancelled,6.917174816131592
0.013000000000000001,unsat,3.741417169570923
0.027000000000000003,sat,5.062597990036011
0.029,cancelled,1.1800346374511719
0.017,unsat,3.565211057662964
0.021,unsat,35.457016706466675
0.025,sat,101.09398341178894
0.023,unsat,169.51814126968384
