epsilon,result,runtime
0.133,sat,4.208449125289917
0.265,cancelled,7.285528659820557
0.08700000000000001,sat,4.479975700378418
0.043000000000000003,unsat,3516.3331558704376
0.041,cancelled,3512.1744430065155
0.057,sat,5.3149330615997314
0.07100000000000001,cancelled,8.93226146697998
0.051000000000000004,sat,23.391977310180664
0.047,sat,47.63552141189575
0.045,error,1518.3417384624481
