epsilon,result,runtime
0.265,sat,4.2204272747039795
0.133,sat,4.3931896686553955
0.131,sat,4.842785835266113
0.065,unsat,5.068868398666382
0.063,cancelled,0.4203488826751709
0.107,sat,17.366846323013306
0.085,unsat,455.4885628223419
0.097,sat,4.708395719528198
0.091,sat,103.18740630149841
0.08700000000000001,unsat,1235.2798204421997
0.089,unsat,845.0177068710327
