epsilon,result,runtime
0.265,sat,0.8634006977081299
0.133,sat,1.2200634479522705
0.131,sat,1.1728184223175049
0.065,sat,1.3123254776000977
0.063,sat,0.5691821575164795
0.031,unsat,0.530052661895752
0.029,cancelled,0.35460996627807617
0.041,unsat,0.8485848903656006
0.051000000000000004,unsat,311.26868748664856
0.057,sat,17.812106370925903
0.055,sat,21.676482915878296
0.053000000000000005,unsat,394.2835431098938
