epsilon,result,runtime
0.265,sat,3.9111337661743164
0.133,sat,4.272515773773193
0.131,sat,4.405216455459595
0.065,sat,4.384533643722534
0.063,sat,4.175197601318359
0.029,unsat,1685.2901573181152
0.047,sat,4.6264848709106445
0.031,unsat,3464.1843173503876
0.039,unsat,3566.254570007324
0.037000000000000005,cancelled,1806.9662566184998
0.043000000000000003,sat,10.20390796661377
0.041,unsat,3492.6793677806854
