epsilon,result,runtime
0.265,sat,0.9274716377258301
0.133,sat,1.2123603820800781
0.131,sat,1.470811367034912
0.065,sat,1.43988037109375
0.031,unsat,0.7647895812988281
0.063,sat,1.0545096397399902
0.045,unsat,40.42282962799072
0.047,unsat,43.651474714279175
0.053000000000000005,unsat,1370.7749733924866
0.059000000000000004,sat,17.322813510894775
0.057,sat,163.33408856391907
0.055,unsat,1662.326734304428
