epsilon,result,runtime
0.265,sat,3.9567711353302
0.133,sat,4.2718424797058105
0.131,sat,4.283727645874023
0.065,sat,4.378625154495239
0.063,sat,4.215290307998657
0.031,sat,5.031324863433838
0.013000000000000001,unsat,3.856308937072754
0.029,sat,5.651582956314087
0.021,unsat,17.60555672645569
0.019000000000000003,cancelled,19.479656219482422
0.023,unsat,58.11465907096863
0.027000000000000003,sat,4.568410396575928
0.025,unsat,69.955899477005
