epsilon,result,runtime
0.133,sat,63.61281681060791
0.265,cancelled,66.66992330551147
0.043000000000000003,unsat,99.50486731529236
0.089,sat,346.39517188072205
0.08700000000000001,sat,651.79727602005
0.065,unsat,3545.9831733703613
0.063,cancelled,3347.7021284103394
0.07300000000000001,sat,32.1767897605896
0.079,cancelled,35.805052518844604
0.067,unsat,3539.633191347122
0.069,unsat,3559.580622434616
0.07100000000000001,sat,16.352816343307495
