epsilon,result,runtime
0.265,sat,3.936005115509033
0.133,sat,3.9509096145629883
0.131,sat,3.9253718852996826
0.065,sat,4.217861652374268
0.031,sat,3.9002840518951416
0.063,cancelled,6.951880693435669
0.019000000000000003,unsat,3.7530946731567383
0.009000000000000001,cancelled,6.49471378326416
0.023,unsat,3.80771541595459
0.025,unsat,5.377057313919067
0.029,sat,4.685478210449219
0.027000000000000003,unsat,10.941992998123169
