epsilon,result,runtime
0.265,sat,0.9417312145233154
0.133,sat,1.2942476272583008
0.131,sat,0.9622368812561035
0.065,sat,0.8692007064819336
0.063,sat,0.732978343963623
0.031,sat,1.0490386486053467
0.013000000000000001,sat,0.9647057056427002
0.029,cancelled,4.108282089233398
0.029,sat,1.1760950088500977
0.003,unsat,0.8109188079833984
0.007,unsat,1.2619438171386719
0.009000000000000001,sat,0.7302353382110596
0.011,cancelled,3.201212167739868
