epsilon,result,runtime
0.265,sat,3.9105539321899414
0.133,sat,4.249439716339111
0.131,sat,4.178041934967041
0.065,sat,4.21307635307312
0.063,sat,4.18539571762085
0.031,unsat,28.88443899154663
0.029,cancelled,25.143667697906494
0.051000000000000004,sat,4.551435947418213
0.041,unsat,1484.2649796009064
0.039,cancelled,1479.8332030773163
0.045,sat,15.78887391090393
0.047,cancelled,19.22152280807495
0.043000000000000003,unsat,1342.3066055774689
