epsilon,result,runtime
0.265,sat,1.4023334980010986
0.133,sat,1.9933993816375732
0.131,sat,1.9987061023712158
0.065,sat,2.0012643337249756
0.063,sat,2.337815761566162
0.031,sat,32.333996057510376
0.013000000000000001,unsat,1.1833546161651611
0.021,unsat,1.2149555683135986
0.025,unsat,8.66817855834961
0.027000000000000003,unsat,24.283149003982544
0.029,unsat,78.65826678276062
