epsilon,result,runtime
0.265,sat,3.9640305042266846
0.133,sat,4.284400224685669
0.131,sat,4.24363112449646
0.065,sat,4.275080919265747
0.063,sat,4.326249599456787
0.031,sat,4.049710273742676
0.013000000000000001,unsat,3.789677858352661
0.029,sat,4.20674729347229
0.021,sat,3.707880735397339
0.015,unsat,3.923649787902832
0.019000000000000003,unsat,13.21159815788269
0.017,cancelled,2.4364140033721924
