epsilon,result,runtime
0.265,sat,1.4677162170410156
0.133,sat,2.029845952987671
0.065,sat,1.4623730182647705
0.131,cancelled,5.4038331508636475
0.021,unsat,1.2172763347625732
0.041,sat,1.3786911964416504
0.043000000000000003,cancelled,0.08448505401611328
0.033,sat,1.8777680397033691
0.025,unsat,28.507415294647217
0.027000000000000003,unsat,40.668349742889404
0.031,sat,1.5022928714752197
0.029,unsat,41.30245089530945
