epsilon,result,runtime
0.265,sat,4.428840637207031
0.133,sat,5.0629355907440186
0.131,sat,5.283131122589111
0.065,sat,5.2167277336120605
0.063,sat,5.3024749755859375
0.031,sat,5.315083265304565
0.013000000000000001,unsat,4.23395299911499
0.029,sat,4.440994024276733
0.019000000000000003,unsat,50.22860407829285
0.025,sat,5.5659356117248535
0.021,unsat,77.83600568771362
0.023,unsat,112.9542727470398
