epsilon,result,runtime
0.265,sat,0.894024133682251
0.133,sat,1.2708988189697266
0.131,sat,0.5095345973968506
0.065,sat,1.0243172645568848
0.063,sat,0.42696619033813477
0.031,unsat,4.992824077606201
0.029,cancelled,5.607341527938843
0.051000000000000004,sat,3.4145658016204834
0.039,unsat,22.31239652633667
0.045,sat,6.097194671630859
0.041,unsat,61.38670301437378
0.043000000000000003,unsat,75.72724795341492
