epsilon,result,runtime
0.133,sat,4.012853145599365
0.265,cancelled,7.023416757583618
0.043000000000000003,sat,3.865912437438965
0.08700000000000001,cancelled,6.5500757694244385
0.013000000000000001,unsat,3.8149242401123047
0.027000000000000003,unsat,34.753113746643066
0.035,sat,4.041686058044434
0.031,sat,22.329931259155273
0.029,unsat,60.13023638725281
