epsilon,result,runtime
0.265,sat,0.8615517616271973
0.133,sat,1.1839754581451416
0.131,sat,0.5104098320007324
0.065,sat,0.8877434730529785
0.063,sat,0.4512522220611572
0.029,unsat,44.36742043495178
0.047,sat,4.47397780418396
0.031,unsat,57.06692099571228
0.037000000000000005,unsat,3478.4073662757874
0.039,unsat,3539.865275621414
0.043000000000000003,sat,56.76367425918579
0.041,unsat,3470.9197754859924
