epsilon,result,runtime
0.133,sat,24.683568239212036
0.265,cancelled,27.694410800933838
0.08700000000000001,sat,60.18956732749939
0.041,unsat,974.3163363933563
0.065,sat,45.0242133140564
0.043000000000000003,unsat,1238.9479942321777
0.053000000000000005,unsat,3494.772236585617
0.059000000000000004,sat,52.6755166053772
0.055,timeout,3600
0.057,error,1283.5593574047089
