epsilon,result,runtime
0.265,sat,0.9060256481170654
0.133,sat,1.279367208480835
0.131,sat,0.9638054370880127
0.065,sat,1.118957757949829
0.063,sat,0.4426589012145996
0.031,sat,0.45046019554138184
0.029,sat,0.32840704917907715
0.013000000000000001,unsat,1.5227363109588623
0.021,sat,0.8947155475616455
0.017,sat,1.4071109294891357
0.015,unsat,8.779452562332153
