epsilon,result,runtime
0.265,sat,0.8963191509246826
0.133,sat,1.248504877090454
0.131,sat,1.0759258270263672
0.065,sat,1.2419180870056152
0.063,sat,1.1702065467834473
0.031,sat,1.30867600440979
0.013000000000000001,unsat,0.77701735496521
0.029,sat,1.003361701965332
0.021,sat,1.4665086269378662
0.015,unsat,3.6656391620635986
0.017,unsat,33.267632246017456
0.019000000000000003,unsat,53.975037574768066
