epsilon,result,runtime
0.265,sat,4.081697940826416
0.133,sat,4.3101489543914795
0.131,sat,4.507796287536621
0.065,sat,4.373386383056641
0.031,unsat,3.800072193145752
0.063,sat,4.117135286331177
0.047,sat,54.02369284629822
0.037000000000000005,unsat,62.58806753158569
0.045,unsat,171.54284596443176
0.041,cancelled,51.93329191207886
