epsilon,result,runtime
0.265,sat,17.831833600997925
0.133,sat,323.38858366012573
0.131,sat,322.31607961654663
0.065,unsat,3065.5463213920593
0.063,cancelled,3050.2086946964264
0.107,unsat,2824.586753129959
0.08700000000000001,cancelled,2845.073921918869
0.121,sat,465.2812604904175
0.115,sat,473.03253507614136
0.109,unsat,2942.667104244232
0.113,unsat,2953.70582818985
0.111,cancelled,4.532864093780518
