epsilon,result,runtime
0.265,sat,25.47534441947937
0.131,sat,3070.870522260666
0.133,cancelled,3138.3958747386932
0.085,unsat,2600.594561100006
0.043000000000000003,cancelled,2620.3875799179077
0.115,unsat,2858.284241437912
0.101,cancelled,2870.890417098999
0.121,unsat,3386.770763158798
0.125,unsat,3412.5712156295776
0.127,unsat,2697.1477138996124
0.129,unsat,2827.622026205063
