epsilon,result,runtime
0.265,sat,27.437077045440674
0.133,sat,389.4003469944
0.131,sat,571.558188199997
0.065,unsat,3006.0328674316406
0.063,cancelled,2800.9034645557404
0.08700000000000001,unsat,3236.209064245224
0.107,sat,3259.268798828125
0.109,cancelled,23.585801362991333
0.099,unsat,3025.7385029792786
0.093,cancelled,3041.3602352142334
0.101,timeout,3600
0.10300000000000001,timeout,3600
0.10500000000000001,timeout,3600
