epsilon,result,runtime
0.265,sat,24.199141263961792
0.133,sat,63.023072719573975
0.131,sat,78.61015725135803
0.065,unsat,2887.88028717041
0.063,cancelled,2847.6974952220917
0.08700000000000001,unsat,3349.047864675522
0.107,timeout,3600
0.109,sat,662.6315190792084
0.111,cancelled,442.53703689575195
0.099,unsat,2914.6601996421814
0.093,cancelled,2938.1749036312103
0.10300000000000001,unsat,3570.1732268333435
0.101,cancelled,3583.727662086487
0.10500000000000001,unsat,3526.6370735168457
