epsilon,result,runtime
0.265,sat,25.801499366760254
0.133,unsat,2666.4971730709076
0.131,cancelled,2641.0040242671967
0.219,sat,34.9566171169281
0.177,sat,511.55773639678955
0.17500000000000002,sat,487.9855589866638
0.153,unsat,3493.7059025764465
0.155,timeout,3600
0.165,unsat,2651.5920855998993
0.163,cancelled,2559.5332276821136
0.171,sat,379.0587124824524
0.169,sat,396.4703366756439
0.167,unsat,3168.3584542274475
