epsilon,result,runtime
0.265,sat,19.681883573532104
0.131,sat,435.05074882507324
0.133,cancelled,491.1530764102936
0.085,unsat,2623.0929760932922
0.043000000000000003,cancelled,2643.772807598114
0.115,sat,389.9527795314789
0.101,unsat,2814.999781370163
0.099,cancelled,2425.66153216362
0.109,sat,460.88467812538147
0.10500000000000001,sat,464.0453894138336
0.10300000000000001,sat,1577.7986407279968
