epsilon,result,runtime
0.265,sat,21.129818439483643
0.133,sat,408.3294606208801
0.131,sat,371.0003356933594
0.065,timeout,3600
0.063,timeout,3600
0.061,unsat,2738.277636051178
0.067,timeout,3600
0.099,unsat,3207.066882133484
0.097,cancelled,2408.423427581787
0.11900000000000001,sat,498.0372381210327
0.109,sat,1149.8812062740326
0.107,sat,1173.7420246601105
0.10300000000000001,unsat,3420.2115681171417
0.101,cancelled,2890.899803876877
0.10500000000000001,unsat,3317.967625141144
