epsilon,result,runtime
0.265,sat,26.107750177383423
0.133,unsat,2753.7051351070404
0.131,cancelled,2727.7260744571686
0.219,sat,58.02535367012024
0.177,sat,356.2237856388092
0.17500000000000002,sat,370.5652639865875
0.153,unsat,2913.0930223464966
0.155,unsat,2850.743410348892
0.163,unsat,3303.6155445575714
0.165,unsat,3407.878885984421
0.171,sat,385.0516514778137
0.169,unsat,2885.2539258003235
0.167,cancelled,2423.555181980133
