epsilon,result,runtime
0.265,sat,22.191974639892578
0.131,unsat,2868.5744240283966
0.199,sat,10.809196472167969
0.165,sat,256.0116477012634
0.149,sat,244.19579553604126
0.133,timeout,3600
0.14100000000000001,sat,436.2069733142853
0.139,sat,1839.4492259025574
0.137,sat,802.8141739368439
0.135,timeout,3600
