epsilon,result,runtime
0.265,sat,22.1385715007782
0.133,unsat,2984.4375870227814
0.131,cancelled,2963.2716076374054
0.219,sat,142.22839522361755
0.177,sat,353.05450463294983
0.17500000000000002,sat,369.06379795074463
0.153,unsat,3352.742851495743
0.155,unsat,3506.811960697174
0.165,unsat,2875.050772190094
0.163,cancelled,2564.1170699596405
0.171,sat,409.2879447937012
0.169,sat,940.2552540302277
0.167,sat,877.9024112224579
