epsilon,result,runtime
0.265,sat,23.292183876037598
0.133,sat,67.13506269454956
0.131,sat,113.052081823349
0.065,unsat,2876.500136613846
0.063,cancelled,2815.0367028713226
0.107,sat,666.1214089393616
0.08700000000000001,timeout,3600
0.085,unsat,2982.003547668457
0.083,cancelled,115.67461276054382
0.093,unsat,2781.2396578788757
0.099,unsat,2881.1731963157654
0.10300000000000001,sat,2497.1962201595306
0.101,unsat,3492.478446960449
