epsilon,result,runtime
0.265,sat,20.06735348701477
0.133,unsat,3421.26464509964
0.131,cancelled,3402.2142486572266
0.219,sat,21.798933267593384
0.177,sat,327.85788583755493
0.17500000000000002,sat,308.07748651504517
0.153,sat,418.83930826187134
0.155,cancelled,410.3819332122803
0.14500000000000002,sat,1505.7734820842743
0.139,unsat,2765.3237204551697
0.137,cancelled,1259.986844778061
0.14300000000000002,sat,1874.0040905475616
0.14100000000000001,unsat,3118.2356255054474
