epsilon,result,runtime
0.133,sat,25.696388244628906
0.265,cancelled,55.76023268699646
0.08700000000000001,sat,2013.6563596725464
0.043000000000000003,timeout,3600
0.041,unsat,3523.149892807007
0.045,timeout,3600
0.065,timeout,3600
0.067,unsat,3265.4772675037384
0.063,cancelled,1314.684336900711
0.079,unsat,3537.4616918563843
0.07300000000000001,cancelled,3562.911348104477
0.081,unsat,3295.970189809799
0.083,timeout,3600
0.085,timeout,3600
