epsilon,result,runtime
0.265,sat,21.80344796180725
0.133,sat,322.30924916267395
0.131,sat,373.32948541641235
0.065,unsat,2927.614786863327
0.063,cancelled,2854.6173765659332
0.08700000000000001,unsat,3044.4455127716064
0.107,unsat,3132.711423397064
0.109,unsat,3049.597222805023
0.11900000000000001,unsat,3050.463867664337
0.121,unsat,2734.632892370224
0.125,unsat,2825.5278589725494
0.129,sat,775.8374450206757
0.127,unsat,2667.0907766819
