epsilon,result,runtime
0.265,sat,20.193541049957275
0.133,sat,21.682514905929565
0.131,sat,13.920236110687256
0.065,sat,337.20159912109375
0.063,sat,360.37306213378906
0.031,timeout,3600
0.029,timeout,3600
0.033,unsat,3000.8380715847015
0.027000000000000003,cancelled,2967.8130991458893
0.051000000000000004,unsat,3522.291084766388
0.043000000000000003,cancelled,3554.392243862152
0.055,sat,1648.9550337791443
0.057,cancelled,1677.1342391967773
0.053000000000000005,sat,1307.2825918197632
