epsilon,result,runtime
0.265,sat,15.61579442024231
0.133,unsat,2577.0051600933075
0.131,cancelled,2562.408933877945
0.219,sat,21.8677978515625
0.177,sat,230.85143327713013
0.17500000000000002,sat,207.3164324760437
0.155,sat,481.82554364204407
0.153,sat,499.63908410072327
0.14100000000000001,sat,867.36305809021
0.14300000000000002,cancelled,881.1465222835541
0.137,sat,1384.9829189777374
0.135,unsat,3082.943410873413
