epsilon,result,runtime
0.265,sat,24.273132801055908
0.133,sat,1566.6379895210266
0.131,sat,1530.9277846813202
0.063,unsat,3157.1639885902405
0.065,timeout,3600
0.097,unsat,2652.553465127945
0.099,unsat,2828.8828325271606
0.115,unsat,3348.416419506073
0.113,cancelled,2759.1203944683075
0.121,unsat,3073.208418607712
0.125,unsat,3111.792097091675
0.129,sat,1349.649558544159
0.127,timeout,3600
