epsilon,result,runtime
0.265,sat,26.30326223373413
0.133,sat,37.28691482543945
0.131,sat,33.35469913482666
0.063,unsat,2811.2821412086487
0.065,unsat,2896.6221244335175
0.099,unsat,2628.6404864788055
0.097,cancelled,2698.6084949970245
0.109,sat,400.74172258377075
0.11900000000000001,cancelled,410.0972466468811
0.10500000000000001,sat,2363.0243558883667
0.10300000000000001,timeout,3600
0.101,timeout,3600
