epsilon,result,runtime
0.265,sat,19.465476036071777
0.133,sat,20.07008719444275
0.131,sat,21.887039184570312
0.063,unsat,3466.7353694438934
0.065,timeout,3600
0.097,sat,590.3156223297119
0.099,cancelled,519.2656700611115
0.085,sat,1078.4481918811798
0.075,sat,1469.2862677574158
0.07300000000000001,timeout,3600
0.069,unsat,3556.2481956481934
0.067,cancelled,366.0152361392975
0.07100000000000001,unsat,3457.5605289936066
