epsilon,result,runtime
0.265,sat,22.48166275024414
0.133,unsat,3042.1181535720825
0.131,cancelled,3020.1703333854675
0.219,sat,30.21252155303955
0.177,sat,461.75236916542053
0.17500000000000002,sat,443.54623579978943
0.155,sat,548.1471698284149
0.153,sat,820.2576975822449
0.14300000000000002,sat,1703.3004639148712
0.14100000000000001,sat,1668.425353050232
0.137,unsat,2943.405604839325
0.135,cancelled,2801.473478078842
0.139,unsat,3312.7895398139954
