epsilon,result,runtime
0.265,sat,30.726354122161865
0.133,sat,35.4816038608551
0.131,sat,37.400506258010864
0.065,unsat,3213.3150284290314
0.063,cancelled,3181.7398087978363
0.107,sat,586.6027176380157
0.08700000000000001,timeout,3600
0.085,timeout,3600
0.083,timeout,3600
0.089,unsat,3551.6142535209656
0.081,cancelled,567.7740137577057
0.095,timeout,3600
0.099,timeout,3600
0.101,sat,2404.135217666626
0.097,unsat,3234.786073446274
0.091,cancelled,831.1601784229279
