epsilon,result,runtime
0.265,sat,17.672817945480347
0.131,sat,431.4088525772095
0.133,cancelled,497.2119023799896
0.043000000000000003,unsat,2562.9173266887665
0.085,unsat,2566.910627603531
0.109,unsat,2575.5301427841187
0.08700000000000001,cancelled,2596.288430929184
0.123,sat,319.0632302761078
0.117,timeout,3600
0.115,unsat,3431.6154828071594
0.113,cancelled,181.61201810836792
0.121,sat,808.0311176776886
0.11900000000000001,unsat,3129.140553712845
