epsilon,result,runtime
0.265,sat,23.193644762039185
0.133,sat,416.6217677593231
0.131,sat,405.34739422798157
0.065,unsat,3261.9455239772797
0.063,cancelled,3256.991422891617
0.08700000000000001,unsat,3298.8795738220215
0.107,timeout,3600
0.109,unsat,2591.496505498886
0.111,unsat,3096.476456642151
0.121,sat,1049.7929792404175
0.11900000000000001,sat,3225.374019384384
0.115,unsat,3301.147799730301
0.113,cancelled,355.1478922367096
0.117,unsat,2696.8711817264557
