epsilon,result,runtime
0.265,sat,25.36671257019043
0.133,unsat,2597.9929518699646
0.131,cancelled,2574.0209908485413
0.219,sat,25.746399402618408
0.177,sat,251.8351755142212
0.17500000000000002,sat,586.6368732452393
0.155,sat,2182.7299468517303
0.153,unsat,3518.4519419670105
0.14300000000000002,cancelled,944.1448068618774
