epsilon,result,runtime
0.265,sat,23.468510150909424
0.133,sat,30.311187267303467
0.131,sat,37.009398221969604
0.065,timeout,3600
0.063,timeout,3600
0.067,timeout,3600
0.061,timeout,3600
0.059000000000000004,unsat,3469.79052400589
0.069,timeout,3600
0.101,sat,2147.753264904022
0.099,timeout,3600
0.083,unsat,3567.9565942287445
0.085,timeout,3600
0.091,timeout,3600
0.093,timeout,3600
0.089,unsat,2919.884167432785
0.095,unsat,3085.185302257538
0.097,timeout,3600
