epsilon,result,runtime
0.265,sat,26.168951749801636
0.133,sat,459.1109302043915
0.131,sat,433.95966386795044
0.065,unsat,2988.410812854767
0.063,cancelled,2991.675982952118
0.107,unsat,2769.235392808914
0.08700000000000001,cancelled,2776.611603498459
0.121,sat,1008.9645655155182
0.115,unsat,2877.9696769714355
0.113,cancelled,1870.6897478103638
0.11900000000000001,sat,2936.069633245468
0.117,unsat,3083.837575674057
