epsilon,result,runtime
0.265,sat,29.0169837474823
0.133,unsat,2918.264482498169
0.131,cancelled,2889.185384750366
0.219,sat,24.466208934783936
0.17500000000000002,sat,496.8279447555542
0.177,cancelled,545.2579939365387
0.159,sat,409.7377734184265
0.147,sat,451.24603486061096
0.14500000000000002,sat,460.8081612586975
0.139,unsat,2863.188578605652
0.137,cancelled,2437.3868839740753
0.14300000000000002,sat,471.56930804252625
0.14100000000000001,unsat,2519.4539787769318
