epsilon,result,runtime
0.265,sat,25.817606210708618
0.133,sat,153.44494891166687
0.131,sat,217.66785097122192
0.065,unsat,3110.4726078510284
0.063,cancelled,3023.65975356102
0.107,unsat,3303.4091877937317
0.08700000000000001,cancelled,3330.714991092682
0.121,sat,576.8206219673157
0.115,sat,1248.608824968338
0.113,unsat,2890.470848798752
0.109,cancelled,2254.0523471832275
