epsilon,result,runtime
0.265,sat,30.437063217163086
0.133,unsat,2637.5085728168488
0.131,cancelled,2607.6711087226868
0.219,sat,437.95416355133057
0.177,unsat,2822.196946620941
0.17500000000000002,cancelled,2384.2276520729065
0.191,sat,365.0784168243408
0.203,cancelled,385.00617575645447
0.185,sat,2250.1031365394592
0.181,sat,3082.8365120887756
0.179,unsat,2947.1834151744843
