epsilon,result,runtime
0.265,sat,25.36280345916748
0.131,unsat,3207.971561908722
0.133,unsat,3292.810874223709
0.199,sat,29.33918523788452
0.197,sat,32.46697998046875
0.165,sat,548.4089782238007
0.163,sat,552.5458178520203
0.149,sat,403.12514543533325
0.147,sat,504.1562530994415
0.139,sat,461.50057339668274
0.14100000000000001,cancelled,422.07710433006287
0.137,sat,362.1720983982086
0.135,sat,3387.43420958519
