epsilon,result,runtime
0.265,sat,30.11510682106018
0.131,unsat,2952.7751841545105
0.199,sat,29.041401863098145
0.133,sat,3083.201003074646
0.165,cancelled,53.15052819252014
