epsilon,result,runtime
0.265,sat,22.41061568260193
0.131,sat,376.35330843925476
0.133,cancelled,427.1738295555115
0.043000000000000003,unsat,3128.916665315628
0.085,timeout,3600
0.08700000000000001,unsat,2682.8623521327972
0.089,unsat,2701.9293489456177
0.109,unsat,3123.363974094391
0.121,sat,490.3331389427185
0.111,timeout,3600
0.115,sat,510.1953365802765
0.117,cancelled,99.40666675567627
0.113,sat,1287.8840758800507
