epsilon,result,runtime
0.265,sat,29.9988009929657
0.133,unsat,3259.089420080185
0.131,cancelled,3229.315360069275
0.219,sat,32.67880439758301
0.177,sat,590.7389898300171
0.17500000000000002,sat,609.236531496048
0.153,sat,535.2869508266449
0.155,cancelled,484.62181973457336
0.14500000000000002,sat,1072.855862379074
0.139,unsat,2923.497633934021
0.137,cancelled,1851.1010015010834
0.14300000000000002,unsat,3111.354756116867
0.14100000000000001,cancelled,3120.3179666996
