epsilon,result,runtime
0.265,sat,27.364299297332764
0.131,unsat,3355.7926049232483
0.133,unsat,3436.3522515296936
0.197,sat,77.11668038368225
0.199,cancelled,130.90653586387634
0.155,sat,361.61843180656433
0.17500000000000002,cancelled,377.01437735557556
0.147,sat,1382.2838785648346
0.14100000000000001,unsat,3208.2242016792297
0.139,cancelled,1827.0235176086426
0.14500000000000002,sat,847.1695823669434
0.14300000000000002,unsat,2844.0599777698517
