epsilon,result,runtime
0.265,sat,27.467554330825806
0.133,sat,367.751012802124
0.131,sat,546.8945019245148
0.065,timeout,3600
0.063,unsat,3448.224757194519
0.099,sat,515.5961215496063
0.083,sat,459.1715033054352
0.067,timeout,3600
0.075,timeout,3600
0.07300000000000001,unsat,3436.263808488846
0.077,timeout,3600
0.081,sat,560.915670633316
0.079,timeout,3600
