epsilon,result,runtime
0.265,sat,30.012277364730835
0.133,unsat,3008.9829761981964
0.131,cancelled,2978.8666875362396
0.219,sat,28.652724266052246
0.17500000000000002,sat,354.33457612991333
0.177,cancelled,440.71287083625793
0.147,unsat,2751.944309949875
0.159,unsat,2833.8751888275146
0.167,sat,381.54333424568176
0.163,sat,1148.535930633545
0.161,unsat,2898.6695759296417
