epsilon,result,runtime
0.265,sat,13.000586032867432
0.131,unsat,2885.9701759815216
0.199,sat,60.27583122253418
0.165,sat,331.48531103134155
0.133,timeout,3600
0.149,sat,534.4800305366516
0.147,unsat,3374.4442546367645
0.139,cancelled,3110.343451976776
