epsilon,result,runtime
0.265,sat,25.748193740844727
0.133,unsat,2917.8176691532135
0.131,cancelled,2892.0582671165466
0.219,sat,35.60253882408142
0.17500000000000002,sat,473.8434615135193
0.177,cancelled,552.9377591609955
0.159,sat,1111.9616677761078
0.147,unsat,3046.7550315856934
0.14500000000000002,cancelled,1934.62051987648
0.153,unsat,2736.3413059711456
0.151,cancelled,2764.183340072632
0.157,sat,1232.0803537368774
0.155,unsat,2818.2498948574066
