epsilon,result,runtime
0.265,sat,19.22563409805298
0.133,sat,28.40488839149475
0.131,sat,30.532170295715332
0.065,unsat,3035.6004672050476
0.063,cancelled,3010.500161409378
0.107,sat,479.4977374076843
0.08700000000000001,unsat,2982.295319080353
0.085,cancelled,2504.3939111232758
0.093,sat,419.8199119567871
0.099,cancelled,436.16973066329956
0.089,unsat,2693.9950993061066
0.091,sat,3386.751110315323
