epsilon,result,runtime
0.265,sat,26.05282735824585
0.133,sat,26.676790475845337
0.131,sat,29.041797637939453
0.065,timeout,3600
0.063,timeout,3600
0.067,sat,1444.97487449646
0.061,timeout,3600
0.029,unsat,3127.6452889442444
0.031,unsat,2974.264616250992
0.045,unsat,3204.6548805236816
0.047,unsat,3137.062787771225
0.053000000000000005,timeout,3600
0.055,unsat,3257.4145793914795
0.051000000000000004,cancelled,1625.5932807922363
0.059000000000000004,timeout,3600
0.057,timeout,3600
