epsilon,result,runtime
0.265,sat,24.372314929962158
0.133,sat,655.526612997055
0.131,sat,1489.9485533237457
0.065,unsat,3465.381113767624
0.063,cancelled,2614.7547523975372
0.107,unsat,2847.3290264606476
0.08700000000000001,cancelled,2857.565017938614
0.121,unsat,3304.26699924469
0.115,cancelled,3317.777538537979
0.127,unsat,2938.1358213424683
0.125,cancelled,2952.7057070732117
0.129,sat,1763.1587047576904
