epsilon,result,runtime
0.265,sat,16.877976417541504
0.131,sat,510.3108057975769
0.133,cancelled,547.4782752990723
0.085,sat,294.20865273475647
0.043000000000000003,unsat,3403.389541387558
0.041,cancelled,3109.675334215164
0.057,timeout,3600
0.069,timeout,3600
0.063,timeout,3600
0.065,timeout,3600
0.061,unsat,3157.618251800537
0.067,timeout,3600
0.077,timeout,3600
0.075,timeout,3600
0.079,sat,507.6282534599304
0.07300000000000001,timeout,3600
0.07100000000000001,unsat,3543.069669008255
