epsilon,result,runtime
0.265,sat,21.160828113555908
0.133,sat,21.61210560798645
0.131,sat,22.432923555374146
0.065,timeout,3600
0.063,timeout,3600
0.067,unsat,3450.4801115989685
0.061,cancelled,3435.606122970581
0.109,sat,429.5539584159851
0.089,sat,1007.5676336288452
0.08700000000000001,sat,1149.897121667862
0.077,timeout,3600
0.075,timeout,3600
0.079,timeout,3600
0.07300000000000001,unsat,3207.249091863632
0.083,sat,1480.0047013759613
0.081,timeout,3600
