epsilon,result,runtime
0.265,sat,24.849698543548584
0.133,sat,362.1547794342041
0.131,sat,356.1016879081726
0.063,unsat,2781.482734680176
0.065,unsat,3098.76344370842
0.097,unsat,3082.4349665641785
0.115,sat,382.4926583766937
0.099,unsat,3285.57079744339
0.107,unsat,2726.3019514083862
0.10500000000000001,cancelled,2674.2980711460114
0.111,sat,383.79127287864685
0.109,sat,874.2533054351807
