epsilon,result,runtime
0.265,sat,26.873197317123413
0.133,sat,370.41088676452637
0.131,sat,360.02824544906616
0.063,unsat,2708.8190729618073
0.065,timeout,3600
0.097,unsat,2887.5201535224915
0.099,unsat,2769.3416953086853
0.115,unsat,2787.106810092926
0.113,cancelled,2069.686434984207
0.121,sat,387.2309329509735
0.125,cancelled,393.9263868331909
0.117,sat,1097.2941694259644
0.11900000000000001,cancelled,1104.2592899799347
