epsilon,result,runtime
0.133,sat,25.18246555328369
0.265,cancelled,39.54736328125
0.08700000000000001,sat,26.32310962677002
0.043000000000000003,sat,183.9869487285614
0.041,sat,190.2833228111267
0.019000000000000003,unsat,3180.3511390686035
0.021,timeout,3600
0.031,sat,1880.6562850475311
0.029,timeout,3600
0.025,timeout,3600
0.023,timeout,3600
0.027000000000000003,timeout,3600
