epsilon,result,runtime
0.265,sat,29.776469230651855
0.133,unsat,3395.6893544197083
0.131,cancelled,3366.364870071411
0.219,sat,24.054171562194824
0.17500000000000002,sat,111.38528990745544
0.177,cancelled,165.14445042610168
0.159,sat,322.23936009407043
0.147,sat,541.3253364562988
0.14500000000000002,sat,496.32991576194763
0.139,sat,477.7045090198517
0.137,sat,452.03819274902344
0.135,unsat,3087.67342209816
