epsilon,result,runtime
0.265,sat,20.590957164764404
0.133,unsat,2730.7807586193085
0.131,cancelled,2710.315521478653
0.219,sat,25.08002233505249
0.177,sat,437.0766010284424
0.17500000000000002,sat,444.9500513076782
0.153,sat,434.8803610801697
0.155,cancelled,402.45229148864746
0.14500000000000002,sat,2741.171152830124
0.139,unsat,2802.9075338840485
0.137,cancelled,62.22884440422058
0.14100000000000001,unsat,2672.2662558555603
0.14300000000000002,unsat,2690.1940524578094
