epsilon,result,runtime
0.265,sat,28.265546321868896
0.133,sat,483.5984272956848
0.131,sat,546.7069938182831
0.065,unsat,3206.8563101291656
0.063,cancelled,3117.096800327301
0.107,sat,475.4165391921997
0.08700000000000001,unsat,2996.062773704529
0.085,cancelled,2521.0523767471313
0.099,sat,602.7329018115997
0.093,unsat,3442.2480142116547
0.091,cancelled,2843.2873632907867
0.097,sat,943.1569564342499
0.095,unsat,3404.4148876667023
