epsilon,result,runtime
0.265,sat,20.335328817367554
0.133,unsat,3163.5106694698334
0.131,cancelled,3143.7955560684204
0.219,sat,15.800687551498413
0.177,sat,81.0885853767395
0.17500000000000002,sat,48.998279333114624
0.155,sat,388.5068235397339
0.153,sat,408.2172508239746
0.14300000000000002,sat,1665.8953413963318
0.14100000000000001,unsat,2680.5241820812225
0.137,cancelled,1037.732439994812
