epsilon,result,runtime
0.265,sat,14.283459424972534
0.133,timeout,3600
0.131,timeout,3600
0.135,unsat,3296.6378498077393
0.129,cancelled,3347.363265514374
0.221,sat,57.02013444900513
0.179,sat,393.41696333885193
0.177,sat,379.50922989845276
0.157,sat,546.2689545154572
0.155,unsat,2894.6478350162506
0.14500000000000002,cancelled,2278.2191677093506
