epsilon,result,runtime
0.133,sat,27.664367198944092
0.265,cancelled,36.37721085548401
0.08700000000000001,sat,22.213547945022583
0.043000000000000003,sat,40.61422038078308
0.041,sat,65.49782872200012
0.019000000000000003,timeout,3600
0.021,timeout,3600
0.023,sat,1397.1693568229675
0.007,unsat,19.6267032623291
0.017,timeout,3600
0.011,unsat,3539.8264820575714
0.013000000000000001,timeout,3600
0.015,unsat,3380.55703663826
