epsilon,result,runtime
0.265,sat,24.641837120056152
0.133,sat,420.3128752708435
0.131,sat,422.9346613883972
0.065,timeout,3600
0.063,timeout,3600
0.061,unsat,2610.9722905158997
0.067,timeout,3600
0.099,unsat,3559.0948197841644
0.097,cancelled,2673.056695461273
0.11900000000000001,unsat,3507.1689665317535
0.109,cancelled,3527.7819607257843
0.125,sat,1206.0288259983063
0.123,unsat,2867.6177253723145
0.121,cancelled,1662.2160716056824
