epsilon,result,runtime
0.265,sat,24.753772258758545
0.133,sat,72.00132584571838
0.131,sat,546.0559401512146
0.065,timeout,3600
0.063,timeout,3600
0.067,timeout,3600
0.061,unsat,3354.8951468467712
0.099,sat,737.0977816581726
0.069,timeout,3600
0.083,timeout,3600
0.085,unsat,2692.413775920868
0.081,cancelled,1662.1029493808746
0.089,unsat,3181.275759935379
0.093,unsat,3390.1595113277435
0.097,sat,1691.6720991134644
0.095,unsat,3123.0809721946716
