epsilon,result,runtime
0.265,sat,13.452476024627686
0.133,sat,182.9110026359558
0.131,sat,160.9832580089569
0.063,unsat,3505.8723554611206
0.065,unsat,3562.3917648792267
0.097,timeout,3600
0.099,timeout,3600
0.095,unsat,2691.0311748981476
0.115,sat,864.0525074005127
0.101,timeout,3600
0.107,timeout,3600
0.109,timeout,3600
0.10500000000000001,timeout,3600
0.111,timeout,3600
0.10300000000000001,timeout,3600
0.113,timeout,3600
