epsilon,result,runtime
0.265,sat,9.32718300819397
0.133,sat,253.64661407470703
0.131,sat,283.1809630393982
0.065,unsat,3129.029011487961
0.063,cancelled,3100.0294301509857
0.08700000000000001,unsat,3127.4742288589478
0.107,unsat,3445.7072327136993
0.109,timeout,3600
0.11900000000000001,timeout,3600
0.121,unsat,3230.4369719028473
0.117,cancelled,2928.1304919719696
0.127,sat,473.1781690120697
0.125,sat,735.6045815944672
0.123,sat,2423.3104662895203
