epsilon,result,runtime
0.265,sat,23.79729151725769
0.133,unsat,3432.9341094493866
0.131,cancelled,3409.6833457946777
0.177,sat,18.13108468055725
0.219,cancelled,34.22058629989624
0.161,sat,120.17203044891357
0.147,sat,371.7103343009949
0.14500000000000002,sat,356.0569794178009
0.139,sat,317.0474169254303
0.137,sat,310.3811547756195
0.135,sat,559.6363749504089
