epsilon,result,runtime
0.265,sat,22.314314365386963
0.133,sat,495.9405164718628
0.131,sat,535.7919456958771
0.065,unsat,2640.9180266857147
0.063,cancelled,2581.2456529140472
0.08700000000000001,unsat,2734.6563799381256
0.107,unsat,3261.4043469429016
0.11900000000000001,sat,402.06283020973206
0.113,sat,409.83363699913025
0.111,sat,786.3807439804077
0.109,unsat,2753.3379158973694
