epsilon,result,runtime
0.265,sat,32.43510866165161
0.133,timeout,3600
0.131,timeout,3600
0.129,unsat,2653.763362646103
0.199,sat,19.06537675857544
0.135,unsat,2984.429824113846
0.167,sat,329.7688729763031
0.165,sat,274.85021352767944
0.151,sat,229.42020869255066
0.149,sat,531.2077012062073
0.14300000000000002,sat,628.7365100383759
0.14100000000000001,sat,709.4553046226501
0.139,sat,1520.193781375885
0.137,sat,2391.1682670116425
