epsilon,result,runtime
0.265,sat,25.995468378067017
0.133,sat,414.12959456443787
0.131,sat,674.6190865039825
0.065,unsat,3452.7418670654297
0.063,cancelled,3173.4683742523193
0.107,unsat,3343.1182177066803
0.08700000000000001,cancelled,3365.4458286762238
0.121,timeout,3600
0.115,timeout,3600
0.123,sat,663.681126832962
0.113,unsat,2703.465071439743
0.111,cancelled,2040.1546516418457
0.117,timeout,3600
0.11900000000000001,timeout,3600
