epsilon,result,runtime
0.265,sat,24.00767970085144
0.133,sat,396.44410490989685
0.131,sat,396.53718304634094
0.063,unsat,3251.730587720871
0.065,unsat,3428.675710439682
0.097,unsat,3385.4042406082153
0.099,unsat,3347.116634130478
0.113,unsat,3005.686191558838
0.115,unsat,3380.52828001976
0.123,unsat,3151.725523710251
0.121,cancelled,2904.3744275569916
0.127,sat,381.1472272872925
0.125,sat,1343.924472808838
