epsilon,result,runtime
0.265,sat,32.95368814468384
0.131,sat,634.7719745635986
0.133,cancelled,699.1979594230652
0.043000000000000003,unsat,3046.748003721237
0.085,unsat,3111.702192544937
0.08700000000000001,timeout,3600
0.109,timeout,3600
0.107,unsat,2829.367176294327
0.111,unsat,3004.030029296875
0.121,sat,750.2201881408691
0.11900000000000001,sat,738.3895740509033
0.115,unsat,3330.84375166893
0.113,cancelled,3112.119349002838
0.117,timeout,3600
