epsilon,result,runtime
0.133,sat,25.98356866836548
0.265,cancelled,43.17955422401428
0.08700000000000001,sat,1127.2932465076447
0.043000000000000003,timeout,3600
0.041,unsat,3407.044279575348
0.065,sat,1225.609604358673
0.045,timeout,3600
0.055,timeout,3600
0.053000000000000005,timeout,3600
0.057,unsat,3371.3352732658386
0.051000000000000004,cancelled,2030.421486377716
0.059000000000000004,sat,1634.8282737731934
0.061,cancelled,1657.1298565864563
