epsilon,result,runtime
0.265,sat,16.42358088493347
0.131,unsat,2639.6640260219574
0.199,sat,20.8872013092041
0.133,unsat,2741.571035385132
0.165,sat,485.5419647693634
0.167,cancelled,453.10598707199097
0.153,sat,340.1882014274597
0.14300000000000002,sat,418.665650844574
0.14100000000000001,sat,403.75360202789307
0.137,sat,2399.010819673538
0.135,unsat,3549.864356279373
