epsilon,result,runtime
0.265,sat,26.704550743103027
0.133,sat,434.90171813964844
0.131,sat,406.17599153518677
0.063,unsat,3425.096580028534
0.065,unsat,3451.107800722122
0.097,unsat,2660.7205872535706
0.099,unsat,2750.607148170471
0.115,unsat,2857.2495498657227
0.113,cancelled,2779.0531458854675
0.125,unsat,3305.8291606903076
0.121,cancelled,3320.7347419261932
0.129,sat,1711.2660694122314
0.127,unsat,2853.295990228653
