epsilon,result,runtime
0.265,sat,5.879681587219238
0.133,sat,5.884952068328857
0.131,sat,6.063246250152588
0.065,sat,6.752523899078369
0.063,sat,2.92171311378479
0.029,unsat,3126.9808576107025
0.047,sat,10.193730592727661
0.031,unsat,3427.092093229294
0.037000000000000005,unsat,3124.6208350658417
0.043000000000000003,sat,64.48330307006836
0.039,unsat,3528.6087594032288
0.041,sat,51.75788331031799
