epsilon,result,runtime
0.265,sat,6.136970281600952
0.133,sat,6.644381284713745
0.131,sat,15.441863775253296
0.065,sat,66.37634611129761
0.063,sat,174.55781269073486
0.031,unsat,3324.0578463077545
0.029,cancelled,3200.41370677948
0.051000000000000004,unsat,3129.1130244731903
0.041,cancelled,3132.5078933238983
0.057,unsat,3241.1104094982147
0.055,cancelled,3244.589290857315
0.061,sat,64.85565328598022
0.059000000000000004,sat,102.29546070098877
