epsilon,result,runtime
0.133,sat,5.918616533279419
0.265,cancelled,8.955118179321289
0.043000000000000003,unsat,3060.2245910167694
0.08700000000000001,unsat,3147.872986316681
0.111,sat,6.296187162399292
0.099,sat,1825.3972525596619
0.089,timeout,3600
0.093,unsat,3312.4805583953857
0.095,sat,1805.037085533142
0.097,cancelled,168.03225326538086
