epsilon,result,runtime
0.265,sat,13.469793558120728
0.133,unsat,3442.8102769851685
0.131,cancelled,3429.389345884323
0.219,sat,26.908611536026
0.177,sat,37.26389408111572
0.17500000000000002,sat,49.86378836631775
0.153,sat,41.79023718833923
0.155,cancelled,2.3690953254699707
0.14500000000000002,sat,2403.9044880867004
0.139,unsat,3452.438231945038
0.137,cancelled,1048.761361837387
0.14100000000000001,unsat,3270.34880900383
0.14300000000000002,sat,3280.603726863861
