epsilon,result,runtime
0.265,sat,7.397876501083374
0.133,sat,8.157270193099976
0.131,sat,8.120497226715088
0.065,sat,8.113885402679443
0.063,sat,7.833993673324585
0.031,sat,7.948662281036377
0.029,sat,7.817709684371948
0.013000000000000001,sat,7.847179651260376
0.015,cancelled,1.0297644138336182
0.003,unsat,10.517212152481079
0.007,sat,13.386721134185791
0.009000000000000001,cancelled,2.9655814170837402
0.005,unsat,3324.4758534431458
