epsilon,result,runtime
0.265,sat,4.914874315261841
0.133,sat,6.453774929046631
0.131,sat,11.458324432373047
0.065,unsat,3305.682954311371
0.063,cancelled,3295.771503686905
0.107,sat,41.10995292663574
0.08700000000000001,sat,336.8199396133423
0.085,sat,1754.8528003692627
0.075,unsat,3311.7456724643707
0.07300000000000001,cancelled,1852.8648040294647
0.081,sat,2990.107316017151
0.079,unsat,3507.1748263835907
0.077,cancelled,517.0928435325623
