epsilon,result,runtime
0.265,sat,5.517518520355225
0.133,sat,6.6554343700408936
0.131,sat,1.0522091388702393
0.063,sat,15.871066093444824
0.065,cancelled,21.633970499038696
0.021,unsat,3392.416881799698
0.041,unsat,3515.8539803028107
0.053000000000000005,sat,1049.0962002277374
0.043000000000000003,unsat,3507.6003403663635
0.047,unsat,3063.2223134040833
0.049,unsat,3160.5356771945953
0.051000000000000004,error,3221.1779901981354
