epsilon,result,runtime
0.265,sat,10.624304294586182
0.133,sat,10.66791558265686
0.065,sat,10.443809270858765
0.131,cancelled,13.550069808959961
0.041,sat,132.11599731445312
0.019000000000000003,unsat,3109.463746070862
0.021,unsat,3486.676330089569
0.031,unsat,3457.441534757614
0.029,cancelled,3220.7781505584717
0.035,unsat,3082.4205300807953
0.039,sat,80.23768281936646
0.037000000000000005,timeout,3600
