epsilon,result,runtime
0.265,sat,10.562547206878662
0.133,sat,12.192899942398071
0.131,sat,9.723105192184448
0.063,sat,1332.7239758968353
0.065,cancelled,1348.3429753780365
0.041,unsat,3309.122061252594
0.021,cancelled,3312.856636762619
0.055,unsat,3515.8387355804443
0.049,cancelled,3519.5309042930603
0.059000000000000004,unsat,3335.323892593384
0.057,cancelled,3338.6931297779083
0.061,error,1588.0582151412964
