epsilon,result,runtime
0.133,sat,4.904134035110474
0.265,cancelled,7.972705841064453
0.08700000000000001,sat,5.18765664100647
0.043000000000000003,sat,6.706955432891846
0.041,sat,0.9346227645874023
0.019000000000000003,sat,2.006410837173462
0.021,cancelled,2.4185028076171875
0.005,unsat,104.37463593482971
0.013000000000000001,sat,12.506945133209229
0.011,unsat,3394.7921924591064
0.007,cancelled,3274.902492046356
