epsilon,result,runtime
0.133,sat,13.47258186340332
0.265,cancelled,17.115344047546387
0.08700000000000001,sat,13.562491655349731
0.043000000000000003,unsat,2987.412138938904
0.041,cancelled,2973.7378358840942
0.07100000000000001,sat,13.239591121673584
0.057,unsat,2430.9816493988037
0.055,cancelled,2417.8911621570587
0.065,sat,234.10133004188538
0.059000000000000004,unsat,3134.3436353206635
0.063,sat,56.70036172866821
0.061,timeout,3600
