epsilon,result,runtime
0.265,sat,8.786627292633057
0.133,sat,8.785291910171509
0.131,sat,8.714459419250488
0.063,sat,9.078754663467407
0.065,cancelled,23.908380270004272
0.041,unsat,3437.223861217499
0.021,cancelled,3440.6637692451477
0.055,sat,13.627707242965698
0.047,sat,119.72910046577454
0.049,cancelled,141.23628401756287
0.045,sat,141.78630757331848
0.043000000000000003,sat,2402.6919848918915
