epsilon,result,runtime
0.265,sat,10.608144521713257
0.133,sat,25.136832237243652
0.131,sat,12.78704023361206
0.063,unsat,3339.5145120620728
0.065,unsat,3413.4718182086945
0.097,unsat,3271.7733640670776
0.115,sat,116.87835836410522
0.099,unsat,3320.991799592972
0.107,unsat,3026.6381883621216
0.10500000000000001,cancelled,3029.186222553253
0.111,sat,1333.2395293712616
0.109,sat,2846.8861603736877
