epsilon,result,runtime
0.265,sat,10.688082695007324
0.133,unsat,3273.7327835559845
0.131,cancelled,3263.1602761745453
0.177,sat,10.698528051376343
0.219,cancelled,14.133987188339233
0.219,sat,10.69884705543518
0.161,sat,42.66328191757202
0.147,unsat,3090.172215461731
0.14500000000000002,cancelled,3047.606803894043
0.155,sat,10.560959100723267
0.151,unsat,3321.7440741062164
0.149,cancelled,3311.3660881519318
0.153,error,934.6170742511749
