epsilon,result,runtime
0.265,sat,5.14860463142395
0.133,sat,6.0860981941223145
0.131,sat,7.862917423248291
0.063,unsat,3323.3198714256287
0.065,unsat,3333.6693828105927
0.099,sat,18.10351538658142
0.097,sat,19.622904062271118
0.081,unsat,3325.027816772461
0.079,cancelled,3326.567779302597
0.091,sat,136.91008734703064
0.08700000000000001,sat,163.20176100730896
0.085,sat,752.7576470375061
0.083,sat,781.5789713859558
