epsilon,result,runtime
0.265,sat,4.9950644969940186
0.133,sat,5.688894510269165
0.131,sat,5.910282850265503
0.063,unsat,3076.6778678894043
0.097,sat,48.32391953468323
0.081,sat,6.301701068878174
0.07300000000000001,sat,16.286669969558716
0.069,sat,99.80305123329163
0.065,unsat,3313.666973590851
0.067,sat,114.71504712104797
