epsilon,result,runtime
0.265,sat,10.513024806976318
0.133,unsat,3108.2124705314636
0.131,cancelled,3097.854440689087
0.219,sat,13.385674953460693
0.177,sat,13.458833456039429
0.17500000000000002,sat,30.025493621826172
0.153,sat,33.723899364471436
0.155,cancelled,3.7659196853637695
0.14500000000000002,sat,17.844884872436523
0.137,sat,580.4742164611816
0.139,cancelled,610.2937095165253
0.135,unsat,3323.6840941905975
