epsilon,result,runtime
0.265,sat,7.365727186203003
0.133,sat,9.104363679885864
0.131,sat,8.993369579315186
0.065,sat,47.06363034248352
0.063,sat,322.0515365600586
0.031,unsat,3064.8761949539185
0.029,cancelled,2783.4930543899536
0.051000000000000004,unsat,2990.466007709503
0.041,cancelled,2994.3034501075745
0.057,unsat,3362.9506866931915
0.055,cancelled,3366.7421655654907
0.061,sat,2755.983575820923
0.059000000000000004,sat,3109.474969625473
