epsilon,result,runtime
0.265,sat,5.162532806396484
0.133,sat,9.907154321670532
0.131,sat,4.378228187561035
0.065,unsat,3210.4736902713776
0.063,cancelled,3211.094984292984
0.107,sat,29.772802352905273
0.08700000000000001,sat,67.1435866355896
0.085,sat,150.30617499351501
0.075,sat,1483.334664106369
0.07300000000000001,unsat,3239.6417043209076
0.069,cancelled,1872.76225399971
