epsilon,result,runtime
0.265,sat,4.980220556259155
0.133,sat,5.259773254394531
0.131,sat,5.327246189117432
0.063,unsat,3057.8837056159973
0.065,unsat,3397.945373058319
0.097,unsat,3521.435200691223
0.115,sat,23.905666828155518
0.099,unsat,3302.3971631526947
0.107,sat,359.5627353191376
0.10500000000000001,sat,1105.255821943283
0.101,unsat,3264.628361225128
0.10300000000000001,timeout,3600
