epsilon,result,runtime
0.265,sat,5.987555742263794
0.133,sat,6.237935304641724
0.131,sat,6.002517938613892
0.065,timeout,3600
0.063,timeout,3600
0.061,unsat,3515.7529623508453
0.099,sat,5.98049259185791
0.083,sat,15.256523847579956
0.067,timeout,3600
0.075,unsat,3506.757169008255
0.07300000000000001,cancelled,3466.742744922638
0.077,unsat,3407.9732644557953
0.079,unsat,3526.8437802791595
0.081,sat,128.06995272636414
