epsilon,result,runtime
0.265,sat,10.292077541351318
0.133,sat,17.077597856521606
0.131,sat,25.443631410598755
0.065,unsat,3284.3646762371063
0.063,cancelled,3266.0032711029053
0.107,sat,10.278156757354736
0.08700000000000001,sat,26.488231420516968
0.085,sat,26.509409427642822
0.07300000000000001,sat,43.10789966583252
0.075,cancelled,60.95120048522949
0.069,unsat,3305.861353635788
0.067,cancelled,3310.0919120311737
0.07100000000000001,sat,26.40520453453064
