epsilon,result,runtime
0.265,sat,6.356468915939331
0.133,sat,6.7082037925720215
0.131,sat,2.89485764503479
0.065,sat,4.513634204864502
0.063,sat,1.7558531761169434
0.031,sat,3379.7413704395294
0.029,unsat,3379.539443254471
0.013000000000000001,cancelled,2.826904058456421
