epsilon,result,runtime
0.265,sat,10.728835821151733
0.133,sat,111.35505485534668
0.131,sat,99.41363263130188
0.063,unsat,3147.162249326706
0.065,unsat,3150.557033061981
0.097,sat,3142.0047566890717
0.099,cancelled,3143.2320771217346
0.085,unsat,3317.474131822586
0.075,cancelled,3320.824949502945
0.091,sat,6.255651473999023
0.089,sat,8.03390884399414
0.08700000000000001,sat,0.41553544998168945
