epsilon,result,runtime
0.265,sat,5.553982257843018
0.133,sat,15.632318258285522
0.131,sat,10.061278343200684
0.063,unsat,3347.1287319660187
0.065,unsat,3501.512102842331
0.097,unsat,3298.3987522125244
0.099,unsat,3338.895441532135
0.115,sat,229.63635897636414
0.113,unsat,3072.5628485679626
0.10500000000000001,cancelled,3034.4859249591827
