epsilon,result,runtime
0.133,sat,6.016952753067017
0.265,cancelled,8.949111223220825
0.08700000000000001,sat,5.969177961349487
0.043000000000000003,unsat,3089.025105237961
0.041,cancelled,3083.2724125385284
0.07100000000000001,sat,28.215810298919678
0.057,sat,49.36914873123169
0.055,sat,70.73757100105286
0.049,sat,2017.2605102062225
0.047,unsat,3274.172105073929
0.045,cancelled,1311.5277824401855
