epsilon,result,runtime
0.265,sat,4.368008852005005
0.133,sat,4.77997612953186
0.131,sat,5.742377996444702
0.065,sat,7.107045650482178
0.063,sat,26.813202619552612
0.031,unsat,3046.3485391139984
0.029,cancelled,3021.478099822998
0.041,unsat,3205.6538393497467
0.051000000000000004,unsat,3490.554963350296
0.057,sat,80.08703875541687
0.055,sat,1603.235821723938
0.053000000000000005,error,2616.656697511673
