epsilon,result,runtime
0.265,sat,7.639912128448486
0.133,sat,9.112835168838501
0.131,sat,3.031508684158325
0.065,sat,3.40460467338562
0.063,sat,8.888789415359497
0.031,sat,9.121981859207153
0.029,sat,4.066680669784546
0.013000000000000001,unsat,82.39737462997437
0.021,sat,14.152079582214355
0.017,unsat,3267.3240852355957
0.015,cancelled,3367.768546104431
0.019000000000000003,sat,18.25690507888794
