epsilon,result,runtime
0.265,sat,17.239969968795776
0.133,unsat,3103.7693858146667
0.131,cancelled,3086.6262843608856
0.219,sat,35.34195566177368
0.177,sat,37.9548716545105
0.17500000000000002,sat,224.74031710624695
0.153,sat,876.3421714305878
0.155,cancelled,654.1954185962677
0.14500000000000002,unsat,3496.528778076172
0.139,cancelled,3499.805764198303
0.147,unsat,3277.0172216892242
0.149,unsat,3434.4346792697906
0.151,error,846.2685723304749
