epsilon,result,runtime
0.265,sat,8.48949646949768
0.133,sat,8.586249589920044
0.131,sat,8.502965211868286
0.065,unsat,3207.580183982849
0.063,cancelled,3199.4108250141144
0.107,sat,23.20780611038208
0.08700000000000001,sat,66.61877393722534
0.085,sat,144.2219750881195
0.075,sat,2169.564762353897
0.07300000000000001,sat,2468.177621126175
0.069,unsat,2941.307708263397
0.067,cancelled,2540.8819749355316
0.07100000000000001,unsat,3354.128383874893
