epsilon,result,runtime
0.265,sat,4.733511209487915
0.133,sat,4.746849060058594
0.131,sat,19.97742462158203
0.065,unsat,3253.1638567447662
0.063,cancelled,3233.453344106674
0.107,sat,343.23959469795227
0.08700000000000001,unsat,3285.456634759903
0.085,cancelled,2942.2902035713196
0.099,sat,1758.434068441391
0.093,unsat,3480.955618619919
0.091,cancelled,1722.5286991596222
0.095,sat,1802.1118137836456
0.097,cancelled,1805.5855548381805
