epsilon,result,runtime
0.133,sat,6.186833381652832
0.265,cancelled,9.178719997406006
0.08700000000000001,sat,9.899563074111938
0.043000000000000003,unsat,3079.3217282295227
0.041,cancelled,3069.4797801971436
0.07100000000000001,sat,9.837830543518066
0.057,sat,11.535989046096802
0.055,sat,1.6456456184387207
0.049,sat,25.94695281982422
0.047,sat,3175.8715755939484
0.045,unsat,3583.309220790863
