epsilon,result,runtime
0.265,sat,6.144500255584717
0.133,sat,6.250812530517578
0.131,sat,5.8939573764801025
0.065,sat,5.846508741378784
0.063,sat,6.087925672531128
0.031,sat,6.571102619171143
0.029,sat,9.407931566238403
0.013000000000000001,unsat,3146.7408378124237
0.021,sat,10.7845778465271
0.015,unsat,3292.412601709366
0.019000000000000003,sat,10.820156574249268
0.017,error,832.9108600616455
