epsilon,result,runtime
0.265,sat,12.915915489196777
0.133,unsat,3314.1261479854584
0.131,cancelled,3301.2897441387177
0.219,sat,27.70359778404236
0.17500000000000002,sat,1510.6850316524506
0.177,cancelled,1544.609444141388
0.147,unsat,3133.443783044815
0.159,unsat,3352.462647676468
0.167,unsat,3066.741481781006
0.161,cancelled,3288.8319606781006
0.171,unsat,3289.2387371063232
0.169,cancelled,3292.4533331394196
0.17300000000000001,sat,793.4307243824005
