epsilon,result,runtime
0.265,sat,5.711742162704468
0.133,sat,5.791133403778076
0.131,sat,6.283273696899414
0.063,sat,57.29995250701904
0.065,cancelled,69.23411512374878
0.021,unsat,3415.138647079468
0.041,unsat,3454.0306284427643
0.043000000000000003,unsat,3178.1622734069824
0.053000000000000005,unsat,3430.213725566864
0.051000000000000004,cancelled,291.0829780101776
0.059000000000000004,sat,51.606035470962524
0.057,sat,85.60655617713928
0.055,sat,902.3496339321136
