epsilon,result,runtime
0.265,sat,10.591562032699585
0.133,sat,15.926838159561157
0.131,sat,15.594987630844116
0.065,unsat,3172.7489438056946
0.063,cancelled,3162.311761379242
0.107,sat,42.49864912033081
0.08700000000000001,sat,88.71841263771057
0.085,sat,90.83081674575806
0.07300000000000001,unsat,3224.708620786667
0.075,unsat,3316.1646616458893
0.079,sat,74.69868493080139
0.081,cancelled,34.463237285614014
0.077,sat,147.71231126785278
