epsilon,result,runtime
0.133,sat,5.302426815032959
0.265,cancelled,8.363959550857544
0.08700000000000001,sat,6.287173748016357
0.043000000000000003,sat,7.9894843101501465
0.041,sat,10.01696252822876
0.019000000000000003,unsat,3071.6475579738617
0.021,unsat,3061.5554184913635
0.029,unsat,3293.292062997818
0.031,unsat,3351.627116918564
0.037000000000000005,unsat,3429.948233127594
0.035,cancelled,3491.393787622452
0.039,sat,22.8913631439209
