epsilon,result,runtime
0.265,sat,5.272562742233276
0.133,sat,6.008320569992065
0.131,sat,1.8668158054351807
0.063,unsat,3298.7046418190002
0.065,unsat,3319.543741941452
0.097,unsat,3244.6289258003235
0.099,unsat,3277.243837594986
0.115,sat,80.18233370780945
0.113,sat,49.25061631202698
0.107,sat,808.4705510139465
0.10500000000000001,unsat,3183.764835357666
0.101,cancelled,2357.6072449684143
