epsilon,result,runtime
0.265,sat,6.40656304359436
0.133,sat,6.408387184143066
0.131,sat,6.005711793899536
0.065,sat,7.641697883605957
0.063,sat,2.4319262504577637
0.031,unsat,3114.0384755134583
0.029,cancelled,3113.2711746692657
0.051000000000000004,sat,19.149900913238525
0.041,sat,109.6797182559967
0.039,sat,490.6777517795563
0.035,unsat,3121.016691684723
0.033,cancelled,2721.665739297867
0.037000000000000005,error,771.5460743904114
