epsilon,result,runtime
0.265,sat,8.866437196731567
0.133,sat,20.048207759857178
0.131,sat,8.397460460662842
0.063,unsat,3317.2863965034485
0.097,sat,76.14652395248413
0.081,sat,94.87223219871521
0.065,timeout,3600
0.07300000000000001,sat,500.37536334991455
0.07100000000000001,sat,989.745279788971
0.069,sat,1632.825142621994
0.067,unsat,3213.4732389450073
