epsilon,result,runtime
0.265,sat,6.035950183868408
0.133,sat,6.129534721374512
0.131,sat,5.7439351081848145
0.065,sat,5.850132942199707
0.063,sat,5.775068759918213
0.031,sat,5.778642654418945
0.029,sat,5.770547151565552
0.013000000000000001,sat,5.763936758041382
0.015,cancelled,0.3418302536010742
0.003,unsat,8.573060989379883
0.007,unsat,8.779886722564697
0.011,sat,4.767715215682983
0.009000000000000001,sat,4.787405967712402
