epsilon,result,runtime
0.265,sat,6.059821844100952
0.133,sat,6.078384637832642
0.065,sat,5.967231035232544
0.131,cancelled,8.78930401802063
0.021,unsat,3361.075868844986
0.041,unsat,3432.283661842346
0.053000000000000005,sat,279.76656007766724
0.043000000000000003,unsat,3098.4118983745575
0.049,sat,60.01297736167908
0.047,unsat,3437.4174213409424
0.045,cancelled,630.267587184906
