epsilon,result,runtime
0.265,sat,12.611677885055542
0.133,sat,51.79882574081421
0.131,sat,78.9235680103302
0.065,unsat,3302.2230203151703
0.063,cancelled,3263.0047092437744
0.107,unsat,3506.947589159012
0.08700000000000001,cancelled,3510.31955242157
0.121,sat,86.96160578727722
0.115,sat,2109.728528022766
0.113,unsat,3437.229269504547
0.109,cancelled,1419.0497570037842
