epsilon,result,runtime
0.265,sat,5.7597081661224365
0.133,sat,7.14150595664978
0.131,sat,1.1287012100219727
0.065,sat,236.1522238254547
0.063,sat,510.3420512676239
0.031,unsat,3227.3169384002686
0.029,cancelled,2954.1779363155365
0.041,unsat,3230.0224075317383
0.051000000000000004,unsat,3418.7479639053345
0.053000000000000005,unsat,3559.3117232322693
0.057,unsat,3471.8264219760895
0.059000000000000004,unsat,3341.068331718445
0.061,sat,3245.967645406723
