epsilon,result,runtime
0.133,sat,6.166575193405151
0.265,cancelled,8.992528676986694
0.08700000000000001,sat,5.879343271255493
0.041,unsat,3082.599497318268
0.043000000000000003,unsat,3338.184494495392
0.065,sat,2275.532877445221
0.063,unsat,3346.913834810257
0.053000000000000005,cancelled,1318.1545345783234
