epsilon,result,runtime
0.265,sat,10.541838645935059
0.133,sat,14.582234144210815
0.131,sat,14.982887744903564
0.063,unsat,2655.762435913086
0.097,sat,9.082676649093628
0.081,sat,22.097307443618774
0.07300000000000001,sat,20.70384168624878
0.069,sat,838.8627736568451
0.065,timeout,3600
0.067,sat,629.8965349197388
