epsilon,result,runtime
0.265,sat,5.486271381378174
0.133,sat,5.914145469665527
0.131,sat,5.850588083267212
0.065,unsat,3276.4336421489716
0.063,cancelled,3270.9609200954437
0.107,unsat,3149.746547937393
0.08700000000000001,cancelled,3153.189925432205
0.115,unsat,3046.8288717269897
0.121,unsat,3274.6256029605865
0.127,sat,14.781792402267456
0.125,unsat,3069.970896244049
0.123,cancelled,3319.375287294388
