epsilon,result,runtime
0.133,sat,11.003054141998291
0.265,cancelled,14.71305227279663
0.08700000000000001,unsat,3300.969954967499
0.043000000000000003,cancelled,3304.299726009369
0.117,sat,11.046279430389404
0.10300000000000001,sat,15.450133800506592
0.101,sat,26.080525398254395
0.093,sat,125.57200956344604
0.095,cancelled,103.7436842918396
0.089,unsat,3170.5388700962067
0.091,unsat,3365.4675714969635
