epsilon,result,runtime
0.133,sat,4.552764654159546
0.265,cancelled,7.457124471664429
0.043000000000000003,sat,4.777824640274048
0.08700000000000001,cancelled,7.561298131942749
0.027000000000000003,sat,4.630977153778076
0.013000000000000001,sat,4.971595764160156
0.011,sat,4.966471433639526
0.003,unsat,4.753398895263672
0.007,sat,6.366577863693237
0.005,error,765.4268555641174
