epsilon,result,runtime
0.265,sat,16.235410690307617
0.133,unsat,2837.816475391388
0.131,cancelled,2821.7436854839325
0.219,sat,24.971099615097046
0.177,sat,33.765782594680786
0.17500000000000002,sat,52.13785123825073
0.153,sat,77.17487788200378
0.155,cancelled,33.798407554626465
0.14500000000000002,sat,112.61073994636536
0.137,sat,182.85867881774902
0.139,cancelled,305.60164976119995
0.135,sat,1992.6676528453827
