epsilon,result,runtime
0.265,sat,10.772433519363403
0.133,sat,10.778895854949951
0.131,sat,10.543371438980103
0.063,unsat,3139.498968601227
0.065,timeout,3600
0.099,sat,196.59755992889404
0.097,sat,1305.9924142360687
0.081,unsat,3192.2087383270264
0.079,cancelled,2532.106054544449
0.091,sat,3332.6560192108154
0.08700000000000001,timeout,3600
0.085,unsat,3410.2840073108673
0.083,cancelled,3149.8474504947662
0.089,error,943.1072974205017
