epsilon,result,runtime
0.265,sat,4.455401659011841
0.133,sat,5.6205315589904785
0.131,sat,4.40986967086792
0.065,sat,11.002573013305664
0.063,sat,6.357873916625977
0.029,unsat,3123.5225851535797
0.047,sat,53.9442253112793
0.031,unsat,3435.768918275833
0.039,unsat,3406.0930869579315
0.037000000000000005,cancelled,3156.151453733444
0.043000000000000003,sat,93.45750594139099
0.041,sat,96.41000533103943
