epsilon,result,runtime
0.265,sat,6.059708118438721
0.133,sat,6.091679334640503
0.131,sat,6.114819288253784
0.063,sat,182.7280991077423
0.065,cancelled,195.15140533447266
0.021,unsat,3357.7435705661774
0.041,unsat,3398.138149023056
0.053000000000000005,unsat,3189.442975282669
0.043000000000000003,cancelled,3233.216440677643
0.057,unsat,3142.8635149002075
0.059000000000000004,unsat,3369.498016834259
0.061,error,913.142707824707
