epsilon,result,runtime
0.133,sat,8.772770643234253
0.265,cancelled,12.167100191116333
0.08700000000000001,sat,8.515292167663574
0.043000000000000003,unsat,3177.206202983856
0.041,cancelled,3169.1475076675415
0.07100000000000001,sat,12.852930545806885
0.057,sat,29.708245038986206
0.049,sat,36.14978647232056
0.055,cancelled,56.842963457107544
0.047,sat,842.7765843868256
0.045,error,1453.4162242412567
