epsilon,result,runtime
0.265,sat,7.3590087890625
0.133,sat,7.3468217849731445
0.131,sat,7.404903888702393
0.065,sat,20.262988567352295
0.063,sat,12.133965253829956
0.031,sat,5.040126085281372
0.029,sat,13.94119668006897
0.015,unsat,3136.389888048172
0.013000000000000001,cancelled,3151.408187389374
0.023,sat,36.239497900009155
0.017,unsat,3399.9212753772736
0.019000000000000003,unsat,3449.854198694229
0.021,unsat,3394.7631216049194
