epsilon,result,runtime
0.265,sat,8.909422636032104
0.133,sat,15.271002054214478
0.131,sat,14.860671520233154
0.065,unsat,3560.0507850646973
0.063,cancelled,3551.6651060581207
0.107,sat,96.20846104621887
0.08700000000000001,unsat,3218.47899889946
0.085,cancelled,3122.3719415664673
0.099,sat,299.39650416374207
0.091,sat,62.41951036453247
0.093,cancelled,369.955130815506
0.089,sat,598.6167130470276
