epsilon,result,runtime
0.265,sat,8.032116413116455
0.133,sat,8.13343358039856
0.131,sat,21.995834827423096
0.065,unsat,3047.5652623176575
0.063,cancelled,3025.6465995311737
0.107,sat,143.0892243385315
0.08700000000000001,unsat,3253.00129032135
0.085,cancelled,3109.8768832683563
0.099,sat,72.84656572341919
0.093,sat,1206.5018532276154
0.091,timeout,3600
0.089,unsat,2994.995152235031
