epsilon,result,runtime
0.265,sat,4.738002300262451
0.133,sat,4.682436943054199
0.131,sat,4.900812149047852
0.065,sat,4.992059230804443
0.063,sat,4.68545389175415
0.031,sat,6.138259172439575
0.029,sat,1.083620548248291
0.015,unsat,3335.478269100189
0.013000000000000001,cancelled,3341.3405833244324
0.023,sat,17.10551357269287
0.019000000000000003,sat,17.846122980117798
0.017,sat,10.87528133392334
