epsilon,result,runtime
0.133,sat,10.414806604385376
0.265,cancelled,13.73909330368042
0.08700000000000001,sat,10.51077938079834
0.043000000000000003,timeout,3600
0.041,timeout,3600
0.039,unsat,3551.9281027317047
0.045,timeout,3600
0.067,unsat,3129.668233394623
0.065,cancelled,3163.074028968811
0.079,sat,10.768145084381104
0.07300000000000001,sat,318.06777000427246
0.07100000000000001,sat,754.0268085002899
0.069,sat,481.3889980316162
