epsilon,result,runtime
0.133,sat,5.3494908809661865
0.265,cancelled,8.308048963546753
0.265,sat,5.33316969871521
0.08700000000000001,sat,4.77204966545105
0.043000000000000003,sat,7.6808390617370605
0.041,sat,28.433813095092773
0.021,unsat,3523.294901371002
0.019000000000000003,cancelled,3555.260621070862
0.033,sat,24.30732750892639
0.025,unsat,3167.429881334305
0.029,sat,40.91038966178894
0.027000000000000003,timeout,3600
