epsilon,result,runtime
0.133,sat,8.87910795211792
0.265,cancelled,11.910375833511353
0.265,sat,8.891494750976562
0.08700000000000001,sat,24.65124011039734
0.043000000000000003,unsat,2969.448970556259
0.041,cancelled,2944.979400873184
0.07100000000000001,sat,450.14263224601746
0.057,unsat,3150.9279565811157
0.055,cancelled,2700.7921974658966
0.061,unsat,3215.5130388736725
0.065,unsat,3400.7610437870026
0.067,unsat,3294.4031071662903
0.069,sat,3289.6657593250275
