epsilon,result,runtime
0.133,sat,4.946352481842041
0.265,cancelled,7.936799049377441
0.265,sat,4.977122068405151
0.08700000000000001,sat,5.15466046333313
0.043000000000000003,unsat,3034.2418591976166
0.041,cancelled,3029.3607988357544
0.07100000000000001,sat,34.733670234680176
0.057,sat,67.60310935974121
0.055,sat,106.69495296478271
0.047,unsat,3272.326246738434
0.049,unsat,3470.5661849975586
0.053000000000000005,sat,85.11118960380554
0.051000000000000004,sat,207.11757373809814
