epsilon,result,runtime
0.265,sat,6.314916372299194
0.133,sat,8.74030327796936
0.131,sat,2.3297460079193115
0.065,unsat,3288.6890211105347
0.063,cancelled,3288.8817138671875
0.107,sat,5.874069452285767
0.085,sat,50.60359263420105
0.08700000000000001,cancelled,62.22040271759033
0.077,unsat,3458.0411055088043
0.07100000000000001,cancelled,3461.4390683174133
0.079,unsat,3147.7061545848846
0.081,unsat,3156.0331201553345
0.083,error,772.6294763088226
