epsilon,result,runtime
0.265,sat,10.677036762237549
0.133,sat,10.652691125869751
0.131,sat,10.772900819778442
0.065,sat,12.146048784255981
0.063,sat,15.461045980453491
0.031,sat,16.029369831085205
0.029,sat,15.0661301612854
0.015,unsat,3118.152992248535
0.013000000000000001,cancelled,3140.077884197235
0.023,sat,17.051283836364746
0.019000000000000003,sat,17.570332765579224
0.017,sat,10.368891477584839
