epsilon,result,runtime
0.133,sat,10.648569822311401
0.265,cancelled,13.984050989151001
0.265,sat,10.650882720947266
0.08700000000000001,sat,324.91884422302246
0.043000000000000003,unsat,3377.3610100746155
0.041,cancelled,3052.882124900818
0.057,unsat,3136.965042114258
0.07100000000000001,unsat,3280.1966140270233
0.079,sat,837.6429650783539
0.07300000000000001,unsat,3256.2919669151306
0.075,unsat,3106.240401983261
0.077,error,1549.7037436962128
