epsilon,result,runtime
0.133,sat,8.904771566390991
0.265,cancelled,12.21830677986145
0.08700000000000001,sat,48.20003628730774
0.041,unsat,3196.6067395210266
0.043000000000000003,timeout,3600
0.065,sat,1013.3189811706543
0.063,unsat,3051.236809492111
0.053000000000000005,cancelled,2386.845883369446
