epsilon,result,runtime
0.265,sat,10.62352442741394
0.133,sat,10.66337275505066
0.131,sat,10.576417684555054
0.065,unsat,3179.888519048691
0.063,cancelled,3169.1645193099976
0.107,sat,10.576374053955078
0.085,sat,74.45565700531006
0.08700000000000001,cancelled,92.57720017433167
0.077,sat,428.4737739562988
0.07100000000000001,sat,2987.1667947769165
0.069,unsat,3315.2641990184784
0.067,cancelled,760.074990272522
