epsilon,result,runtime
0.265,sat,6.0955119132995605
0.133,sat,7.381067752838135
0.131,sat,8.031141996383667
0.065,unsat,3503.475618124008
0.063,cancelled,3496.562924385071
0.107,sat,17.055107355117798
0.085,sat,16.643202304840088
0.08700000000000001,cancelled,41.01964569091797
0.077,sat,55.26340126991272
0.07100000000000001,unsat,3474.3356552124023
0.069,cancelled,3419.3395068645477
0.075,sat,130.75740218162537
0.07300000000000001,sat,140.15000343322754
