epsilon,result,runtime
0.265,sat,8.884016990661621
0.133,sat,9.983697652816772
0.131,sat,9.790233135223389
0.065,sat,8.73100757598877
0.031,sat,11.803142070770264
0.063,cancelled,14.893243789672852
0.019000000000000003,sat,11.922090291976929
0.009000000000000001,sat,562.2377660274506
0.003,unsat,7.408952236175537
0.005,unsat,27.12583088874817
0.007,unsat,3392.7911133766174
