epsilon,result,runtime
0.265,sat,8.781339883804321
0.133,sat,35.994563817977905
0.131,sat,26.485236883163452
0.065,unsat,3117.203722715378
0.063,cancelled,3117.774801492691
0.107,sat,134.8396773338318
0.08700000000000001,unsat,3385.706607580185
0.085,cancelled,3250.956300973892
0.093,sat,27.03168511390686
0.099,cancelled,30.411758422851562
0.091,unsat,3183.0173501968384
0.089,cancelled,3186.196863412857
