epsilon,result,runtime
0.265,sat,12.055154800415039
0.133,sat,12.168919801712036
0.131,sat,12.324820280075073
0.063,unsat,3441.322712659836
0.097,sat,53.87046766281128
0.065,unsat,3536.859897375107
0.081,unsat,3295.2350640296936
0.079,cancelled,3277.324065685272
0.091,sat,2001.9398868083954
0.08700000000000001,unsat,3403.594871520996
0.085,cancelled,1401.7020065784454
0.089,sat,93.67150640487671
