epsilon,result,runtime
0.265,sat,5.94406270980835
0.133,sat,7.144077301025391
0.131,sat,5.600842475891113
0.063,unsat,3081.3099513053894
0.097,sat,15.780588626861572
0.081,sat,12.607509136199951
0.07300000000000001,sat,164.0674319267273
0.065,unsat,3404.954973220825
0.069,unsat,3110.707802295685
0.067,cancelled,2999.3629956245422
0.07100000000000001,sat,416.559853553772
