epsilon,result,runtime
0.265,sat,11.49427080154419
0.133,sat,14.670453310012817
0.131,sat,26.72686743736267
0.065,unsat,3305.404291152954
0.063,cancelled,3281.650595188141
0.08700000000000001,unsat,3359.646100282669
0.107,unsat,3361.1439039707184
0.11900000000000001,sat,49.13148498535156
0.113,sat,862.6394255161285
0.111,sat,1569.483520746231
0.109,sat,2502.2057662010193
