epsilon,result,runtime
0.265,sat,5.566996335983276
0.133,sat,7.095891714096069
0.131,sat,3.983067274093628
0.065,unsat,3058.265631198883
0.063,cancelled,3055.9038484096527
0.107,unsat,3311.2003934383392
0.08700000000000001,cancelled,3314.787968158722
0.121,sat,41.14150643348694
0.115,sat,1556.4967987537384
0.113,unsat,3336.372833967209
0.109,cancelled,1823.9629492759705
