epsilon,result,runtime
0.265,sat,10.526322603225708
0.133,sat,12.48402214050293
0.131,sat,12.152570009231567
0.065,unsat,3040.1136190891266
0.063,cancelled,3030.445244550705
0.08700000000000001,sat,28.005629777908325
0.107,cancelled,31.565059661865234
0.079,sat,1259.8928520679474
0.07300000000000001,timeout,3600
0.07100000000000001,timeout,3600
0.069,timeout,3600
0.075,unsat,3522.3584480285645
0.067,cancelled,1191.3066284656525
0.077,unsat,3452.9786081314087
