epsilon,result,runtime
0.265,sat,10.582761287689209
0.133,sat,11.974637985229492
0.131,sat,11.960928678512573
0.065,unsat,3385.2783958911896
0.063,cancelled,3374.783533811569
0.107,sat,528.4228837490082
0.08700000000000001,unsat,3393.0254113674164
0.085,cancelled,2864.647089242935
0.093,unsat,3104.1023757457733
0.099,sat,3222.7542827129364
0.101,cancelled,118.53091049194336
0.095,unsat,3209.5594429969788
0.097,timeout,3600
