epsilon,result,runtime
0.265,sat,6.400812149047852
0.133,sat,6.436510324478149
0.131,sat,7.398230314254761
0.063,unsat,3349.550752878189
0.097,sat,9.122052669525146
0.065,unsat,3381.0768995285034
0.081,sat,53.49775552749634
0.079,sat,46.119593381881714
0.07300000000000001,sat,2687.9320797920227
0.07100000000000001,unsat,3270.312034845352
0.067,cancelled,580.838625907898
