epsilon,result,runtime
0.133,sat,5.918521881103516
0.265,cancelled,8.750639200210571
0.043000000000000003,sat,6.278541803359985
0.08700000000000001,cancelled,9.046698093414307
0.08700000000000001,sat,6.3405373096466064
0.027000000000000003,unsat,3064.3814113140106
0.013000000000000001,cancelled,3067.3275265693665
0.033,sat,10.661011457443237
0.037000000000000005,sat,10.663479328155518
0.037000000000000005,cancelled,13.93834638595581
0.031,sat,17.7062509059906
0.029,error,896.3913471698761
