epsilon,result,runtime
0.265,sat,5.604134798049927
0.133,sat,5.915327310562134
0.131,sat,5.4957263469696045
0.063,unsat,3365.5440509319305
0.065,unsat,3374.692893266678
0.099,sat,37.517621994018555
0.097,sat,38.5340301990509
0.081,unsat,3313.637933731079
0.079,cancelled,3315.8276240825653
0.091,sat,26.899643421173096
0.08700000000000001,sat,29.394929885864258
0.083,unsat,3064.2603952884674
0.085,error,3556.6479399204254
