epsilon,result,runtime
0.133,sat,5.2233428955078125
0.265,cancelled,8.173713207244873
0.08700000000000001,sat,27.81412959098816
0.043000000000000003,sat,30.352335691452026
0.041,sat,83.36864423751831
0.021,unsat,3075.9220275878906
0.019000000000000003,cancelled,3162.821220397949
0.033,unsat,3075.863567352295
0.027000000000000003,cancelled,3079.213173389435
0.035,unsat,3036.262189388275
0.037000000000000005,unsat,3471.8935708999634
0.039,sat,514.9146671295166
