epsilon,result,runtime
0.133,sat,5.3867998123168945
0.265,cancelled,8.322516441345215
0.08700000000000001,sat,5.355326414108276
0.043000000000000003,sat,6.527809381484985
0.041,sat,25.587427616119385
0.019000000000000003,unsat,3516.459210395813
0.021,timeout,3600
0.031,unsat,3042.3958756923676
0.029,cancelled,2938.117069005966
0.037000000000000005,sat,26.34101700782776
0.035,sat,157.20878148078918
0.033,sat,380.63247632980347
