epsilon,result,runtime
0.265,sat,5.163597345352173
0.133,sat,5.569449424743652
0.131,sat,5.293935060501099
0.063,unsat,2971.41615152359
0.097,sat,8.72785234451294
0.081,sat,34.54968857765198
0.065,timeout,3600
0.07300000000000001,timeout,3600
0.07100000000000001,unsat,3358.9622128009796
0.077,sat,28.67091655731201
0.075,sat,2321.7626399993896
