epsilon,result,runtime
0.265,sat,6.245523452758789
0.133,sat,6.2424280643463135
0.131,sat,6.089022159576416
0.063,sat,435.6571545600891
0.065,cancelled,447.54753971099854
0.021,unsat,3331.5419194698334
0.041,unsat,3377.634478330612
0.053000000000000005,unsat,3075.7643167972565
0.043000000000000003,cancelled,3125.035247325897
0.059000000000000004,unsat,3230.2996678352356
0.057,cancelled,3233.876875638962
0.061,sat,219.42571377754211
