epsilon,result,runtime
0.265,sat,5.274933576583862
0.133,sat,6.921185731887817
0.131,sat,14.125528573989868
0.063,unsat,3066.668514251709
0.065,unsat,3483.893956422806
0.097,sat,2338.755146741867
0.099,cancelled,1941.4754786491394
0.085,unsat,3363.9520111083984
0.075,cancelled,3367.426153898239
0.091,unsat,3251.6278944015503
0.089,cancelled,3255.1251261234283
0.095,sat,2465.239419698715
0.093,unsat,3489.950469970703
