epsilon,result,runtime
0.265,sat,6.272366046905518
0.133,sat,6.731117010116577
0.131,sat,9.368743896484375
0.065,unsat,3275.4094779491425
0.063,cancelled,3266.34229016304
0.107,sat,33.58119320869446
0.085,sat,61.739880084991455
0.08700000000000001,cancelled,102.67332315444946
0.077,sat,72.1754252910614
0.07100000000000001,sat,151.4330756664276
0.067,unsat,3069.7836821079254
0.069,sat,3157.684689760208
