epsilon,result,runtime
0.265,sat,6.284659385681152
0.133,sat,6.29697322845459
0.065,sat,6.361924409866333
0.131,cancelled,9.211683511734009
0.041,sat,5.8403542041778564
0.021,sat,7.02929162979126
0.009000000000000001,unsat,3352.158208847046
0.019000000000000003,unsat,3541.6167452335358
0.013000000000000001,cancelled,188.3595073223114
