epsilon,result,runtime
0.133,sat,7.163134813308716
0.265,cancelled,10.17406964302063
0.265,sat,7.146385908126831
0.08700000000000001,sat,7.150601148605347
0.043000000000000003,sat,8.255863904953003
0.041,sat,7.760400056838989
0.019000000000000003,sat,7.625898122787476
0.021,cancelled,1.0393290519714355
0.005,sat,10.139174938201904
0.011,cancelled,13.08143162727356
0.001,sat,6.698660373687744
0.003,cancelled,9.684197664260864
0.003,sat,6.788603782653809
