epsilon,result,runtime
0.265,sat,5.085604190826416
0.133,sat,5.387059211730957
0.065,sat,5.223011255264282
0.131,cancelled,8.31533432006836
0.041,unsat,3284.0268545150757
0.021,cancelled,3286.9692895412445
0.055,sat,8.86376142501831
0.049,sat,56.561227560043335
0.047,sat,84.01784539222717
0.045,sat,170.37533354759216
0.043000000000000003,sat,231.3446569442749
