epsilon,result,runtime
0.265,sat,5.190758943557739
0.133,sat,5.180280923843384
0.131,sat,5.0217368602752686
0.065,sat,10.908206939697266
0.063,sat,5.097452640533447
0.031,unsat,3295.4278745651245
0.029,cancelled,3296.2767827510834
0.051000000000000004,unsat,3079.2268574237823
0.041,cancelled,3082.8282730579376
0.055,sat,1196.166927576065
0.057,cancelled,1199.5021526813507
0.053000000000000005,error,785.385618686676
