epsilon,result,runtime
0.133,sat,6.30777907371521
0.265,cancelled,9.228768825531006
0.08700000000000001,sat,16.518491506576538
0.041,unsat,3099.754134654999
0.043000000000000003,unsat,3534.5574927330017
0.065,unsat,3362.34570145607
0.063,cancelled,2950.447870016098
0.079,sat,149.72240447998047
0.07100000000000001,unsat,3337.065985441208
0.07300000000000001,unsat,3501.2694370746613
0.077,sat,1359.3849442005157
0.075,sat,1476.1510541439056
