epsilon,result,runtime
0.265,sat,5.735924482345581
0.133,sat,7.395455598831177
0.131,sat,8.650105476379395
0.065,unsat,3353.273356437683
0.063,cancelled,3346.5406153202057
0.08700000000000001,unsat,3148.4922256469727
0.107,timeout,3600
0.109,unsat,3107.2858698368073
0.121,sat,9.449496984481812
0.111,unsat,3372.2095277309418
0.115,unsat,3286.017968893051
0.117,unsat,3266.3700556755066
0.11900000000000001,sat,753.6222474575043
