epsilon,result,runtime
0.265,sat,4.927616596221924
0.133,sat,6.448699712753296
0.131,sat,4.776705503463745
0.065,unsat,3303.4935505390167
0.063,cancelled,3300.4395258426666
0.107,sat,10.348593950271606
0.08700000000000001,sat,41.29432034492493
0.085,sat,50.316112756729126
0.075,sat,51.1576144695282
0.07300000000000001,sat,46.54612350463867
0.067,unsat,3255.437809944153
0.069,unsat,3278.3558683395386
0.07100000000000001,sat,127.99773406982422
