epsilon,result,runtime
0.265,sat,7.448167085647583
0.133,sat,12.769478797912598
0.131,sat,12.764110326766968
0.065,unsat,2969.5487010478973
0.063,cancelled,2962.264769077301
0.107,sat,35.200610637664795
0.08700000000000001,sat,85.07569932937622
0.085,sat,100.68030166625977
0.075,sat,497.3236322402954
0.07300000000000001,sat,996.2014954090118
0.069,unsat,2998.2397785186768
0.067,cancelled,2449.5252521038055
0.07100000000000001,sat,2808.1204743385315
