epsilon,result,runtime
0.133,sat,9.294930934906006
0.265,cancelled,12.360187530517578
0.265,sat,9.401292085647583
0.08700000000000001,sat,10.229451417922974
0.043000000000000003,unsat,3523.821008682251
0.041,cancelled,3513.7325763702393
0.07100000000000001,sat,14.610732793807983
0.057,sat,24.25255060195923
0.055,sat,16.521810054779053
0.049,sat,31.863718271255493
0.047,sat,3047.1612243652344
0.045,unsat,3588.035685300827
