epsilon,result,runtime
0.265,sat,7.413017272949219
0.133,sat,218.86422562599182
0.131,sat,842.401109457016
0.065,unsat,3529.0857672691345
0.063,cancelled,2898.3077280521393
0.107,unsat,3139.889183998108
0.08700000000000001,cancelled,3143.3638603687286
0.121,sat,2700.5586602687836
0.115,unsat,3138.7723710536957
0.113,cancelled,438.2891192436218
0.11900000000000001,timeout,3600
0.117,timeout,3600
