epsilon,result,runtime
0.265,sat,4.906325101852417
0.133,sat,5.2720654010772705
0.131,sat,4.698248863220215
0.065,sat,4.599676609039307
0.063,sat,4.8000054359436035
0.031,sat,6.2371978759765625
0.029,sat,7.53961181640625
0.015,unsat,3375.1836256980896
0.013000000000000001,cancelled,3387.0253717899323
0.019000000000000003,unsat,3510.0860047340393
0.023,unsat,3545.9738068580627
0.027000000000000003,sat,14.04244351387024
0.025,error,640.1191098690033
