epsilon,result,runtime
0.265,sat,8.809195041656494
0.133,sat,19.132558584213257
0.131,sat,7.892259120941162
0.065,sat,52.565370082855225
0.063,sat,372.53844594955444
0.031,unsat,3215.1028184890747
0.029,cancelled,2898.0657358169556
0.041,unsat,2987.1250836849213
0.051000000000000004,unsat,3504.6052792072296
0.057,unsat,2895.3456609249115
0.053000000000000005,cancelled,3416.746640443802
0.059000000000000004,unsat,3418.9737405776978
0.061,unsat,3471.951621055603
