epsilon,result,runtime
0.133,sat,5.34857177734375
0.265,cancelled,8.350200653076172
0.08700000000000001,sat,5.292222738265991
0.043000000000000003,sat,6.40882134437561
0.041,sat,1.1809768676757812
0.019000000000000003,sat,2.1476004123687744
0.021,cancelled,2.3015635013580322
0.005,unsat,5.275908946990967
0.011,sat,5.840169191360474
0.013000000000000001,cancelled,0.9423649311065674
0.009000000000000001,sat,8.895131587982178
0.007,unsat,86.84657144546509
