epsilon,result,runtime
0.265,sat,12.822568893432617
0.133,sat,15.548392295837402
0.131,sat,37.26789593696594
0.065,unsat,3163.3136756420135
0.063,cancelled,3129.4739332199097
0.107,sat,12.606983423233032
0.08700000000000001,unsat,3152.561571121216
0.085,cancelled,3140.002440929413
0.099,sat,430.415762424469
0.093,unsat,3516.8894758224487
0.091,cancelled,3086.5838162899017
0.097,sat,609.4321105480194
0.095,sat,626.4700105190277
