epsilon,result,runtime
0.133,sat,6.492138385772705
0.265,cancelled,9.3886079788208
0.08700000000000001,sat,13.620210647583008
0.043000000000000003,unsat,3042.102944135666
0.041,cancelled,3028.6855506896973
0.07100000000000001,unsat,3010.9917101860046
0.057,cancelled,3014.782305240631
0.081,sat,29.27042007446289
0.075,sat,729.6854407787323
0.077,cancelled,766.9947926998138
0.07300000000000001,sat,2008.1546566486359
