epsilon,result,runtime
0.265,sat,6.2161195278167725
0.133,sat,8.124456644058228
0.131,sat,9.789978981018066
0.065,unsat,3358.7193233966827
0.063,cancelled,3350.8906197547913
0.107,sat,28.369735717773438
0.08700000000000001,unsat,3316.9748587608337
0.085,cancelled,3288.7170083522797
0.099,sat,10.573762893676758
0.093,unsat,3354.0672857761383
0.091,cancelled,3343.7024850845337
0.095,sat,733.4037401676178
0.097,cancelled,737.2088613510132
