epsilon,result,runtime
0.265,sat,7.39542031288147
0.133,sat,8.055248260498047
0.131,sat,8.104527950286865
0.063,unsat,2793.435135126114
0.097,sat,33.49839758872986
0.081,sat,89.11904191970825
0.065,unsat,3499.9002134799957
0.07300000000000001,sat,2076.8454596996307
0.07100000000000001,timeout,3600
0.067,unsat,3066.0854885578156
0.069,unsat,3491.979334831238
