epsilon,result,runtime
0.133,sat,5.915453195571899
0.265,cancelled,8.907236337661743
0.08700000000000001,sat,7.285666465759277
0.043000000000000003,sat,2520.331023454666
0.041,timeout,3600
0.019000000000000003,unsat,3303.4933094978333
0.021,unsat,3405.546417951584
0.031,unsat,3078.6083612442017
0.029,cancelled,1891.042902469635
0.035,unsat,3062.2843465805054
0.037000000000000005,unsat,3259.4039273262024
0.039,error,954.7838196754456
