epsilon,result,runtime
0.133,sat,6.251197814941406
0.265,cancelled,9.223380088806152
0.08700000000000001,unsat,3061.600857257843
0.043000000000000003,cancelled,3064.5672104358673
0.117,sat,42.73240423202515
0.10300000000000001,sat,86.22693514823914
0.101,sat,1761.0092277526855
0.093,unsat,3182.5593280792236
0.097,sat,1170.3424830436707
0.095,error,3266.389096736908
