epsilon,result,runtime
0.265,sat,8.752546548843384
0.133,sat,8.869505167007446
0.065,sat,8.75457763671875
0.131,cancelled,11.585699319839478
0.041,sat,8.655678749084473
0.021,sat,8.781285762786865
0.009000000000000001,sat,8.818449020385742
0.019000000000000003,cancelled,11.586616516113281
0.019000000000000003,sat,8.813087224960327
0.003,sat,7.338264226913452
0.005,cancelled,10.084319353103638
0.001,sat,3.726553201675415
