epsilon,result,runtime
0.133,sat,5.987002849578857
0.265,cancelled,9.020530939102173
0.08700000000000001,sat,10.56270956993103
0.043000000000000003,unsat,3313.2734344005585
0.041,cancelled,3303.03640127182
0.07100000000000001,unsat,3393.8444485664368
0.057,cancelled,3397.148273229599
0.081,sat,29.602742671966553
0.077,sat,346.9121482372284
0.07300000000000001,sat,42.81735372543335
0.075,cancelled,363.23694705963135
