epsilon,result,runtime
0.265,sat,27.33258557319641
0.131,unsat,3107.9184577465057
0.199,sat,33.749661445617676
0.165,sat,142.52251386642456
0.133,unsat,3345.759971857071
0.147,unsat,3139.994354724884
0.149,unsat,3246.2081570625305
0.155,unsat,3141.9084765911102
0.157,unsat,3269.538944721222
0.159,sat,1144.4434943199158
0.161,cancelled,1192.096657037735
