epsilon,result,runtime
0.133,sat,12.956934452056885
0.265,cancelled,16.471704483032227
0.043000000000000003,unsat,2909.337170600891
0.08700000000000001,timeout,3600
0.089,unsat,3396.0040633678436
0.085,cancelled,2713.7948224544525
0.117,sat,64.77710270881653
0.10300000000000001,sat,1197.7935905456543
0.101,unsat,3231.2378318309784
0.095,cancelled,2103.0586698055267
