epsilon,result,runtime
0.265,sat,8.994229316711426
0.133,sat,11.723660707473755
0.131,sat,11.55426836013794
0.065,sat,41.893643856048584
0.063,sat,55.349844455718994
0.031,timeout,3600
0.029,timeout,3600
0.027000000000000003,unsat,3529.1298954486847
0.033,timeout,3600
0.047,sat,92.0945086479187
0.049,cancelled,55.283838748931885
0.041,sat,37.47366261482239
0.035,unsat,3076.128248691559
0.037000000000000005,unsat,3471.8524901866913
0.039,error,1065.1078448295593
