epsilon,result,runtime
0.265,sat,5.0425193309783936
0.133,sat,5.066482067108154
0.131,sat,4.834198474884033
0.065,sat,6.923241376876831
0.063,sat,18.469343423843384
0.031,unsat,3531.6861114501953
0.029,cancelled,3515.549709558487
0.051000000000000004,sat,164.2180778980255
0.041,unsat,3296.0517752170563
0.039,cancelled,3132.016621828079
0.047,unsat,3389.771716117859
0.045,cancelled,3394.818683385849
0.049,unsat,3434.6479580402374
