epsilon,result,runtime
0.265,sat,12.66551160812378
0.133,sat,32.54871654510498
0.131,sat,16.476864337921143
0.063,unsat,3411.50248670578
0.065,unsat,3414.857142686844
0.097,sat,2.495553731918335
0.099,cancelled,2.804189682006836
0.085,sat,193.6832356452942
0.075,unsat,3262.1999940872192
0.07300000000000001,cancelled,3068.4926221370697
0.081,unsat,3084.8580572605133
0.079,cancelled,3088.292781829834
0.083,sat,113.29785561561584
