epsilon,result,runtime
0.265,sat,10.925135374069214
0.133,sat,10.940283298492432
0.131,sat,10.744019031524658
0.065,sat,10.798113346099854
0.063,sat,13.4239501953125
0.031,unsat,2968.694968700409
0.029,cancelled,2955.8404943943024
0.051000000000000004,sat,11.954415082931519
0.041,sat,50.08559536933899
0.039,sat,39.122371435165405
0.035,sat,61.63897371292114
0.033,sat,75.87514901161194
