epsilon,result,runtime
0.133,sat,5.738009214401245
0.265,cancelled,8.703051805496216
0.08700000000000001,unsat,3387.225878715515
0.043000000000000003,cancelled,3390.148008584976
0.117,sat,17.162441968917847
0.10300000000000001,sat,26.189634323120117
0.101,unsat,3418.3157289028168
0.093,cancelled,3413.0641083717346
