epsilon,result,runtime
0.133,sat,10.610171556472778
0.265,cancelled,13.743287086486816
0.043000000000000003,unsat,3215.731930732727
0.08700000000000001,unsat,3235.917984485626
0.111,sat,83.98266673088074
0.089,unsat,3085.1842906475067
0.099,unsat,3133.6203067302704
0.10500000000000001,unsat,3095.962191581726
0.101,cancelled,3255.34591960907
0.107,sat,1227.8661942481995
0.109,cancelled,1231.1931550502777
