epsilon,result,runtime
0.133,sat,7.272008895874023
0.265,cancelled,10.2556734085083
0.08700000000000001,sat,7.318824291229248
0.041,unsat,2959.237455368042
0.065,sat,22.2920823097229
0.053000000000000005,sat,73.5854263305664
0.047,sat,29.301425218582153
0.043000000000000003,unsat,3153.293231487274
0.045,sat,2439.580626010895
