epsilon,result,runtime
0.265,sat,5.5251853466033936
0.133,sat,5.7030909061431885
0.131,sat,6.064273834228516
0.065,sat,6.981701612472534
0.063,sat,3.971625566482544
0.031,unsat,3376.7348968982697
0.029,cancelled,3374.0173375606537
0.041,sat,22.731552362442017
0.051000000000000004,cancelled,25.99001979827881
0.037000000000000005,sat,62.825165033340454
0.035,sat,64.21111154556274
0.033,error,634.1525137424469
