epsilon,result,runtime
0.265,sat,5.938231468200684
0.133,sat,6.192260026931763
0.131,sat,5.599755764007568
0.065,sat,6.8021767139434814
0.063,sat,15.824125289916992
0.029,unsat,3097.3251807689667
0.031,unsat,3330.1582820415497
0.047,unsat,3380.3335547447205
0.045,cancelled,3168.0425684452057
0.057,sat,34.40219593048096
0.053000000000000005,sat,83.31276249885559
0.049,sat,55.76673746109009
0.051000000000000004,cancelled,109.53235292434692
