epsilon,result,runtime
0.133,sat,10.606490135192871
0.265,cancelled,13.796873569488525
0.265,sat,10.632751703262329
0.08700000000000001,sat,129.44126892089844
0.043000000000000003,unsat,3462.599269390106
0.041,cancelled,3333.263550758362
0.057,unsat,3042.3006930351257
0.07100000000000001,unsat,3127.068396806717
0.079,sat,298.36598348617554
0.075,sat,528.491623878479
0.07300000000000001,sat,1014.5566201210022
