epsilon,result,runtime
0.265,sat,5.224054336547852
0.133,sat,5.319483518600464
0.131,sat,5.147628307342529
0.065,sat,5.1851654052734375
0.063,sat,5.09391713142395
0.031,sat,5.773558855056763
0.029,sat,7.163053512573242
0.013000000000000001,sat,6.817888259887695
0.015,cancelled,0.4205973148345947
0.003,unsat,8.675478219985962
0.007,unsat,3277.206856250763
0.009000000000000001,unsat,3427.729287147522
0.011,error,914.4111001491547
