epsilon,result,runtime
0.133,sat,6.070712327957153
0.265,cancelled,9.07336950302124
0.08700000000000001,unsat,3333.353604078293
0.043000000000000003,cancelled,3336.3729486465454
0.10300000000000001,sat,10.491857051849365
0.117,cancelled,13.724992513656616
0.097,unsat,3061.283357143402
0.093,cancelled,3064.6691794395447
0.101,sat,10.605188369750977
0.099,sat,84.92830896377563
