epsilon,result,runtime
0.265,sat,8.75511908531189
0.133,sat,10.054838418960571
0.131,sat,9.563678979873657
0.065,sat,9.84004831314087
0.063,sat,9.56171703338623
0.029,unsat,3288.9066841602325
0.047,sat,68.73571228981018
0.031,unsat,3524.9071514606476
0.039,unsat,3207.7539370059967
0.037000000000000005,cancelled,3058.4877939224243
0.043000000000000003,sat,1917.141968011856
0.041,error,2532.0800104141235
