epsilon,result,runtime
0.133,sat,5.8052756786346436
0.265,cancelled,8.845629453659058
0.08700000000000001,unsat,3372.4824221134186
0.043000000000000003,cancelled,3375.436866760254
0.117,sat,5.413050651550293
0.10300000000000001,sat,6.678814649581909
0.101,sat,9.83878207206726
0.095,sat,625.2760090827942
0.093,unsat,3199.1943328380585
0.089,cancelled,2562.3506557941437
