epsilon,result,runtime
0.265,sat,8.806500673294067
0.133,sat,10.013901948928833
0.131,sat,9.897180318832397
0.065,sat,9.947624921798706
0.063,sat,11.502132415771484
0.031,unsat,3112.7945697307587
0.029,cancelled,3103.107921361923
0.051000000000000004,sat,10.704628467559814
0.041,sat,17.433481216430664
0.039,sat,8.528847455978394
0.033,unsat,3112.833758831024
0.035,unsat,3120.827780485153
0.037000000000000005,sat,2.623450517654419
