epsilon,result,runtime
0.133,sat,10.60686707496643
0.265,cancelled,13.768470764160156
0.08700000000000001,sat,10.688981533050537
0.043000000000000003,sat,16.699337482452393
0.041,unsat,3068.078933238983
0.019000000000000003,cancelled,3065.8503651618958
