epsilon,result,runtime
0.265,sat,18.72546911239624
0.133,unsat,3258.384526491165
0.131,cancelled,3239.7272102832794
0.219,sat,16.472256660461426
0.177,sat,21.461700677871704
0.17500000000000002,sat,27.607121229171753
0.153,sat,31.178661346435547
0.155,cancelled,8.324595212936401
0.14500000000000002,sat,26.471996784210205
0.137,sat,376.52098512649536
0.139,cancelled,409.85061287879944
0.135,sat,2093.0053629875183
