epsilon,result,runtime
0.133,sat,10.505876779556274
0.265,cancelled,13.721598386764526
0.08700000000000001,sat,12.735645532608032
0.043000000000000003,unsat,3383.5942561626434
0.041,cancelled,3370.9486672878265
0.07100000000000001,sat,11.74526309967041
0.057,unsat,3455.9030537605286
0.055,cancelled,3444.256605863571
0.065,sat,20.266048192977905
0.061,sat,99.34815287590027
0.059000000000000004,sat,2076.1302411556244
