epsilon,result,runtime
0.133,sat,4.590307712554932
0.265,cancelled,7.625047445297241
0.265,sat,4.642604827880859
0.043000000000000003,sat,6.208982229232788
0.08700000000000001,cancelled,8.998209714889526
0.013000000000000001,unsat,1656.5275657176971
0.027000000000000003,unsat,3518.656009912491
0.035,sat,28.566670417785645
0.029,unsat,3294.6886348724365
0.033,sat,50.829734563827515
0.031,error,2099.832242488861
