epsilon,result,runtime
0.265,sat,5.090084791183472
0.133,sat,6.308887958526611
0.131,sat,5.939342021942139
0.065,sat,15.235308408737183
0.063,sat,16.42311429977417
0.031,unsat,3346.3086564540863
0.029,cancelled,3340.5496180057526
0.041,unsat,3144.3184571266174
0.051000000000000004,unsat,3425.2000555992126
0.053000000000000005,unsat,3087.0514163970947
0.059000000000000004,sat,253.94428825378418
0.057,unsat,3302.5516850948334
0.055,cancelled,239.2066674232483
