epsilon,result,runtime
0.265,sat,7.300010919570923
0.133,sat,8.045627117156982
0.131,sat,8.275929689407349
0.065,timeout,3600
0.063,timeout,3600
0.061,unsat,3468.843512535095
0.067,unsat,3563.0001056194305
0.099,unsat,3261.6617980003357
0.097,cancelled,3182.333779811859
0.11900000000000001,sat,13.383102655410767
0.109,unsat,3046.708467245102
0.107,cancelled,3033.3590927124023
0.113,unsat,3112.792832136154
0.117,sat,8.579982280731201
0.115,sat,3207.812347173691
