epsilon,result,runtime
0.265,sat,5.095446825027466
0.133,sat,5.569860458374023
0.131,sat,8.083780527114868
0.065,unsat,3422.9036531448364
0.063,cancelled,3415.420602798462
0.107,sat,2226.9308576583862
0.08700000000000001,unsat,3489.1930768489838
0.085,cancelled,1262.3353276252747
0.099,unsat,3485.765875816345
0.093,cancelled,3489.0661466121674
0.10300000000000001,sat,845.8624675273895
0.101,sat,1040.7078030109406
