epsilon,result,runtime
0.265,sat,5.2601563930511475
0.133,sat,5.5944623947143555
0.131,sat,5.725112199783325
0.065,sat,5.834296226501465
0.031,sat,5.269097566604614
0.063,cancelled,8.529578685760498
0.019000000000000003,sat,5.8532819747924805
0.009000000000000001,sat,5.927499294281006
0.007,sat,5.138240814208984
0.001,unsat,3.608543872833252
0.005,sat,6.529854774475098
0.003,unsat,29.389369010925293
