epsilon,result,runtime
0.133,sat,8.732638835906982
0.265,cancelled,11.70855188369751
0.08700000000000001,sat,14.168416738510132
0.043000000000000003,unsat,3196.116631269455
0.041,cancelled,3182.0161316394806
0.057,sat,13.414138555526733
0.07100000000000001,cancelled,17.193320751190186
0.051000000000000004,sat,13.445010423660278
0.047,sat,33.230104207992554
0.045,sat,54.79335880279541
