epsilon,result,runtime
0.265,sat,6.157947063446045
0.133,sat,6.581557989120483
0.131,sat,21.448447227478027
0.065,unsat,3291.908720970154
0.063,cancelled,3270.8645174503326
0.107,sat,1520.6620545387268
0.08700000000000001,unsat,3256.5619962215424
0.085,cancelled,1735.901206254959
0.093,unsat,3447.5075800418854
0.099,unsat,3478.8362057209015
0.10300000000000001,sat,2994.836820602417
0.101,sat,3054.8819813728333
