epsilon,result,runtime
0.265,sat,9.03703236579895
0.133,sat,16.297349452972412
0.131,sat,10.929819822311401
0.063,unsat,2949.878732919693
0.097,sat,74.87299227714539
0.065,timeout,3600
0.081,unsat,2994.9461719989777
0.079,cancelled,2438.2306921482086
0.091,sat,1713.79936337471
0.08700000000000001,unsat,3054.167425632477
0.085,cancelled,1340.3002207279205
0.089,sat,2305.1148388385773
