epsilon,result,runtime
0.265,sat,5.008397579193115
0.133,sat,2252.8825805187225
0.131,unsat,3252.6533336639404
0.065,cancelled,1007.9096069335938
