epsilon,result,runtime
0.265,sat,6.138448238372803
0.133,sat,6.361429929733276
0.131,sat,5.41011643409729
0.065,unsat,3112.747172355652
0.063,cancelled,3107.834310054779
0.107,sat,6.3264219760894775
0.08700000000000001,sat,6.876745223999023
0.085,sat,78.27462005615234
0.075,unsat,3060.165103673935
0.07300000000000001,cancelled,2982.420884370804
0.081,sat,2611.7734241485596
0.079,unsat,3461.8619101047516
0.077,cancelled,850.2201554775238
