epsilon,result,runtime
0.265,sat,15.85800552368164
0.131,sat,34.408135175704956
0.133,cancelled,58.61608958244324
0.043000000000000003,timeout,3600
0.085,timeout,3600
0.041,timeout,3600
0.08700000000000001,timeout,3600
0.063,unsat,2829.2638483047485
0.065,timeout,3600
0.099,unsat,3297.0802993774414
0.115,sat,451.0756731033325
0.101,timeout,3600
0.109,sat,1292.8134648799896
0.107,sat,2483.918265104294
0.10500000000000001,sat,1024.5688316822052
0.10300000000000001,error,2227.847861289978
