epsilon,result,runtime
0.265,sat,10.719133615493774
0.133,sat,14.951038360595703
0.131,sat,15.071449041366577
0.065,sat,36.78681921958923
0.063,sat,40.754249811172485
0.031,unsat,3109.169329881668
0.029,cancelled,3094.478583097458
0.051000000000000004,unsat,3235.369221687317
0.041,cancelled,3239.0558207035065
0.057,unsat,3370.629596710205
0.055,cancelled,3373.704797744751
0.059000000000000004,sat,100.38376975059509
0.061,cancelled,103.68416142463684
