epsilon,result,runtime
0.265,sat,10.679760932922363
0.131,sat,94.863290309906
0.133,cancelled,112.95596694946289
0.085,unsat,3144.6643962860107
0.043000000000000003,cancelled,3148.0138680934906
0.115,unsat,3362.9509992599487
0.101,cancelled,3366.365618944168
0.125,sat,1881.664638519287
0.121,sat,2096.3866522312164
0.11900000000000001,unsat,3496.409786462784
0.117,cancelled,3285.0149195194244
