epsilon,result,runtime
0.133,sat,7.313642740249634
0.265,cancelled,10.378963947296143
0.08700000000000001,sat,31.565447330474854
0.043000000000000003,unsat,2840.8324978351593
0.041,cancelled,2809.3328630924225
0.07100000000000001,sat,49.01949906349182
0.057,sat,195.5448338985443
0.055,sat,1001.4936072826385
0.049,timeout,3600
0.047,unsat,3538.962064266205
0.053000000000000005,sat,755.8429200649261
0.051000000000000004,sat,3303.652246236801
