epsilon,result,runtime
0.265,sat,5.170993328094482
0.133,sat,6.836576700210571
0.131,sat,1.1860277652740479
0.065,sat,18.62602210044861
0.063,sat,17.042598009109497
0.029,unsat,3404.4292771816254
0.031,unsat,3405.651530265808
0.047,sat,67.77992177009583
0.045,sat,2024.506052494049
0.037000000000000005,unsat,3397.192587852478
0.039,unsat,3127.7437608242035
0.041,unsat,3070.5757899284363
0.043000000000000003,error,2064.6955144405365
