epsilon,result,runtime
0.265,sat,5.270782709121704
0.131,unsat,3123.016221523285
0.199,sat,26.5851469039917
0.165,sat,6.09716272354126
0.149,sat,6.383082151412964
0.133,timeout,3600
0.14100000000000001,unsat,3113.7714898586273
0.139,cancelled,2699.5121746063232
0.14300000000000002,sat,157.2914834022522
0.14500000000000002,cancelled,160.593647480011
