epsilon,result,runtime
0.265,sat,6.309453964233398
0.133,sat,8.012299060821533
0.131,sat,7.719361066818237
0.063,unsat,3321.540338754654
0.097,sat,19.04585838317871
0.081,sat,14.806779384613037
0.07300000000000001,sat,66.22179555892944
0.065,unsat,3444.2309007644653
0.069,sat,39.28341555595398
0.067,sat,74.85775852203369
