epsilon,result,runtime
0.265,sat,7.288754463195801
0.133,sat,7.345853328704834
0.131,sat,7.152520656585693
0.065,unsat,3342.081691980362
0.063,cancelled,3335.1447806358337
0.107,sat,11.219080686569214
0.08700000000000001,sat,121.1426990032196
0.085,timeout,3600
0.075,timeout,3600
0.07300000000000001,unsat,3227.8403725624084
0.077,unsat,3261.609667778015
0.081,unsat,3177.527088880539
0.079,cancelled,3035.8138887882233
0.083,unsat,3555.5743374824524
