epsilon,result,runtime
0.133,sat,6.200156211853027
0.265,cancelled,9.133559703826904
0.265,sat,6.191953182220459
0.08700000000000001,sat,6.060964345932007
0.041,unsat,3384.2712371349335
0.043000000000000003,unsat,3394.244332075119
0.065,sat,9.876190423965454
0.063,sat,10.61424446105957
0.053000000000000005,sat,109.07494592666626
0.051000000000000004,unsat,3299.987058162689
0.047,cancelled,3192.014666080475
