epsilon,result,runtime
0.265,sat,23.64760708808899
0.133,sat,119.68907952308655
0.131,sat,687.9545485973358
0.065,unsat,3431.1793999671936
0.063,cancelled,2840.100829601288
0.107,unsat,3124.56645488739
0.08700000000000001,cancelled,3128.0082488059998
0.121,sat,971.7495450973511
0.115,sat,2889.971356868744
0.113,unsat,3308.795258998871
0.109,cancelled,1393.694099187851
