epsilon,result,runtime
0.265,sat,8.833043336868286
0.133,sat,9.969650745391846
0.131,sat,9.965263843536377
0.065,sat,36.3729522228241
0.063,sat,435.8456997871399
0.031,unsat,3283.5558631420135
0.029,cancelled,2875.1169006824493
0.051000000000000004,unsat,3196.715939760208
0.041,cancelled,3200.5361428260803
0.057,unsat,3174.9555339813232
0.055,cancelled,3178.4017131328583
0.061,sat,1188.962571144104
0.059000000000000004,error,1910.008029460907
