epsilon,result,runtime
0.265,sat,10.833574295043945
0.133,sat,10.849735736846924
0.131,sat,10.750396728515625
0.063,unsat,3115.5142302513123
0.065,unsat,3137.1808478832245
0.099,sat,217.66261076927185
0.097,sat,595.3852124214172
0.081,unsat,3517.908839702606
0.079,cancelled,3150.336502313614
0.091,unsat,3086.417095899582
0.08700000000000001,cancelled,3090.021998643875
0.095,sat,1736.3138780593872
0.093,error,2353.637165784836
