epsilon,result,runtime
0.265,sat,10.409038782119751
0.133,sat,14.25114107131958
0.131,sat,25.7146737575531
0.065,sat,693.2431449890137
0.063,unsat,3358.466787815094
0.031,cancelled,2691.352601289749
