epsilon,result,runtime
0.133,sat,10.604227542877197
0.265,cancelled,14.267664670944214
0.265,sat,10.695332527160645
0.08700000000000001,sat,17.431365489959717
0.043000000000000003,unsat,3133.470411300659
0.041,cancelled,3116.2336399555206
0.07100000000000001,sat,35.68682861328125
0.055,unsat,3097.0950922966003
0.057,unsat,3196.094310760498
0.063,sat,59.535927295684814
0.065,cancelled,3.5126423835754395
0.061,sat,17.544761657714844
0.059000000000000004,sat,42.099886417388916
