epsilon,result,runtime
0.265,sat,19.087260723114014
0.131,unsat,3284.6738986968994
0.199,sat,9.766132831573486
0.133,unsat,3324.5345408916473
0.165,sat,2.343127965927124
0.167,cancelled,1.7489686012268066
0.153,sat,55.724547386169434
0.14300000000000002,unsat,3293.038140773773
0.14100000000000001,cancelled,3237.5910687446594
0.149,sat,120.68130588531494
0.147,sat,3320.19122672081
0.14500000000000002,unsat,3200.2750341892242
