epsilon,result,runtime
0.265,sat,20.845067262649536
0.131,unsat,3483.568067073822
0.133,unsat,3508.3501460552216
0.197,sat,18.367308378219604
0.199,cancelled,21.26710057258606
0.155,sat,23.723918437957764
0.17500000000000002,cancelled,26.575273513793945
0.147,sat,60.534281730651855
0.14100000000000001,sat,851.7932567596436
0.139,sat,1781.6854259967804
0.137,sat,912.7083420753479
0.135,sat,2304.7028770446777
