epsilon,result,runtime
0.265,sat,7.309125900268555
0.131,sat,85.0283625125885
0.133,cancelled,98.49385452270508
0.043000000000000003,unsat,3228.021528482437
0.085,unsat,3234.627236366272
0.08700000000000001,unsat,3302.562057495117
0.109,unsat,3296.7207725048065
0.107,cancelled,0.5661227703094482
0.117,unsat,3177.7129402160645
0.123,unsat,3193.074802160263
0.125,unsat,3315.1456389427185
0.127,unsat,3302.360132217407
0.129,error,759.9201617240906
