epsilon,result,runtime
0.265,sat,5.764272928237915
0.133,sat,7.404151439666748
0.131,sat,17.730504989624023
0.065,unsat,3133.0012514591217
0.063,cancelled,3116.9975588321686
0.107,sat,42.34892392158508
0.08700000000000001,unsat,3242.8112137317657
0.085,cancelled,3200.611345052719
0.093,unsat,3534.314043521881
0.099,unsat,3535.8512320518494
0.10300000000000001,sat,1412.0054602622986
0.101,error,3270.844314098358
