epsilon,result,runtime
0.265,sat,7.356515407562256
0.133,sat,8.318431854248047
0.065,sat,6.473588466644287
0.131,cancelled,10.188515663146973
0.041,sat,461.5928158760071
0.021,unsat,3392.7209441661835
0.019000000000000003,cancelled,2931.2506062984467
0.033,unsat,3261.218415260315
0.027000000000000003,cancelled,3265.0107657909393
0.035,unsat,3054.7507586479187
0.037000000000000005,unsat,3421.8540987968445
0.039,sat,595.1236863136292
