epsilon,result,runtime
0.133,sat,4.381901025772095
0.265,cancelled,7.375275373458862
0.08700000000000001,sat,34.12626838684082
0.043000000000000003,unsat,3275.246479988098
0.041,cancelled,3241.39551281929
0.057,unsat,3091.4983417987823
0.07100000000000001,timeout,3600
0.07300000000000001,unsat,3286.9048948287964
0.069,cancelled,2798.6973807811737
0.081,sat,170.88877367973328
0.077,sat,878.9204556941986
0.075,unsat,3202.16699552536
