epsilon,result,runtime
0.265,sat,5.272942543029785
0.133,sat,7.118854761123657
0.131,sat,5.9800615310668945
0.065,unsat,3078.591114759445
0.063,cancelled,3074.2638897895813
0.107,unsat,3168.4578952789307
0.08700000000000001,cancelled,3171.992005586624
0.121,sat,48.62025594711304
0.115,unsat,3110.3699100017548
0.113,cancelled,3061.7302675247192
0.11900000000000001,sat,28.649563312530518
0.117,sat,358.67815828323364
