epsilon,result,runtime
0.265,sat,10.16677737236023
0.133,sat,10.54482126235962
0.131,sat,29.558422803878784
0.063,unsat,3174.35448884964
0.097,sat,9.793500900268555
0.081,sat,19.96002459526062
0.07300000000000001,sat,40.81991696357727
0.065,unsat,3523.7504913806915
0.069,sat,2058.519778728485
0.067,sat,1825.202567577362
