epsilon,result,runtime
0.133,sat,8.870738983154297
0.265,sat,8.844670295715332
0.265,cancelled,11.844321489334106
0.08700000000000001,sat,36.79625678062439
0.043000000000000003,timeout,3600
0.041,timeout,3600
0.039,unsat,2922.435307741165
0.045,timeout,3600
0.065,unsat,3381.5059649944305
0.067,timeout,3600
0.077,unsat,2888.9010529518127
0.075,cancelled,2046.7044060230255
0.083,sat,217.94503903388977
0.079,sat,2835.385981798172
0.081,cancelled,3062.6826536655426
