epsilon,result,runtime
0.265,sat,16.682915210723877
0.133,timeout,3600
0.131,timeout,3600
0.129,unsat,3430.693391084671
0.199,sat,7.005429744720459
0.167,sat,7.1373960971832275
0.151,sat,102.28031635284424
0.14300000000000002,sat,6.904630661010742
0.135,timeout,3600
0.139,sat,1099.822448015213
0.137,sat,3147.138175725937
