epsilon,result,runtime
0.133,sat,5.513024806976318
0.265,cancelled,8.537977457046509
0.265,sat,5.667349576950073
0.08700000000000001,sat,6.43006706237793
0.043000000000000003,sat,8.711869955062866
0.041,sat,37.176494121551514
0.021,unsat,3344.983218193054
0.019000000000000003,cancelled,3386.1896302700043
0.027000000000000003,unsat,3064.5425708293915
0.033,unsat,3501.320162296295
0.037000000000000005,sat,48.37538027763367
0.035,error,1166.03146982193
