epsilon,result,runtime
0.133,sat,5.073930263519287
0.265,cancelled,8.127157211303711
0.08700000000000001,sat,4.814570188522339
0.043000000000000003,sat,5.084080696105957
0.041,sat,5.001222610473633
0.021,sat,13.451570749282837
0.009000000000000001,unsat,5.072596549987793
0.019000000000000003,unsat,3359.8618338108063
0.013000000000000001,cancelled,3330.4869952201843
