epsilon,result,runtime
0.265,sat,11.19556999206543
0.133,sat,14.493061542510986
0.131,sat,14.30974555015564
0.065,sat,14.466986894607544
0.063,sat,19.657312154769897
0.031,unsat,3569.7931122779846
0.029,cancelled,3553.7523193359375
0.051000000000000004,sat,38.244370460510254
0.041,sat,835.9150087833405
0.039,unsat,3030.573027610779
0.035,cancelled,2237.0164561271667
