epsilon,result,runtime
0.265,sat,6.0838942527771
0.133,sat,7.201231479644775
0.131,sat,2.1997413635253906
0.063,unsat,3484.3506321907043
0.065,unsat,3543.4104540348053
0.097,unsat,3271.151933193207
0.115,sat,16.153687000274658
0.099,unsat,3485.0485632419586
0.107,sat,514.5332977771759
0.10500000000000001,sat,801.7478377819061
0.10300000000000001,sat,1709.6581864356995
0.101,error,2741.665929079056
