epsilon,result,runtime
0.265,sat,10.626627206802368
0.133,sat,26.27503991127014
0.131,sat,21.058244228363037
0.065,unsat,3198.724632024765
0.063,cancelled,3194.2995755672455
0.107,sat,836.0628681182861
0.08700000000000001,unsat,3509.2380797863007
0.085,cancelled,2673.289552927017
0.099,unsat,3507.5358788967133
0.093,cancelled,3510.748586177826
0.10300000000000001,sat,1056.6833798885345
0.101,sat,1293.9024257659912
