epsilon,result,runtime
0.133,sat,5.145293712615967
0.265,cancelled,8.084310531616211
0.08700000000000001,sat,5.394950866699219
0.041,unsat,3055.432975769043
0.065,sat,15.018973112106323
0.053000000000000005,sat,33.527870893478394
0.043000000000000003,unsat,3259.6914808750153
0.049,sat,54.47771859169006
0.047,sat,251.12074637413025
0.045,sat,462.4394042491913
