epsilon,result,runtime
0.265,sat,10.634763479232788
0.133,sat,10.679223537445068
0.131,sat,9.318997859954834
0.065,sat,9.402735233306885
0.063,sat,19.955522298812866
0.029,unsat,3041.5880122184753
0.031,unsat,3261.4992458820343
0.047,unsat,3287.603618144989
0.045,cancelled,3093.681322336197
0.057,sat,47.1035213470459
0.053000000000000005,sat,2622.178933620453
0.051000000000000004,unsat,3326.4787888526917
0.049,cancelled,755.1953456401825
