epsilon,result,runtime
0.265,sat,4.776361703872681
0.133,sat,6.178585529327393
0.131,sat,6.159826040267944
0.065,sat,2782.696274995804
0.063,unsat,3328.2950353622437
0.031,cancelled,553.1126849651337
