epsilon,result,runtime
0.265,sat,6.029171705245972
0.133,sat,6.186063766479492
0.131,sat,5.578235864639282
0.065,sat,7.066782236099243
0.063,sat,1.2037618160247803
0.031,sat,1.6228985786437988
0.029,sat,15.983311414718628
0.013000000000000001,unsat,3356.7717056274414
0.021,sat,19.97124671936035
0.015,unsat,3407.926041126251
0.019000000000000003,unsat,3145.6633760929108
0.017,cancelled,3194.4151179790497
