epsilon,result,runtime
0.265,sat,6.242268323898315
0.133,sat,6.627152681350708
0.131,sat,6.885197639465332
0.063,unsat,3053.40229344368
0.097,sat,13.962554931640625
0.065,unsat,3132.602936267853
0.081,sat,152.63703536987305
0.079,sat,812.7229449748993
0.07100000000000001,unsat,3196.9239490032196
0.07300000000000001,unsat,3296.1702859401703
0.077,sat,2236.28932595253
0.075,error,3594.2754802703857
