epsilon,result,runtime
0.265,sat,5.873393774032593
0.133,sat,66.33418726921082
0.131,sat,608.3652262687683
0.065,unsat,3362.612122297287
0.063,cancelled,2815.150691509247
0.08700000000000001,unsat,3189.834878206253
0.107,unsat,3227.104632139206
0.11900000000000001,sat,86.96250343322754
0.109,unsat,3052.5368597507477
0.113,unsat,3558.0220663547516
0.117,sat,1932.4797103404999
0.115,error,3175.3118188381195
