epsilon,result,runtime
0.265,sat,10.591397762298584
0.133,sat,21.495851278305054
0.131,sat,47.756911516189575
0.065,unsat,3190.09267950058
0.063,cancelled,3153.3813643455505
0.08700000000000001,sat,46.96176719665527
0.107,cancelled,50.217594623565674
0.07300000000000001,unsat,3354.9111461639404
0.079,unsat,3499.594896554947
0.083,sat,192.17627429962158
0.081,sat,461.41403245925903
