epsilon,result,runtime
0.265,sat,10.553516149520874
0.133,sat,10.630914211273193
0.131,sat,10.485956192016602
0.065,sat,10.650948762893677
0.063,sat,10.38024616241455
0.029,unsat,3410.7950091362
0.047,sat,5.916462421417236
0.039,sat,14.869508028030396
0.031,unsat,3471.8150889873505
0.035,sat,49.43188285827637
0.033,sat,68.23250889778137
