epsilon,result,runtime
0.265,sat,6.131208658218384
0.133,sat,6.374724864959717
0.131,sat,7.332049369812012
0.065,unsat,3281.239322900772
0.063,cancelled,3274.3716847896576
0.107,sat,17.08571696281433
0.08700000000000001,sat,47.502179861068726
0.085,sat,119.10577845573425
0.075,sat,96.35079312324524
0.07300000000000001,sat,335.67813205718994
0.069,sat,3157.7032158374786
0.067,error,3441.4176638126373
