epsilon,result,runtime
0.133,sat,6.154076814651489
0.265,cancelled,9.11124300956726
0.043000000000000003,sat,5.91439151763916
0.08700000000000001,cancelled,8.712586641311646
0.027000000000000003,sat,22.997720956802368
0.011,unsat,3143.388657093048
0.013000000000000001,unsat,3317.4148457050323
0.019000000000000003,unsat,3087.95645070076
0.021,unsat,3096.8304376602173
0.023,unsat,3049.059947013855
0.025,error,3502.12734913826
