epsilon,result,runtime
0.133,sat,5.981950521469116
0.265,cancelled,9.088175535202026
0.08700000000000001,sat,4.820054054260254
0.043000000000000003,unsat,3302.3633840084076
0.041,cancelled,3297.665048599243
0.07100000000000001,sat,9.866900444030762
0.057,sat,11.408247709274292
0.055,sat,24.570088624954224
0.049,sat,1762.1485166549683
0.047,unsat,3254.547438144684
0.045,cancelled,1518.3872907161713
