epsilon,result,runtime
0.133,sat,5.1099913120269775
0.265,cancelled,8.14446759223938
0.08700000000000001,sat,2774.519896030426
0.043000000000000003,unsat,3211.2104465961456
0.041,cancelled,436.673388004303
0.057,unsat,3258.2628009319305
0.07100000000000001,unsat,3270.6014263629913
0.079,unsat,3256.3319115638733
0.07300000000000001,cancelled,3271.860280275345
0.083,unsat,3107.973256111145
0.081,cancelled,3111.3043825626373
0.085,error,966.5454909801483
