epsilon,result,runtime
0.265,sat,8.792810678482056
0.131,sat,12.76809048652649
0.133,cancelled,28.304846048355103
0.085,unsat,3174.5626561641693
0.043000000000000003,cancelled,3177.6442923545837
0.115,sat,8.966016292572021
0.101,sat,26.94197177886963
0.091,sat,48.52137351036072
0.099,cancelled,70.3764259815216
0.089,sat,607.3958261013031
0.08700000000000001,error,1340.5234775543213
