epsilon,result,runtime
0.265,sat,8.715094089508057
0.133,sat,8.780153512954712
0.131,sat,8.793036937713623
0.065,unsat,3526.3719296455383
0.063,cancelled,3517.7025196552277
0.107,sat,10.863807916641235
0.08700000000000001,sat,40.92035508155823
0.085,sat,81.66484904289246
0.075,sat,106.90582919120789
0.07300000000000001,sat,56.49274158477783
0.069,sat,2302.144213438034
0.067,sat,2322.2785131931305
