epsilon,result,runtime
0.265,sat,17.949333906173706
0.133,sat,67.38011884689331
0.131,sat,147.26501560211182
0.065,unsat,3394.8008069992065
0.063,cancelled,3297.3719594478607
0.107,unsat,3186.7393805980682
0.08700000000000001,cancelled,3190.2426092624664
0.121,sat,91.21608901023865
0.113,unsat,3147.8546209335327
0.115,unsat,3393.2789826393127
0.11900000000000001,sat,60.78721261024475
0.117,sat,318.82975816726685
