epsilon,result,runtime
0.265,sat,10.49849247932434
0.133,sat,10.551377534866333
0.131,sat,10.434602975845337
0.065,sat,10.431076526641846
0.063,sat,19.36086893081665
0.029,unsat,3119.858268737793
0.031,timeout,3600
0.047,sat,1729.6895921230316
0.045,unsat,3213.7237696647644
0.037000000000000005,cancelled,1939.5252828598022
