epsilon,result,runtime
0.265,sat,17.70446515083313
0.133,sat,18.031262397766113
0.131,sat,21.006797313690186
0.063,unsat,3272.1620874404907
0.097,sat,84.363942861557
0.065,unsat,3508.9738924503326
0.081,sat,392.29701113700867
0.079,sat,448.8373444080353
0.07100000000000001,sat,348.6483247280121
0.07300000000000001,cancelled,205.19788789749146
0.069,sat,1053.5802991390228
0.067,sat,1172.642920255661
