epsilon,result,runtime
0.265,sat,30.91093635559082
0.133,sat,33.4751877784729
0.131,sat,30.897461414337158
0.065,sat,32.89998722076416
0.063,sat,27.203136920928955
0.031,sat,26.803309440612793
0.029,sat,30.171346426010132
0.015,sat,60.222041845321655
0.005,unsat,24.99771809577942
0.013000000000000001,unsat,3027.9565579891205
0.009000000000000001,cancelled,2870.725302219391
