epsilon,result,runtime
0.265,sat,23.092631816864014
0.133,sat,24.394497871398926
0.131,sat,25.432944297790527
0.065,sat,76.06349802017212
0.063,sat,93.6197452545166
0.029,unsat,3170.567147254944
0.031,unsat,3377.6753301620483
0.047,sat,224.11045336723328
0.045,sat,265.9203360080719
0.039,sat,427.50872898101807
0.037000000000000005,sat,1065.409734249115
0.033,unsat,3435.2463738918304
0.035,timeout,3600
