epsilon,result,runtime
0.133,sat,22.887619972229004
0.265,sat,23.398106813430786
0.265,cancelled,43.70968556404114
0.08700000000000001,sat,26.444642543792725
0.043000000000000003,timeout,3600
0.041,timeout,3600
0.045,timeout,3600
0.039,timeout,3600
0.047,sat,976.4765298366547
0.037000000000000005,unsat,2982.413788795471
0.017,cancelled,2049.6150875091553
