epsilon,result,runtime
0.133,sat,24.769895553588867
0.265,cancelled,33.83772373199463
0.08700000000000001,sat,105.05039310455322
0.043000000000000003,timeout,3600
0.041,timeout,3600
0.045,unsat,2441.2536256313324
0.039,cancelled,2343.3690559864044
0.059000000000000004,unsat,2843.2351644039154
0.07100000000000001,unsat,3330.7755920886993
0.07300000000000001,unsat,3044.6977195739746
0.079,unsat,3067.478104352951
0.083,sat,1814.9918825626373
0.081,unsat,3222.1505568027496
