epsilon,result,runtime
0.265,sat,18.634366989135742
0.133,sat,35.61935019493103
0.131,sat,34.90938854217529
0.065,timeout,3600
0.063,timeout,3600
0.067,timeout,3600
0.061,timeout,3600
0.069,unsat,2842.3561260700226
0.059000000000000004,cancelled,2837.847260951996
0.089,unsat,2551.129685163498
0.109,unsat,2617.0057623386383
0.121,sat,130.06950521469116
0.115,sat,2024.6864788532257
0.111,timeout,3600
0.113,sat,2198.12952876091
