epsilon,result,runtime
0.265,sat,14.0113365650177
0.133,sat,22.968382120132446
0.131,sat,16.715816497802734
0.065,sat,59.40308499336243
0.063,sat,61.465038537979126
0.029,unsat,2907.5123269557953
0.031,timeout,3600
0.047,unsat,3193.109962940216
0.045,cancelled,2578.4427251815796
0.057,sat,512.3425879478455
0.053000000000000005,sat,2367.8039383888245
0.051000000000000004,unsat,3457.054326057434
0.049,cancelled,1629.3437848091125
