epsilon,result,runtime
0.265,sat,25.208417654037476
0.133,sat,26.1468665599823
0.131,sat,24.995991706848145
0.065,sat,25.57457971572876
0.063,sat,22.203871488571167
0.031,sat,28.184773206710815
0.029,sat,21.114698886871338
0.013000000000000001,unsat,3214.8151807785034
0.021,sat,102.07258343696594
0.017,sat,189.79891085624695
0.015,timeout,3600
