epsilon,result,runtime
0.265,sat,28.29416513442993
0.133,sat,28.74982261657715
0.065,sat,29.926021814346313
0.131,cancelled,43.61020565032959
0.041,sat,30.208056449890137
0.021,sat,31.19400906562805
0.019000000000000003,sat,27.835323810577393
0.007,unsat,3178.6878530979156
0.013000000000000001,sat,90.95973348617554
0.009000000000000001,timeout,3600
0.011,timeout,3600
