epsilon,result,runtime
0.265,sat,22.024428844451904
0.133,sat,26.63179612159729
0.131,sat,24.327244520187378
0.063,sat,474.30365204811096
0.065,cancelled,521.2732660770416
0.041,unsat,3295.3898737430573
0.021,cancelled,3308.8935039043427
0.055,sat,540.3008267879486
0.047,unsat,3004.079487323761
0.049,timeout,3600
0.053000000000000005,sat,1444.1047627925873
0.051000000000000004,unsat,3351.358363866806
