epsilon,result,runtime
0.133,sat,24.598161458969116
0.265,cancelled,47.36606454849243
0.08700000000000001,sat,21.58220076560974
0.043000000000000003,sat,26.215415954589844
0.041,sat,23.057271480560303
0.019000000000000003,sat,24.167229413986206
0.021,cancelled,0.8404126167297363
0.005,unsat,30.509278059005737
0.013000000000000001,sat,103.26092863082886
0.011,unsat,2883.583256006241
0.007,cancelled,2725.296546459198
