epsilon,result,runtime
0.133,sat,25.97208857536316
0.265,cancelled,54.57380676269531
0.08700000000000001,sat,31.176203966140747
0.043000000000000003,sat,31.750603675842285
0.019000000000000003,sat,29.278220891952515
0.041,cancelled,46.696810722351074
0.011,sat,30.97093367576599
0.003,unsat,20.77771234512329
0.007,sat,28.45776343345642
0.005,unsat,3127.473326921463
