epsilon,result,runtime
0.265,sat,22.66392230987549
0.133,sat,27.511710166931152
0.131,sat,26.160650730133057
0.065,sat,34.97964692115784
0.063,sat,27.186511993408203
0.031,unsat,3394.807411670685
0.029,cancelled,3374.8500509262085
0.051000000000000004,sat,181.285227060318
0.041,sat,1834.2135899066925
0.039,timeout,3600
0.035,timeout,3600
0.033,unsat,3522.5837259292603
0.037000000000000005,unsat,3091.3523750305176
