epsilon,result,runtime
0.265,sat,27.81447148323059
0.133,sat,34.09361457824707
0.131,sat,31.385854959487915
0.065,timeout,3600
0.063,timeout,3600
0.061,unsat,3180.08909535408
0.099,sat,75.44018697738647
0.067,timeout,3600
0.083,sat,643.758759021759
0.081,sat,628.8624086380005
0.07300000000000001,sat,491.25350689888
0.075,cancelled,243.11141538619995
0.07100000000000001,sat,458.6500401496887
0.069,sat,536.5850992202759
