epsilon,result,runtime
0.265,sat,21.035900831222534
0.133,sat,27.94371199607849
0.131,sat,32.55424976348877
0.065,unsat,3382.516319990158
0.063,cancelled,3354.886281967163
0.107,sat,627.1340129375458
0.08700000000000001,sat,1837.0410475730896
0.085,sat,3026.29510474205
0.075,unsat,3365.397439956665
0.07300000000000001,cancelled,1551.9677667617798
0.081,unsat,3320.754810333252
0.079,cancelled,3340.0288484096527
0.083,sat,1603.3801176548004
