epsilon,result,runtime
0.133,sat,28.888853311538696
0.265,cancelled,60.70844650268555
0.08700000000000001,sat,43.310444831848145
0.043000000000000003,unsat,3128.312314271927
0.041,cancelled,3085.3264479637146
0.07100000000000001,sat,579.3578226566315
0.057,unsat,3224.5263431072235
0.055,cancelled,2645.429503917694
0.065,sat,985.1909728050232
0.061,sat,1049.1889905929565
0.059000000000000004,unsat,3302.399342060089
