epsilon,result,runtime
0.265,sat,23.623804092407227
0.133,sat,23.808214902877808
0.065,sat,22.871601581573486
0.131,cancelled,37.058862924575806
0.041,sat,376.47508454322815
0.019000000000000003,unsat,3071.395636320114
0.021,timeout,3600
0.031,timeout,3600
0.029,timeout,3600
0.033,unsat,3350.1870942115784
0.027000000000000003,cancelled,3265.300167322159
0.037000000000000005,sat,1015.8756670951843
0.035,unsat,3138.523406982422
