epsilon,result,runtime
0.133,sat,24.051381587982178
0.265,cancelled,35.49989986419678
0.08700000000000001,sat,109.5844042301178
0.043000000000000003,unsat,3355.5238313674927
0.041,cancelled,3246.7912273406982
0.07100000000000001,sat,733.1232535839081
0.057,timeout,3600
0.055,unsat,3140.8067162036896
0.065,sat,888.9303622245789
0.059000000000000004,sat,1792.1430304050446
0.061,cancelled,605.1995694637299
