epsilon,result,runtime
0.265,sat,15.033377408981323
0.133,sat,16.1531081199646
0.131,sat,23.317910194396973
0.065,unsat,2906.447711467743
0.063,cancelled,2883.7154400348663
0.107,sat,23.337063789367676
0.08700000000000001,sat,206.61886262893677
0.085,sat,510.76037192344666
0.075,sat,516.8010005950928
0.069,sat,1173.1364288330078
0.07300000000000001,cancelled,1378.8973560333252
0.067,timeout,3600
