epsilon,result,runtime
0.133,sat,17.944651126861572
0.265,cancelled,34.36254143714905
0.08700000000000001,sat,16.63917374610901
0.043000000000000003,sat,25.544355392456055
0.041,sat,21.212791681289673
0.019000000000000003,sat,21.791353225708008
0.021,cancelled,4.7381391525268555
0.005,sat,20.522260189056396
0.011,cancelled,31.946539163589478
0.003,sat,19.518969774246216
0.001,sat,22.6201753616333
