epsilon,result,runtime
0.265,sat,26.216690063476562
0.133,sat,60.57449913024902
0.131,sat,182.17441868782043
0.065,timeout,3600
0.063,timeout,3600
0.067,unsat,2788.0232605934143
0.061,cancelled,2641.4220259189606
0.109,sat,1069.4346857070923
0.089,unsat,3189.9315769672394
0.08700000000000001,cancelled,2120.9217014312744
0.095,unsat,3002.9277622699738
0.101,unsat,3012.9007782936096
0.10500000000000001,sat,794.873242855072
0.10300000000000001,unsat,3480.4374163150787
