epsilon,result,runtime
0.265,sat,31.877623796463013
0.133,timeout,3600
0.131,timeout,3600
0.129,timeout,3600
0.135,timeout,3600
0.127,unsat,3422.246223449707
0.201,sat,23.371527433395386
0.137,timeout,3600
0.169,sat,480.449937582016
0.167,sat,345.6729600429535
0.153,sat,412.18526339530945
0.151,sat,1076.879498720169
0.14300000000000002,timeout,3600
0.14500000000000002,timeout,3600
0.14100000000000001,timeout,3600
0.147,timeout,3600
0.149,sat,1473.3352544307709
0.139,timeout,3600
