epsilon,result,runtime
0.133,sat,20.510326385498047
0.265,cancelled,31.248640298843384
0.08700000000000001,sat,508.7590503692627
0.043000000000000003,unsat,2897.7567360401154
0.041,cancelled,2388.1424684524536
0.057,unsat,3178.125026702881
0.07100000000000001,unsat,3266.4522936344147
0.079,sat,562.7902510166168
0.075,sat,510.1328856945038
0.07300000000000001,unsat,3012.3971614837646
