epsilon,result,runtime
0.133,sat,16.817906856536865
0.265,cancelled,35.38970398902893
0.08700000000000001,sat,118.31034016609192
0.043000000000000003,unsat,3295.770048379898
0.041,cancelled,3176.991702079773
0.07100000000000001,unsat,2852.0386760234833
0.057,cancelled,2867.7090106010437
0.077,unsat,2913.366877555847
0.081,unsat,2930.1485092639923
0.085,sat,2465.3515202999115
0.083,timeout,3600
