epsilon,result,runtime
0.133,sat,17.678345203399658
0.265,cancelled,31.756128787994385
0.08700000000000001,sat,29.73903775215149
0.043000000000000003,unsat,3393.599225282669
0.041,cancelled,3364.3748977184296
0.07100000000000001,sat,49.5445613861084
0.055,unsat,3085.8062660694122
0.057,unsat,3385.0597507953644
0.063,sat,457.0378830432892
0.065,cancelled,258.47218561172485
0.061,sat,396.74045872688293
0.059000000000000004,timeout,3600
