epsilon,result,runtime
0.265,sat,18.933748483657837
0.133,sat,539.0516128540039
0.131,sat,525.1381108760834
0.063,unsat,3343.7979850769043
0.065,unsat,3460.204146385193
0.097,unsat,2977.8937430381775
0.099,unsat,2981.52613902092
0.115,sat,456.4102337360382
0.113,sat,2013.8744354248047
0.10500000000000001,unsat,2906.393567800522
0.107,unsat,3291.183991909027
0.109,sat,3136.096383333206
0.111,cancelled,1102.9242889881134
