epsilon,result,runtime
0.133,sat,23.92963981628418
0.265,cancelled,34.61891317367554
0.08700000000000001,sat,28.52096438407898
0.043000000000000003,timeout,3600
0.041,unsat,3545.545177936554
0.065,sat,521.8156061172485
0.055,sat,1952.9328045845032
0.045,unsat,3405.7907536029816
0.049,timeout,3600
0.051000000000000004,timeout,3600
0.047,unsat,3080.786635160446
0.053000000000000005,timeout,3600
