epsilon,result,runtime
0.265,sat,24.08245825767517
0.133,sat,27.674218893051147
0.131,sat,27.1169490814209
0.065,sat,27.88093113899231
0.031,sat,20.2899169921875
0.063,cancelled,41.906418800354004
0.019000000000000003,sat,19.912798166275024
0.009000000000000001,sat,27.084832429885864
0.003,unsat,22.55693745613098
0.005,unsat,3104.429813861847
0.007,unsat,3153.859450817108
