epsilon,result,runtime
0.265,sat,26.993597984313965
0.133,sat,29.349952459335327
0.131,sat,25.76733136177063
0.065,sat,28.959343433380127
0.063,sat,32.40476846694946
0.031,timeout,3600
0.029,timeout,3600
0.033,sat,980.9171199798584
0.027000000000000003,unsat,3498.270921230316
0.013000000000000001,cancelled,2552.4404435157776
