epsilon,result,runtime
0.133,sat,18.892482042312622
0.265,cancelled,34.896578550338745
0.043000000000000003,sat,22.87503218650818
0.08700000000000001,cancelled,33.650017976760864
0.08700000000000001,sat,23.233505487442017
0.027000000000000003,sat,253.6000952720642
0.013000000000000001,unsat,3020.983426094055
0.011,cancelled,2768.109529733658
0.017,timeout,3600
0.021,timeout,3600
0.023,unsat,3333.5625863075256
0.019000000000000003,cancelled,3347.094297170639
0.025,sat,348.616007566452
