epsilon,result,runtime
0.265,sat,24.34435510635376
0.133,sat,37.24997282028198
0.131,sat,37.73850393295288
0.063,sat,802.1769256591797
0.065,cancelled,875.6840009689331
0.041,unsat,3129.869120121002
0.021,cancelled,3148.4458441734314
0.055,sat,2299.3819468021393
0.049,timeout,3600
0.047,timeout,3600
0.045,timeout,3600
0.051000000000000004,unsat,3411.1797862052917
0.043000000000000003,cancelled,2151.197825908661
0.053000000000000005,timeout,3600
