epsilon,result,runtime
0.265,sat,23.707279920578003
0.133,sat,26.18640923500061
0.065,sat,25.291009664535522
0.131,cancelled,38.615347385406494
0.041,sat,29.098963022232056
0.021,sat,28.989510774612427
0.019000000000000003,sat,23.849185943603516
0.009000000000000001,unsat,2978.7219908237457
0.007,cancelled,2955.9187808036804
0.013000000000000001,sat,27.370652675628662
0.015,cancelled,44.096073627471924
0.011,sat,32.43068027496338
