epsilon,result,runtime
0.133,sat,26.38906979560852
0.265,cancelled,40.079052686691284
0.043000000000000003,unsat,3378.8506331443787
0.08700000000000001,unsat,3475.6400260925293
0.111,sat,442.81268334388733
0.099,sat,1752.6714928150177
0.089,unsat,3047.8600544929504
0.093,timeout,3600
0.095,timeout,3600
0.091,unsat,3101.883859395981
0.097,sat,2524.3203389644623
