epsilon,result,runtime
0.265,sat,23.351258993148804
0.133,sat,24.650237321853638
0.065,sat,21.78060483932495
0.131,cancelled,33.189756870269775
0.041,sat,20.869277238845825
0.021,sat,43.86420965194702
0.019000000000000003,sat,64.14197897911072
0.009000000000000001,unsat,2906.183985233307
0.007,cancelled,2866.4912374019623
0.015,sat,453.50004482269287
0.013000000000000001,unsat,3180.4906079769135
0.011,cancelled,2727.674955368042
