epsilon,result,runtime
0.265,sat,20.48261046409607
0.133,sat,20.13997483253479
0.131,sat,18.09471559524536
0.065,sat,18.162025451660156
0.031,sat,19.380643844604492
0.063,cancelled,30.8338885307312
0.019000000000000003,sat,16.674330234527588
0.009000000000000001,sat,22.541640758514404
0.003,unsat,13.84743857383728
0.007,sat,23.795299768447876
0.005,unsat,3531.3835887908936
