epsilon,result,runtime
0.265,sat,18.619661569595337
0.133,sat,32.515989542007446
0.131,sat,33.536303997039795
0.065,timeout,3600
0.063,timeout,3600
0.067,unsat,3118.1378712654114
0.061,cancelled,3098.818592071533
0.109,sat,746.3142321109772
0.089,unsat,3444.041442155838
0.08700000000000001,cancelled,2697.4367418289185
0.101,sat,920.2687573432922
0.095,unsat,2888.8644268512726
0.093,cancelled,1968.7230229377747
0.099,unsat,2981.297820329666
0.097,cancelled,2992.5804069042206
