epsilon,result,runtime
0.265,sat,24.707793474197388
0.133,sat,25.4381742477417
0.131,sat,15.78721570968628
0.065,timeout,3600
0.063,timeout,3600
0.067,unsat,3545.813320159912
0.061,cancelled,3540.886933326721
0.109,sat,119.74630689620972
0.089,sat,491.24163603782654
0.08700000000000001,sat,512.7278499603271
0.077,unsat,3118.188686132431
0.075,cancelled,2973.749349832535
0.081,unsat,3317.602918624878
0.083,sat,3488.716799259186
0.085,cancelled,171.19950699806213
