epsilon,result,runtime
0.265,sat,22.863499879837036
0.133,sat,22.81750726699829
0.131,sat,22.76588463783264
0.065,sat,23.74417519569397
0.063,sat,18.12199592590332
0.031,sat,22.43014097213745
0.029,sat,23.144787073135376
0.015,sat,18.796828508377075
0.005,unsat,18.923429012298584
0.013000000000000001,unsat,3454.565709590912
0.009000000000000001,cancelled,3351.678932905197
