epsilon,result,runtime
0.133,sat,14.440300226211548
0.265,cancelled,26.13634967803955
0.08700000000000001,sat,15.92411494255066
0.043000000000000003,sat,18.22451090812683
0.041,sat,17.010241508483887
0.021,sat,101.06523370742798
0.019000000000000003,sat,137.12103581428528
0.007,unsat,19.14445185661316
0.009000000000000001,unsat,3238.4806332588196
0.013000000000000001,timeout,3600
0.015,unsat,3475.3949213027954
0.011,cancelled,3108.335884332657
0.017,unsat,3329.562136411667
