epsilon,result,runtime
0.265,sat,11.951554298400879
0.133,sat,14.164373874664307
0.131,sat,12.774615049362183
0.065,sat,339.7412860393524
0.063,sat,471.19632148742676
0.029,unsat,3079.013780117035
0.031,timeout,3600
0.047,unsat,3313.9359650611877
0.045,cancelled,2984.7450263500214
0.057,sat,497.2412464618683
0.053000000000000005,sat,575.4414553642273
0.051000000000000004,sat,1530.0017881393433
0.049,unsat,3353.596364736557
