epsilon,result,runtime
0.133,sat,19.99777841567993
0.265,cancelled,45.88846707344055
0.08700000000000001,sat,327.42455887794495
0.041,unsat,3135.8963260650635
0.043000000000000003,timeout,3600
0.063,sat,1384.4694719314575
0.065,cancelled,1502.2561945915222
0.055,timeout,3600
0.049,timeout,3600
0.053000000000000005,unsat,2951.051745414734
0.051000000000000004,cancelled,2966.6902136802673
0.057,timeout,3600
0.059000000000000004,timeout,3600
0.061,timeout,3600
