epsilon,result,runtime
0.265,sat,22.377281665802002
0.133,sat,23.33893656730652
0.065,sat,21.5508131980896
0.131,cancelled,31.74307656288147
0.041,sat,23.34481382369995
0.021,unsat,3171.3855323791504
0.019000000000000003,cancelled,3148.282783985138
0.033,sat,28.947920560836792
0.027000000000000003,sat,90.61194181442261
0.025,sat,164.93176984786987
0.023,timeout,3600
