epsilon,result,runtime
0.133,sat,22.21740460395813
0.265,cancelled,41.50036001205444
0.08700000000000001,unsat,3014.8815512657166
0.043000000000000003,cancelled,3033.988977909088
0.117,sat,54.72931456565857
0.10300000000000001,unsat,3212.1083710193634
0.101,cancelled,3157.2845237255096
0.111,sat,1501.9073848724365
0.107,unsat,3084.7361204624176
0.10500000000000001,cancelled,1583.2128627300262
0.109,sat,1447.5626878738403
