epsilon,result,runtime
0.133,sat,23.617963314056396
0.265,cancelled,49.18083214759827
0.08700000000000001,sat,32.40001893043518
0.043000000000000003,sat,59.96280574798584
0.041,sat,96.55432319641113
0.019000000000000003,unsat,3080.5861415863037
0.021,unsat,3329.2905128002167
0.031,sat,489.7166700363159
0.029,timeout,3600
0.025,timeout,3600
0.023,timeout,3600
0.027000000000000003,timeout,3600
