epsilon,result,runtime
0.265,sat,34.25217413902283
0.133,sat,34.76543426513672
0.131,sat,35.72941780090332
0.063,sat,805.705370426178
0.065,cancelled,873.3691585063934
0.021,unsat,3382.025583267212
0.041,unsat,3501.5912296772003
0.043000000000000003,timeout,3600
0.053000000000000005,timeout,3600
0.055,sat,2363.7965400218964
0.051000000000000004,timeout,3600
0.047,timeout,3600
0.045,timeout,3600
0.049,timeout,3600
