epsilon,result,runtime
0.265,sat,12.215811252593994
0.133,sat,15.358213901519775
0.065,sat,16.218238353729248
0.131,cancelled,30.334563493728638
0.041,sat,29.209920644760132
0.019000000000000003,unsat,2670.361815929413
0.021,timeout,3600
0.031,timeout,3600
0.033,sat,614.5415668487549
0.029,timeout,3600
0.025,unsat,3181.1480531692505
0.023,cancelled,2962.9658014774323
0.027000000000000003,timeout,3600
