epsilon,result,runtime
0.265,sat,27.893550634384155
0.133,sat,35.97190713882446
0.131,sat,44.35467457771301
0.063,unsat,2928.4387917518616
0.065,unsat,3001.021080493927
0.097,sat,35.03700566291809
0.099,cancelled,40.308977365493774
0.085,sat,164.7043960094452
0.075,unsat,3339.3389196395874
0.07300000000000001,cancelled,3174.7257721424103
0.081,sat,752.3569869995117
0.079,sat,810.3771014213562
0.077,unsat,3089.2642545700073
