epsilon,result,runtime
0.133,sat,26.764687538146973
0.265,cancelled,45.24849581718445
0.043000000000000003,sat,29.703574180603027
0.08700000000000001,cancelled,47.15916609764099
0.027000000000000003,sat,44.323649168014526
0.013000000000000001,timeout,3600
0.011,timeout,3600
0.009000000000000001,unsat,3258.740595817566
0.015,timeout,3600
0.021,unsat,3394.168604850769
0.019000000000000003,cancelled,3155.1842913627625
0.025,sat,69.93852877616882
0.023,sat,128.68006229400635
