epsilon,result,runtime
0.265,sat,1.4660210609436035
0.133,sat,2.099130153656006
0.131,sat,2.111515522003174
0.065,sat,2.1142196655273438
0.031,unsat,1.240666389465332
0.063,sat,2.0394928455352783
0.045,unsat,44.92138433456421
0.055,sat,1.3998398780822754
0.047,unsat,51.91671395301819
0.049,unsat,108.1085593700409
0.053000000000000005,sat,30.155595779418945
0.051000000000000004,unsat,152.6321473121643
