epsilon,result,runtime
0.265,sat,1.9718735218048096
0.133,sat,2.9055843353271484
0.131,sat,2.7549097537994385
0.065,sat,2.814955234527588
0.063,sat,2.829099178314209
0.029,unsat,7.616950750350952
0.047,sat,3.098423957824707
0.031,unsat,80.87435293197632
0.039,unsat,3287.2783715724945
0.037000000000000005,cancelled,3235.05868935585
0.043000000000000003,sat,80.87912726402283
0.041,timeout,3600
