epsilon,result,runtime
0.265,sat,1.9425315856933594
0.133,sat,2.8835601806640625
0.131,sat,3.0149967670440674
0.065,sat,2.9821906089782715
0.031,unsat,1.617741346359253
0.063,sat,2.8252360820770264
0.045,unsat,67.17417788505554
0.055,sat,9.3413987159729
0.047,unsat,95.39723658561707
0.049,unsat,178.01054859161377
0.051000000000000004,unsat,1240.2366104125977
0.053000000000000005,unsat,2244.222238302231
