epsilon,result,runtime
0.265,sat,0.8958699703216553
0.133,sat,1.2134051322937012
0.131,sat,1.2708768844604492
0.065,sat,1.3175764083862305
0.063,sat,0.7299771308898926
0.029,unsat,19.780709981918335
0.031,unsat,26.426095008850098
0.047,sat,1.3496222496032715
0.045,sat,1.2405858039855957
0.037000000000000005,sat,1.746570110321045
0.039,cancelled,2.2283692359924316
0.035,unsat,65.72781181335449
0.033,cancelled,68.60320568084717
