epsilon,result,runtime
0.265,sat,1.9323713779449463
0.133,sat,2.903261423110962
0.131,sat,2.4773521423339844
0.065,sat,2.4541995525360107
0.063,sat,2.3834035396575928
0.031,unsat,1.3119161128997803
0.029,cancelled,0.9795989990234375
0.051000000000000004,sat,1.9297099113464355
0.039,unsat,61.900784730911255
0.041,unsat,99.06476068496704
0.047,sat,9.430631399154663
0.043000000000000003,unsat,193.2977020740509
0.045,unsat,687.449898481369
