epsilon,result,runtime
0.265,sat,0.8583927154541016
0.133,sat,1.2236902713775635
0.131,sat,0.38948512077331543
0.065,sat,0.36028432846069336
0.063,sat,0.9841361045837402
0.029,unsat,0.7973842620849609
0.047,sat,1.5216588973999023
0.031,unsat,11.188514947891235
0.039,sat,89.39988350868225
0.033,unsat,42.91435194015503
0.035,unsat,286.3189227581024
0.037000000000000005,unsat,533.8108236789703
