epsilon,result,runtime
0.265,sat,0.8950512409210205
0.133,sat,1.2203936576843262
0.131,sat,1.3228628635406494
0.065,sat,1.3690454959869385
0.063,sat,1.447312355041504
0.031,sat,1.294452428817749
0.029,sat,0.865757942199707
0.013000000000000001,sat,1.286639928817749
0.015,cancelled,0.43096041679382324
0.003,unsat,0.9509072303771973
0.007,unsat,0.9313774108886719
0.009000000000000001,unsat,0.9009006023406982
0.011,unsat,2.0478403568267822
