epsilon,result,runtime
0.265,sat,1.416837215423584
0.133,sat,2.0303611755371094
0.131,sat,2.095048666000366
0.065,sat,2.082463502883911
0.031,unsat,1.1980173587799072
0.063,sat,1.897871971130371
0.047,sat,2.1579110622406006
0.045,sat,2.1170284748077393
0.037000000000000005,unsat,55.29894685745239
0.039,unsat,212.16990208625793
0.043000000000000003,sat,3.039229393005371
0.041,sat,507.0145494937897
