epsilon,result,runtime
0.265,sat,1.9189252853393555
0.133,sat,2.780534029006958
0.131,sat,2.7135109901428223
0.065,sat,7.893151044845581
0.031,unsat,1.660390853881836
0.047,unsat,7.646064043045044
0.063,sat,30.4435555934906
0.053000000000000005,unsat,101.62424206733704
0.055,unsat,127.92539286613464
0.057,unsat,180.79181790351868
0.059000000000000004,unsat,273.8838245868683
0.061,unsat,554.628965139389
