epsilon,result,runtime
0.265,sat,1.9549601078033447
0.133,sat,2.916602849960327
0.065,sat,2.0177395343780518
0.131,cancelled,6.714120626449585
0.021,unsat,1.6559841632843018
0.041,unsat,3288.234764099121
0.053000000000000005,sat,18.17186403274536
0.043000000000000003,unsat,3439.858266353607
0.047,unsat,3439.386552810669
0.051000000000000004,sat,6.999389410018921
0.049,unsat,3505.2619681358337
