epsilon,result,runtime
0.265,sat,1.4259021282196045
0.133,sat,2.0533690452575684
0.131,sat,1.7367520332336426
0.065,sat,1.8298225402832031
0.063,sat,1.6709957122802734
0.029,unsat,10.472284078598022
0.047,sat,2.3868048191070557
0.039,sat,2.316011667251587
0.031,unsat,41.54526138305664
0.033,unsat,102.34428572654724
0.037000000000000005,sat,63.0886332988739
0.035,unsat,204.00868368148804
