epsilon,result,runtime
0.133,sat,0.5828874111175537
0.265,cancelled,3.481844663619995
0.08700000000000001,sat,0.8488063812255859
0.043000000000000003,sat,1.218635082244873
0.041,sat,0.9245603084564209
0.019000000000000003,unsat,41.887824296951294
0.031,sat,0.9727768898010254
0.021,unsat,124.31925106048584
0.027000000000000003,sat,0.9411344528198242
0.023,unsat,1326.0653829574585
0.025,unsat,3588.9347116947174
