epsilon,result,runtime
0.265,sat,0.8987162113189697
0.133,sat,1.1718430519104004
0.131,sat,0.9549460411071777
0.065,sat,1.0582218170166016
0.063,sat,0.4262850284576416
0.031,unsat,0.5304751396179199
0.029,cancelled,0.5333430767059326
0.051000000000000004,sat,1.559875249862671
0.039,unsat,58.84574484825134
0.045,sat,1.565222978591919
0.043000000000000003,sat,32.095235109329224
0.041,unsat,107.4028651714325
