epsilon,result,runtime
0.265,sat,0.9070110321044922
0.133,sat,1.222684621810913
0.065,sat,0.9614455699920654
0.131,cancelled,4.017555236816406
0.021,sat,0.9953618049621582
0.041,cancelled,3.6872689723968506
0.007,unsat,0.5085816383361816
0.013000000000000001,unsat,17.336564779281616
0.017,sat,0.9500725269317627
0.015,unsat,20.414904832839966
