epsilon,result,runtime
0.265,sat,0.8299098014831543
0.133,sat,1.150923490524292
0.131,sat,0.9232058525085449
0.065,sat,1.1568255424499512
0.063,sat,0.7071595191955566
0.031,unsat,0.5256595611572266
0.029,cancelled,0.3830113410949707
0.051000000000000004,sat,1.671731948852539
0.039,unsat,38.90720176696777
0.045,sat,11.022894144058228
0.043000000000000003,sat,32.31938576698303
0.041,unsat,98.99798035621643
