epsilon,result,runtime
0.265,sat,0.8815834522247314
0.133,sat,1.1709284782409668
0.131,sat,0.5106017589569092
0.065,sat,0.8405327796936035
0.063,sat,0.44592857360839844
0.031,unsat,0.5695538520812988
0.029,cancelled,0.9151089191436768
0.051000000000000004,sat,1.507709264755249
0.041,sat,1.4676153659820557
0.039,sat,1.346958875656128
0.033,unsat,26.399979829788208
0.037000000000000005,sat,19.705200910568237
0.035,unsat,54.93043303489685
