epsilon,result,runtime
0.265,sat,1.9981720447540283
0.133,sat,2.904874801635742
0.131,sat,2.8138043880462646
0.065,sat,2.8711442947387695
0.031,unsat,1.6405296325683594
0.063,sat,39.533474922180176
0.047,unsat,65.16144847869873
0.045,cancelled,34.9092230796814
0.057,sat,44.79547643661499
0.051000000000000004,unsat,1311.9365258216858
0.053000000000000005,timeout,3600
0.055,unsat,3559.176863193512
