epsilon,result,runtime
0.133,sat,0.6892063617706299
0.265,cancelled,3.7405967712402344
0.043000000000000003,sat,1.426306962966919
0.08700000000000001,cancelled,4.142813444137573
0.013000000000000001,unsat,0.7695074081420898
0.027000000000000003,sat,1.0001637935638428
0.029,cancelled,0.17240333557128906
0.017,unsat,1.2010011672973633
0.021,unsat,71.16220831871033
0.025,sat,1.548067569732666
0.023,unsat,73.06132864952087
