epsilon,result,runtime
0.265,sat,0.8938193321228027
0.133,sat,1.1711745262145996
0.131,sat,1.3986430168151855
0.065,sat,4.506031274795532
0.031,unsat,0.8420670032501221
0.047,unsat,31.491148710250854
0.063,sat,670.1587138175964
0.055,unsat,3510.071009159088
0.053000000000000005,cancelled,2881.6474096775055
0.057,unsat,1455.2093069553375
0.059000000000000004,unsat,3508.3023748397827
0.061,unsat,3567.5976572036743
