epsilon,result,runtime
0.265,sat,1.9447579383850098
0.133,sat,2.8757317066192627
0.131,sat,2.743828296661377
0.065,sat,2.822366952896118
0.063,sat,2.6716513633728027
0.031,sat,8.589914321899414
0.013000000000000001,unsat,1.711484670639038
0.021,unsat,1.5119609832763672
0.029,sat,46.63540863990784
0.023,unsat,13.932240724563599
0.025,unsat,55.72104096412659
0.027000000000000003,unsat,212.19447898864746
