epsilon,result,runtime
0.265,sat,1.9510831832885742
0.133,sat,2.8741884231567383
0.131,sat,2.6900548934936523
0.065,sat,2.8172194957733154
0.063,sat,2.4679641723632812
0.029,unsat,86.23236298561096
0.047,sat,3.148876667022705
0.031,unsat,482.8551893234253
0.039,sat,1280.3699510097504
0.033,unsat,2388.131467819214
0.037000000000000005,unsat,3573.2495079040527
0.035,cancelled,279.9892339706421
