epsilon,result,runtime
0.265,sat,1.9754250049591064
0.133,sat,2.8808212280273438
0.131,sat,2.967231273651123
0.065,sat,3.0055723190307617
0.063,sat,2.773606538772583
0.029,unsat,14.329832553863525
0.031,unsat,49.87417697906494
0.047,unsat,3399.870555639267
0.045,cancelled,3376.862523794174
0.053000000000000005,sat,3.1994857788085938
0.057,cancelled,7.6670637130737305
0.051000000000000004,sat,94.46629118919373
0.049,unsat,3479.836611509323
