epsilon,result,runtime
0.265,sat,1.8977901935577393
0.133,sat,2.7475087642669678
0.131,sat,2.815941095352173
0.065,sat,2.8205626010894775
0.063,sat,2.678623676300049
0.031,unsat,1.4820551872253418
0.029,cancelled,0.39325380325317383
0.051000000000000004,sat,3.4181249141693115
0.039,unsat,108.39618968963623
0.041,unsat,180.87259650230408
0.047,sat,3.0852296352386475
0.045,sat,171.28127646446228
0.043000000000000003,unsat,367.4972712993622
