epsilon,result,runtime
0.265,sat,0.8579838275909424
0.133,sat,1.0990774631500244
0.131,sat,0.33850789070129395
0.065,sat,1.0261766910552979
0.063,sat,0.4559943675994873
0.031,unsat,0.5284757614135742
0.029,cancelled,1.123105525970459
0.041,unsat,0.7627556324005127
0.051000000000000004,sat,2.387580633163452
0.053000000000000005,cancelled,1.6731984615325928
0.045,unsat,11.898502588272095
0.047,unsat,15.007279872894287
0.049,unsat,5.193233013153076
