epsilon,result,runtime
0.265,sat,0.8967757225036621
0.133,sat,1.224928379058838
0.131,sat,1.2704370021820068
0.065,sat,1.3450095653533936
0.031,unsat,0.8363168239593506
0.063,sat,1.206376314163208
0.047,unsat,0.4753241539001465
0.045,cancelled,3.1107864379882812
0.057,sat,50.17279028892517
0.053000000000000005,unsat,51.910523653030396
0.051000000000000004,cancelled,1.7785840034484863
0.055,unsat,36.17996525764465
