epsilon,result,runtime
0.265,sat,1.4500129222869873
0.133,sat,1.4096379280090332
0.131,sat,1.4612116813659668
0.065,sat,2.272104501724243
0.063,sat,0.8426084518432617
0.031,unsat,0.34643101692199707
0.029,cancelled,0.38742613792419434
0.041,unsat,15.629273414611816
0.051000000000000004,unsat,210.5788335800171
0.057,sat,3.570216417312622
0.055,sat,6.9329094886779785
0.053000000000000005,unsat,350.13714265823364
