epsilon,result,runtime
0.265,sat,2.0103743076324463
0.133,sat,2.943871259689331
0.131,sat,3.2696290016174316
0.065,sat,3.274273157119751
0.031,unsat,1.6452794075012207
0.063,sat,2.8720946311950684
0.047,sat,1.4566986560821533
0.045,sat,1.5224246978759766
0.037000000000000005,unsat,1.2171995639801025
0.039,unsat,12.452323198318481
0.041,unsat,52.442349433898926
0.043000000000000003,unsat,201.0278651714325
