epsilon,result,runtime
0.265,sat,0.8995654582977295
0.133,sat,1.260207176208496
0.131,sat,0.5188789367675781
0.065,sat,1.0608909130096436
0.063,sat,0.7689704895019531
0.031,unsat,0.5590989589691162
0.029,cancelled,0.780254602432251
0.041,unsat,0.6866137981414795
0.053000000000000005,sat,1.6060175895690918
0.045,unsat,7.430050611495972
0.047,unsat,20.71674394607544
0.049,unsat,55.704665660858154
0.051000000000000004,unsat,106.97986125946045
