epsilon,result,runtime
0.265,sat,1.9698772430419922
0.133,sat,2.8192901611328125
0.131,sat,2.8103933334350586
0.065,sat,2.8322622776031494
0.063,sat,2.935222625732422
0.031,sat,1.9497992992401123
0.013000000000000001,unsat,1.6108531951904297
0.029,sat,1.8031349182128906
0.021,sat,1.8265275955200195
0.015,unsat,1.7001028060913086
0.017,unsat,20.041211128234863
0.019000000000000003,unsat,66.79626107215881
