epsilon,result,runtime
0.265,sat,1.503509521484375
0.133,sat,2.044661521911621
0.131,sat,1.7956573963165283
0.065,sat,1.8412501811981201
0.063,sat,1.7454948425292969
0.031,sat,1.169797658920288
0.029,sat,1.1269655227661133
0.013000000000000001,unsat,0.9074738025665283
0.015,unsat,0.869673490524292
0.021,sat,1.0417449474334717
0.023,cancelled,0.7283222675323486
0.017,unsat,1.3462615013122559
0.019000000000000003,unsat,22.080700635910034
