epsilon,result,runtime
0.265,sat,0.8879129886627197
0.133,sat,1.2363979816436768
0.131,sat,1.0947120189666748
0.065,sat,1.0535268783569336
0.031,unsat,0.8119800090789795
0.063,sat,1.1344497203826904
0.047,sat,0.9445548057556152
0.045,sat,3.1949357986450195
0.037000000000000005,unsat,41.24313306808472
0.039,unsat,39.043593406677246
0.041,unsat,284.5694305896759
0.043000000000000003,unsat,349.7633674144745
