epsilon,result,runtime
0.265,sat,0.9025466442108154
0.133,sat,1.3239259719848633
0.131,sat,0.8597888946533203
0.065,sat,0.9562397003173828
0.063,sat,0.4768335819244385
0.031,unsat,2.2916157245635986
0.029,cancelled,2.281515121459961
0.051000000000000004,sat,2.4119350910186768
0.041,sat,5.1498024463653564
0.035,unsat,40.696014642715454
0.037000000000000005,unsat,120.77606701850891
0.039,unsat,197.72564959526062
