epsilon,result,runtime
0.265,sat,0.8742551803588867
0.133,sat,1.2545068264007568
0.131,sat,1.1478023529052734
0.065,sat,1.1462347507476807
0.031,unsat,0.7483062744140625
0.063,sat,1.2671191692352295
0.045,unsat,183.6353738307953
0.055,sat,1.4437072277069092
0.047,unsat,260.0534019470215
0.049,unsat,1805.6336102485657
0.053000000000000005,sat,4.2837231159210205
0.051000000000000004,unsat,3434.631584882736
