epsilon,result,runtime
0.265,sat,1.9843635559082031
0.133,sat,2.8849284648895264
0.131,sat,2.891502618789673
0.065,sat,2.8431785106658936
0.031,unsat,1.6425797939300537
0.063,sat,2.786104440689087
0.045,unsat,20.71063470840454
0.055,sat,30.53886842727661
0.047,unsat,97.01994228363037
0.049,unsat,169.38623356819153
0.053000000000000005,sat,48.94104838371277
0.051000000000000004,unsat,457.77035212516785
