epsilon,result,runtime
0.265,sat,1.9382309913635254
0.133,sat,2.878833055496216
0.131,sat,2.9263010025024414
0.065,sat,2.887819528579712
0.031,unsat,1.6360974311828613
0.063,sat,2.8624746799468994
0.045,unsat,176.56470918655396
0.055,sat,3.0736801624298096
0.051000000000000004,sat,21.48693060874939
0.047,unsat,849.4802284240723
0.049,unsat,3399.528240442276
