epsilon,result,runtime
0.265,sat,0.8734204769134521
0.133,sat,1.233241319656372
0.131,sat,0.8725125789642334
0.065,sat,0.9460303783416748
0.063,sat,0.4043715000152588
0.031,sat,0.6512987613677979
0.029,sat,0.364241361618042
0.013000000000000001,unsat,0.571113109588623
0.015,unsat,0.3788015842437744
0.021,unsat,2.3055787086486816
0.023,unsat,17.059244394302368
0.027000000000000003,sat,1.567002296447754
0.025,unsat,20.317600965499878
