epsilon,result,runtime
0.133,sat,1.920020341873169
0.265,cancelled,6.227837800979614
0.265,sat,1.926567554473877
0.043000000000000003,sat,3.1197762489318848
0.08700000000000001,cancelled,6.792821407318115
0.013000000000000001,unsat,1.6394834518432617
0.029,sat,1.8298673629760742
0.019000000000000003,unsat,1.5577571392059326
0.023,unsat,7.588175058364868
0.025,unsat,20.115176677703857
0.027000000000000003,unsat,88.24702858924866
