epsilon,result,runtime
0.133,sat,3.2157154083251953
0.265,cancelled,7.3829567432403564
0.08700000000000001,sat,3.160937786102295
0.043000000000000003,sat,3.160710096359253
0.019000000000000003,unsat,1.6226415634155273
0.041,sat,2.8623712062835693
0.031,sat,2.026768207550049
0.023,unsat,1.5836591720581055
0.029,sat,14.534722566604614
0.025,unsat,12.824299097061157
0.027000000000000003,unsat,92.4671471118927
