epsilon,result,runtime
0.265,sat,0.6786606311798096
0.133,sat,1.1929981708526611
0.131,sat,0.8178081512451172
0.065,sat,1.1391606330871582
0.063,sat,0.35106635093688965
0.031,unsat,0.582230806350708
0.029,cancelled,1.1469244956970215
0.041,unsat,0.4565300941467285
0.053000000000000005,sat,0.8721394538879395
0.045,unsat,17.356357097625732
0.047,unsat,64.13948130607605
0.049,unsat,79.22339844703674
0.051000000000000004,unsat,230.18340229988098
