epsilon,result,runtime
0.265,sat,1.9759504795074463
0.133,sat,1.9447047710418701
0.131,sat,2.0182981491088867
0.065,sat,2.8455147743225098
0.063,sat,3.0217137336730957
0.031,sat,2.9454147815704346
0.013000000000000001,unsat,1.6732804775238037
0.029,sat,2.7390811443328857
0.021,sat,1.6771910190582275
0.019000000000000003,sat,1.6516339778900146
0.017,sat,1.9643096923828125
0.015,unsat,38.14285469055176
