epsilon,result,runtime
0.265,sat,1.9892382621765137
0.133,sat,2.0049383640289307
0.131,sat,1.9857983589172363
0.065,sat,2.8541390895843506
0.063,sat,2.8331193923950195
0.031,sat,2.8687853813171387
0.029,sat,1.428786039352417
0.013000000000000001,sat,1.4408843517303467
0.015,cancelled,1.4101746082305908
0.003,unsat,1.606377124786377
0.007,sat,1.872600793838501
0.009000000000000001,cancelled,0.2743082046508789
0.005,unsat,1.5475387573242188
