epsilon,result,runtime
0.265,sat,0.6137049198150635
0.133,sat,0.9692339897155762
0.131,sat,1.368328332901001
0.065,sat,1.3509719371795654
0.063,sat,1.4316627979278564
0.031,unsat,3.491569757461548
0.029,cancelled,2.178255081176758
0.051000000000000004,sat,36.58888530731201
0.041,unsat,48.894753217697144
0.039,cancelled,12.290754079818726
0.045,unsat,233.87970447540283
0.047,unsat,501.9005084037781
0.049,unsat,299.1356728076935
