epsilon,result,runtime
0.265,sat,0.9006948471069336
0.133,sat,1.2840824127197266
0.131,sat,0.5444698333740234
0.065,sat,0.7048861980438232
0.031,unsat,0.8213503360748291
0.047,unsat,0.6553385257720947
0.055,unsat,7.917357921600342
0.059000000000000004,unsat,55.298749923706055
0.061,unsat,98.15434288978577
0.063,unsat,205.89151620864868
