epsilon,result,runtime
0.265,sat,0.7479813098907471
0.133,sat,1.044344425201416
0.131,sat,0.7882213592529297
0.065,sat,0.8643436431884766
0.063,sat,0.39694905281066895
0.031,unsat,0.5577855110168457
0.029,cancelled,0.6399447917938232
0.051000000000000004,sat,16.887835025787354
0.039,unsat,164.43481278419495
0.045,sat,13.791221380233765
0.041,unsat,1734.1376962661743
0.043000000000000003,unsat,1615.4602563381195
