epsilon,result,runtime
0.265,sat,1.9496665000915527
0.133,sat,2.8400261402130127
0.131,sat,2.892453193664551
0.065,sat,29.150135040283203
0.063,sat,26.718719720840454
0.031,unsat,74.26851892471313
0.029,cancelled,74.52229976654053
0.051000000000000004,sat,39.04275441169739
0.041,sat,134.08495831489563
0.035,unsat,2903.5321893692017
0.039,unsat,3467.1641952991486
0.037000000000000005,cancelled,470.49050760269165
