epsilon,result,runtime
0.265,sat,1.9394035339355469
0.133,sat,2.8961334228515625
0.131,sat,2.7521517276763916
0.065,sat,2.7710115909576416
0.063,sat,2.777555465698242
0.031,unsat,6.347731828689575
0.029,cancelled,4.773134469985962
0.051000000000000004,sat,3.306068181991577
0.041,sat,375.5366442203522
0.035,unsat,116.85503315925598
0.037000000000000005,unsat,291.60133242607117
0.039,unsat,1183.9253702163696
