epsilon,result,runtime
0.265,sat,1.4737770557403564
0.133,sat,2.059568405151367
0.131,sat,2.0416669845581055
0.065,sat,10.872630834579468
0.063,sat,9.962802410125732
0.029,unsat,988.7870078086853
0.047,sat,1.552544116973877
0.031,unsat,1008.5452454090118
0.039,sat,7.833454370498657
0.037000000000000005,sat,12.62692403793335
0.035,sat,370.3343930244446
0.033,unsat,506.18676233291626
