epsilon,result,runtime
0.265,sat,0.8942065238952637
0.133,sat,1.2190046310424805
0.131,sat,1.316866159439087
0.065,sat,1.2655527591705322
0.031,unsat,0.8207635879516602
0.063,sat,1.2253024578094482
0.047,unsat,0.732799768447876
0.045,cancelled,3.3407766819000244
0.053000000000000005,unsat,65.80328011512756
0.059000000000000004,sat,346.0033519268036
0.055,unsat,121.49459552764893
0.057,unsat,559.080276966095
