epsilon,result,runtime
0.265,sat,2.00943660736084
0.133,sat,2.8589720726013184
0.131,sat,3.156766414642334
0.065,sat,3.0599405765533447
0.063,sat,3.200744152069092
0.029,unsat,39.07357478141785
0.047,sat,3.160876989364624
0.039,sat,3.087451696395874
0.031,unsat,119.62666583061218
0.033,unsat,124.77815341949463
0.037000000000000005,sat,13.743777513504028
0.035,unsat,422.98460721969604
