epsilon,result,runtime
0.265,sat,0.8781068325042725
0.133,sat,1.2047157287597656
0.131,sat,1.3055434226989746
0.065,sat,1.3822362422943115
0.063,sat,0.5749902725219727
0.029,unsat,3.6698195934295654
0.031,unsat,9.111488580703735
0.047,sat,0.29913902282714844
0.045,sat,0.6487576961517334
0.039,sat,29.94642949104309
0.033,unsat,49.348209381103516
0.037000000000000005,unsat,88.2769422531128
0.035,cancelled,2.9964518547058105
