epsilon,result,runtime
0.265,sat,0.9194021224975586
0.133,sat,1.2885606288909912
0.131,sat,1.2478032112121582
0.065,sat,1.3727641105651855
0.063,sat,1.1655423641204834
0.031,sat,1.3085391521453857
0.029,sat,0.3321201801300049
0.013000000000000001,unsat,0.267993688583374
0.015,unsat,0.3422238826751709
0.023,sat,0.9338581562042236
0.021,unsat,4.368884086608887
0.017,cancelled,0.3946340084075928
