epsilon,result,runtime
0.265,sat,1.4269647598266602
0.133,sat,2.103538990020752
0.131,sat,2.1918282508850098
0.065,sat,2.164222002029419
0.063,sat,2.0399117469787598
0.031,sat,2.060638666152954
0.013000000000000001,unsat,1.2790069580078125
0.029,sat,2.038762331008911
0.021,unsat,1.1673130989074707
0.019000000000000003,cancelled,4.117602586746216
0.019000000000000003,unsat,1.190448522567749
0.023,unsat,30.592571258544922
0.027000000000000003,sat,1.5482299327850342
0.025,unsat,38.96437120437622
