epsilon,result,runtime
0.265,sat,0.9221961498260498
0.133,sat,1.236281394958496
0.131,sat,1.405623435974121
0.065,sat,1.4393749237060547
0.031,unsat,0.7899248600006104
0.063,sat,1.1923928260803223
0.045,unsat,3.709479570388794
0.047,unsat,14.660760402679443
0.053000000000000005,unsat,1698.4081854820251
0.059000000000000004,sat,1.51820969581604
0.055,unsat,3547.8068029880524
0.057,unsat,3473.5005855560303
