epsilon,result,runtime
0.265,sat,0.9921531677246094
0.133,sat,1.1870651245117188
0.131,sat,1.4290165901184082
0.065,sat,2.9081103801727295
0.063,sat,0.4622764587402344
0.031,unsat,0.3400418758392334
0.029,cancelled,1.3725016117095947
0.041,unsat,53.91375541687012
0.053000000000000005,sat,43.74287247657776
0.051000000000000004,unsat,3561.208523273468
0.045,cancelled,3460.2005739212036
