epsilon,result,runtime
0.265,sat,0.9054727554321289
0.133,sat,1.2499349117279053
0.131,sat,1.4376378059387207
0.065,sat,1.2914927005767822
0.031,unsat,0.5697135925292969
0.063,sat,1.1298942565917969
0.045,unsat,56.82286977767944
0.055,sat,16.987568616867065
0.047,unsat,457.6490340232849
0.049,unsat,1604.8387370109558
0.051000000000000004,unsat,3465.8268563747406
0.053000000000000005,unsat,1597.831128358841
