epsilon,result,runtime
0.265,sat,2.403712034225464
0.133,sat,3.6529457569122314
0.131,sat,3.6211612224578857
0.065,sat,3.5971481800079346
0.031,unsat,2.1677215099334717
0.063,sat,3.541036367416382
0.045,unsat,18.56174898147583
0.055,sat,3.9519455432891846
0.047,unsat,104.06384897232056
0.049,unsat,176.36646962165833
0.051000000000000004,unsat,2875.3423006534576
0.053000000000000005,unsat,3348.5072000026703
