epsilon,result,runtime
0.265,sat,1.3518095016479492
0.133,sat,1.9633898735046387
0.131,sat,2.0169620513916016
0.065,sat,2.01581072807312
0.031,unsat,1.2374119758605957
0.063,sat,1.9521102905273438
0.047,sat,3.6282806396484375
0.045,sat,8.047677040100098
0.037000000000000005,unsat,64.40694403648376
0.039,unsat,205.16771006584167
0.041,unsat,293.13044261932373
0.043000000000000003,sat,232.20675468444824
