epsilon,result,runtime
0.265,sat,2.0071358680725098
0.133,sat,2.8441851139068604
0.131,sat,2.8392603397369385
0.065,sat,2.8447957038879395
0.063,sat,2.7883598804473877
0.031,sat,2.71020770072937
0.029,sat,1.4673573970794678
0.013000000000000001,unsat,1.3180932998657227
0.015,unsat,1.192704677581787
0.021,unsat,111.27578663825989
0.025,sat,3.1675992012023926
0.023,unsat,475.57682752609253
