epsilon,result,runtime
0.265,sat,1.9425194263458252
0.133,sat,2.904731273651123
0.131,sat,2.97454833984375
0.065,sat,2.938439130783081
0.063,sat,3.021571397781372
0.029,unsat,1.6650621891021729
0.031,unsat,11.356209754943848
0.047,sat,2.407589912414551
0.045,sat,2.484163522720337
0.039,sat,1.9813764095306396
0.033,unsat,58.9824595451355
0.035,unsat,101.04237627983093
0.037000000000000005,unsat,542.9790532588959
