epsilon,result,runtime
0.265,sat,0.5967662334442139
0.133,sat,0.9482240676879883
0.131,sat,1.1776964664459229
0.065,sat,1.2630927562713623
0.031,unsat,0.7873554229736328
0.063,sat,1.2597541809082031
0.045,unsat,45.33095693588257
0.055,sat,1.560328483581543
0.047,unsat,57.49751091003418
0.051000000000000004,sat,9.737442970275879
0.049,unsat,20.43197250366211
