epsilon,result,runtime
0.265,sat,1.949573040008545
0.133,sat,2.926137924194336
0.131,sat,2.75059175491333
0.065,sat,2.830697774887085
0.063,sat,2.5403013229370117
0.029,unsat,1373.7204031944275
0.047,sat,3.1401560306549072
0.039,sat,1.951453447341919
0.035,sat,3.07607102394104
0.033,sat,13.248218536376953
0.031,unsat,3517.859993457794
