epsilon,result,runtime
0.265,sat,1.9563429355621338
0.133,sat,1.976668119430542
0.131,sat,1.9765453338623047
0.065,sat,2.934391498565674
0.063,sat,2.9020938873291016
0.031,sat,1.9271900653839111
0.013000000000000001,unsat,1.6600933074951172
0.029,sat,1.8619916439056396
0.021,sat,1.3039348125457764
0.019000000000000003,sat,1.345280647277832
0.015,unsat,41.409308195114136
0.017,unsat,117.26738381385803
