epsilon,result,runtime
0.265,sat,1.8666324615478516
0.133,sat,2.738011598587036
0.131,sat,2.8649444580078125
0.063,sat,3.1452760696411133
0.065,cancelled,14.333460807800293
0.021,unsat,1.8854150772094727
0.041,unsat,301.83716201782227
0.053000000000000005,sat,1.9729955196380615
0.047,sat,1.8977394104003906
0.045,sat,60.75641632080078
0.043000000000000003,unsat,647.5390868186951
