epsilon,result,runtime
0.265,sat,1.473803997039795
0.133,sat,2.1028549671173096
0.131,sat,2.0751779079437256
0.065,sat,1.4413721561431885
0.031,unsat,1.1363122463226318
0.063,sat,25.419279098510742
0.045,unsat,109.34104442596436
0.055,sat,25.492897033691406
0.047,unsat,672.7844817638397
0.051000000000000004,unsat,3419.336827516556
0.049,cancelled,2915.73605799675
0.053000000000000005,sat,2761.6357083320618
