epsilon,result,runtime
0.265,sat,1.937837839126587
0.133,sat,2.912484645843506
0.131,sat,2.6467089653015137
0.065,sat,2.6260204315185547
0.063,sat,2.638367176055908
0.031,unsat,1.4533441066741943
0.029,cancelled,0.45117616653442383
0.041,unsat,14.533255577087402
0.051000000000000004,unsat,2710.5957283973694
0.053000000000000005,unsat,3398.6291632652283
0.059000000000000004,sat,3.1437549591064453
0.057,unsat,3560.785454273224
0.055,cancelled,2850.989481449127
