epsilon,result,runtime
0.265,sat,0.8647129535675049
0.133,sat,1.1800720691680908
0.131,sat,0.9059052467346191
0.065,sat,1.0025887489318848
0.063,sat,0.9586362838745117
0.031,unsat,0.7329895496368408
0.029,cancelled,0.13571691513061523
0.041,sat,1.4504330158233643
0.051000000000000004,cancelled,4.330441236495972
0.035,unsat,29.253650188446045
0.037000000000000005,unsat,39.30835771560669
0.039,unsat,23.808390617370605
