epsilon,result,runtime
0.133,sat,1.2623908519744873
0.265,cancelled,4.2930848598480225
0.043000000000000003,sat,1.4073660373687744
0.08700000000000001,cancelled,4.155717611312866
0.027000000000000003,sat,0.6258194446563721
0.013000000000000001,unsat,0.7200803756713867
0.011,cancelled,0.08562731742858887
0.017,unsat,1.1285998821258545
0.023,sat,18.011348962783813
0.021,unsat,22.63060164451599
0.019000000000000003,cancelled,0.3844900131225586
