epsilon,result,runtime
0.265,sat,1.9874188899993896
0.133,sat,2.860832929611206
0.131,sat,2.878800392150879
0.065,sat,2.8417670726776123
0.063,sat,2.803504228591919
0.031,unsat,1.5777199268341064
0.029,cancelled,0.143829345703125
0.041,sat,2.302006483078003
0.051000000000000004,cancelled,6.061753749847412
0.037000000000000005,sat,3.101407527923584
0.033,unsat,29.12523889541626
0.035,unsat,91.9708001613617
