epsilon,result,runtime
0.265,sat,1.4820382595062256
0.133,sat,2.0060577392578125
0.131,sat,1.8840951919555664
0.065,sat,1.9751408100128174
0.063,sat,1.7582204341888428
0.029,unsat,5.929345369338989
0.031,unsat,12.016900300979614
0.047,sat,0.8555572032928467
0.037000000000000005,unsat,171.71618270874023
0.041,unsat,252.25960087776184
0.043000000000000003,unsat,228.35739922523499
0.045,unsat,1077.0201950073242
