epsilon,result,runtime
0.133,sat,18.129395961761475
0.265,cancelled,32.26546573638916
0.08700000000000001,sat,53.00106620788574
0.041,unsat,2774.6685280799866
0.065,sat,583.8991904258728
0.043000000000000003,timeout,3600
0.053000000000000005,unsat,3401.75599193573
0.055,unsat,3563.076009988785
0.059000000000000004,sat,672.6259162425995
0.061,cancelled,382.7344443798065
0.057,sat,666.0843205451965
