epsilon,result,runtime
0.133,sat,24.459125995635986
0.265,cancelled,44.25027847290039
0.08700000000000001,sat,24.464231967926025
0.043000000000000003,sat,621.0492587089539
0.041,sat,1113.1452929973602
0.019000000000000003,timeout,3600
0.021,timeout,3600
0.017,timeout,3600
0.023,timeout,3600
0.015,unsat,3399.695933818817
0.025,timeout,3600
0.033,unsat,3406.105129003525
0.031,cancelled,2703.2921845912933
0.037000000000000005,timeout,3600
0.035,timeout,3600
0.039,unsat,3429.9365010261536
