epsilon,result,runtime
0.265,sat,21.43820834159851
0.133,sat,21.379131078720093
0.131,sat,17.52078890800476
0.065,sat,23.027263879776
0.063,sat,21.869970083236694
0.031,sat,21.22794818878174
0.013000000000000001,sat,18.010170698165894
0.029,cancelled,24.101621389389038
0.003,unsat,17.215494632720947
0.007,sat,19.596461296081543
0.009000000000000001,cancelled,2.1459712982177734
0.005,unsat,3200.4942831993103
