epsilon,result,runtime
0.265,sat,13.440946340560913
0.133,sat,13.92856740951538
0.065,sat,10.630928039550781
0.131,cancelled,21.80056142807007
0.041,sat,12.860125064849854
0.021,sat,13.338462352752686
0.009000000000000001,sat,14.73932433128357
0.019000000000000003,cancelled,26.482563495635986
0.005,sat,16.627017498016357
0.001,unsat,10.428634881973267
0.003,unsat,2399.870261669159
