epsilon,result,runtime
0.265,sat,15.798572063446045
0.133,sat,46.134817123413086
0.131,sat,85.56353235244751
0.065,unsat,3166.748523950577
0.063,cancelled,3115.402740955353
0.08700000000000001,sat,305.8380072116852
0.107,cancelled,318.66985607147217
0.07300000000000001,unsat,2947.2332932949066
0.081,sat,257.25766229629517
0.079,timeout,3600
0.075,unsat,2992.474249124527
0.077,unsat,3351.4183197021484
