epsilon,result,runtime
0.133,sat,16.847912788391113
0.265,cancelled,25.064654111862183
0.08700000000000001,sat,23.561105251312256
0.041,unsat,3536.4206426143646
0.043000000000000003,timeout,3600
0.065,sat,354.0538399219513
0.063,sat,1216.7676074504852
0.053000000000000005,timeout,3600
0.051000000000000004,timeout,3600
0.055,unsat,3246.352473258972
0.049,cancelled,2370.8191277980804
0.059000000000000004,sat,1267.1560673713684
0.057,unsat,3557.8546969890594
