epsilon,result,runtime
0.133,sat,16.063628673553467
0.265,cancelled,33.103630781173706
0.043000000000000003,sat,19.064862489700317
0.08700000000000001,cancelled,29.92130470275879
0.013000000000000001,sat,16.260831594467163
0.027000000000000003,cancelled,26.971631288528442
0.003,unsat,20.362855911254883
0.009000000000000001,sat,26.34658169746399
0.005,unsat,14.133710861206055
0.007,unsat,3462.4997487068176
