epsilon,result,runtime
0.265,sat,17.458343505859375
0.133,sat,21.439104557037354
0.131,sat,22.626205682754517
0.065,sat,23.20653772354126
0.063,sat,33.4280891418457
0.031,sat,198.02709484100342
0.029,sat,389.4197554588318
0.013000000000000001,unsat,3129.8727350234985
0.015,timeout,3600
0.021,timeout,3600
0.023,unsat,3026.850907087326
0.019000000000000003,cancelled,133.79121112823486
0.025,timeout,3600
0.027000000000000003,timeout,3600
