epsilon,result,runtime
0.133,sat,20.1372971534729
0.265,cancelled,40.57868838310242
0.08700000000000001,sat,21.77399206161499
0.043000000000000003,sat,209.55964303016663
0.041,sat,234.71879816055298
0.019000000000000003,unsat,3139.724174976349
0.021,unsat,3396.908584833145
0.031,timeout,3600
0.029,timeout,3600
0.033,sat,1396.958716392517
0.027000000000000003,unsat,3451.8307366371155
0.023,cancelled,2392.875669002533
