epsilon,result,runtime
0.133,sat,17.846330165863037
0.265,cancelled,29.194767951965332
0.08700000000000001,sat,18.813448667526245
0.043000000000000003,sat,28.0159432888031
0.041,sat,25.059290885925293
0.021,unsat,3443.0914449691772
0.019000000000000003,cancelled,3483.898406982422
0.033,sat,230.17275023460388
0.027000000000000003,unsat,3395.854654312134
0.025,cancelled,3165.666539669037
0.031,sat,447.21567606925964
0.029,timeout,3600
