epsilon,result,runtime
0.265,sat,16.08199954032898
0.133,sat,17.265373468399048
0.131,sat,15.713117599487305
0.065,sat,15.925567150115967
0.063,sat,19.230307579040527
0.031,sat,33.25472283363342
0.029,sat,32.06966853141785
0.013000000000000001,timeout,3600
0.015,timeout,3600
0.017,unsat,3401.4532301425934
0.011,cancelled,3457.255621433258
0.023,sat,54.27233695983887
0.021,sat,76.91029667854309
0.019000000000000003,sat,117.9259672164917
