epsilon,result,runtime
0.265,sat,11.483548641204834
0.133,sat,14.387448072433472
0.131,sat,10.089597225189209
0.063,sat,402.917031288147
0.065,cancelled,432.40928530693054
0.041,unsat,3513.5653059482574
0.021,cancelled,3525.4217648506165
0.055,sat,679.2841145992279
0.049,unsat,3266.0038204193115
0.047,cancelled,2587.282516479492
0.053000000000000005,sat,816.5649354457855
0.051000000000000004,sat,1224.2171716690063
