epsilon,result,runtime
0.265,sat,16.685669660568237
0.133,sat,18.32356357574463
0.131,sat,13.631744623184204
0.065,sat,38.19476127624512
0.063,sat,52.01369833946228
0.029,unsat,2906.4715507030487
0.047,sat,332.6185281276703
0.031,timeout,3600
0.039,sat,2015.1651344299316
0.037000000000000005,timeout,3600
0.033,unsat,3306.59202003479
0.035,unsat,3256.060070991516
