epsilon,result,runtime
0.133,sat,23.482003450393677
0.265,cancelled,31.1575129032135
0.265,sat,23.90898060798645
0.08700000000000001,sat,380.96962332725525
0.043000000000000003,unsat,3452.654956102371
0.041,cancelled,3071.8802552223206
0.07100000000000001,sat,590.2893736362457
0.057,sat,723.3663008213043
0.055,sat,721.7674939632416
0.049,sat,1078.500591993332
0.047,sat,1718.2894911766052
0.045,timeout,3600
