epsilon,result,runtime
0.265,sat,22.144201517105103
0.133,sat,24.00543785095215
0.131,sat,20.78193187713623
0.065,sat,26.034420251846313
0.063,sat,27.4051456451416
0.029,unsat,3031.982695579529
0.031,timeout,3600
0.047,sat,899.1460547447205
0.045,sat,3099.8685986995697
0.037000000000000005,timeout,3600
0.039,timeout,3600
0.035,unsat,3343.2873120307922
0.041,timeout,3600
0.043000000000000003,timeout,3600
