epsilon,result,runtime
0.265,sat,21.792018175125122
0.133,sat,24.4498872756958
0.131,sat,23.332988739013672
0.065,sat,259.70392656326294
0.063,sat,279.875426530838
0.031,timeout,3600
0.029,timeout,3600
0.027000000000000003,unsat,2751.68595123291
0.033,timeout,3600
0.047,sat,1230.4885487556458
0.049,cancelled,510.30230355262756
0.037000000000000005,unsat,3143.789815187454
0.041,timeout,3600
0.043000000000000003,sat,1885.6156051158905
0.039,timeout,3600
