epsilon,result,runtime
0.133,sat,17.72359824180603
0.265,cancelled,27.093143463134766
0.08700000000000001,sat,21.95326852798462
0.043000000000000003,sat,38.756277322769165
0.041,sat,50.87669134140015
0.019000000000000003,timeout,3600
0.021,timeout,3600
0.017,timeout,3600
0.023,timeout,3600
0.015,unsat,3232.627091407776
0.033,sat,129.37864637374878
0.025,unsat,3335.771872997284
0.029,sat,408.7371792793274
0.027000000000000003,timeout,3600
