epsilon,result,runtime
0.265,sat,10.111449003219604
0.133,sat,11.725362062454224
0.131,sat,11.551091432571411
0.065,sat,68.40068101882935
0.063,sat,57.83127546310425
0.029,unsat,3336.7783756256104
0.031,unsat,3466.335022687912
0.047,sat,446.5854980945587
0.045,sat,982.388423204422
0.037000000000000005,timeout,3600
0.039,unsat,3027.825405359268
0.035,cancelled,94.20006680488586
0.043000000000000003,unsat,3389.6469252109528
0.041,cancelled,3400.1170403957367
