epsilon,result,runtime
0.133,sat,20.497474431991577
0.265,cancelled,34.919045209884644
0.043000000000000003,unsat,2907.0928184986115
0.089,sat,340.700820684433
0.08700000000000001,unsat,3516.2665886878967
0.065,cancelled,258.41620564460754
