epsilon,result,runtime
0.133,sat,12.242578268051147
0.265,cancelled,21.743471145629883
0.08700000000000001,sat,22.19289755821228
0.041,unsat,3528.897072315216
0.065,sat,15.056888580322266
0.043000000000000003,timeout,3600
0.055,sat,63.289855003356934
0.053000000000000005,sat,128.39371061325073
0.049,sat,418.7670912742615
0.047,sat,551.0462448596954
0.045,sat,579.2365076541901
