epsilon,result,runtime
0.265,sat,26.87209677696228
0.133,sat,26.705163717269897
0.065,sat,26.127129554748535
0.131,cancelled,34.58768844604492
0.041,sat,24.93220329284668
0.021,sat,26.777817010879517
0.019000000000000003,sat,26.995357036590576
0.009000000000000001,sat,27.575913906097412
0.003,unsat,22.974416494369507
0.005,unsat,66.71904301643372
0.007,unsat,3320.5610756874084
