epsilon,result,runtime
0.133,sat,18.664787769317627
0.265,cancelled,36.91580057144165
0.043000000000000003,sat,18.200588941574097
0.08700000000000001,cancelled,35.42973875999451
0.013000000000000001,sat,23.561702251434326
0.027000000000000003,cancelled,38.72272515296936
0.007,sat,22.539013147354126
0.003,sat,23.98936104774475
0.001,sat,22.06976628303528
