epsilon,result,runtime
0.265,sat,26.60674023628235
0.133,sat,30.332160234451294
0.131,sat,26.35910987854004
0.065,sat,649.3007621765137
0.063,sat,629.8536264896393
0.031,unsat,3043.7731757164
0.029,cancelled,3037.689437389374
0.041,timeout,3600
0.051000000000000004,timeout,3600
0.047,timeout,3600
0.045,timeout,3600
0.043000000000000003,unsat,3436.165949821472
0.049,timeout,3600
0.055,sat,931.8854115009308
0.057,cancelled,1094.3922624588013
0.053000000000000005,timeout,3600
