epsilon,result,runtime
0.265,sat,20.385024309158325
0.133,sat,20.514727115631104
0.131,sat,26.21910858154297
0.065,unsat,2995.080038547516
0.063,cancelled,2969.158841609955
0.107,sat,467.0179908275604
0.08700000000000001,sat,2370.0250329971313
0.085,timeout,3600
0.075,timeout,3600
0.07300000000000001,timeout,3600
0.077,unsat,3400.092158317566
0.07100000000000001,cancelled,1729.8344900608063
0.081,unsat,3212.9809951782227
0.079,cancelled,3228.9615881443024
0.083,timeout,3600
