epsilon,result,runtime
0.133,sat,18.538053512573242
0.265,cancelled,25.03365206718445
0.08700000000000001,sat,23.476398468017578
0.043000000000000003,sat,85.06594324111938
0.041,sat,92.17053961753845
0.021,sat,236.8203318119049
0.019000000000000003,timeout,3600
0.007,unsat,17.193934440612793
0.009000000000000001,unsat,3412.451723098755
0.013000000000000001,unsat,3143.9748950004578
0.015,timeout,3600
0.017,timeout,3600
