epsilon,result,runtime
0.265,sat,26.858729124069214
0.133,sat,27.94603395462036
0.131,sat,26.8772554397583
0.065,sat,22.661985635757446
0.063,sat,26.223764419555664
0.031,sat,222.26081824302673
0.029,sat,288.3412537574768
0.013000000000000001,unsat,2942.8241970539093
0.015,unsat,3181.092072725296
0.021,timeout,3600
0.023,unsat,3255.30624294281
0.019000000000000003,cancelled,16.003509998321533
0.027000000000000003,sat,1270.2849309444427
0.025,timeout,3600
