epsilon,result,runtime
0.133,sat,20.089377641677856
0.265,cancelled,30.802608489990234
0.043000000000000003,sat,23.354109048843384
0.08700000000000001,cancelled,32.23521637916565
0.013000000000000001,sat,23.20124316215515
0.027000000000000003,cancelled,31.941591501235962
0.007,sat,17.481652975082397
0.003,unsat,18.51613187789917
0.001,cancelled,1.0265038013458252
0.005,unsat,3180.3077507019043
