epsilon,result,runtime
0.265,sat,18.29717469215393
0.133,sat,24.32154083251953
0.131,sat,17.184101819992065
0.065,sat,18.73505973815918
0.063,sat,16.659958124160767
0.031,sat,22.67631721496582
0.029,sat,22.207438945770264
0.013000000000000001,sat,18.906771898269653
0.015,cancelled,10.258182048797607
0.003,unsat,20.581626415252686
0.009000000000000001,unsat,3127.4366314411163
0.007,cancelled,3169.914641857147
0.011,sat,18.171165466308594
