epsilon,result,runtime
0.265,sat,21.977765321731567
0.133,sat,29.153254508972168
0.131,sat,27.343162059783936
0.065,sat,906.4523236751556
0.063,sat,875.0283422470093
0.031,unsat,3016.319789171219
0.029,cancelled,3019.792092323303
0.051000000000000004,unsat,3135.567514181137
0.041,cancelled,3147.109310388565
0.057,sat,1622.6990938186646
0.055,timeout,3600
0.053000000000000005,unsat,3338.5181641578674
