epsilon,result,runtime
0.133,sat,11.263078927993774
0.265,cancelled,23.910653591156006
0.08700000000000001,sat,11.73425841331482
0.043000000000000003,unsat,3418.6401176452637
0.041,cancelled,3407.202128171921
0.07100000000000001,sat,497.5868465900421
0.057,sat,521.2647988796234
0.055,sat,819.1623928546906
0.049,timeout,3600
0.047,timeout,3600
0.051000000000000004,sat,990.5215590000153
0.045,unsat,2932.5658464431763
