epsilon,result,runtime
0.265,sat,21.47596549987793
0.131,sat,385.6525537967682
0.133,cancelled,428.21317195892334
0.043000000000000003,unsat,2834.46822309494
0.085,unsat,3177.096680879593
0.08700000000000001,unsat,2966.5176396369934
0.109,unsat,3053.893124103546
0.107,cancelled,428.48690819740295
0.123,sat,306.666455745697
0.117,timeout,3600
0.115,timeout,3600
0.11900000000000001,sat,1343.8829035758972
0.113,unsat,3465.2123687267303
0.111,cancelled,1809.2973034381866
