epsilon,result,runtime
0.265,sat,27.122925758361816
0.133,sat,28.335848331451416
0.131,sat,30.994150400161743
0.065,sat,315.46382236480713
0.063,sat,350.5703043937683
0.031,unsat,3286.0469622612
0.029,cancelled,3222.3951365947723
0.051000000000000004,sat,470.8936948776245
0.041,sat,2404.748775959015
0.039,timeout,3600
0.035,timeout,3600
0.033,unsat,3563.701370716095
0.037000000000000005,unsat,3533.47270321846
