epsilon,result,runtime
0.133,sat,18.88734197616577
0.265,cancelled,25.6558735370636
0.08700000000000001,sat,14.593497037887573
0.041,sat,661.970338344574
0.043000000000000003,cancelled,692.8119876384735
0.025,unsat,2809.30020737648
0.013000000000000001,cancelled,2818.998223543167
0.035,timeout,3600
0.031,timeout,3600
0.029,unsat,2790.7506539821625
0.033,unsat,3513.8444876670837
0.039,sat,1111.8616590499878
0.037000000000000005,timeout,3600
