epsilon,result,runtime
0.133,sat,20.636871099472046
0.265,cancelled,35.84421467781067
0.265,sat,21.20406985282898
0.08700000000000001,sat,20.171419143676758
0.043000000000000003,sat,214.34707355499268
0.041,sat,191.28656196594238
0.019000000000000003,timeout,3600
0.021,timeout,3600
0.017,timeout,3600
0.023,timeout,3600
0.015,unsat,3414.8419914245605
0.025,unsat,3446.48304438591
0.033,sat,928.3528900146484
0.031,timeout,3600
0.027000000000000003,unsat,3499.3978250026703
0.029,timeout,3600
