epsilon,result,runtime
0.265,sat,23.409544467926025
0.133,sat,23.15636944770813
0.065,sat,23.9846031665802
0.131,cancelled,38.94258213043213
0.041,sat,20.27303695678711
0.021,sat,102.11446285247803
0.019000000000000003,sat,172.94855570793152
0.007,unsat,495.0972695350647
0.009000000000000001,unsat,3260.0439054965973
0.013000000000000001,timeout,3600
0.015,unsat,3073.392212152481
0.011,cancelled,2143.6859164237976
0.017,timeout,3600
