epsilon,result,runtime
0.133,sat,16.049756050109863
0.265,cancelled,23.570799589157104
0.265,sat,16.028794288635254
0.08700000000000001,sat,15.509514331817627
0.043000000000000003,sat,18.83527445793152
0.041,sat,14.75063157081604
0.019000000000000003,sat,32.81452298164368
0.021,cancelled,21.43290114402771
0.005,unsat,14.532183408737183
0.011,unsat,3456.244089126587
0.015,sat,30.600038766860962
0.013000000000000001,timeout,3600
