epsilon,result,runtime
0.133,sat,19.442261457443237
0.265,cancelled,25.76899266242981
0.043000000000000003,sat,17.60086941719055
0.08700000000000001,cancelled,24.543461799621582
0.027000000000000003,sat,204.20573830604553
0.011,unsat,166.96124148368835
0.013000000000000001,unsat,3070.0861887931824
0.019000000000000003,unsat,3065.4565827846527
0.021,timeout,3600
0.023,timeout,3600
0.025,sat,722.4301414489746
