epsilon,result,runtime
0.265,sat,19.132200717926025
0.133,sat,22.16285514831543
0.131,sat,24.053426504135132
0.065,sat,30.604570388793945
0.063,sat,33.32839345932007
0.031,sat,954.1460664272308
0.029,timeout,3600
0.013000000000000001,unsat,3184.427699327469
0.015,unsat,3260.2709670066833
0.021,timeout,3600
0.023,timeout,3600
0.019000000000000003,timeout,3600
0.025,timeout,3600
0.017,timeout,3600
0.027000000000000003,unsat,3507.8686802387238
