epsilon,result,runtime
0.265,sat,21.094151973724365
0.133,sat,50.51728534698486
0.131,sat,30.575997352600098
0.063,unsat,3469.497933626175
0.065,timeout,3600
0.097,sat,310.66155529022217
0.099,cancelled,225.6374409198761
0.075,sat,257.10809898376465
0.085,cancelled,271.32744336128235
0.07100000000000001,sat,747.1264653205872
0.069,timeout,3600
0.067,timeout,3600
