epsilon,result,runtime
0.265,sat,25.3695125579834
0.133,sat,30.747535705566406
0.131,sat,22.48795437812805
0.065,sat,801.5605947971344
0.063,sat,832.6405401229858
0.029,unsat,3312.9456305503845
0.031,timeout,3600
0.047,timeout,3600
0.045,timeout,3600
0.049,unsat,3051.495673894882
0.043000000000000003,cancelled,2878.3242905139923
0.053000000000000005,unsat,3537.2609934806824
0.057,timeout,3600
0.059000000000000004,sat,1201.569632768631
0.055,unsat,3370.3417201042175
