epsilon,result,runtime
0.265,sat,10.946043968200684
0.133,sat,13.264903783798218
0.065,sat,11.790144443511963
0.131,cancelled,19.415257215499878
0.041,sat,11.270450592041016
0.021,unsat,3523.25017118454
0.019000000000000003,cancelled,3512.461510658264
0.033,sat,20.393787622451782
0.027000000000000003,sat,86.5457673072815
0.025,sat,176.54314970970154
0.023,timeout,3600
