epsilon,result,runtime
0.265,sat,13.070584774017334
0.133,sat,16.196703672409058
0.131,sat,18.215725660324097
0.063,unsat,3075.168623447418
0.097,sat,226.44527292251587
0.065,unsat,3561.118546485901
0.081,sat,312.5548474788666
0.079,sat,289.66593623161316
0.07300000000000001,sat,888.6723108291626
0.07100000000000001,unsat,3304.025293111801
0.067,cancelled,2225.0902643203735
