epsilon,result,runtime
0.265,sat,15.603153705596924
0.133,sat,24.99051570892334
0.131,sat,25.351025342941284
0.063,unsat,3088.004944086075
0.065,unsat,3171.0808963775635
0.099,sat,793.9894502162933
0.097,sat,1197.1643426418304
0.081,sat,938.0745122432709
0.079,sat,1008.8881187438965
0.07100000000000001,unsat,3429.798167705536
0.07300000000000001,unsat,3120.8127229213715
0.077,sat,1095.012478351593
0.075,sat,2001.2973864078522
