epsilon,result,runtime
0.133,sat,15.172854661941528
0.265,cancelled,28.6860089302063
0.043000000000000003,sat,15.636830806732178
0.08700000000000001,cancelled,25.699761867523193
0.027000000000000003,sat,22.92359161376953
0.013000000000000001,sat,67.70085263252258
0.005,unsat,15.952478170394897
0.007,unsat,229.12233448028564
0.011,unsat,3492.9517760276794
0.009000000000000001,cancelled,3189.2353966236115
