epsilon,result,runtime
0.133,sat,25.081947326660156
0.265,cancelled,40.00497364997864
0.08700000000000001,sat,29.096842288970947
0.043000000000000003,sat,264.61972284317017
0.041,sat,234.58132195472717
0.019000000000000003,timeout,3600
0.021,timeout,3600
0.023,unsat,3256.812029838562
0.017,cancelled,3280.364292383194
0.033,unsat,3533.8698377609253
0.029,cancelled,3548.6578500270844
0.037000000000000005,sat,349.37204670906067
0.035,sat,1296.2227416038513
