epsilon,result,runtime
0.133,sat,16.847649574279785
0.265,cancelled,24.581828832626343
0.08700000000000001,sat,25.9964702129364
0.043000000000000003,sat,354.3037679195404
0.041,sat,896.8043086528778
0.019000000000000003,unsat,2960.467967271805
0.021,timeout,3600
0.031,unsat,3402.586040496826
0.029,cancelled,2206.3890159130096
0.035,unsat,3156.115758895874
0.037000000000000005,timeout,3600
0.039,sat,1116.9258966445923
