epsilon,result,runtime
0.133,sat,10.792678117752075
0.265,cancelled,17.85583519935608
0.08700000000000001,sat,17.128122329711914
0.043000000000000003,timeout,3600
0.041,timeout,3600
0.045,unsat,3453.3659806251526
0.039,cancelled,3442.229789495468
0.07100000000000001,sat,106.18269348144531
0.059000000000000004,sat,246.96127343177795
0.057,sat,285.75091671943665
0.051000000000000004,sat,785.982727766037
0.049,sat,849.6463277339935
0.047,sat,1199.7357115745544
