epsilon,result,runtime
0.265,sat,22.707122564315796
0.133,sat,23.893220901489258
0.131,sat,24.686599016189575
0.065,sat,122.13525247573853
0.063,sat,116.78423047065735
0.031,sat,176.51810097694397
0.029,sat,193.68190002441406
0.013000000000000001,unsat,3393.020764350891
0.015,timeout,3600
0.021,unsat,3068.6538565158844
0.023,timeout,3600
0.027000000000000003,sat,339.20632672309875
0.025,timeout,3600
