epsilon,result,runtime
0.133,sat,16.22300124168396
0.265,cancelled,24.573551416397095
0.08700000000000001,sat,17.95158338546753
0.043000000000000003,sat,198.54120922088623
0.041,sat,188.02987837791443
0.019000000000000003,timeout,3600
0.021,timeout,3600
0.017,timeout,3600
0.023,timeout,3600
0.015,unsat,3127.899006128311
0.025,timeout,3600
0.033,sat,656.0324091911316
0.031,unsat,3265.7700893878937
0.027000000000000003,cancelled,3090.325387239456
