epsilon,result,runtime
0.133,sat,12.82942795753479
0.265,cancelled,27.652265310287476
0.08700000000000001,sat,13.704387903213501
0.043000000000000003,sat,19.923854112625122
0.041,sat,17.199793100357056
0.019000000000000003,sat,17.757888793945312
0.021,cancelled,11.179397344589233
0.005,sat,16.76915979385376
0.011,cancelled,30.136797189712524
0.001,unsat,14.55610466003418
0.003,sat,18.38918113708496
