epsilon,result,runtime
0.265,sat,24.974034309387207
0.133,sat,24.701169967651367
0.065,sat,26.533123016357422
0.131,cancelled,37.80714178085327
0.041,sat,141.62330722808838
0.021,timeout,3600
0.019000000000000003,timeout,3600
0.017,unsat,3015.062075138092
0.031,sat,142.59584379196167
0.027000000000000003,sat,162.94306635856628
0.023,unsat,3276.820331811905
0.025,sat,229.19876909255981
