epsilon,result,runtime
0.265,sat,10.707303285598755
0.133,sat,13.894571304321289
0.131,sat,26.331429958343506
0.065,sat,682.822592496872
0.063,sat,792.8263432979584
0.029,unsat,3047.475243330002
0.031,timeout,3600
0.047,unsat,3136.774664878845
0.045,cancelled,2744.00870513916
0.057,sat,1132.3501243591309
0.053000000000000005,sat,1982.8462526798248
0.051000000000000004,sat,1860.9416539669037
0.049,sat,1705.184889793396
