epsilon,result,runtime
0.265,sat,24.93616795539856
0.133,sat,36.2508225440979
0.131,sat,34.6379771232605
0.065,sat,526.7333419322968
0.063,sat,1395.283131122589
0.031,unsat,3509.85990858078
0.029,cancelled,2621.4750006198883
0.041,timeout,3600
0.051000000000000004,timeout,3600
0.047,unsat,3166.7617466449738
0.045,cancelled,3175.6336896419525
0.053000000000000005,unsat,3139.025846004486
0.057,unsat,3465.626850605011
0.059000000000000004,unsat,3269.183143377304
0.061,unsat,3182.409768819809
