epsilon,result,runtime
0.133,sat,24.480998754501343
0.265,cancelled,39.827215909957886
0.08700000000000001,sat,25.60268759727478
0.043000000000000003,sat,79.88714408874512
0.041,sat,127.21817183494568
0.019000000000000003,unsat,3085.377315044403
0.031,sat,197.1585533618927
0.021,timeout,3600
0.027000000000000003,sat,283.1062824726105
0.025,sat,1065.4546165466309
0.023,timeout,3600
