epsilon,result,runtime
0.133,sat,14.911152839660645
0.265,cancelled,26.531527042388916
0.08700000000000001,sat,14.44933819770813
0.043000000000000003,sat,21.14510941505432
0.041,sat,25.493555307388306
0.019000000000000003,unsat,3571.8599717617035
0.021,timeout,3600
0.031,sat,137.99813842773438
0.029,sat,175.26330518722534
0.023,unsat,3070.4880464076996
0.025,unsat,3508.232410669327
0.027000000000000003,sat,902.2366459369659
