epsilon,result,runtime
0.133,sat,18.670623779296875
0.265,cancelled,28.162237405776978
0.08700000000000001,sat,109.61234903335571
0.043000000000000003,sat,2224.656308889389
0.041,timeout,3600
0.019000000000000003,unsat,3047.5603461265564
0.021,timeout,3600
0.031,timeout,3600
0.029,unsat,3055.227727651596
0.033,unsat,3168.9728944301605
0.037000000000000005,unsat,3471.232522726059
0.035,cancelled,1798.5263240337372
0.039,timeout,3600
